event_id,date,sqldate,cluster_id,cluster_title,region,actor1,actor1_country,actor2,actor2_country,event_code,event_description,event_category,quad_class,goldstein_score,mentions,sources,articles,avg_tone,event_country,event_country_name,latitude,longitude,severity_score,severity_level,affected_sectors
100248000,2026-09-26,20260926,CL-ME-02,Strait of Hormuz Strategic Energy Chokepoint Alerts,Middle East / Persian Gulf,Naval Security Patrols,IRN,Global Oil Tanker Fleet,SAU,196,Maritime military engagement / ship interdiction,Conflict / Military,4,-8.6,369,131,612,-7.28,IRN,Iran,27.1274,55.7893,86.7,CRITICAL,"['Energy', 'Shipping', 'Regional Economy']"
100248001,2026-09-27,20260927,CL-ME-02,Strait of Hormuz Strategic Energy Chokepoint Alerts,Middle East / Persian Gulf,Naval Security Patrols,IRN,Global Oil Tanker Fleet,SAU,194,Fight with artillery / rockets / missiles,Conflict / Military,4,-6.9,145,97,646,-6.02,IRN,Iran,26.0729,56.9011,79.7,CRITICAL,"['Energy', 'Shipping', 'Regional Economy']"
100248002,2026-09-18,20260918,CL-ME-01,Red Sea Maritime Corridor Disruption,Middle East / Bab-el-Mandeb,Houthi Maritime Units,YEM,International Commercial Vessels,USA,196,Maritime military engagement / ship interdiction,Conflict / Military,4,-8.5,847,63,540,-4.93,YEM,Yemen,13.4401,42.8117,83.7,CRITICAL,"['Energy', 'Shipping', 'Regional Economy']"
100248003,2026-09-06,20260906,CL-ME-02,Strait of Hormuz Strategic Energy Chokepoint Alerts,Middle East / Persian Gulf,Naval Security Patrols,IRN,Global Oil Tanker Fleet,SAU,190,Use conventional military force,Conflict / Military,4,-7.2,245,146,388,-3.96,IRN,Iran,26.8653,57.0528,78.9,CRITICAL,"['Energy', 'Shipping', 'Regional Economy']"
100248004,2026-09-20,20260920,CL-EU-01,Eastern Europe & Black Sea Grain Corridor Strain,Eastern Europe,Armed Forces of Ukraine,UKR,Russian Armed Forces,RUS,194,Fight with artillery / rockets / missiles,Conflict / Military,4,-9.3,1327,13,379,-8.73,UKR,Ukraine,46.8547,31.9486,88.9,CRITICAL,"['Energy', 'Commodities', 'Regional Economy']"
100248005,2026-09-30,20260930,CL-AP-01,Taiwan Strait & East Asian Semiconductor Supply Alert,Asia-Pacific,People’s Liberation Army (Navy/Air),CHN,Taiwan Defense Units,TWN,111,Formally condemn or disapprove action,Political,3,-6.2,322,18,315,-5.73,TWN,Taiwan,22.9494,119.8648,74.3,HIGH,"['Shipping', 'Trade', 'Regional Economy']"
100248006,2026-09-19,20260919,CL-ME-01,Red Sea Maritime Corridor Disruption,Middle East / Bab-el-Mandeb,Houthi Maritime Units,YEM,International Commercial Vessels,USA,196,Maritime military engagement / ship interdiction,Conflict / Military,4,-9.6,506,5,441,-7.81,YEM,Yemen,14.1777,42.719,85.7,CRITICAL,"['Energy', 'Shipping', 'Regional Economy']"
100248007,2026-09-12,20260912,CL-EU-01,Eastern Europe & Black Sea Grain Corridor Strain,Eastern Europe,Armed Forces of Ukraine,UKR,Russian Armed Forces,RUS,111,Formally condemn or disapprove action,Political,3,-10.0,994,83,448,-6.23,UKR,Ukraine,46.7631,30.1176,86.6,CRITICAL,"['Commodities', 'Regional Economy']"
100248008,2026-09-08,20260908,CL-EU-01,Eastern Europe & Black Sea Grain Corridor Strain,Eastern Europe,Armed Forces of Ukraine,UKR,Russian Armed Forces,RUS,194,Fight with artillery / rockets / missiles,Conflict / Military,4,-8.3,398,44,368,-8.38,UKR,Ukraine,46.2431,31.652,86.2,CRITICAL,"['Energy', 'Commodities', 'Regional Economy']"
100248009,2026-09-25,20260925,CL-EU-01,Eastern Europe & Black Sea Grain Corridor Strain,Eastern Europe,Armed Forces of Ukraine,UKR,Russian Armed Forces,RUS,111,Formally condemn or disapprove action,Political,3,-9.4,1279,18,182,-9.07,UKR,Ukraine,47.5987,30.3294,87.4,CRITICAL,"['Commodities', 'Regional Economy']"
100248010,2026-09-10,20260910,CL-AP-01,Taiwan Strait & East Asian Semiconductor Supply Alert,Asia-Pacific,People’s Liberation Army (Navy/Air),CHN,Taiwan Defense Units,TWN,193,Fight with small arms and light weapons,Conflict / Military,4,-4.6,1039,34,103,-4.75,TWN,Taiwan,22.8403,120.6034,74.8,HIGH,"['Energy', 'Shipping', 'Trade', 'Regional Economy']"
100248011,2026-09-10,20260910,CL-ME-01,Red Sea Maritime Corridor Disruption,Middle East / Bab-el-Mandeb,Houthi Maritime Units,YEM,International Commercial Vessels,USA,196,Maritime military engagement / ship interdiction,Conflict / Military,4,-10.0,604,69,623,-7.11,YEM,Yemen,12.29,44.6064,89.3,CRITICAL,"['Energy', 'Shipping', 'Regional Economy']"
100248012,2026-09-18,20260918,CL-AP-01,Taiwan Strait & East Asian Semiconductor Supply Alert,Asia-Pacific,People’s Liberation Army (Navy/Air),CHN,Taiwan Defense Units,TWN,150,Demonstrate military / strategic force posture,Conflict / Military,4,-4.9,422,61,165,-3.5,TWN,Taiwan,23.1273,120.1352,73.2,HIGH,"['Energy', 'Shipping', 'Trade', 'Regional Economy']"
100248013,2026-09-29,20260929,CL-ME-01,Red Sea Maritime Corridor Disruption,Middle East / Bab-el-Mandeb,Houthi Maritime Units,YEM,International Commercial Vessels,USA,196,Maritime military engagement / ship interdiction,Conflict / Military,4,-9.4,806,111,229,-5.17,YEM,Yemen,13.0186,43.8559,86.6,CRITICAL,"['Energy', 'Shipping', 'Regional Economy']"
100248014,2026-10-04,20261004,CL-AP-01,Taiwan Strait & East Asian Semiconductor Supply Alert,Asia-Pacific,People’s Liberation Army (Navy/Air),CHN,Taiwan Defense Units,TWN,040,Host diplomatic summit or high-level talks,Diplomatic,1,-5.3,495,18,598,-3.97,TWN,Taiwan,23.2592,121.3163,64.8,HIGH,"['Shipping', 'Trade', 'Regional Economy']"
100248015,2026-09-06,20260906,CL-IN-01,India Northern Border Reconnaissance & Infrastructure Surveillance,South Asia,Indian Border Forces (ITBP/Army),IND,PLA Border Troops,CHN,040,Host diplomatic summit or high-level talks,Diplomatic,1,-2.0,1183,178,463,-1.07,IND,India,34.7761,78.3135,58.4,HIGH,"['Shipping', 'Regional Economy']"
100248016,2026-09-14,20260914,CL-EU-01,Eastern Europe & Black Sea Grain Corridor Strain,Eastern Europe,Armed Forces of Ukraine,UKR,Russian Armed Forces,RUS,150,Demonstrate military / strategic force posture,Conflict / Military,4,-10.0,497,48,16,-7.06,UKR,Ukraine,46.8867,31.556,88.5,CRITICAL,"['Energy', 'Commodities', 'Regional Economy']"
100248017,2026-09-06,20260906,CL-ME-02,Strait of Hormuz Strategic Energy Chokepoint Alerts,Middle East / Persian Gulf,Naval Security Patrols,IRN,Global Oil Tanker Fleet,SAU,190,Use conventional military force,Conflict / Military,4,-8.6,489,26,495,-5.56,IRN,Iran,25.3702,55.5797,82.8,CRITICAL,"['Energy', 'Shipping', 'Regional Economy']"
100248018,2026-09-21,20260921,CL-AP-02,South China Sea Second Thomas Shoal Maritime Standoff,Asia-Pacific,China Coast Guard,CHN,Philippine Coast Guard & Resupply,PHL,196,Maritime military engagement / ship interdiction,Conflict / Military,4,-5.8,666,131,202,-6.17,PHL,PHL,10.6316,116.2319,80.2,CRITICAL,"['Energy', 'Shipping', 'Regional Economy']"
100248019,2026-10-01,20261001,CL-ME-01,Red Sea Maritime Corridor Disruption,Middle East / Bab-el-Mandeb,Houthi Maritime Units,YEM,International Commercial Vessels,USA,196,Maritime military engagement / ship interdiction,Conflict / Military,4,-8.5,1176,70,318,-6.27,YEM,Yemen,13.8177,44.0269,86.1,CRITICAL,"['Energy', 'Shipping', 'Regional Economy']"
100248020,2026-09-16,20260916,CL-EU-01,Eastern Europe & Black Sea Grain Corridor Strain,Eastern Europe,Armed Forces of Ukraine,UKR,Russian Armed Forces,RUS,194,Fight with artillery / rockets / missiles,Conflict / Military,4,-9.1,254,171,634,-8.49,UKR,Ukraine,45.7724,31.6126,89.1,CRITICAL,"['Energy', 'Commodities', 'Regional Economy']"
100248021,2026-09-25,20260925,CL-ME-02,Strait of Hormuz Strategic Energy Chokepoint Alerts,Middle East / Persian Gulf,Naval Security Patrols,IRN,Global Oil Tanker Fleet,SAU,141,Demonstrate or conduct civil protest,Protest / Civil Unrest,3,-8.5,909,96,424,-5.48,IRN,Iran,26.7196,56.8887,82.6,CRITICAL,"['Energy', 'Shipping', 'Regional Economy']"
100248022,2026-09-09,20260909,CL-ME-01,Red Sea Maritime Corridor Disruption,Middle East / Bab-el-Mandeb,Houthi Maritime Units,YEM,International Commercial Vessels,USA,141,Demonstrate or conduct civil protest,Protest / Civil Unrest,3,-7.0,1188,126,277,-7.93,YEM,Yemen,11.8157,42.9705,83.3,CRITICAL,"['Energy', 'Shipping', 'Regional Economy']"
100248023,2026-09-16,20260916,CL-ME-01,Red Sea Maritime Corridor Disruption,Middle East / Bab-el-Mandeb,Houthi Maritime Units,YEM,International Commercial Vessels,USA,040,Host diplomatic summit or high-level talks,Diplomatic,1,-8.2,680,118,253,-5.77,YEM,Yemen,13.4753,44.3244,76.1,CRITICAL,"['Energy', 'Shipping', 'Regional Economy']"
100248024,2026-09-26,20260926,CL-EU-01,Eastern Europe & Black Sea Grain Corridor Strain,Eastern Europe,Armed Forces of Ukraine,UKR,Russian Armed Forces,RUS,020,Appeal to international community or UN,Diplomatic,1,-10.0,360,99,242,-6.65,UKR,Ukraine,46.5,31.8019,79.9,CRITICAL,"['Commodities', 'Regional Economy']"
100248025,2026-10-03,20261003,CL-ME-01,Red Sea Maritime Corridor Disruption,Middle East / Bab-el-Mandeb,Houthi Maritime Units,YEM,International Commercial Vessels,USA,150,Demonstrate military / strategic force posture,Conflict / Military,4,-8.2,894,120,165,-8.05,YEM,Yemen,12.2161,42.8306,88.0,CRITICAL,"['Energy', 'Shipping', 'Regional Economy']"
100248026,2026-09-18,20260918,CL-ME-01,Red Sea Maritime Corridor Disruption,Middle East / Bab-el-Mandeb,Houthi Maritime Units,YEM,International Commercial Vessels,USA,196,Maritime military engagement / ship interdiction,Conflict / Military,4,-8.0,1266,146,564,-5.3,YEM,Yemen,12.709,43.3626,84.8,CRITICAL,"['Energy', 'Shipping', 'Regional Economy']"
100248027,2026-09-18,20260918,CL-ME-02,Strait of Hormuz Strategic Energy Chokepoint Alerts,Middle East / Persian Gulf,Naval Security Patrols,IRN,Global Oil Tanker Fleet,SAU,040,Host diplomatic summit or high-level talks,Diplomatic,1,-9.3,146,71,103,-6.14,IRN,Iran,26.7008,57.0111,76.0,CRITICAL,"['Energy', 'Shipping', 'Regional Economy']"
100248028,2026-09-25,20260925,CL-IN-01,India Northern Border Reconnaissance & Infrastructure Surveillance,South Asia,Indian Border Forces (ITBP/Army),IND,PLA Border Troops,CHN,040,Host diplomatic summit or high-level talks,Diplomatic,1,-2.4,694,43,112,-2.9,IND,India,34.1663,78.5855,58.9,HIGH,"['Shipping', 'Regional Economy']"
100248029,2026-09-13,20260913,CL-ME-01,Red Sea Maritime Corridor Disruption,Middle East / Bab-el-Mandeb,Houthi Maritime Units,YEM,International Commercial Vessels,USA,196,Maritime military engagement / ship interdiction,Conflict / Military,4,-8.6,180,71,113,-7.52,YEM,Yemen,13.268,44.3786,85.1,CRITICAL,"['Energy', 'Shipping', 'Regional Economy']"
100248030,2026-09-20,20260920,CL-ME-01,Red Sea Maritime Corridor Disruption,Middle East / Bab-el-Mandeb,Houthi Maritime Units,YEM,International Commercial Vessels,USA,196,Maritime military engagement / ship interdiction,Conflict / Military,4,-9.2,877,70,139,-5.54,YEM,Yemen,12.541,43.7703,86.1,CRITICAL,"['Energy', 'Shipping', 'Regional Economy']"
100248031,2026-09-12,20260912,CL-ME-02,Strait of Hormuz Strategic Energy Chokepoint Alerts,Middle East / Persian Gulf,Naval Security Patrols,IRN,Global Oil Tanker Fleet,SAU,190,Use conventional military force,Conflict / Military,4,-6.4,1317,47,528,-3.99,IRN,Iran,26.5678,55.301,78.3,CRITICAL,"['Energy', 'Shipping', 'Regional Economy']"
100248032,2026-09-19,20260919,CL-ME-01,Red Sea Maritime Corridor Disruption,Middle East / Bab-el-Mandeb,Houthi Maritime Units,YEM,International Commercial Vessels,USA,040,Host diplomatic summit or high-level talks,Diplomatic,1,-9.5,811,67,500,-6.88,YEM,Yemen,12.5855,42.9139,79.8,CRITICAL,"['Energy', 'Shipping', 'Regional Economy']"
100248033,2026-09-09,20260909,CL-EU-01,Eastern Europe & Black Sea Grain Corridor Strain,Eastern Europe,Armed Forces of Ukraine,UKR,Russian Armed Forces,RUS,150,Demonstrate military / strategic force posture,Conflict / Military,4,-10.0,76,25,480,-8.17,UKR,Ukraine,45.8432,31.592,86.3,CRITICAL,"['Energy', 'Commodities', 'Regional Economy']"
100248034,2026-10-02,20261002,CL-AP-02,South China Sea Second Thomas Shoal Maritime Standoff,Asia-Pacific,China Coast Guard,CHN,Philippine Coast Guard & Resupply,PHL,196,Maritime military engagement / ship interdiction,Conflict / Military,4,-8.2,1235,34,300,-3.87,PHL,PHL,9.655,115.8147,81.4,CRITICAL,"['Energy', 'Shipping', 'Regional Economy']"
100248035,2026-09-23,20260923,CL-ME-01,Red Sea Maritime Corridor Disruption,Middle East / Bab-el-Mandeb,Houthi Maritime Units,YEM,International Commercial Vessels,USA,196,Maritime military engagement / ship interdiction,Conflict / Military,4,-7.5,1002,51,111,-5.14,YEM,Yemen,13.734,44.521,81.8,CRITICAL,"['Energy', 'Shipping', 'Regional Economy']"
100248036,2026-09-20,20260920,CL-ME-02,Strait of Hormuz Strategic Energy Chokepoint Alerts,Middle East / Persian Gulf,Naval Security Patrols,IRN,Global Oil Tanker Fleet,SAU,190,Use conventional military force,Conflict / Military,4,-7.5,633,179,562,-5.98,IRN,Iran,25.6617,56.2253,83.9,CRITICAL,"['Energy', 'Shipping', 'Regional Economy']"
100248037,2026-09-23,20260923,CL-ME-01,Red Sea Maritime Corridor Disruption,Middle East / Bab-el-Mandeb,Houthi Maritime Units,YEM,International Commercial Vessels,USA,196,Maritime military engagement / ship interdiction,Conflict / Military,4,-8.8,738,122,565,-8.51,YEM,Yemen,13.4603,44.1953,89.6,CRITICAL,"['Energy', 'Shipping', 'Regional Economy']"
100248038,2026-09-18,20260918,CL-ME-02,Strait of Hormuz Strategic Energy Chokepoint Alerts,Middle East / Persian Gulf,Naval Security Patrols,IRN,Global Oil Tanker Fleet,SAU,190,Use conventional military force,Conflict / Military,4,-8.7,669,167,356,-4.19,IRN,Iran,26.3263,56.2131,84.1,CRITICAL,"['Energy', 'Shipping', 'Regional Economy']"
100248039,2026-09-14,20260914,CL-AP-01,Taiwan Strait & East Asian Semiconductor Supply Alert,Asia-Pacific,People’s Liberation Army (Navy/Air),CHN,Taiwan Defense Units,TWN,194,Fight with artillery / rockets / missiles,Conflict / Military,4,-6.1,835,126,287,-3.52,TWN,Taiwan,22.8573,120.6705,77.7,CRITICAL,"['Energy', 'Shipping', 'Trade', 'Regional Economy']"
100248040,2026-09-23,20260923,CL-ME-02,Strait of Hormuz Strategic Energy Chokepoint Alerts,Middle East / Persian Gulf,Naval Security Patrols,IRN,Global Oil Tanker Fleet,SAU,190,Use conventional military force,Conflict / Military,4,-6.9,281,122,75,-3.93,IRN,Iran,25.9804,56.2141,78.2,CRITICAL,"['Energy', 'Shipping', 'Regional Economy']"
100248041,2026-09-23,20260923,CL-ME-01,Red Sea Maritime Corridor Disruption,Middle East / Bab-el-Mandeb,Houthi Maritime Units,YEM,International Commercial Vessels,USA,196,Maritime military engagement / ship interdiction,Conflict / Military,4,-7.1,245,84,378,-7.8,YEM,Yemen,13.2404,44.3108,83.0,CRITICAL,"['Energy', 'Shipping', 'Regional Economy']"
100248042,2026-09-10,20260910,CL-ME-02,Strait of Hormuz Strategic Energy Chokepoint Alerts,Middle East / Persian Gulf,Naval Security Patrols,IRN,Global Oil Tanker Fleet,SAU,190,Use conventional military force,Conflict / Military,4,-7.1,841,39,613,-5.79,IRN,Iran,26.4112,55.3567,81.2,CRITICAL,"['Energy', 'Shipping', 'Regional Economy']"
100248043,2026-10-03,20261003,CL-AP-02,South China Sea Second Thomas Shoal Maritime Standoff,Asia-Pacific,China Coast Guard,CHN,Philippine Coast Guard & Resupply,PHL,196,Maritime military engagement / ship interdiction,Conflict / Military,4,-5.9,1177,76,535,-5.99,PHL,PHL,8.6892,116.7499,80.3,CRITICAL,"['Energy', 'Shipping', 'Regional Economy']"
100248044,2026-09-30,20260930,CL-ME-02,Strait of Hormuz Strategic Energy Chokepoint Alerts,Middle East / Persian Gulf,Naval Security Patrols,IRN,Global Oil Tanker Fleet,SAU,196,Maritime military engagement / ship interdiction,Conflict / Military,4,-8.5,992,62,492,-5.17,IRN,Iran,27.5437,55.1737,84.2,CRITICAL,"['Energy', 'Shipping', 'Regional Economy']"
100248045,2026-09-23,20260923,CL-ME-01,Red Sea Maritime Corridor Disruption,Middle East / Bab-el-Mandeb,Houthi Maritime Units,YEM,International Commercial Vessels,USA,196,Maritime military engagement / ship interdiction,Conflict / Military,4,-9.5,524,44,482,-6.86,YEM,Yemen,12.0996,43.9896,87.1,CRITICAL,"['Energy', 'Shipping', 'Regional Economy']"
100248046,2026-09-18,20260918,CL-ME-01,Red Sea Maritime Corridor Disruption,Middle East / Bab-el-Mandeb,Houthi Maritime Units,YEM,International Commercial Vessels,USA,111,Formally condemn or disapprove action,Political,3,-8.5,325,11,211,-5.33,YEM,Yemen,13.5566,43.9707,78.0,CRITICAL,"['Energy', 'Shipping', 'Regional Economy']"
100248047,2026-09-19,20260919,CL-ME-01,Red Sea Maritime Corridor Disruption,Middle East / Bab-el-Mandeb,Houthi Maritime Units,YEM,International Commercial Vessels,USA,196,Maritime military engagement / ship interdiction,Conflict / Military,4,-8.9,588,35,341,-5.52,YEM,Yemen,13.9556,43.2551,84.0,CRITICAL,"['Energy', 'Shipping', 'Regional Economy']"
100248048,2026-09-17,20260917,CL-ME-02,Strait of Hormuz Strategic Energy Chokepoint Alerts,Middle East / Persian Gulf,Naval Security Patrols,IRN,Global Oil Tanker Fleet,SAU,190,Use conventional military force,Conflict / Military,4,-9.3,392,34,175,-3.42,IRN,Iran,26.2129,57.1659,81.5,CRITICAL,"['Energy', 'Shipping', 'Regional Economy']"
100248049,2026-09-11,20260911,CL-EU-01,Eastern Europe & Black Sea Grain Corridor Strain,Eastern Europe,Armed Forces of Ukraine,UKR,Russian Armed Forces,RUS,194,Fight with artillery / rockets / missiles,Conflict / Military,4,-8.9,57,16,402,-9.13,UKR,Ukraine,45.8534,31.0566,84.2,CRITICAL,"['Energy', 'Commodities', 'Regional Economy']"
100248050,2026-09-06,20260906,CL-ME-02,Strait of Hormuz Strategic Energy Chokepoint Alerts,Middle East / Persian Gulf,Naval Security Patrols,IRN,Global Oil Tanker Fleet,SAU,190,Use conventional military force,Conflict / Military,4,-8.9,729,41,245,-3.82,IRN,Iran,26.2325,55.9857,82.3,CRITICAL,"['Energy', 'Shipping', 'Regional Economy']"
100248051,2026-09-21,20260921,CL-AP-02,South China Sea Second Thomas Shoal Maritime Standoff,Asia-Pacific,China Coast Guard,CHN,Philippine Coast Guard & Resupply,PHL,196,Maritime military engagement / ship interdiction,Conflict / Military,4,-5.9,800,158,601,-5.21,PHL,PHL,8.6776,115.8256,79.7,CRITICAL,"['Energy', 'Shipping', 'Regional Economy']"
100248052,2026-10-02,20261002,CL-ME-02,Strait of Hormuz Strategic Energy Chokepoint Alerts,Middle East / Persian Gulf,Naval Security Patrols,IRN,Global Oil Tanker Fleet,SAU,111,Formally condemn or disapprove action,Political,3,-8.7,52,83,413,-4.8,IRN,Iran,25.439,55.2563,77.6,CRITICAL,"['Energy', 'Shipping', 'Regional Economy']"
100248053,2026-09-18,20260918,CL-AP-01,Taiwan Strait & East Asian Semiconductor Supply Alert,Asia-Pacific,People’s Liberation Army (Navy/Air),CHN,Taiwan Defense Units,TWN,150,Demonstrate military / strategic force posture,Conflict / Military,4,-6.2,1088,120,519,-6.2,TWN,Taiwan,23.1484,121.1704,81.7,CRITICAL,"['Energy', 'Shipping', 'Trade', 'Regional Economy']"
100248054,2026-10-01,20261001,CL-EU-01,Eastern Europe & Black Sea Grain Corridor Strain,Eastern Europe,Armed Forces of Ukraine,UKR,Russian Armed Forces,RUS,194,Fight with artillery / rockets / missiles,Conflict / Military,4,-8.6,1120,133,155,-7.9,UKR,Ukraine,46.6207,30.3609,89.1,CRITICAL,"['Energy', 'Commodities', 'Regional Economy']"
100248055,2026-09-18,20260918,CL-EU-01,Eastern Europe & Black Sea Grain Corridor Strain,Eastern Europe,Armed Forces of Ukraine,UKR,Russian Armed Forces,RUS,020,Appeal to international community or UN,Diplomatic,1,-9.9,1286,43,35,-9.06,UKR,Ukraine,46.2008,31.824,83.6,CRITICAL,"['Commodities', 'Regional Economy']"
100248056,2026-09-26,20260926,CL-EU-01,Eastern Europe & Black Sea Grain Corridor Strain,Eastern Europe,Armed Forces of Ukraine,UKR,Russian Armed Forces,RUS,150,Demonstrate military / strategic force posture,Conflict / Military,4,-8.2,1074,76,577,-7.96,UKR,Ukraine,46.9496,30.9806,87.6,CRITICAL,"['Energy', 'Commodities', 'Regional Economy']"
100248057,2026-09-29,20260929,CL-EU-01,Eastern Europe & Black Sea Grain Corridor Strain,Eastern Europe,Armed Forces of Ukraine,UKR,Russian Armed Forces,RUS,040,Host diplomatic summit or high-level talks,Diplomatic,1,-10.0,1099,88,136,-9.08,UKR,Ukraine,47.4275,30.7291,84.6,CRITICAL,"['Commodities', 'Regional Economy']"
100248058,2026-09-16,20260916,CL-ME-01,Red Sea Maritime Corridor Disruption,Middle East / Bab-el-Mandeb,Houthi Maritime Units,YEM,International Commercial Vessels,USA,196,Maritime military engagement / ship interdiction,Conflict / Military,4,-8.4,388,31,279,-6.1,YEM,Yemen,12.7901,44.2283,82.9,CRITICAL,"['Energy', 'Shipping', 'Regional Economy']"
100248059,2026-09-11,20260911,CL-ME-01,Red Sea Maritime Corridor Disruption,Middle East / Bab-el-Mandeb,Houthi Maritime Units,YEM,International Commercial Vessels,USA,196,Maritime military engagement / ship interdiction,Conflict / Military,4,-9.0,895,26,436,-7.14,YEM,Yemen,13.6757,44.432,86.5,CRITICAL,"['Energy', 'Shipping', 'Regional Economy']"
100248060,2026-09-07,20260907,CL-ME-02,Strait of Hormuz Strategic Energy Chokepoint Alerts,Middle East / Persian Gulf,Naval Security Patrols,IRN,Global Oil Tanker Fleet,SAU,190,Use conventional military force,Conflict / Military,4,-7.1,215,174,116,-6.11,IRN,Iran,25.3944,55.581,81.6,CRITICAL,"['Energy', 'Shipping', 'Regional Economy']"
100248061,2026-09-13,20260913,CL-EU-01,Eastern Europe & Black Sea Grain Corridor Strain,Eastern Europe,Armed Forces of Ukraine,UKR,Russian Armed Forces,RUS,194,Fight with artillery / rockets / missiles,Conflict / Military,4,-9.9,512,52,332,-6.94,UKR,Ukraine,46.618,30.0689,88.2,CRITICAL,"['Energy', 'Commodities', 'Regional Economy']"
100248062,2026-09-16,20260916,CL-ME-02,Strait of Hormuz Strategic Energy Chokepoint Alerts,Middle East / Persian Gulf,Naval Security Patrols,IRN,Global Oil Tanker Fleet,SAU,190,Use conventional military force,Conflict / Military,4,-7.9,1219,152,464,-7.28,IRN,Iran,26.6455,55.9136,87.2,CRITICAL,"['Energy', 'Shipping', 'Regional Economy']"
100248063,2026-09-25,20260925,CL-ME-01,Red Sea Maritime Corridor Disruption,Middle East / Bab-el-Mandeb,Houthi Maritime Units,YEM,International Commercial Vessels,USA,141,Demonstrate or conduct civil protest,Protest / Civil Unrest,3,-8.2,1299,77,57,-5.3,YEM,Yemen,13.0471,42.6243,81.9,CRITICAL,"['Energy', 'Shipping', 'Regional Economy']"
100248064,2026-09-22,20260922,CL-ME-01,Red Sea Maritime Corridor Disruption,Middle East / Bab-el-Mandeb,Houthi Maritime Units,YEM,International Commercial Vessels,USA,196,Maritime military engagement / ship interdiction,Conflict / Military,4,-9.3,415,154,317,-7.2,YEM,Yemen,14.1082,43.3829,88.4,CRITICAL,"['Energy', 'Shipping', 'Regional Economy']"
100248065,2026-10-04,20261004,CL-ME-02,Strait of Hormuz Strategic Energy Chokepoint Alerts,Middle East / Persian Gulf,Naval Security Patrols,IRN,Global Oil Tanker Fleet,SAU,190,Use conventional military force,Conflict / Military,4,-9.2,424,104,130,-4.3,IRN,Iran,26.9385,56.7661,84.0,CRITICAL,"['Energy', 'Shipping', 'Regional Economy']"
100248066,2026-10-04,20261004,CL-AP-01,Taiwan Strait & East Asian Semiconductor Supply Alert,Asia-Pacific,People’s Liberation Army (Navy/Air),CHN,Taiwan Defense Units,TWN,150,Demonstrate military / strategic force posture,Conflict / Military,4,-6.1,625,74,585,-3.78,TWN,Taiwan,25.1674,121.7759,76.9,CRITICAL,"['Energy', 'Shipping', 'Trade', 'Regional Economy']"
100248067,2026-09-11,20260911,CL-EU-01,Eastern Europe & Black Sea Grain Corridor Strain,Eastern Europe,Armed Forces of Ukraine,UKR,Russian Armed Forces,RUS,194,Fight with artillery / rockets / missiles,Conflict / Military,4,-10.0,324,71,605,-9.28,UKR,Ukraine,46.9622,31.2999,91.2,CRITICAL,"['Energy', 'Commodities', 'Regional Economy']"
100248068,2026-09-15,20260915,CL-AP-02,South China Sea Second Thomas Shoal Maritime Standoff,Asia-Pacific,China Coast Guard,CHN,Philippine Coast Guard & Resupply,PHL,196,Maritime military engagement / ship interdiction,Conflict / Military,4,-8.3,962,150,351,-4.36,PHL,PHL,8.7001,115.7883,83.8,CRITICAL,"['Energy', 'Shipping', 'Regional Economy']"
100248069,2026-09-14,20260914,CL-ME-02,Strait of Hormuz Strategic Energy Chokepoint Alerts,Middle East / Persian Gulf,Naval Security Patrols,IRN,Global Oil Tanker Fleet,SAU,020,Appeal to international community or UN,Diplomatic,1,-7.3,943,10,445,-4.86,IRN,Iran,25.5434,56.5486,70.3,HIGH,"['Energy', 'Shipping', 'Regional Economy']"
100248070,2026-09-30,20260930,CL-AP-01,Taiwan Strait & East Asian Semiconductor Supply Alert,Asia-Pacific,People’s Liberation Army (Navy/Air),CHN,Taiwan Defense Units,TWN,150,Demonstrate military / strategic force posture,Conflict / Military,4,-6.3,744,12,381,-4.43,TWN,Taiwan,22.9219,121.4219,76.1,CRITICAL,"['Energy', 'Shipping', 'Trade', 'Regional Economy']"
100248071,2026-09-18,20260918,CL-ME-02,Strait of Hormuz Strategic Energy Chokepoint Alerts,Middle East / Persian Gulf,Naval Security Patrols,IRN,Global Oil Tanker Fleet,SAU,190,Use conventional military force,Conflict / Military,4,-7.9,405,178,366,-6.26,IRN,Iran,26.8461,55.2414,84.4,CRITICAL,"['Energy', 'Shipping', 'Regional Economy']"
100248072,2026-10-02,20261002,CL-EU-01,Eastern Europe & Black Sea Grain Corridor Strain,Eastern Europe,Armed Forces of Ukraine,UKR,Russian Armed Forces,RUS,194,Fight with artillery / rockets / missiles,Conflict / Military,4,-8.1,829,140,316,-7.68,UKR,Ukraine,47.1827,30.6485,87.4,CRITICAL,"['Energy', 'Commodities', 'Regional Economy']"
100248073,2026-09-11,20260911,CL-EU-01,Eastern Europe & Black Sea Grain Corridor Strain,Eastern Europe,Armed Forces of Ukraine,UKR,Russian Armed Forces,RUS,194,Fight with artillery / rockets / missiles,Conflict / Military,4,-9.6,619,106,126,-6.7,UKR,Ukraine,46.0775,30.6867,88.5,CRITICAL,"['Energy', 'Commodities', 'Regional Economy']"
100248074,2026-09-06,20260906,CL-AP-01,Taiwan Strait & East Asian Semiconductor Supply Alert,Asia-Pacific,People’s Liberation Army (Navy/Air),CHN,Taiwan Defense Units,TWN,150,Demonstrate military / strategic force posture,Conflict / Military,4,-4.7,1260,34,443,-2.51,TWN,Taiwan,23.4848,121.1967,72.4,HIGH,"['Energy', 'Shipping', 'Trade', 'Regional Economy']"
100248075,2026-10-02,20261002,CL-AP-02,South China Sea Second Thomas Shoal Maritime Standoff,Asia-Pacific,China Coast Guard,CHN,Philippine Coast Guard & Resupply,PHL,196,Maritime military engagement / ship interdiction,Conflict / Military,4,-5.3,511,180,230,-3.93,PHL,PHL,8.7742,114.6936,76.3,CRITICAL,"['Energy', 'Shipping', 'Regional Economy']"
100248076,2026-10-02,20261002,CL-ME-02,Strait of Hormuz Strategic Energy Chokepoint Alerts,Middle East / Persian Gulf,Naval Security Patrols,IRN,Global Oil Tanker Fleet,SAU,190,Use conventional military force,Conflict / Military,4,-9.1,53,38,13,-5.64,IRN,Iran,26.0878,56.4879,81.1,CRITICAL,"['Energy', 'Shipping', 'Regional Economy']"
100248077,2026-09-30,20260930,CL-AP-02,South China Sea Second Thomas Shoal Maritime Standoff,Asia-Pacific,China Coast Guard,CHN,Philippine Coast Guard & Resupply,PHL,196,Maritime military engagement / ship interdiction,Conflict / Military,4,-7.6,1285,139,557,-6.3,PHL,PHL,9.957,116.6822,85.2,CRITICAL,"['Energy', 'Shipping', 'Regional Economy']"
100248078,2026-09-08,20260908,CL-ME-02,Strait of Hormuz Strategic Energy Chokepoint Alerts,Middle East / Persian Gulf,Naval Security Patrols,IRN,Global Oil Tanker Fleet,SAU,141,Demonstrate or conduct civil protest,Protest / Civil Unrest,3,-7.5,52,122,407,-6.84,IRN,Iran,26.297,56.1059,78.3,CRITICAL,"['Energy', 'Shipping', 'Regional Economy']"
100248079,2026-10-03,20261003,CL-ME-01,Red Sea Maritime Corridor Disruption,Middle East / Bab-el-Mandeb,Houthi Maritime Units,YEM,International Commercial Vessels,USA,196,Maritime military engagement / ship interdiction,Conflict / Military,4,-9.7,42,15,612,-5.92,YEM,Yemen,13.712,43.2418,81.2,CRITICAL,"['Energy', 'Shipping', 'Regional Economy']"
100248080,2026-09-19,20260919,CL-EU-01,Eastern Europe & Black Sea Grain Corridor Strain,Eastern Europe,Armed Forces of Ukraine,UKR,Russian Armed Forces,RUS,060,Sign commercial or trade agreement,Economic / Trade,2,-9.0,624,66,130,-5.84,UKR,Ukraine,45.909,30.9669,78.5,CRITICAL,"['Trade', 'Commodities', 'Regional Economy']"
100248081,2026-09-28,20260928,CL-EU-01,Eastern Europe & Black Sea Grain Corridor Strain,Eastern Europe,Armed Forces of Ukraine,UKR,Russian Armed Forces,RUS,060,Sign commercial or trade agreement,Economic / Trade,2,-9.6,405,123,511,-7.23,UKR,Ukraine,45.383,31.5242,81.8,CRITICAL,"['Trade', 'Commodities', 'Regional Economy']"
100248082,2026-09-04,20260904,CL-ME-02,Strait of Hormuz Strategic Energy Chokepoint Alerts,Middle East / Persian Gulf,Naval Security Patrols,IRN,Global Oil Tanker Fleet,SAU,190,Use conventional military force,Conflict / Military,4,-6.6,1100,148,29,-6.13,IRN,Iran,27.0057,56.353,82.8,CRITICAL,"['Energy', 'Shipping', 'Regional Economy']"
100248083,2026-09-04,20260904,CL-ME-02,Strait of Hormuz Strategic Energy Chokepoint Alerts,Middle East / Persian Gulf,Naval Security Patrols,IRN,Global Oil Tanker Fleet,SAU,111,Formally condemn or disapprove action,Political,3,-7.1,400,86,156,-4.36,IRN,Iran,25.7789,55.9666,76.8,CRITICAL,"['Energy', 'Shipping', 'Regional Economy']"
100248084,2026-09-16,20260916,CL-AP-01,Taiwan Strait & East Asian Semiconductor Supply Alert,Asia-Pacific,People’s Liberation Army (Navy/Air),CHN,Taiwan Defense Units,TWN,141,Demonstrate or conduct civil protest,Protest / Civil Unrest,3,-4.9,995,45,606,-5.97,TWN,Taiwan,24.7715,120.2842,74.8,HIGH,"['Shipping', 'Trade', 'Regional Economy']"
100248085,2026-09-19,20260919,CL-AP-02,South China Sea Second Thomas Shoal Maritime Standoff,Asia-Pacific,China Coast Guard,CHN,Philippine Coast Guard & Resupply,PHL,196,Maritime military engagement / ship interdiction,Conflict / Military,4,-7.5,610,128,458,-5.47,PHL,PHL,9.4632,115.8837,82.7,CRITICAL,"['Energy', 'Shipping', 'Regional Economy']"
100248086,2026-09-08,20260908,CL-EU-01,Eastern Europe & Black Sea Grain Corridor Strain,Eastern Europe,Armed Forces of Ukraine,UKR,Russian Armed Forces,RUS,194,Fight with artillery / rockets / missiles,Conflict / Military,4,-8.1,1379,120,560,-8.9,UKR,Ukraine,46.8132,31.669,89.6,CRITICAL,"['Energy', 'Commodities', 'Regional Economy']"
100248087,2026-09-07,20260907,CL-AP-01,Taiwan Strait & East Asian Semiconductor Supply Alert,Asia-Pacific,People’s Liberation Army (Navy/Air),CHN,Taiwan Defense Units,TWN,150,Demonstrate military / strategic force posture,Conflict / Military,4,-5.1,386,111,199,-6.01,TWN,Taiwan,25.0654,122.0034,77.5,CRITICAL,"['Energy', 'Shipping', 'Trade', 'Regional Economy']"
100248088,2026-09-09,20260909,CL-AP-01,Taiwan Strait & East Asian Semiconductor Supply Alert,Asia-Pacific,People’s Liberation Army (Navy/Air),CHN,Taiwan Defense Units,TWN,193,Fight with small arms and light weapons,Conflict / Military,4,-6.2,722,84,87,-3.56,TWN,Taiwan,24.8508,122.1895,77.2,CRITICAL,"['Energy', 'Shipping', 'Trade', 'Regional Economy']"
100248089,2026-09-14,20260914,CL-AP-01,Taiwan Strait & East Asian Semiconductor Supply Alert,Asia-Pacific,People’s Liberation Army (Navy/Air),CHN,Taiwan Defense Units,TWN,150,Demonstrate military / strategic force posture,Conflict / Military,4,-4.9,547,67,553,-2.5,TWN,Taiwan,24.5348,121.2941,72.4,HIGH,"['Energy', 'Shipping', 'Trade', 'Regional Economy']"
100248090,2026-09-11,20260911,CL-ME-02,Strait of Hormuz Strategic Energy Chokepoint Alerts,Middle East / Persian Gulf,Naval Security Patrols,IRN,Global Oil Tanker Fleet,SAU,190,Use conventional military force,Conflict / Military,4,-9.0,1210,149,475,-6.94,IRN,Iran,27.0479,57.3062,89.0,CRITICAL,"['Energy', 'Shipping', 'Regional Economy']"
100248091,2026-09-27,20260927,CL-ME-01,Red Sea Maritime Corridor Disruption,Middle East / Bab-el-Mandeb,Houthi Maritime Units,YEM,International Commercial Vessels,USA,196,Maritime military engagement / ship interdiction,Conflict / Military,4,-8.8,1206,175,397,-7.35,YEM,Yemen,12.4645,43.4674,89.3,CRITICAL,"['Energy', 'Shipping', 'Regional Economy']"
100248092,2026-09-29,20260929,CL-AP-01,Taiwan Strait & East Asian Semiconductor Supply Alert,Asia-Pacific,People’s Liberation Army (Navy/Air),CHN,Taiwan Defense Units,TWN,141,Demonstrate or conduct civil protest,Protest / Civil Unrest,3,-6.0,526,18,513,-6.14,TWN,Taiwan,22.8155,121.6838,75.2,CRITICAL,"['Shipping', 'Trade', 'Regional Economy']"
100248093,2026-09-04,20260904,CL-EU-01,Eastern Europe & Black Sea Grain Corridor Strain,Eastern Europe,Armed Forces of Ukraine,UKR,Russian Armed Forces,RUS,196,Maritime military engagement / ship interdiction,Conflict / Military,4,-9.7,1131,9,454,-8.57,UKR,Ukraine,46.1238,30.2975,88.8,CRITICAL,"['Energy', 'Commodities', 'Regional Economy']"
100248094,2026-09-14,20260914,CL-AP-01,Taiwan Strait & East Asian Semiconductor Supply Alert,Asia-Pacific,People’s Liberation Army (Navy/Air),CHN,Taiwan Defense Units,TWN,150,Demonstrate military / strategic force posture,Conflict / Military,4,-5.3,456,162,391,-2.4,TWN,Taiwan,24.7857,120.306,74.0,HIGH,"['Energy', 'Shipping', 'Trade', 'Regional Economy']"
100248095,2026-10-04,20261004,CL-EU-01,Eastern Europe & Black Sea Grain Corridor Strain,Eastern Europe,Armed Forces of Ukraine,UKR,Russian Armed Forces,RUS,194,Fight with artillery / rockets / missiles,Conflict / Military,4,-8.1,404,124,449,-9.36,UKR,Ukraine,46.0632,32.1826,88.4,CRITICAL,"['Energy', 'Commodities', 'Regional Economy']"
100248096,2026-09-29,20260929,CL-EU-01,Eastern Europe & Black Sea Grain Corridor Strain,Eastern Europe,Armed Forces of Ukraine,UKR,Russian Armed Forces,RUS,194,Fight with artillery / rockets / missiles,Conflict / Military,4,-9.4,447,112,321,-8.22,UKR,Ukraine,45.655,32.0837,89.7,CRITICAL,"['Energy', 'Commodities', 'Regional Economy']"
100248097,2026-09-25,20260925,CL-IN-01,India Northern Border Reconnaissance & Infrastructure Surveillance,South Asia,Indian Border Forces (ITBP/Army),IND,PLA Border Troops,CHN,141,Demonstrate or conduct civil protest,Protest / Civil Unrest,3,-3.5,55,155,642,-2.91,IND,India,32.9863,76.557,65.2,HIGH,"['Shipping', 'Regional Economy']"
100248098,2026-09-16,20260916,CL-IN-01,India Northern Border Reconnaissance & Infrastructure Surveillance,South Asia,Indian Border Forces (ITBP/Army),IND,PLA Border Troops,CHN,040,Host diplomatic summit or high-level talks,Diplomatic,1,-3.4,486,137,211,-1.01,IND,India,34.8329,76.7808,59.6,HIGH,"['Shipping', 'Regional Economy']"
100248099,2026-09-29,20260929,CL-AP-02,South China Sea Second Thomas Shoal Maritime Standoff,Asia-Pacific,China Coast Guard,CHN,Philippine Coast Guard & Resupply,PHL,196,Maritime military engagement / ship interdiction,Conflict / Military,4,-6.7,426,140,527,-3.57,PHL,PHL,9.6735,114.9698,78.2,CRITICAL,"['Energy', 'Shipping', 'Regional Economy']"
100248100,2026-10-04,20261004,CL-ME-01,Red Sea Maritime Corridor Disruption,Middle East / Bab-el-Mandeb,Houthi Maritime Units,YEM,International Commercial Vessels,USA,196,Maritime military engagement / ship interdiction,Conflict / Military,4,-9.8,142,121,124,-4.91,YEM,Yemen,11.9052,43.4157,84.6,CRITICAL,"['Energy', 'Shipping', 'Regional Economy']"
100248101,2026-09-20,20260920,CL-ME-01,Red Sea Maritime Corridor Disruption,Middle East / Bab-el-Mandeb,Houthi Maritime Units,YEM,International Commercial Vessels,USA,196,Maritime military engagement / ship interdiction,Conflict / Military,4,-8.0,1370,174,48,-5.96,YEM,Yemen,12.6605,43.7022,86.0,CRITICAL,"['Energy', 'Shipping', 'Regional Economy']"
100248102,2026-09-30,20260930,CL-ME-02,Strait of Hormuz Strategic Energy Chokepoint Alerts,Middle East / Persian Gulf,Naval Security Patrols,IRN,Global Oil Tanker Fleet,SAU,190,Use conventional military force,Conflict / Military,4,-9.0,90,161,509,-5.25,IRN,Iran,26.3671,55.5128,83.0,CRITICAL,"['Energy', 'Shipping', 'Regional Economy']"
100248103,2026-09-12,20260912,CL-IN-01,India Northern Border Reconnaissance & Infrastructure Surveillance,South Asia,Indian Border Forces (ITBP/Army),IND,PLA Border Troops,CHN,040,Host diplomatic summit or high-level talks,Diplomatic,1,-1.8,416,91,331,-2.73,IND,India,33.5977,77.3865,57.7,HIGH,"['Shipping', 'Regional Economy']"
100248104,2026-09-12,20260912,CL-AP-02,South China Sea Second Thomas Shoal Maritime Standoff,Asia-Pacific,China Coast Guard,CHN,Philippine Coast Guard & Resupply,PHL,196,Maritime military engagement / ship interdiction,Conflict / Military,4,-7.7,1206,126,292,-5.8,PHL,PHL,8.8978,115.73,84.6,CRITICAL,"['Energy', 'Shipping', 'Regional Economy']"
100248105,2026-10-01,20261001,CL-ME-02,Strait of Hormuz Strategic Energy Chokepoint Alerts,Middle East / Persian Gulf,Naval Security Patrols,IRN,Global Oil Tanker Fleet,SAU,040,Host diplomatic summit or high-level talks,Diplomatic,1,-8.1,965,4,8,-6.34,IRN,Iran,27.3401,55.9136,72.8,HIGH,"['Energy', 'Shipping', 'Regional Economy']"
100248106,2026-09-23,20260923,CL-AP-01,Taiwan Strait & East Asian Semiconductor Supply Alert,Asia-Pacific,People’s Liberation Army (Navy/Air),CHN,Taiwan Defense Units,TWN,190,Use conventional military force,Conflict / Military,4,-4.1,321,174,430,-5.86,TWN,Taiwan,22.9413,120.2194,75.5,CRITICAL,"['Energy', 'Shipping', 'Trade', 'Regional Economy']"
100248107,2026-09-24,20260924,CL-ME-01,Red Sea Maritime Corridor Disruption,Middle East / Bab-el-Mandeb,Houthi Maritime Units,YEM,International Commercial Vessels,USA,196,Maritime military engagement / ship interdiction,Conflict / Military,4,-9.0,265,116,323,-5.15,YEM,Yemen,13.6371,44.1329,84.1,CRITICAL,"['Energy', 'Shipping', 'Regional Economy']"
100248108,2026-10-03,20261003,CL-EU-01,Eastern Europe & Black Sea Grain Corridor Strain,Eastern Europe,Armed Forces of Ukraine,UKR,Russian Armed Forces,RUS,194,Fight with artillery / rockets / missiles,Conflict / Military,4,-9.7,36,114,561,-5.71,UKR,Ukraine,45.9694,32.1312,83.3,CRITICAL,"['Energy', 'Commodities', 'Regional Economy']"
100248109,2026-09-09,20260909,CL-ME-01,Red Sea Maritime Corridor Disruption,Middle East / Bab-el-Mandeb,Houthi Maritime Units,YEM,International Commercial Vessels,USA,193,Fight with small arms and light weapons,Conflict / Military,4,-8.5,928,53,137,-4.89,YEM,Yemen,12.2412,43.9508,83.6,CRITICAL,"['Energy', 'Shipping', 'Regional Economy']"
100248110,2026-09-04,20260904,CL-ME-01,Red Sea Maritime Corridor Disruption,Middle East / Bab-el-Mandeb,Houthi Maritime Units,YEM,International Commercial Vessels,USA,196,Maritime military engagement / ship interdiction,Conflict / Military,4,-8.4,1242,140,221,-7.68,YEM,Yemen,14.05,44.0933,88.7,CRITICAL,"['Energy', 'Shipping', 'Regional Economy']"
100248111,2026-09-10,20260910,CL-AP-01,Taiwan Strait & East Asian Semiconductor Supply Alert,Asia-Pacific,People’s Liberation Army (Navy/Air),CHN,Taiwan Defense Units,TWN,150,Demonstrate military / strategic force posture,Conflict / Military,4,-6.6,756,180,610,-3.88,TWN,Taiwan,23.5506,121.0498,79.5,CRITICAL,"['Energy', 'Shipping', 'Trade', 'Regional Economy']"
100248112,2026-09-30,20260930,CL-AP-01,Taiwan Strait & East Asian Semiconductor Supply Alert,Asia-Pacific,People’s Liberation Army (Navy/Air),CHN,Taiwan Defense Units,TWN,150,Demonstrate military / strategic force posture,Conflict / Military,4,-6.2,807,93,624,-4.54,TWN,Taiwan,24.5598,121.7769,78.8,CRITICAL,"['Energy', 'Shipping', 'Trade', 'Regional Economy']"
100248113,2026-09-10,20260910,CL-ME-02,Strait of Hormuz Strategic Energy Chokepoint Alerts,Middle East / Persian Gulf,Naval Security Patrols,IRN,Global Oil Tanker Fleet,SAU,190,Use conventional military force,Conflict / Military,4,-7.4,340,108,410,-6.49,IRN,Iran,26.5443,56.4049,82.7,CRITICAL,"['Energy', 'Shipping', 'Regional Economy']"
100248114,2026-09-11,20260911,CL-ME-02,Strait of Hormuz Strategic Energy Chokepoint Alerts,Middle East / Persian Gulf,Naval Security Patrols,IRN,Global Oil Tanker Fleet,SAU,190,Use conventional military force,Conflict / Military,4,-8.8,601,134,594,-3.69,IRN,Iran,27.4527,56.0701,83.2,CRITICAL,"['Energy', 'Shipping', 'Regional Economy']"
100248115,2026-10-04,20261004,CL-EU-01,Eastern Europe & Black Sea Grain Corridor Strain,Eastern Europe,Armed Forces of Ukraine,UKR,Russian Armed Forces,RUS,194,Fight with artillery / rockets / missiles,Conflict / Military,4,-9.6,1165,89,238,-7.27,UKR,Ukraine,45.6717,30.389,90.0,CRITICAL,"['Energy', 'Commodities', 'Regional Economy']"
100248116,2026-09-26,20260926,CL-EU-01,Eastern Europe & Black Sea Grain Corridor Strain,Eastern Europe,Armed Forces of Ukraine,UKR,Russian Armed Forces,RUS,194,Fight with artillery / rockets / missiles,Conflict / Military,4,-9.7,42,129,34,-6.87,UKR,Ukraine,45.6256,30.6164,85.2,CRITICAL,"['Energy', 'Commodities', 'Regional Economy']"
100248117,2026-09-05,20260905,CL-ME-01,Red Sea Maritime Corridor Disruption,Middle East / Bab-el-Mandeb,Houthi Maritime Units,YEM,International Commercial Vessels,USA,196,Maritime military engagement / ship interdiction,Conflict / Military,4,-8.4,226,152,618,-5.27,YEM,Yemen,13.5777,44.3291,83.1,CRITICAL,"['Energy', 'Shipping', 'Regional Economy']"
100248118,2026-10-01,20261001,CL-ME-01,Red Sea Maritime Corridor Disruption,Middle East / Bab-el-Mandeb,Houthi Maritime Units,YEM,International Commercial Vessels,USA,196,Maritime military engagement / ship interdiction,Conflict / Military,4,-7.4,1231,167,615,-6.83,YEM,Yemen,13.1208,44.5914,85.7,CRITICAL,"['Energy', 'Shipping', 'Regional Economy']"
100248119,2026-09-04,20260904,CL-ME-01,Red Sea Maritime Corridor Disruption,Middle East / Bab-el-Mandeb,Houthi Maritime Units,YEM,International Commercial Vessels,USA,196,Maritime military engagement / ship interdiction,Conflict / Military,4,-8.8,1049,176,136,-7.03,YEM,Yemen,14.1232,43.5034,88.7,CRITICAL,"['Energy', 'Shipping', 'Regional Economy']"
100248120,2026-10-03,20261003,CL-ME-01,Red Sea Maritime Corridor Disruption,Middle East / Bab-el-Mandeb,Houthi Maritime Units,YEM,International Commercial Vessels,USA,150,Demonstrate military / strategic force posture,Conflict / Military,4,-7.6,308,7,572,-7.8,YEM,Yemen,12.7621,44.1591,81.2,CRITICAL,"['Energy', 'Shipping', 'Regional Economy']"
100248121,2026-10-03,20261003,CL-EU-01,Eastern Europe & Black Sea Grain Corridor Strain,Eastern Europe,Armed Forces of Ukraine,UKR,Russian Armed Forces,RUS,194,Fight with artillery / rockets / missiles,Conflict / Military,4,-8.6,645,83,239,-7.41,UKR,Ukraine,46.6094,30.3873,87.1,CRITICAL,"['Energy', 'Commodities', 'Regional Economy']"
100248122,2026-09-08,20260908,CL-AP-02,South China Sea Second Thomas Shoal Maritime Standoff,Asia-Pacific,China Coast Guard,CHN,Philippine Coast Guard & Resupply,PHL,196,Maritime military engagement / ship interdiction,Conflict / Military,4,-7.4,260,56,175,-3.22,PHL,PHL,10.1505,115.6374,77.2,CRITICAL,"['Energy', 'Shipping', 'Regional Economy']"
100248123,2026-09-24,20260924,CL-ME-01,Red Sea Maritime Corridor Disruption,Middle East / Bab-el-Mandeb,Houthi Maritime Units,YEM,International Commercial Vessels,USA,196,Maritime military engagement / ship interdiction,Conflict / Military,4,-7.3,609,179,521,-6.95,YEM,Yemen,12.6075,42.7391,84.7,CRITICAL,"['Energy', 'Shipping', 'Regional Economy']"
100248124,2026-09-10,20260910,CL-ME-02,Strait of Hormuz Strategic Energy Chokepoint Alerts,Middle East / Persian Gulf,Naval Security Patrols,IRN,Global Oil Tanker Fleet,SAU,190,Use conventional military force,Conflict / Military,4,-8.8,61,135,639,-4.6,IRN,Iran,27.5434,55.6373,81.0,CRITICAL,"['Energy', 'Shipping', 'Regional Economy']"
100248125,2026-09-30,20260930,CL-IN-01,India Northern Border Reconnaissance & Infrastructure Surveillance,South Asia,Indian Border Forces (ITBP/Army),IND,PLA Border Troops,CHN,060,Sign commercial or trade agreement,Economic / Trade,2,-1.5,1327,32,115,-3.37,IND,India,34.0686,77.0329,59.8,HIGH,"['Shipping', 'Trade', 'Regional Economy']"
100248126,2026-09-07,20260907,CL-EU-01,Eastern Europe & Black Sea Grain Corridor Strain,Eastern Europe,Armed Forces of Ukraine,UKR,Russian Armed Forces,RUS,020,Appeal to international community or UN,Diplomatic,1,-9.4,1075,12,286,-8.14,UKR,Ukraine,47.1963,30.6821,79.5,CRITICAL,"['Commodities', 'Regional Economy']"
100248127,2026-09-30,20260930,CL-ME-01,Red Sea Maritime Corridor Disruption,Middle East / Bab-el-Mandeb,Houthi Maritime Units,YEM,International Commercial Vessels,USA,196,Maritime military engagement / ship interdiction,Conflict / Military,4,-7.9,754,121,171,-7.07,YEM,Yemen,12.6525,44.6706,85.9,CRITICAL,"['Energy', 'Shipping', 'Regional Economy']"
100248128,2026-09-13,20260913,CL-EU-01,Eastern Europe & Black Sea Grain Corridor Strain,Eastern Europe,Armed Forces of Ukraine,UKR,Russian Armed Forces,RUS,040,Host diplomatic summit or high-level talks,Diplomatic,1,-9.7,1244,92,253,-5.81,UKR,Ukraine,46.6222,29.8353,79.9,CRITICAL,"['Commodities', 'Regional Economy']"
100248129,2026-10-03,20261003,CL-ME-02,Strait of Hormuz Strategic Energy Chokepoint Alerts,Middle East / Persian Gulf,Naval Security Patrols,IRN,Global Oil Tanker Fleet,SAU,190,Use conventional military force,Conflict / Military,4,-7.1,353,61,114,-3.58,IRN,Iran,27.6395,57.0342,77.6,CRITICAL,"['Energy', 'Shipping', 'Regional Economy']"
100248130,2026-09-08,20260908,CL-AP-02,South China Sea Second Thomas Shoal Maritime Standoff,Asia-Pacific,China Coast Guard,CHN,Philippine Coast Guard & Resupply,PHL,196,Maritime military engagement / ship interdiction,Conflict / Military,4,-7.2,879,174,353,-5.08,PHL,PHL,9.8041,116.3442,82.5,CRITICAL,"['Energy', 'Shipping', 'Regional Economy']"
100248131,2026-09-26,20260926,CL-ME-02,Strait of Hormuz Strategic Energy Chokepoint Alerts,Middle East / Persian Gulf,Naval Security Patrols,IRN,Global Oil Tanker Fleet,SAU,193,Fight with small arms and light weapons,Conflict / Military,4,-8.0,1114,26,443,-5.46,IRN,Iran,27.5311,56.4552,82.6,CRITICAL,"['Energy', 'Shipping', 'Regional Economy']"
100248132,2026-09-08,20260908,CL-ME-01,Red Sea Maritime Corridor Disruption,Middle East / Bab-el-Mandeb,Houthi Maritime Units,YEM,International Commercial Vessels,USA,196,Maritime military engagement / ship interdiction,Conflict / Military,4,-9.0,592,120,247,-8.62,YEM,Yemen,14.004,42.8024,89.8,CRITICAL,"['Energy', 'Shipping', 'Regional Economy']"
100248133,2026-09-19,20260919,CL-ME-01,Red Sea Maritime Corridor Disruption,Middle East / Bab-el-Mandeb,Houthi Maritime Units,YEM,International Commercial Vessels,USA,060,Sign commercial or trade agreement,Economic / Trade,2,-8.8,1346,9,587,-7.75,YEM,Yemen,13.5337,43.9136,79.1,CRITICAL,"['Energy', 'Shipping', 'Trade', 'Regional Economy']"
100248134,2026-09-29,20260929,CL-ME-01,Red Sea Maritime Corridor Disruption,Middle East / Bab-el-Mandeb,Houthi Maritime Units,YEM,International Commercial Vessels,USA,196,Maritime military engagement / ship interdiction,Conflict / Military,4,-9.3,318,140,84,-4.85,YEM,Yemen,12.1994,43.2344,84.8,CRITICAL,"['Energy', 'Shipping', 'Regional Economy']"
100248135,2026-09-06,20260906,CL-ME-01,Red Sea Maritime Corridor Disruption,Middle East / Bab-el-Mandeb,Houthi Maritime Units,YEM,International Commercial Vessels,USA,196,Maritime military engagement / ship interdiction,Conflict / Military,4,-9.2,1189,88,181,-5.6,YEM,Yemen,13.6048,42.494,87.0,CRITICAL,"['Energy', 'Shipping', 'Regional Economy']"
100248136,2026-09-18,20260918,CL-ME-01,Red Sea Maritime Corridor Disruption,Middle East / Bab-el-Mandeb,Houthi Maritime Units,YEM,International Commercial Vessels,USA,196,Maritime military engagement / ship interdiction,Conflict / Military,4,-7.1,1089,70,610,-8.22,YEM,Yemen,12.6323,42.6424,85.5,CRITICAL,"['Energy', 'Shipping', 'Regional Economy']"
100248137,2026-09-09,20260909,CL-AP-01,Taiwan Strait & East Asian Semiconductor Supply Alert,Asia-Pacific,People’s Liberation Army (Navy/Air),CHN,Taiwan Defense Units,TWN,150,Demonstrate military / strategic force posture,Conflict / Military,4,-6.9,915,24,351,-2.28,TWN,Taiwan,23.9092,121.2133,75.7,CRITICAL,"['Energy', 'Shipping', 'Trade', 'Regional Economy']"
100248138,2026-09-19,20260919,CL-ME-01,Red Sea Maritime Corridor Disruption,Middle East / Bab-el-Mandeb,Houthi Maritime Units,YEM,International Commercial Vessels,USA,196,Maritime military engagement / ship interdiction,Conflict / Military,4,-9.0,1146,124,550,-5.71,YEM,Yemen,13.7273,44.0136,87.1,CRITICAL,"['Energy', 'Shipping', 'Regional Economy']"
100248139,2026-09-20,20260920,CL-ME-02,Strait of Hormuz Strategic Energy Chokepoint Alerts,Middle East / Persian Gulf,Naval Security Patrols,IRN,Global Oil Tanker Fleet,SAU,190,Use conventional military force,Conflict / Military,4,-6.4,922,17,636,-4.25,IRN,Iran,25.8616,55.5314,76.8,CRITICAL,"['Energy', 'Shipping', 'Regional Economy']"
100248140,2026-09-15,20260915,CL-AP-01,Taiwan Strait & East Asian Semiconductor Supply Alert,Asia-Pacific,People’s Liberation Army (Navy/Air),CHN,Taiwan Defense Units,TWN,194,Fight with artillery / rockets / missiles,Conflict / Military,4,-4.2,950,172,511,-6.1,TWN,Taiwan,23.2589,121.9992,77.7,CRITICAL,"['Energy', 'Shipping', 'Trade', 'Regional Economy']"
100248141,2026-09-09,20260909,CL-ME-02,Strait of Hormuz Strategic Energy Chokepoint Alerts,Middle East / Persian Gulf,Naval Security Patrols,IRN,Global Oil Tanker Fleet,SAU,060,Sign commercial or trade agreement,Economic / Trade,2,-6.7,228,177,184,-6.71,IRN,Iran,25.6005,57.1551,74.6,HIGH,"['Energy', 'Shipping', 'Trade', 'Regional Economy']"
100248142,2026-09-15,20260915,CL-ME-01,Red Sea Maritime Corridor Disruption,Middle East / Bab-el-Mandeb,Houthi Maritime Units,YEM,International Commercial Vessels,USA,196,Maritime military engagement / ship interdiction,Conflict / Military,4,-9.1,1006,95,501,-6.12,YEM,Yemen,13.2965,44.2858,87.3,CRITICAL,"['Energy', 'Shipping', 'Regional Economy']"
100248143,2026-09-10,20260910,CL-AP-01,Taiwan Strait & East Asian Semiconductor Supply Alert,Asia-Pacific,People’s Liberation Army (Navy/Air),CHN,Taiwan Defense Units,TWN,196,Maritime military engagement / ship interdiction,Conflict / Military,4,-6.3,1337,13,550,-2.37,TWN,Taiwan,24.9553,121.3743,74.4,HIGH,"['Energy', 'Shipping', 'Trade', 'Regional Economy']"
100248144,2026-09-23,20260923,CL-EU-01,Eastern Europe & Black Sea Grain Corridor Strain,Eastern Europe,Armed Forces of Ukraine,UKR,Russian Armed Forces,RUS,194,Fight with artillery / rockets / missiles,Conflict / Military,4,-8.8,604,111,221,-7.08,UKR,Ukraine,46.7428,30.2209,87.3,CRITICAL,"['Energy', 'Commodities', 'Regional Economy']"
100248145,2026-10-04,20261004,CL-AP-01,Taiwan Strait & East Asian Semiconductor Supply Alert,Asia-Pacific,People’s Liberation Army (Navy/Air),CHN,Taiwan Defense Units,TWN,150,Demonstrate military / strategic force posture,Conflict / Military,4,-6.6,1322,18,553,-3.75,TWN,Taiwan,23.5245,121.4944,77.2,CRITICAL,"['Energy', 'Shipping', 'Trade', 'Regional Economy']"
100248146,2026-09-26,20260926,CL-ME-01,Red Sea Maritime Corridor Disruption,Middle East / Bab-el-Mandeb,Houthi Maritime Units,YEM,International Commercial Vessels,USA,196,Maritime military engagement / ship interdiction,Conflict / Military,4,-7.6,353,85,252,-5.02,YEM,Yemen,13.9384,44.6076,81.0,CRITICAL,"['Energy', 'Shipping', 'Regional Economy']"
100248147,2026-09-23,20260923,CL-AP-02,South China Sea Second Thomas Shoal Maritime Standoff,Asia-Pacific,China Coast Guard,CHN,Philippine Coast Guard & Resupply,PHL,060,Sign commercial or trade agreement,Economic / Trade,2,-7.7,930,54,119,-5.77,PHL,PHL,10.7782,116.0779,76.0,CRITICAL,"['Shipping', 'Trade', 'Regional Economy']"
100248148,2026-09-04,20260904,CL-AP-02,South China Sea Second Thomas Shoal Maritime Standoff,Asia-Pacific,China Coast Guard,CHN,Philippine Coast Guard & Resupply,PHL,196,Maritime military engagement / ship interdiction,Conflict / Military,4,-6.1,1209,107,136,-3.91,PHL,PHL,10.1181,114.6138,78.5,CRITICAL,"['Energy', 'Shipping', 'Regional Economy']"
100248149,2026-09-24,20260924,CL-AP-01,Taiwan Strait & East Asian Semiconductor Supply Alert,Asia-Pacific,People’s Liberation Army (Navy/Air),CHN,Taiwan Defense Units,TWN,150,Demonstrate military / strategic force posture,Conflict / Military,4,-6.8,1205,53,270,-3.3,TWN,Taiwan,25.1016,120.3393,78.3,CRITICAL,"['Energy', 'Shipping', 'Trade', 'Regional Economy']"
100248150,2026-09-07,20260907,CL-ME-01,Red Sea Maritime Corridor Disruption,Middle East / Bab-el-Mandeb,Houthi Maritime Units,YEM,International Commercial Vessels,USA,194,Fight with artillery / rockets / missiles,Conflict / Military,4,-7.3,166,152,232,-4.86,YEM,Yemen,13.3063,42.5723,79.8,CRITICAL,"['Energy', 'Shipping', 'Regional Economy']"
100248151,2026-10-01,20261001,CL-ME-02,Strait of Hormuz Strategic Energy Chokepoint Alerts,Middle East / Persian Gulf,Naval Security Patrols,IRN,Global Oil Tanker Fleet,SAU,190,Use conventional military force,Conflict / Military,4,-8.5,595,19,356,-4.52,IRN,Iran,27.2266,57.3786,81.1,CRITICAL,"['Energy', 'Shipping', 'Regional Economy']"
100248152,2026-09-30,20260930,CL-AP-02,South China Sea Second Thomas Shoal Maritime Standoff,Asia-Pacific,China Coast Guard,CHN,Philippine Coast Guard & Resupply,PHL,150,Demonstrate military / strategic force posture,Conflict / Military,4,-7.8,1015,108,610,-4.28,PHL,PHL,9.8495,116.3319,82.3,CRITICAL,"['Energy', 'Shipping', 'Regional Economy']"
100248153,2026-10-03,20261003,CL-ME-01,Red Sea Maritime Corridor Disruption,Middle East / Bab-el-Mandeb,Houthi Maritime Units,YEM,International Commercial Vessels,USA,196,Maritime military engagement / ship interdiction,Conflict / Military,4,-7.0,639,136,226,-5.18,YEM,Yemen,14.0747,43.4558,81.4,CRITICAL,"['Energy', 'Shipping', 'Regional Economy']"
100248154,2026-09-05,20260905,CL-AP-02,South China Sea Second Thomas Shoal Maritime Standoff,Asia-Pacific,China Coast Guard,CHN,Philippine Coast Guard & Resupply,PHL,060,Sign commercial or trade agreement,Economic / Trade,2,-7.2,680,135,642,-3.98,PHL,PHL,9.2165,115.7474,73.4,HIGH,"['Shipping', 'Trade', 'Regional Economy']"
100248155,2026-09-28,20260928,CL-ME-02,Strait of Hormuz Strategic Energy Chokepoint Alerts,Middle East / Persian Gulf,Naval Security Patrols,IRN,Global Oil Tanker Fleet,SAU,040,Host diplomatic summit or high-level talks,Diplomatic,1,-9.2,282,97,255,-7.27,IRN,Iran,26.0994,56.634,78.6,CRITICAL,"['Energy', 'Shipping', 'Regional Economy']"
100248156,2026-09-09,20260909,CL-ME-01,Red Sea Maritime Corridor Disruption,Middle East / Bab-el-Mandeb,Houthi Maritime Units,YEM,International Commercial Vessels,USA,196,Maritime military engagement / ship interdiction,Conflict / Military,4,-9.0,1148,24,193,-6.01,YEM,Yemen,13.1769,42.9098,85.3,CRITICAL,"['Energy', 'Shipping', 'Regional Economy']"
100248157,2026-09-24,20260924,CL-ME-01,Red Sea Maritime Corridor Disruption,Middle East / Bab-el-Mandeb,Houthi Maritime Units,YEM,International Commercial Vessels,USA,150,Demonstrate military / strategic force posture,Conflict / Military,4,-9.1,1060,169,294,-6.28,YEM,Yemen,13.733,42.3946,88.3,CRITICAL,"['Energy', 'Shipping', 'Regional Economy']"
100248158,2026-09-15,20260915,CL-ME-02,Strait of Hormuz Strategic Energy Chokepoint Alerts,Middle East / Persian Gulf,Naval Security Patrols,IRN,Global Oil Tanker Fleet,SAU,060,Sign commercial or trade agreement,Economic / Trade,2,-8.4,24,168,244,-6.48,IRN,Iran,26.9433,56.4412,74.5,HIGH,"['Energy', 'Shipping', 'Trade', 'Regional Economy']"
100248159,2026-10-02,20261002,CL-ME-02,Strait of Hormuz Strategic Energy Chokepoint Alerts,Middle East / Persian Gulf,Naval Security Patrols,IRN,Global Oil Tanker Fleet,SAU,040,Host diplomatic summit or high-level talks,Diplomatic,1,-6.4,705,131,201,-6.72,IRN,Iran,25.4075,56.4535,73.8,HIGH,"['Energy', 'Shipping', 'Regional Economy']"
100248160,2026-09-30,20260930,CL-ME-01,Red Sea Maritime Corridor Disruption,Middle East / Bab-el-Mandeb,Houthi Maritime Units,YEM,International Commercial Vessels,USA,196,Maritime military engagement / ship interdiction,Conflict / Military,4,-8.6,727,103,20,-5.4,YEM,Yemen,12.2181,44.179,84.9,CRITICAL,"['Energy', 'Shipping', 'Regional Economy']"
100248161,2026-09-27,20260927,CL-EU-01,Eastern Europe & Black Sea Grain Corridor Strain,Eastern Europe,Armed Forces of Ukraine,UKR,Russian Armed Forces,RUS,060,Sign commercial or trade agreement,Economic / Trade,2,-8.3,332,35,634,-6.37,UKR,Ukraine,45.5355,30.4305,76.0,CRITICAL,"['Trade', 'Commodities', 'Regional Economy']"
100248162,2026-09-18,20260918,CL-AP-01,Taiwan Strait & East Asian Semiconductor Supply Alert,Asia-Pacific,People’s Liberation Army (Navy/Air),CHN,Taiwan Defense Units,TWN,111,Formally condemn or disapprove action,Political,3,-6.8,21,173,152,-4.1,TWN,Taiwan,22.9583,121.2162,72.3,HIGH,"['Shipping', 'Trade', 'Regional Economy']"
100248163,2026-09-20,20260920,CL-ME-01,Red Sea Maritime Corridor Disruption,Middle East / Bab-el-Mandeb,Houthi Maritime Units,YEM,International Commercial Vessels,USA,141,Demonstrate or conduct civil protest,Protest / Civil Unrest,3,-7.6,543,85,594,-5.64,YEM,Yemen,13.2136,42.6203,80.0,CRITICAL,"['Energy', 'Shipping', 'Regional Economy']"
100248164,2026-09-14,20260914,CL-ME-01,Red Sea Maritime Corridor Disruption,Middle East / Bab-el-Mandeb,Houthi Maritime Units,YEM,International Commercial Vessels,USA,196,Maritime military engagement / ship interdiction,Conflict / Military,4,-8.7,98,29,449,-6.88,YEM,Yemen,12.338,43.3311,82.4,CRITICAL,"['Energy', 'Shipping', 'Regional Economy']"
100248165,2026-09-07,20260907,CL-ME-01,Red Sea Maritime Corridor Disruption,Middle East / Bab-el-Mandeb,Houthi Maritime Units,YEM,International Commercial Vessels,USA,196,Maritime military engagement / ship interdiction,Conflict / Military,4,-9.1,845,5,422,-6.64,YEM,Yemen,11.9372,42.6687,83.9,CRITICAL,"['Energy', 'Shipping', 'Regional Economy']"
100248166,2026-09-09,20260909,CL-ME-02,Strait of Hormuz Strategic Energy Chokepoint Alerts,Middle East / Persian Gulf,Naval Security Patrols,IRN,Global Oil Tanker Fleet,SAU,193,Fight with small arms and light weapons,Conflict / Military,4,-6.4,738,124,435,-7.2,IRN,Iran,25.5338,55.2471,82.9,CRITICAL,"['Energy', 'Shipping', 'Regional Economy']"
100248167,2026-09-11,20260911,CL-ME-02,Strait of Hormuz Strategic Energy Chokepoint Alerts,Middle East / Persian Gulf,Naval Security Patrols,IRN,Global Oil Tanker Fleet,SAU,020,Appeal to international community or UN,Diplomatic,1,-8.2,510,29,356,-6.58,IRN,Iran,25.6969,56.9522,74.9,HIGH,"['Energy', 'Shipping', 'Regional Economy']"
100248168,2026-10-03,20261003,CL-ME-02,Strait of Hormuz Strategic Energy Chokepoint Alerts,Middle East / Persian Gulf,Naval Security Patrols,IRN,Global Oil Tanker Fleet,SAU,150,Demonstrate military / strategic force posture,Conflict / Military,4,-8.4,119,47,376,-5.34,IRN,Iran,25.7109,55.5777,80.7,CRITICAL,"['Energy', 'Shipping', 'Regional Economy']"
100248169,2026-09-29,20260929,CL-AP-01,Taiwan Strait & East Asian Semiconductor Supply Alert,Asia-Pacific,People’s Liberation Army (Navy/Air),CHN,Taiwan Defense Units,TWN,150,Demonstrate military / strategic force posture,Conflict / Military,4,-6.3,999,77,357,-3.92,TWN,Taiwan,23.4787,122.1182,78.3,CRITICAL,"['Energy', 'Shipping', 'Trade', 'Regional Economy']"
100248170,2026-09-27,20260927,CL-ME-02,Strait of Hormuz Strategic Energy Chokepoint Alerts,Middle East / Persian Gulf,Naval Security Patrols,IRN,Global Oil Tanker Fleet,SAU,190,Use conventional military force,Conflict / Military,4,-9.2,313,164,123,-3.99,IRN,Iran,25.3168,56.353,83.7,CRITICAL,"['Energy', 'Shipping', 'Regional Economy']"
100248171,2026-09-18,20260918,CL-IN-01,India Northern Border Reconnaissance & Infrastructure Surveillance,South Asia,Indian Border Forces (ITBP/Army),IND,PLA Border Troops,CHN,193,Fight with small arms and light weapons,Conflict / Military,4,-2.0,1351,63,303,-0.28,IND,India,34.6889,78.1461,64.7,HIGH,"['Energy', 'Shipping', 'Regional Economy']"
100248172,2026-09-10,20260910,CL-AP-01,Taiwan Strait & East Asian Semiconductor Supply Alert,Asia-Pacific,People’s Liberation Army (Navy/Air),CHN,Taiwan Defense Units,TWN,193,Fight with small arms and light weapons,Conflict / Military,4,-4.8,1299,63,166,-4.24,TWN,Taiwan,23.1865,120.643,75.7,CRITICAL,"['Energy', 'Shipping', 'Trade', 'Regional Economy']"
100248173,2026-09-12,20260912,CL-AP-02,South China Sea Second Thomas Shoal Maritime Standoff,Asia-Pacific,China Coast Guard,CHN,Philippine Coast Guard & Resupply,PHL,060,Sign commercial or trade agreement,Economic / Trade,2,-7.9,1185,108,473,-5.45,PHL,PHL,10.9998,116.7649,77.3,CRITICAL,"['Shipping', 'Trade', 'Regional Economy']"
100248174,2026-09-04,20260904,CL-EU-01,Eastern Europe & Black Sea Grain Corridor Strain,Eastern Europe,Armed Forces of Ukraine,UKR,Russian Armed Forces,RUS,060,Sign commercial or trade agreement,Economic / Trade,2,-8.8,1028,87,592,-7.08,UKR,Ukraine,45.4404,32.0172,80.8,CRITICAL,"['Trade', 'Commodities', 'Regional Economy']"
100248175,2026-09-07,20260907,CL-IN-01,India Northern Border Reconnaissance & Infrastructure Surveillance,South Asia,Indian Border Forces (ITBP/Army),IND,PLA Border Troops,CHN,040,Host diplomatic summit or high-level talks,Diplomatic,1,-1.3,233,42,42,-2.63,IND,India,33.412,77.2797,54.6,HIGH,"['Shipping', 'Regional Economy']"
100248176,2026-09-13,20260913,CL-ME-01,Red Sea Maritime Corridor Disruption,Middle East / Bab-el-Mandeb,Houthi Maritime Units,YEM,International Commercial Vessels,USA,040,Host diplomatic summit or high-level talks,Diplomatic,1,-10.0,299,153,539,-5.78,YEM,Yemen,12.4282,42.5202,79.0,CRITICAL,"['Energy', 'Shipping', 'Regional Economy']"
100248177,2026-09-14,20260914,CL-ME-01,Red Sea Maritime Corridor Disruption,Middle East / Bab-el-Mandeb,Houthi Maritime Units,YEM,International Commercial Vessels,USA,196,Maritime military engagement / ship interdiction,Conflict / Military,4,-9.5,839,163,261,-5.78,YEM,Yemen,13.003,44.4368,88.1,CRITICAL,"['Energy', 'Shipping', 'Regional Economy']"
100248178,2026-09-16,20260916,CL-AP-01,Taiwan Strait & East Asian Semiconductor Supply Alert,Asia-Pacific,People’s Liberation Army (Navy/Air),CHN,Taiwan Defense Units,TWN,150,Demonstrate military / strategic force posture,Conflict / Military,4,-5.8,666,74,424,-5.71,TWN,Taiwan,23.1583,121.6723,78.9,CRITICAL,"['Energy', 'Shipping', 'Trade', 'Regional Economy']"
100248179,2026-09-06,20260906,CL-ME-02,Strait of Hormuz Strategic Energy Chokepoint Alerts,Middle East / Persian Gulf,Naval Security Patrols,IRN,Global Oil Tanker Fleet,SAU,190,Use conventional military force,Conflict / Military,4,-6.7,1059,14,462,-4.17,IRN,Iran,26.7983,55.8471,77.3,CRITICAL,"['Energy', 'Shipping', 'Regional Economy']"
100248180,2026-09-09,20260909,CL-EU-01,Eastern Europe & Black Sea Grain Corridor Strain,Eastern Europe,Armed Forces of Ukraine,UKR,Russian Armed Forces,RUS,060,Sign commercial or trade agreement,Economic / Trade,2,-9.7,1348,121,414,-7.86,UKR,Ukraine,46.2913,29.8728,84.6,CRITICAL,"['Trade', 'Commodities', 'Regional Economy']"
100248181,2026-09-22,20260922,CL-EU-01,Eastern Europe & Black Sea Grain Corridor Strain,Eastern Europe,Armed Forces of Ukraine,UKR,Russian Armed Forces,RUS,194,Fight with artillery / rockets / missiles,Conflict / Military,4,-8.4,737,175,400,-7.03,UKR,Ukraine,45.397,31.1931,87.3,CRITICAL,"['Energy', 'Commodities', 'Regional Economy']"
100248182,2026-09-12,20260912,CL-ME-01,Red Sea Maritime Corridor Disruption,Middle East / Bab-el-Mandeb,Houthi Maritime Units,YEM,International Commercial Vessels,USA,111,Formally condemn or disapprove action,Political,3,-8.9,726,75,434,-5.72,YEM,Yemen,12.6087,42.9971,83.1,CRITICAL,"['Energy', 'Shipping', 'Regional Economy']"
100248183,2026-09-07,20260907,CL-ME-02,Strait of Hormuz Strategic Energy Chokepoint Alerts,Middle East / Persian Gulf,Naval Security Patrols,IRN,Global Oil Tanker Fleet,SAU,190,Use conventional military force,Conflict / Military,4,-8.8,1007,61,570,-4.96,IRN,Iran,26.8794,56.9934,84.6,CRITICAL,"['Energy', 'Shipping', 'Regional Economy']"
100248184,2026-10-04,20261004,CL-AP-01,Taiwan Strait & East Asian Semiconductor Supply Alert,Asia-Pacific,People’s Liberation Army (Navy/Air),CHN,Taiwan Defense Units,TWN,040,Host diplomatic summit or high-level talks,Diplomatic,1,-5.4,771,139,426,-5.73,TWN,Taiwan,23.8126,121.033,70.6,HIGH,"['Shipping', 'Trade', 'Regional Economy']"
100248185,2026-09-04,20260904,CL-EU-01,Eastern Europe & Black Sea Grain Corridor Strain,Eastern Europe,Armed Forces of Ukraine,UKR,Russian Armed Forces,RUS,194,Fight with artillery / rockets / missiles,Conflict / Military,4,-8.2,163,162,76,-6.34,UKR,Ukraine,45.572,31.2468,83.7,CRITICAL,"['Energy', 'Commodities', 'Regional Economy']"
100248186,2026-09-16,20260916,CL-ME-01,Red Sea Maritime Corridor Disruption,Middle East / Bab-el-Mandeb,Houthi Maritime Units,YEM,International Commercial Vessels,USA,196,Maritime military engagement / ship interdiction,Conflict / Military,4,-9.3,396,50,423,-5.89,YEM,Yemen,13.7817,42.9184,85.2,CRITICAL,"['Energy', 'Shipping', 'Regional Economy']"
100248187,2026-09-15,20260915,CL-AP-01,Taiwan Strait & East Asian Semiconductor Supply Alert,Asia-Pacific,People’s Liberation Army (Navy/Air),CHN,Taiwan Defense Units,TWN,150,Demonstrate military / strategic force posture,Conflict / Military,4,-4.3,352,84,203,-5.42,TWN,Taiwan,24.2951,120.036,74.6,HIGH,"['Energy', 'Shipping', 'Trade', 'Regional Economy']"
100248188,2026-09-16,20260916,CL-EU-01,Eastern Europe & Black Sea Grain Corridor Strain,Eastern Europe,Armed Forces of Ukraine,UKR,Russian Armed Forces,RUS,194,Fight with artillery / rockets / missiles,Conflict / Military,4,-9.6,1102,171,176,-8.46,UKR,Ukraine,45.7709,31.5402,92.3,CRITICAL,"['Energy', 'Commodities', 'Regional Economy']"
100248189,2026-09-21,20260921,CL-ME-01,Red Sea Maritime Corridor Disruption,Middle East / Bab-el-Mandeb,Houthi Maritime Units,YEM,International Commercial Vessels,USA,196,Maritime military engagement / ship interdiction,Conflict / Military,4,-9.8,1245,156,607,-4.81,YEM,Yemen,12.1961,42.8645,88.0,CRITICAL,"['Energy', 'Shipping', 'Regional Economy']"
100248190,2026-09-29,20260929,CL-ME-01,Red Sea Maritime Corridor Disruption,Middle East / Bab-el-Mandeb,Houthi Maritime Units,YEM,International Commercial Vessels,USA,196,Maritime military engagement / ship interdiction,Conflict / Military,4,-8.7,680,14,567,-5.88,YEM,Yemen,12.994,44.1406,83.1,CRITICAL,"['Energy', 'Shipping', 'Regional Economy']"
100248191,2026-09-29,20260929,CL-EU-01,Eastern Europe & Black Sea Grain Corridor Strain,Eastern Europe,Armed Forces of Ukraine,UKR,Russian Armed Forces,RUS,194,Fight with artillery / rockets / missiles,Conflict / Military,4,-9.0,1236,122,292,-6.09,UKR,Ukraine,46.3244,30.1992,87.7,CRITICAL,"['Energy', 'Commodities', 'Regional Economy']"
100248192,2026-09-16,20260916,CL-ME-02,Strait of Hormuz Strategic Energy Chokepoint Alerts,Middle East / Persian Gulf,Naval Security Patrols,IRN,Global Oil Tanker Fleet,SAU,190,Use conventional military force,Conflict / Military,4,-7.3,1137,113,384,-4.14,IRN,Iran,27.437,55.1821,81.3,CRITICAL,"['Energy', 'Shipping', 'Regional Economy']"
100248193,2026-09-20,20260920,CL-IN-01,India Northern Border Reconnaissance & Infrastructure Surveillance,South Asia,Indian Border Forces (ITBP/Army),IND,PLA Border Troops,CHN,040,Host diplomatic summit or high-level talks,Diplomatic,1,-1.6,756,114,411,-2.3,IND,India,34.7059,78.0971,57.9,HIGH,"['Shipping', 'Regional Economy']"
100248194,2026-09-24,20260924,CL-ME-02,Strait of Hormuz Strategic Energy Chokepoint Alerts,Middle East / Persian Gulf,Naval Security Patrols,IRN,Global Oil Tanker Fleet,SAU,190,Use conventional military force,Conflict / Military,4,-8.9,1197,84,271,-6.07,IRN,Iran,25.3589,55.9989,86.9,CRITICAL,"['Energy', 'Shipping', 'Regional Economy']"
100248195,2026-09-20,20260920,CL-EU-01,Eastern Europe & Black Sea Grain Corridor Strain,Eastern Europe,Armed Forces of Ukraine,UKR,Russian Armed Forces,RUS,194,Fight with artillery / rockets / missiles,Conflict / Military,4,-10.0,1320,44,377,-9.46,UKR,Ukraine,46.4706,31.5723,92.9,CRITICAL,"['Energy', 'Commodities', 'Regional Economy']"
100248196,2026-09-18,20260918,CL-EU-01,Eastern Europe & Black Sea Grain Corridor Strain,Eastern Europe,Armed Forces of Ukraine,UKR,Russian Armed Forces,RUS,060,Sign commercial or trade agreement,Economic / Trade,2,-10.0,643,105,394,-7.96,UKR,Ukraine,47.5297,31.7369,84.0,CRITICAL,"['Trade', 'Commodities', 'Regional Economy']"
100248197,2026-09-28,20260928,CL-EU-01,Eastern Europe & Black Sea Grain Corridor Strain,Eastern Europe,Armed Forces of Ukraine,UKR,Russian Armed Forces,RUS,196,Maritime military engagement / ship interdiction,Conflict / Military,4,-10.0,975,120,43,-7.2,UKR,Ukraine,45.5454,30.8219,90.8,CRITICAL,"['Energy', 'Commodities', 'Regional Economy']"
100248198,2026-09-18,20260918,CL-ME-01,Red Sea Maritime Corridor Disruption,Middle East / Bab-el-Mandeb,Houthi Maritime Units,YEM,International Commercial Vessels,USA,196,Maritime military engagement / ship interdiction,Conflict / Military,4,-9.9,195,168,460,-7.19,YEM,Yemen,13.4581,42.7793,88.7,CRITICAL,"['Energy', 'Shipping', 'Regional Economy']"
100248199,2026-09-17,20260917,CL-ME-01,Red Sea Maritime Corridor Disruption,Middle East / Bab-el-Mandeb,Houthi Maritime Units,YEM,International Commercial Vessels,USA,196,Maritime military engagement / ship interdiction,Conflict / Military,4,-7.2,478,91,414,-5.54,YEM,Yemen,11.8762,44.3441,81.4,CRITICAL,"['Energy', 'Shipping', 'Regional Economy']"
100248200,2026-09-11,20260911,CL-EU-01,Eastern Europe & Black Sea Grain Corridor Strain,Eastern Europe,Armed Forces of Ukraine,UKR,Russian Armed Forces,RUS,194,Fight with artillery / rockets / missiles,Conflict / Military,4,-9.7,871,116,117,-6.21,UKR,Ukraine,45.6912,32.0165,88.7,CRITICAL,"['Energy', 'Commodities', 'Regional Economy']"
100248201,2026-09-11,20260911,CL-ME-01,Red Sea Maritime Corridor Disruption,Middle East / Bab-el-Mandeb,Houthi Maritime Units,YEM,International Commercial Vessels,USA,196,Maritime military engagement / ship interdiction,Conflict / Military,4,-9.3,465,171,377,-8.0,YEM,Yemen,13.3854,43.7538,89.8,CRITICAL,"['Energy', 'Shipping', 'Regional Economy']"
100248202,2026-09-30,20260930,CL-AP-01,Taiwan Strait & East Asian Semiconductor Supply Alert,Asia-Pacific,People’s Liberation Army (Navy/Air),CHN,Taiwan Defense Units,TWN,060,Sign commercial or trade agreement,Economic / Trade,2,-6.6,567,163,567,-3.47,TWN,Taiwan,23.0032,120.6217,71.4,HIGH,"['Shipping', 'Trade', 'Regional Economy']"
100248203,2026-09-22,20260922,CL-EU-01,Eastern Europe & Black Sea Grain Corridor Strain,Eastern Europe,Armed Forces of Ukraine,UKR,Russian Armed Forces,RUS,193,Fight with small arms and light weapons,Conflict / Military,4,-8.0,862,112,185,-7.37,UKR,Ukraine,46.944,31.9018,86.6,CRITICAL,"['Energy', 'Commodities', 'Regional Economy']"
100248204,2026-09-21,20260921,CL-AP-01,Taiwan Strait & East Asian Semiconductor Supply Alert,Asia-Pacific,People’s Liberation Army (Navy/Air),CHN,Taiwan Defense Units,TWN,150,Demonstrate military / strategic force posture,Conflict / Military,4,-4.4,675,95,493,-5.04,TWN,Taiwan,24.8602,121.1809,75.4,CRITICAL,"['Energy', 'Shipping', 'Trade', 'Regional Economy']"
100248205,2026-09-18,20260918,CL-EU-01,Eastern Europe & Black Sea Grain Corridor Strain,Eastern Europe,Armed Forces of Ukraine,UKR,Russian Armed Forces,RUS,194,Fight with artillery / rockets / missiles,Conflict / Military,4,-10.0,1100,27,542,-6.96,UKR,Ukraine,47.3522,30.7608,88.8,CRITICAL,"['Energy', 'Commodities', 'Regional Economy']"
100248206,2026-09-28,20260928,CL-IN-01,India Northern Border Reconnaissance & Infrastructure Surveillance,South Asia,Indian Border Forces (ITBP/Army),IND,PLA Border Troops,CHN,040,Host diplomatic summit or high-level talks,Diplomatic,1,-2.0,752,127,593,-0.83,IND,India,34.7359,78.0108,56.9,HIGH,"['Shipping', 'Regional Economy']"
100248207,2026-09-25,20260925,CL-ME-01,Red Sea Maritime Corridor Disruption,Middle East / Bab-el-Mandeb,Houthi Maritime Units,YEM,International Commercial Vessels,USA,060,Sign commercial or trade agreement,Economic / Trade,2,-8.2,477,144,197,-5.9,YEM,Yemen,13.217,42.4232,77.5,CRITICAL,"['Energy', 'Shipping', 'Trade', 'Regional Economy']"
100248208,2026-09-08,20260908,CL-ME-01,Red Sea Maritime Corridor Disruption,Middle East / Bab-el-Mandeb,Houthi Maritime Units,YEM,International Commercial Vessels,USA,196,Maritime military engagement / ship interdiction,Conflict / Military,4,-9.4,384,132,562,-7.08,YEM,Yemen,12.3143,43.2226,88.2,CRITICAL,"['Energy', 'Shipping', 'Regional Economy']"
100248209,2026-09-12,20260912,CL-ME-02,Strait of Hormuz Strategic Energy Chokepoint Alerts,Middle East / Persian Gulf,Naval Security Patrols,IRN,Global Oil Tanker Fleet,SAU,190,Use conventional military force,Conflict / Military,4,-7.8,926,19,158,-4.51,IRN,Iran,26.6157,55.6534,80.3,CRITICAL,"['Energy', 'Shipping', 'Regional Economy']"
100248210,2026-09-06,20260906,CL-EU-01,Eastern Europe & Black Sea Grain Corridor Strain,Eastern Europe,Armed Forces of Ukraine,UKR,Russian Armed Forces,RUS,141,Demonstrate or conduct civil protest,Protest / Civil Unrest,3,-10.0,468,15,643,-6.95,UKR,Ukraine,46.2328,30.1415,84.2,CRITICAL,"['Commodities', 'Regional Economy']"
100248211,2026-09-25,20260925,CL-AP-01,Taiwan Strait & East Asian Semiconductor Supply Alert,Asia-Pacific,People’s Liberation Army (Navy/Air),CHN,Taiwan Defense Units,TWN,040,Host diplomatic summit or high-level talks,Diplomatic,1,-6.6,264,67,245,-5.81,TWN,Taiwan,23.8774,120.6369,70.7,HIGH,"['Shipping', 'Trade', 'Regional Economy']"
100248212,2026-09-18,20260918,CL-ME-02,Strait of Hormuz Strategic Energy Chokepoint Alerts,Middle East / Persian Gulf,Naval Security Patrols,IRN,Global Oil Tanker Fleet,SAU,190,Use conventional military force,Conflict / Military,4,-6.8,535,42,35,-6.4,IRN,Iran,25.9747,56.7892,80.8,CRITICAL,"['Energy', 'Shipping', 'Regional Economy']"
100248213,2026-10-04,20261004,CL-ME-02,Strait of Hormuz Strategic Energy Chokepoint Alerts,Middle East / Persian Gulf,Naval Security Patrols,IRN,Global Oil Tanker Fleet,SAU,190,Use conventional military force,Conflict / Military,4,-8.2,59,73,590,-7.34,IRN,Iran,27.4196,56.5776,82.4,CRITICAL,"['Energy', 'Shipping', 'Regional Economy']"
100248214,2026-09-14,20260914,CL-ME-02,Strait of Hormuz Strategic Energy Chokepoint Alerts,Middle East / Persian Gulf,Naval Security Patrols,IRN,Global Oil Tanker Fleet,SAU,190,Use conventional military force,Conflict / Military,4,-6.6,133,164,499,-6.77,IRN,Iran,25.7925,56.0083,80.6,CRITICAL,"['Energy', 'Shipping', 'Regional Economy']"
100248215,2026-09-14,20260914,CL-ME-01,Red Sea Maritime Corridor Disruption,Middle East / Bab-el-Mandeb,Houthi Maritime Units,YEM,International Commercial Vessels,USA,196,Maritime military engagement / ship interdiction,Conflict / Military,4,-9.5,584,114,207,-7.24,YEM,Yemen,14.1025,44.0438,89.0,CRITICAL,"['Energy', 'Shipping', 'Regional Economy']"
100248216,2026-09-28,20260928,CL-ME-01,Red Sea Maritime Corridor Disruption,Middle East / Bab-el-Mandeb,Houthi Maritime Units,YEM,International Commercial Vessels,USA,190,Use conventional military force,Conflict / Military,4,-8.1,108,4,558,-8.39,YEM,Yemen,13.0349,43.8879,80.7,CRITICAL,"['Energy', 'Shipping', 'Regional Economy']"
100248217,2026-09-11,20260911,CL-ME-02,Strait of Hormuz Strategic Energy Chokepoint Alerts,Middle East / Persian Gulf,Naval Security Patrols,IRN,Global Oil Tanker Fleet,SAU,111,Formally condemn or disapprove action,Political,3,-8.0,274,122,322,-3.78,IRN,Iran,26.0695,56.7728,77.8,CRITICAL,"['Energy', 'Shipping', 'Regional Economy']"
100248218,2026-09-26,20260926,CL-AP-02,South China Sea Second Thomas Shoal Maritime Standoff,Asia-Pacific,China Coast Guard,CHN,Philippine Coast Guard & Resupply,PHL,196,Maritime military engagement / ship interdiction,Conflict / Military,4,-5.9,547,148,371,-4.38,PHL,PHL,9.9495,116.4188,78.0,CRITICAL,"['Energy', 'Shipping', 'Regional Economy']"
100248219,2026-09-14,20260914,CL-ME-01,Red Sea Maritime Corridor Disruption,Middle East / Bab-el-Mandeb,Houthi Maritime Units,YEM,International Commercial Vessels,USA,196,Maritime military engagement / ship interdiction,Conflict / Military,4,-9.6,220,11,91,-5.18,YEM,Yemen,12.3032,42.9419,82.0,CRITICAL,"['Energy', 'Shipping', 'Regional Economy']"
100248220,2026-09-28,20260928,CL-ME-01,Red Sea Maritime Corridor Disruption,Middle East / Bab-el-Mandeb,Houthi Maritime Units,YEM,International Commercial Vessels,USA,196,Maritime military engagement / ship interdiction,Conflict / Military,4,-9.8,1185,124,297,-8.34,YEM,Yemen,12.9638,44.286,92.2,CRITICAL,"['Energy', 'Shipping', 'Regional Economy']"
100248221,2026-10-04,20261004,CL-ME-02,Strait of Hormuz Strategic Energy Chokepoint Alerts,Middle East / Persian Gulf,Naval Security Patrols,IRN,Global Oil Tanker Fleet,SAU,190,Use conventional military force,Conflict / Military,4,-9.0,290,174,496,-4.43,IRN,Iran,25.7646,56.3654,83.8,CRITICAL,"['Energy', 'Shipping', 'Regional Economy']"
100248222,2026-09-15,20260915,CL-ME-01,Red Sea Maritime Corridor Disruption,Middle East / Bab-el-Mandeb,Houthi Maritime Units,YEM,International Commercial Vessels,USA,196,Maritime military engagement / ship interdiction,Conflict / Military,4,-7.8,548,95,332,-5.58,YEM,Yemen,12.3385,42.7307,83.0,CRITICAL,"['Energy', 'Shipping', 'Regional Economy']"
100248223,2026-09-08,20260908,CL-ME-02,Strait of Hormuz Strategic Energy Chokepoint Alerts,Middle East / Persian Gulf,Naval Security Patrols,IRN,Global Oil Tanker Fleet,SAU,190,Use conventional military force,Conflict / Military,4,-8.2,1361,121,36,-5.96,IRN,Iran,25.8264,56.6512,86.0,CRITICAL,"['Energy', 'Shipping', 'Regional Economy']"
100248224,2026-09-07,20260907,CL-AP-01,Taiwan Strait & East Asian Semiconductor Supply Alert,Asia-Pacific,People’s Liberation Army (Navy/Air),CHN,Taiwan Defense Units,TWN,150,Demonstrate military / strategic force posture,Conflict / Military,4,-4.8,534,16,75,-3.22,TWN,Taiwan,23.048,121.0773,71.2,HIGH,"['Energy', 'Shipping', 'Trade', 'Regional Economy']"
100248225,2026-09-26,20260926,CL-EU-01,Eastern Europe & Black Sea Grain Corridor Strain,Eastern Europe,Armed Forces of Ukraine,UKR,Russian Armed Forces,RUS,194,Fight with artillery / rockets / missiles,Conflict / Military,4,-8.6,441,63,220,-7.59,UKR,Ukraine,45.9082,31.1759,86.4,CRITICAL,"['Energy', 'Commodities', 'Regional Economy']"
100248226,2026-09-28,20260928,CL-ME-01,Red Sea Maritime Corridor Disruption,Middle East / Bab-el-Mandeb,Houthi Maritime Units,YEM,International Commercial Vessels,USA,196,Maritime military engagement / ship interdiction,Conflict / Military,4,-9.5,263,138,379,-6.1,YEM,Yemen,13.5801,43.023,86.6,CRITICAL,"['Energy', 'Shipping', 'Regional Economy']"
100248227,2026-10-04,20261004,CL-EU-01,Eastern Europe & Black Sea Grain Corridor Strain,Eastern Europe,Armed Forces of Ukraine,UKR,Russian Armed Forces,RUS,060,Sign commercial or trade agreement,Economic / Trade,2,-9.3,544,57,571,-5.66,UKR,Ukraine,45.4073,30.7506,78.5,CRITICAL,"['Trade', 'Commodities', 'Regional Economy']"
100248228,2026-09-16,20260916,CL-IN-01,India Northern Border Reconnaissance & Infrastructure Surveillance,South Asia,Indian Border Forces (ITBP/Army),IND,PLA Border Troops,CHN,111,Formally condemn or disapprove action,Political,3,-1.9,1365,108,16,-3.46,IND,India,32.8665,77.8637,66.8,HIGH,"['Shipping', 'Regional Economy']"
100248229,2026-09-22,20260922,CL-ME-01,Red Sea Maritime Corridor Disruption,Middle East / Bab-el-Mandeb,Houthi Maritime Units,YEM,International Commercial Vessels,USA,020,Appeal to international community or UN,Diplomatic,1,-7.6,776,50,62,-5.37,YEM,Yemen,12.2437,43.6716,73.4,HIGH,"['Energy', 'Shipping', 'Regional Economy']"
100248230,2026-09-26,20260926,CL-ME-02,Strait of Hormuz Strategic Energy Chokepoint Alerts,Middle East / Persian Gulf,Naval Security Patrols,IRN,Global Oil Tanker Fleet,SAU,190,Use conventional military force,Conflict / Military,4,-8.3,1254,150,411,-4.29,IRN,Iran,27.0613,55.9446,84.2,CRITICAL,"['Energy', 'Shipping', 'Regional Economy']"
100248231,2026-09-13,20260913,CL-ME-02,Strait of Hormuz Strategic Energy Chokepoint Alerts,Middle East / Persian Gulf,Naval Security Patrols,IRN,Global Oil Tanker Fleet,SAU,190,Use conventional military force,Conflict / Military,4,-9.1,1353,94,459,-3.66,IRN,Iran,25.6604,56.6895,84.5,CRITICAL,"['Energy', 'Shipping', 'Regional Economy']"
100248232,2026-09-30,20260930,CL-ME-02,Strait of Hormuz Strategic Energy Chokepoint Alerts,Middle East / Persian Gulf,Naval Security Patrols,IRN,Global Oil Tanker Fleet,SAU,060,Sign commercial or trade agreement,Economic / Trade,2,-6.3,449,67,460,-5.59,IRN,Iran,25.9537,57.2848,72.1,HIGH,"['Energy', 'Shipping', 'Trade', 'Regional Economy']"
100248233,2026-09-29,20260929,CL-ME-02,Strait of Hormuz Strategic Energy Chokepoint Alerts,Middle East / Persian Gulf,Naval Security Patrols,IRN,Global Oil Tanker Fleet,SAU,194,Fight with artillery / rockets / missiles,Conflict / Military,4,-7.3,1006,39,551,-6.17,IRN,Iran,27.3832,56.7954,82.4,CRITICAL,"['Energy', 'Shipping', 'Regional Economy']"
100248234,2026-10-01,20261001,CL-EU-01,Eastern Europe & Black Sea Grain Corridor Strain,Eastern Europe,Armed Forces of Ukraine,UKR,Russian Armed Forces,RUS,194,Fight with artillery / rockets / missiles,Conflict / Military,4,-9.1,974,166,489,-5.71,UKR,Ukraine,47.5096,31.0778,87.4,CRITICAL,"['Energy', 'Commodities', 'Regional Economy']"
100248235,2026-09-14,20260914,CL-EU-01,Eastern Europe & Black Sea Grain Corridor Strain,Eastern Europe,Armed Forces of Ukraine,UKR,Russian Armed Forces,RUS,194,Fight with artillery / rockets / missiles,Conflict / Military,4,-9.4,1030,68,74,-8.71,UKR,Ukraine,47.2831,31.1579,90.9,CRITICAL,"['Energy', 'Commodities', 'Regional Economy']"
100248236,2026-10-02,20261002,CL-AP-01,Taiwan Strait & East Asian Semiconductor Supply Alert,Asia-Pacific,People’s Liberation Army (Navy/Air),CHN,Taiwan Defense Units,TWN,150,Demonstrate military / strategic force posture,Conflict / Military,4,-5.4,779,38,388,-4.14,TWN,Taiwan,24.2429,121.0354,75.4,CRITICAL,"['Energy', 'Shipping', 'Trade', 'Regional Economy']"
100248237,2026-09-06,20260906,CL-ME-02,Strait of Hormuz Strategic Energy Chokepoint Alerts,Middle East / Persian Gulf,Naval Security Patrols,IRN,Global Oil Tanker Fleet,SAU,190,Use conventional military force,Conflict / Military,4,-7.4,1100,179,306,-4.39,IRN,Iran,26.0952,55.8479,82.4,CRITICAL,"['Energy', 'Shipping', 'Regional Economy']"
100248238,2026-09-15,20260915,CL-AP-02,South China Sea Second Thomas Shoal Maritime Standoff,Asia-Pacific,China Coast Guard,CHN,Philippine Coast Guard & Resupply,PHL,193,Fight with small arms and light weapons,Conflict / Military,4,-5.6,69,27,215,-5.11,PHL,PHL,9.3972,116.075,73.0,HIGH,"['Energy', 'Shipping', 'Regional Economy']"
100248239,2026-09-13,20260913,CL-EU-01,Eastern Europe & Black Sea Grain Corridor Strain,Eastern Europe,Armed Forces of Ukraine,UKR,Russian Armed Forces,RUS,194,Fight with artillery / rockets / missiles,Conflict / Military,4,-9.4,453,19,222,-6.73,UKR,Ukraine,46.4464,30.0947,85.4,CRITICAL,"['Energy', 'Commodities', 'Regional Economy']"
100248240,2026-09-25,20260925,CL-ME-01,Red Sea Maritime Corridor Disruption,Middle East / Bab-el-Mandeb,Houthi Maritime Units,YEM,International Commercial Vessels,USA,196,Maritime military engagement / ship interdiction,Conflict / Military,4,-8.6,476,161,254,-5.33,YEM,Yemen,12.1184,44.5911,84.8,CRITICAL,"['Energy', 'Shipping', 'Regional Economy']"
100248241,2026-09-27,20260927,CL-AP-01,Taiwan Strait & East Asian Semiconductor Supply Alert,Asia-Pacific,People’s Liberation Army (Navy/Air),CHN,Taiwan Defense Units,TWN,193,Fight with small arms and light weapons,Conflict / Military,4,-4.6,858,55,29,-2.42,TWN,Taiwan,24.8418,121.587,72.1,HIGH,"['Energy', 'Shipping', 'Trade', 'Regional Economy']"
100248242,2026-09-14,20260914,CL-IN-01,India Northern Border Reconnaissance & Infrastructure Surveillance,South Asia,Indian Border Forces (ITBP/Army),IND,PLA Border Troops,CHN,040,Host diplomatic summit or high-level talks,Diplomatic,1,-2.2,305,94,87,-1.61,IND,India,33.1739,78.4805,56.6,HIGH,"['Shipping', 'Regional Economy']"
100248243,2026-09-09,20260909,CL-EU-01,Eastern Europe & Black Sea Grain Corridor Strain,Eastern Europe,Armed Forces of Ukraine,UKR,Russian Armed Forces,RUS,194,Fight with artillery / rockets / missiles,Conflict / Military,4,-9.6,784,3,42,-9.05,UKR,Ukraine,47.5906,30.916,87.3,CRITICAL,"['Energy', 'Commodities', 'Regional Economy']"
100248244,2026-09-14,20260914,CL-ME-01,Red Sea Maritime Corridor Disruption,Middle East / Bab-el-Mandeb,Houthi Maritime Units,YEM,International Commercial Vessels,USA,196,Maritime military engagement / ship interdiction,Conflict / Military,4,-9.3,170,135,614,-6.19,YEM,Yemen,12.3055,44.2571,85.6,CRITICAL,"['Energy', 'Shipping', 'Regional Economy']"
100248245,2026-09-17,20260917,CL-EU-01,Eastern Europe & Black Sea Grain Corridor Strain,Eastern Europe,Armed Forces of Ukraine,UKR,Russian Armed Forces,RUS,060,Sign commercial or trade agreement,Economic / Trade,2,-9.0,495,6,471,-7.58,UKR,Ukraine,46.4059,31.4502,77.3,CRITICAL,"['Trade', 'Commodities', 'Regional Economy']"
100248246,2026-09-06,20260906,CL-ME-01,Red Sea Maritime Corridor Disruption,Middle East / Bab-el-Mandeb,Houthi Maritime Units,YEM,International Commercial Vessels,USA,196,Maritime military engagement / ship interdiction,Conflict / Military,4,-8.2,1260,32,597,-7.09,YEM,Yemen,12.5336,44.3454,85.6,CRITICAL,"['Energy', 'Shipping', 'Regional Economy']"
100248247,2026-10-02,20261002,CL-AP-02,South China Sea Second Thomas Shoal Maritime Standoff,Asia-Pacific,China Coast Guard,CHN,Philippine Coast Guard & Resupply,PHL,196,Maritime military engagement / ship interdiction,Conflict / Military,4,-5.9,1026,146,435,-6.42,PHL,PHL,9.1521,115.6023,81.5,CRITICAL,"['Energy', 'Shipping', 'Regional Economy']"
100248248,2026-09-21,20260921,CL-EU-01,Eastern Europe & Black Sea Grain Corridor Strain,Eastern Europe,Armed Forces of Ukraine,UKR,Russian Armed Forces,RUS,194,Fight with artillery / rockets / missiles,Conflict / Military,4,-9.9,779,131,640,-6.79,UKR,Ukraine,46.5049,31.628,89.9,CRITICAL,"['Energy', 'Commodities', 'Regional Economy']"
100248249,2026-09-07,20260907,CL-EU-01,Eastern Europe & Black Sea Grain Corridor Strain,Eastern Europe,Armed Forces of Ukraine,UKR,Russian Armed Forces,RUS,194,Fight with artillery / rockets / missiles,Conflict / Military,4,-8.3,1335,49,10,-6.12,UKR,Ukraine,45.7307,30.2188,85.2,CRITICAL,"['Energy', 'Commodities', 'Regional Economy']"
100248250,2026-09-17,20260917,CL-IN-01,India Northern Border Reconnaissance & Infrastructure Surveillance,South Asia,Indian Border Forces (ITBP/Army),IND,PLA Border Troops,CHN,040,Host diplomatic summit or high-level talks,Diplomatic,1,-2.5,331,148,392,-4.13,IND,India,32.8865,76.7194,61.3,HIGH,"['Shipping', 'Regional Economy']"
100248251,2026-09-29,20260929,CL-ME-01,Red Sea Maritime Corridor Disruption,Middle East / Bab-el-Mandeb,Houthi Maritime Units,YEM,International Commercial Vessels,USA,193,Fight with small arms and light weapons,Conflict / Military,4,-7.6,266,44,175,-7.27,YEM,Yemen,13.7404,44.1752,82.7,CRITICAL,"['Energy', 'Shipping', 'Regional Economy']"
100248252,2026-09-14,20260914,CL-ME-02,Strait of Hormuz Strategic Energy Chokepoint Alerts,Middle East / Persian Gulf,Naval Security Patrols,IRN,Global Oil Tanker Fleet,SAU,196,Maritime military engagement / ship interdiction,Conflict / Military,4,-7.7,378,41,194,-5.93,IRN,Iran,27.2454,56.1947,81.6,CRITICAL,"['Energy', 'Shipping', 'Regional Economy']"
100248253,2026-09-06,20260906,CL-EU-01,Eastern Europe & Black Sea Grain Corridor Strain,Eastern Europe,Armed Forces of Ukraine,UKR,Russian Armed Forces,RUS,194,Fight with artillery / rockets / missiles,Conflict / Military,4,-9.3,270,147,240,-7.54,UKR,Ukraine,47.0571,31.9084,88.2,CRITICAL,"['Energy', 'Commodities', 'Regional Economy']"
100248254,2026-09-12,20260912,CL-AP-02,South China Sea Second Thomas Shoal Maritime Standoff,Asia-Pacific,China Coast Guard,CHN,Philippine Coast Guard & Resupply,PHL,196,Maritime military engagement / ship interdiction,Conflict / Military,4,-6.0,1033,14,330,-3.52,PHL,PHL,10.8049,116.1354,74.9,HIGH,"['Energy', 'Shipping', 'Regional Economy']"
100248255,2026-09-17,20260917,CL-ME-02,Strait of Hormuz Strategic Energy Chokepoint Alerts,Middle East / Persian Gulf,Naval Security Patrols,IRN,Global Oil Tanker Fleet,SAU,194,Fight with artillery / rockets / missiles,Conflict / Military,4,-7.4,1272,154,148,-5.92,IRN,Iran,26.6721,55.8492,84.4,CRITICAL,"['Energy', 'Shipping', 'Regional Economy']"
100248256,2026-09-24,20260924,CL-EU-01,Eastern Europe & Black Sea Grain Corridor Strain,Eastern Europe,Armed Forces of Ukraine,UKR,Russian Armed Forces,RUS,141,Demonstrate or conduct civil protest,Protest / Civil Unrest,3,-9.6,1077,180,36,-9.24,UKR,Ukraine,47.1993,31.2326,90.8,CRITICAL,"['Commodities', 'Regional Economy']"
100248257,2026-09-29,20260929,CL-ME-01,Red Sea Maritime Corridor Disruption,Middle East / Bab-el-Mandeb,Houthi Maritime Units,YEM,International Commercial Vessels,USA,196,Maritime military engagement / ship interdiction,Conflict / Military,4,-10.0,1213,12,568,-6.52,YEM,Yemen,12.7755,42.7498,87.3,CRITICAL,"['Energy', 'Shipping', 'Regional Economy']"
100248258,2026-09-23,20260923,CL-ME-01,Red Sea Maritime Corridor Disruption,Middle East / Bab-el-Mandeb,Houthi Maritime Units,YEM,International Commercial Vessels,USA,196,Maritime military engagement / ship interdiction,Conflict / Military,4,-7.9,1269,125,276,-5.81,YEM,Yemen,12.4535,43.2085,85.1,CRITICAL,"['Energy', 'Shipping', 'Regional Economy']"
100248259,2026-09-27,20260927,CL-ME-01,Red Sea Maritime Corridor Disruption,Middle East / Bab-el-Mandeb,Houthi Maritime Units,YEM,International Commercial Vessels,USA,196,Maritime military engagement / ship interdiction,Conflict / Military,4,-7.2,113,68,479,-6.26,YEM,Yemen,13.5878,44.3683,79.8,CRITICAL,"['Energy', 'Shipping', 'Regional Economy']"
100248260,2026-09-16,20260916,CL-ME-02,Strait of Hormuz Strategic Energy Chokepoint Alerts,Middle East / Persian Gulf,Naval Security Patrols,IRN,Global Oil Tanker Fleet,SAU,193,Fight with small arms and light weapons,Conflict / Military,4,-6.6,443,25,344,-3.82,IRN,Iran,27.2565,55.6196,76.1,CRITICAL,"['Energy', 'Shipping', 'Regional Economy']"
100248261,2026-09-12,20260912,CL-EU-01,Eastern Europe & Black Sea Grain Corridor Strain,Eastern Europe,Armed Forces of Ukraine,UKR,Russian Armed Forces,RUS,194,Fight with artillery / rockets / missiles,Conflict / Military,4,-9.3,923,116,599,-6.81,UKR,Ukraine,46.291,31.9833,88.7,CRITICAL,"['Energy', 'Commodities', 'Regional Economy']"
100248262,2026-09-08,20260908,CL-EU-01,Eastern Europe & Black Sea Grain Corridor Strain,Eastern Europe,Armed Forces of Ukraine,UKR,Russian Armed Forces,RUS,194,Fight with artillery / rockets / missiles,Conflict / Military,4,-8.9,640,109,232,-7.16,UKR,Ukraine,46.5548,30.6707,87.7,CRITICAL,"['Energy', 'Commodities', 'Regional Economy']"
100248263,2026-09-27,20260927,CL-IN-01,India Northern Border Reconnaissance & Infrastructure Surveillance,South Asia,Indian Border Forces (ITBP/Army),IND,PLA Border Troops,CHN,111,Formally condemn or disapprove action,Political,3,-3.8,1268,68,339,-1.75,IND,India,33.672,76.7362,67.9,HIGH,"['Shipping', 'Regional Economy']"
100248264,2026-09-30,20260930,CL-EU-01,Eastern Europe & Black Sea Grain Corridor Strain,Eastern Europe,Armed Forces of Ukraine,UKR,Russian Armed Forces,RUS,194,Fight with artillery / rockets / missiles,Conflict / Military,4,-10.0,55,115,124,-7.17,UKR,Ukraine,47.4954,30.8517,86.5,CRITICAL,"['Energy', 'Commodities', 'Regional Economy']"
100248265,2026-09-08,20260908,CL-ME-01,Red Sea Maritime Corridor Disruption,Middle East / Bab-el-Mandeb,Houthi Maritime Units,YEM,International Commercial Vessels,USA,196,Maritime military engagement / ship interdiction,Conflict / Military,4,-9.9,266,141,383,-5.8,YEM,Yemen,12.4137,42.3069,87.1,CRITICAL,"['Energy', 'Shipping', 'Regional Economy']"
100248266,2026-09-27,20260927,CL-ME-02,Strait of Hormuz Strategic Energy Chokepoint Alerts,Middle East / Persian Gulf,Naval Security Patrols,IRN,Global Oil Tanker Fleet,SAU,193,Fight with small arms and light weapons,Conflict / Military,4,-6.9,1396,61,29,-5.6,IRN,Iran,27.2503,56.0299,81.9,CRITICAL,"['Energy', 'Shipping', 'Regional Economy']"
100248267,2026-10-04,20261004,CL-AP-01,Taiwan Strait & East Asian Semiconductor Supply Alert,Asia-Pacific,People’s Liberation Army (Navy/Air),CHN,Taiwan Defense Units,TWN,150,Demonstrate military / strategic force posture,Conflict / Military,4,-4.8,103,131,396,-4.52,TWN,Taiwan,24.6267,120.5391,73.2,HIGH,"['Energy', 'Shipping', 'Trade', 'Regional Economy']"
100248268,2026-09-06,20260906,CL-AP-01,Taiwan Strait & East Asian Semiconductor Supply Alert,Asia-Pacific,People’s Liberation Army (Navy/Air),CHN,Taiwan Defense Units,TWN,194,Fight with artillery / rockets / missiles,Conflict / Military,4,-7.0,1385,56,226,-6.01,TWN,Taiwan,24.5646,119.8816,82.5,CRITICAL,"['Energy', 'Shipping', 'Trade', 'Regional Economy']"
100248269,2026-09-19,20260919,CL-ME-02,Strait of Hormuz Strategic Energy Chokepoint Alerts,Middle East / Persian Gulf,Naval Security Patrols,IRN,Global Oil Tanker Fleet,SAU,190,Use conventional military force,Conflict / Military,4,-7.0,1291,150,513,-4.19,IRN,Iran,25.6853,56.6234,81.3,CRITICAL,"['Energy', 'Shipping', 'Regional Economy']"
100248270,2026-10-01,20261001,CL-ME-01,Red Sea Maritime Corridor Disruption,Middle East / Bab-el-Mandeb,Houthi Maritime Units,YEM,International Commercial Vessels,USA,060,Sign commercial or trade agreement,Economic / Trade,2,-8.8,1045,49,284,-5.15,YEM,Yemen,13.7321,42.7584,77.6,CRITICAL,"['Energy', 'Shipping', 'Trade', 'Regional Economy']"
100248271,2026-09-04,20260904,CL-ME-02,Strait of Hormuz Strategic Energy Chokepoint Alerts,Middle East / Persian Gulf,Naval Security Patrols,IRN,Global Oil Tanker Fleet,SAU,141,Demonstrate or conduct civil protest,Protest / Civil Unrest,3,-8.3,897,110,323,-7.14,IRN,Iran,26.3991,56.1822,84.5,CRITICAL,"['Energy', 'Shipping', 'Regional Economy']"
100248272,2026-09-17,20260917,CL-ME-01,Red Sea Maritime Corridor Disruption,Middle East / Bab-el-Mandeb,Houthi Maritime Units,YEM,International Commercial Vessels,USA,020,Appeal to international community or UN,Diplomatic,1,-8.6,156,41,295,-5.62,YEM,Yemen,13.9018,42.6913,73.2,HIGH,"['Energy', 'Shipping', 'Regional Economy']"
100248273,2026-09-11,20260911,CL-ME-01,Red Sea Maritime Corridor Disruption,Middle East / Bab-el-Mandeb,Houthi Maritime Units,YEM,International Commercial Vessels,USA,196,Maritime military engagement / ship interdiction,Conflict / Military,4,-8.0,1096,75,391,-5.02,YEM,Yemen,12.8655,43.4736,83.4,CRITICAL,"['Energy', 'Shipping', 'Regional Economy']"
100248274,2026-09-19,20260919,CL-ME-01,Red Sea Maritime Corridor Disruption,Middle East / Bab-el-Mandeb,Houthi Maritime Units,YEM,International Commercial Vessels,USA,196,Maritime military engagement / ship interdiction,Conflict / Military,4,-7.0,347,116,268,-7.03,YEM,Yemen,13.6587,43.438,82.7,CRITICAL,"['Energy', 'Shipping', 'Regional Economy']"
100248275,2026-09-18,20260918,CL-EU-01,Eastern Europe & Black Sea Grain Corridor Strain,Eastern Europe,Armed Forces of Ukraine,UKR,Russian Armed Forces,RUS,194,Fight with artillery / rockets / missiles,Conflict / Military,4,-9.1,730,176,231,-5.66,UKR,Ukraine,45.5317,30.4955,87.0,CRITICAL,"['Energy', 'Commodities', 'Regional Economy']"
100248276,2026-09-22,20260922,CL-EU-01,Eastern Europe & Black Sea Grain Corridor Strain,Eastern Europe,Armed Forces of Ukraine,UKR,Russian Armed Forces,RUS,194,Fight with artillery / rockets / missiles,Conflict / Military,4,-9.4,703,161,647,-8.88,UKR,Ukraine,47.5125,31.5111,91.7,CRITICAL,"['Energy', 'Commodities', 'Regional Economy']"
100248277,2026-09-05,20260905,CL-EU-01,Eastern Europe & Black Sea Grain Corridor Strain,Eastern Europe,Armed Forces of Ukraine,UKR,Russian Armed Forces,RUS,194,Fight with artillery / rockets / missiles,Conflict / Military,4,-8.7,81,69,572,-8.16,UKR,Ukraine,46.9217,31.8113,84.9,CRITICAL,"['Energy', 'Commodities', 'Regional Economy']"
100248278,2026-09-07,20260907,CL-AP-01,Taiwan Strait & East Asian Semiconductor Supply Alert,Asia-Pacific,People’s Liberation Army (Navy/Air),CHN,Taiwan Defense Units,TWN,111,Formally condemn or disapprove action,Political,3,-4.4,269,104,435,-2.78,TWN,Taiwan,24.7247,121.2543,68.7,HIGH,"['Shipping', 'Trade', 'Regional Economy']"
100248279,2026-09-30,20260930,CL-ME-02,Strait of Hormuz Strategic Energy Chokepoint Alerts,Middle East / Persian Gulf,Naval Security Patrols,IRN,Global Oil Tanker Fleet,SAU,150,Demonstrate military / strategic force posture,Conflict / Military,4,-9.0,836,151,281,-5.55,IRN,Iran,25.6694,55.0949,86.7,CRITICAL,"['Energy', 'Shipping', 'Regional Economy']"
100248280,2026-09-20,20260920,CL-ME-01,Red Sea Maritime Corridor Disruption,Middle East / Bab-el-Mandeb,Houthi Maritime Units,YEM,International Commercial Vessels,USA,020,Appeal to international community or UN,Diplomatic,1,-7.6,931,112,337,-6.69,YEM,Yemen,12.8712,43.4188,76.5,CRITICAL,"['Energy', 'Shipping', 'Regional Economy']"
100248281,2026-09-07,20260907,CL-EU-01,Eastern Europe & Black Sea Grain Corridor Strain,Eastern Europe,Armed Forces of Ukraine,UKR,Russian Armed Forces,RUS,194,Fight with artillery / rockets / missiles,Conflict / Military,4,-8.2,700,48,248,-6.21,UKR,Ukraine,47.7,31.7781,84.1,CRITICAL,"['Energy', 'Commodities', 'Regional Economy']"
100248282,2026-09-13,20260913,CL-EU-01,Eastern Europe & Black Sea Grain Corridor Strain,Eastern Europe,Armed Forces of Ukraine,UKR,Russian Armed Forces,RUS,194,Fight with artillery / rockets / missiles,Conflict / Military,4,-9.1,180,155,393,-6.58,UKR,Ukraine,45.7574,29.9842,86.0,CRITICAL,"['Energy', 'Commodities', 'Regional Economy']"
100248283,2026-09-19,20260919,CL-ME-02,Strait of Hormuz Strategic Energy Chokepoint Alerts,Middle East / Persian Gulf,Naval Security Patrols,IRN,Global Oil Tanker Fleet,SAU,190,Use conventional military force,Conflict / Military,4,-8.0,321,106,568,-3.71,IRN,Iran,25.7972,55.173,80.3,CRITICAL,"['Energy', 'Shipping', 'Regional Economy']"
100248284,2026-09-20,20260920,CL-EU-01,Eastern Europe & Black Sea Grain Corridor Strain,Eastern Europe,Armed Forces of Ukraine,UKR,Russian Armed Forces,RUS,194,Fight with artillery / rockets / missiles,Conflict / Military,4,-9.5,775,110,631,-6.52,UKR,Ukraine,46.8323,31.8259,88.4,CRITICAL,"['Energy', 'Commodities', 'Regional Economy']"
100248285,2026-09-07,20260907,CL-AP-02,South China Sea Second Thomas Shoal Maritime Standoff,Asia-Pacific,China Coast Guard,CHN,Philippine Coast Guard & Resupply,PHL,196,Maritime military engagement / ship interdiction,Conflict / Military,4,-7.7,118,72,621,-3.29,PHL,PHL,9.4681,116.226,77.1,CRITICAL,"['Energy', 'Shipping', 'Regional Economy']"
100248286,2026-09-21,20260921,CL-ME-02,Strait of Hormuz Strategic Energy Chokepoint Alerts,Middle East / Persian Gulf,Naval Security Patrols,IRN,Global Oil Tanker Fleet,SAU,190,Use conventional military force,Conflict / Military,4,-7.6,486,98,465,-3.47,IRN,Iran,27.4077,55.066,79.6,CRITICAL,"['Energy', 'Shipping', 'Regional Economy']"
100248287,2026-09-25,20260925,CL-ME-02,Strait of Hormuz Strategic Energy Chokepoint Alerts,Middle East / Persian Gulf,Naval Security Patrols,IRN,Global Oil Tanker Fleet,SAU,190,Use conventional military force,Conflict / Military,4,-7.9,417,15,431,-6.26,IRN,Iran,26.3081,55.5253,81.2,CRITICAL,"['Energy', 'Shipping', 'Regional Economy']"
100248288,2026-09-24,20260924,CL-ME-02,Strait of Hormuz Strategic Energy Chokepoint Alerts,Middle East / Persian Gulf,Naval Security Patrols,IRN,Global Oil Tanker Fleet,SAU,193,Fight with small arms and light weapons,Conflict / Military,4,-7.1,996,45,529,-5.89,IRN,Iran,26.5295,56.9604,81.8,CRITICAL,"['Energy', 'Shipping', 'Regional Economy']"
100248289,2026-09-22,20260922,CL-EU-01,Eastern Europe & Black Sea Grain Corridor Strain,Eastern Europe,Armed Forces of Ukraine,UKR,Russian Armed Forces,RUS,111,Formally condemn or disapprove action,Political,3,-8.4,127,172,401,-5.54,UKR,Ukraine,46.4564,29.9227,80.3,CRITICAL,"['Commodities', 'Regional Economy']"
100248290,2026-10-02,20261002,CL-AP-02,South China Sea Second Thomas Shoal Maritime Standoff,Asia-Pacific,China Coast Guard,CHN,Philippine Coast Guard & Resupply,PHL,196,Maritime military engagement / ship interdiction,Conflict / Military,4,-7.3,585,51,85,-6.84,PHL,PHL,8.7742,116.1981,82.8,CRITICAL,"['Energy', 'Shipping', 'Regional Economy']"
100248291,2026-09-17,20260917,CL-AP-02,South China Sea Second Thomas Shoal Maritime Standoff,Asia-Pacific,China Coast Guard,CHN,Philippine Coast Guard & Resupply,PHL,196,Maritime military engagement / ship interdiction,Conflict / Military,4,-8.2,1114,113,525,-5.22,PHL,PHL,10.8169,114.6486,84.6,CRITICAL,"['Energy', 'Shipping', 'Regional Economy']"
100248292,2026-09-16,20260916,CL-ME-02,Strait of Hormuz Strategic Energy Chokepoint Alerts,Middle East / Persian Gulf,Naval Security Patrols,IRN,Global Oil Tanker Fleet,SAU,190,Use conventional military force,Conflict / Military,4,-6.9,1338,104,561,-7.04,IRN,Iran,27.3561,56.3469,84.4,CRITICAL,"['Energy', 'Shipping', 'Regional Economy']"
100248293,2026-09-23,20260923,CL-AP-01,Taiwan Strait & East Asian Semiconductor Supply Alert,Asia-Pacific,People’s Liberation Army (Navy/Air),CHN,Taiwan Defense Units,TWN,020,Appeal to international community or UN,Diplomatic,1,-4.7,602,15,417,-5.2,TWN,Taiwan,23.321,121.8117,65.2,HIGH,"['Shipping', 'Trade', 'Regional Economy']"
100248294,2026-09-06,20260906,CL-ME-01,Red Sea Maritime Corridor Disruption,Middle East / Bab-el-Mandeb,Houthi Maritime Units,YEM,International Commercial Vessels,USA,193,Fight with small arms and light weapons,Conflict / Military,4,-9.2,1097,84,611,-5.57,YEM,Yemen,14.0347,42.9604,86.8,CRITICAL,"['Energy', 'Shipping', 'Regional Economy']"
100248295,2026-09-22,20260922,CL-ME-01,Red Sea Maritime Corridor Disruption,Middle East / Bab-el-Mandeb,Houthi Maritime Units,YEM,International Commercial Vessels,USA,196,Maritime military engagement / ship interdiction,Conflict / Military,4,-9.0,1377,8,613,-6.1,YEM,Yemen,14.1368,43.4075,84.3,CRITICAL,"['Energy', 'Shipping', 'Regional Economy']"
100248296,2026-09-18,20260918,CL-ME-02,Strait of Hormuz Strategic Energy Chokepoint Alerts,Middle East / Persian Gulf,Naval Security Patrols,IRN,Global Oil Tanker Fleet,SAU,196,Maritime military engagement / ship interdiction,Conflict / Military,4,-6.7,377,177,350,-6.51,IRN,Iran,26.5461,57.1949,82.1,CRITICAL,"['Energy', 'Shipping', 'Regional Economy']"
100248297,2026-09-27,20260927,CL-ME-01,Red Sea Maritime Corridor Disruption,Middle East / Bab-el-Mandeb,Houthi Maritime Units,YEM,International Commercial Vessels,USA,196,Maritime military engagement / ship interdiction,Conflict / Military,4,-9.7,1235,23,59,-7.89,YEM,Yemen,13.2364,43.8997,89.3,CRITICAL,"['Energy', 'Shipping', 'Regional Economy']"
100248298,2026-09-20,20260920,CL-AP-01,Taiwan Strait & East Asian Semiconductor Supply Alert,Asia-Pacific,People’s Liberation Army (Navy/Air),CHN,Taiwan Defense Units,TWN,193,Fight with small arms and light weapons,Conflict / Military,4,-6.7,402,150,141,-4.91,TWN,Taiwan,23.0461,120.3865,79.9,CRITICAL,"['Energy', 'Shipping', 'Trade', 'Regional Economy']"
100248299,2026-09-07,20260907,CL-AP-02,South China Sea Second Thomas Shoal Maritime Standoff,Asia-Pacific,China Coast Guard,CHN,Philippine Coast Guard & Resupply,PHL,196,Maritime military engagement / ship interdiction,Conflict / Military,4,-5.4,658,47,389,-3.9,PHL,PHL,9.8438,114.9773,75.1,CRITICAL,"['Energy', 'Shipping', 'Regional Economy']"
100248300,2026-10-04,20261004,CL-ME-02,Strait of Hormuz Strategic Energy Chokepoint Alerts,Middle East / Persian Gulf,Naval Security Patrols,IRN,Global Oil Tanker Fleet,SAU,190,Use conventional military force,Conflict / Military,4,-6.3,210,20,603,-4.45,IRN,Iran,26.1697,56.5016,74.9,HIGH,"['Energy', 'Shipping', 'Regional Economy']"
100248301,2026-09-18,20260918,CL-AP-02,South China Sea Second Thomas Shoal Maritime Standoff,Asia-Pacific,China Coast Guard,CHN,Philippine Coast Guard & Resupply,PHL,196,Maritime military engagement / ship interdiction,Conflict / Military,4,-5.3,1041,133,636,-3.41,PHL,PHL,9.5572,115.1659,76.3,CRITICAL,"['Energy', 'Shipping', 'Regional Economy']"
100248302,2026-09-18,20260918,CL-AP-01,Taiwan Strait & East Asian Semiconductor Supply Alert,Asia-Pacific,People’s Liberation Army (Navy/Air),CHN,Taiwan Defense Units,TWN,150,Demonstrate military / strategic force posture,Conflict / Military,4,-5.7,682,74,342,-3.07,TWN,Taiwan,24.7332,120.4554,75.3,CRITICAL,"['Energy', 'Shipping', 'Trade', 'Regional Economy']"
100248303,2026-09-18,20260918,CL-EU-01,Eastern Europe & Black Sea Grain Corridor Strain,Eastern Europe,Armed Forces of Ukraine,UKR,Russian Armed Forces,RUS,194,Fight with artillery / rockets / missiles,Conflict / Military,4,-9.7,1332,47,515,-8.62,UKR,Ukraine,46.3648,30.6233,91.3,CRITICAL,"['Energy', 'Commodities', 'Regional Economy']"
100248304,2026-09-21,20260921,CL-ME-02,Strait of Hormuz Strategic Energy Chokepoint Alerts,Middle East / Persian Gulf,Naval Security Patrols,IRN,Global Oil Tanker Fleet,SAU,194,Fight with artillery / rockets / missiles,Conflict / Military,4,-8.0,836,122,433,-3.74,IRN,Iran,26.9781,55.0376,81.9,CRITICAL,"['Energy', 'Shipping', 'Regional Economy']"
100248305,2026-09-05,20260905,CL-ME-02,Strait of Hormuz Strategic Energy Chokepoint Alerts,Middle East / Persian Gulf,Naval Security Patrols,IRN,Global Oil Tanker Fleet,SAU,190,Use conventional military force,Conflict / Military,4,-6.6,410,120,556,-5.19,IRN,Iran,25.7139,56.8533,79.8,CRITICAL,"['Energy', 'Shipping', 'Regional Economy']"
100248306,2026-09-12,20260912,CL-EU-01,Eastern Europe & Black Sea Grain Corridor Strain,Eastern Europe,Armed Forces of Ukraine,UKR,Russian Armed Forces,RUS,194,Fight with artillery / rockets / missiles,Conflict / Military,4,-10.0,1194,18,181,-6.18,UKR,Ukraine,45.4679,31.8915,87.4,CRITICAL,"['Energy', 'Commodities', 'Regional Economy']"
100248307,2026-10-01,20261001,CL-AP-02,South China Sea Second Thomas Shoal Maritime Standoff,Asia-Pacific,China Coast Guard,CHN,Philippine Coast Guard & Resupply,PHL,196,Maritime military engagement / ship interdiction,Conflict / Military,4,-8.1,1175,102,100,-7.0,PHL,PHL,9.908,115.9563,86.7,CRITICAL,"['Energy', 'Shipping', 'Regional Economy']"
100248308,2026-09-04,20260904,CL-AP-01,Taiwan Strait & East Asian Semiconductor Supply Alert,Asia-Pacific,People’s Liberation Army (Navy/Air),CHN,Taiwan Defense Units,TWN,150,Demonstrate military / strategic force posture,Conflict / Military,4,-6.8,1118,50,99,-4.55,TWN,Taiwan,24.3867,120.3251,79.7,CRITICAL,"['Energy', 'Shipping', 'Trade', 'Regional Economy']"
100248309,2026-09-19,20260919,CL-AP-01,Taiwan Strait & East Asian Semiconductor Supply Alert,Asia-Pacific,People’s Liberation Army (Navy/Air),CHN,Taiwan Defense Units,TWN,040,Host diplomatic summit or high-level talks,Diplomatic,1,-6.5,191,63,633,-5.82,TWN,Taiwan,24.1521,119.8888,69.9,HIGH,"['Shipping', 'Trade', 'Regional Economy']"
100248310,2026-09-24,20260924,CL-ME-02,Strait of Hormuz Strategic Energy Chokepoint Alerts,Middle East / Persian Gulf,Naval Security Patrols,IRN,Global Oil Tanker Fleet,SAU,190,Use conventional military force,Conflict / Military,4,-9.1,1190,60,633,-5.03,IRN,Iran,26.8216,57.2283,85.5,CRITICAL,"['Energy', 'Shipping', 'Regional Economy']"
100248311,2026-09-22,20260922,CL-EU-01,Eastern Europe & Black Sea Grain Corridor Strain,Eastern Europe,Armed Forces of Ukraine,UKR,Russian Armed Forces,RUS,190,Use conventional military force,Conflict / Military,4,-8.1,1171,119,377,-8.18,UKR,Ukraine,46.3956,30.8893,88.4,CRITICAL,"['Energy', 'Commodities', 'Regional Economy']"
100248312,2026-09-29,20260929,CL-ME-02,Strait of Hormuz Strategic Energy Chokepoint Alerts,Middle East / Persian Gulf,Naval Security Patrols,IRN,Global Oil Tanker Fleet,SAU,190,Use conventional military force,Conflict / Military,4,-8.5,378,9,408,-6.13,IRN,Iran,27.6217,56.8866,81.5,CRITICAL,"['Energy', 'Shipping', 'Regional Economy']"
100248313,2026-09-30,20260930,CL-ME-01,Red Sea Maritime Corridor Disruption,Middle East / Bab-el-Mandeb,Houthi Maritime Units,YEM,International Commercial Vessels,USA,196,Maritime military engagement / ship interdiction,Conflict / Military,4,-9.6,216,176,557,-7.54,YEM,Yemen,12.1752,43.955,88.7,CRITICAL,"['Energy', 'Shipping', 'Regional Economy']"
100248314,2026-09-19,20260919,CL-EU-01,Eastern Europe & Black Sea Grain Corridor Strain,Eastern Europe,Armed Forces of Ukraine,UKR,Russian Armed Forces,RUS,194,Fight with artillery / rockets / missiles,Conflict / Military,4,-9.4,892,75,283,-8.96,UKR,Ukraine,46.2366,31.0354,91.1,CRITICAL,"['Energy', 'Commodities', 'Regional Economy']"
100248315,2026-10-04,20261004,CL-AP-01,Taiwan Strait & East Asian Semiconductor Supply Alert,Asia-Pacific,People’s Liberation Army (Navy/Air),CHN,Taiwan Defense Units,TWN,150,Demonstrate military / strategic force posture,Conflict / Military,4,-5.9,579,140,240,-3.77,TWN,Taiwan,24.3769,121.2314,77.2,CRITICAL,"['Energy', 'Shipping', 'Trade', 'Regional Economy']"
100248316,2026-09-29,20260929,CL-IN-01,India Northern Border Reconnaissance & Infrastructure Surveillance,South Asia,Indian Border Forces (ITBP/Army),IND,PLA Border Troops,CHN,193,Fight with small arms and light weapons,Conflict / Military,4,-1.9,1311,95,650,-0.79,IND,India,33.0749,78.0448,65.6,HIGH,"['Energy', 'Shipping', 'Regional Economy']"
100248317,2026-09-13,20260913,CL-ME-01,Red Sea Maritime Corridor Disruption,Middle East / Bab-el-Mandeb,Houthi Maritime Units,YEM,International Commercial Vessels,USA,196,Maritime military engagement / ship interdiction,Conflict / Military,4,-8.9,1247,29,152,-5.51,YEM,Yemen,12.1685,42.5644,84.9,CRITICAL,"['Energy', 'Shipping', 'Regional Economy']"
100248318,2026-10-04,20261004,CL-ME-01,Red Sea Maritime Corridor Disruption,Middle East / Bab-el-Mandeb,Houthi Maritime Units,YEM,International Commercial Vessels,USA,196,Maritime military engagement / ship interdiction,Conflict / Military,4,-9.2,380,114,577,-7.76,YEM,Yemen,13.7593,44.1088,88.4,CRITICAL,"['Energy', 'Shipping', 'Regional Economy']"
100248319,2026-09-19,20260919,CL-AP-02,South China Sea Second Thomas Shoal Maritime Standoff,Asia-Pacific,China Coast Guard,CHN,Philippine Coast Guard & Resupply,PHL,196,Maritime military engagement / ship interdiction,Conflict / Military,4,-6.1,424,18,563,-5.96,PHL,PHL,9.0069,116.4593,77.3,CRITICAL,"['Energy', 'Shipping', 'Regional Economy']"
100248320,2026-10-03,20261003,CL-EU-01,Eastern Europe & Black Sea Grain Corridor Strain,Eastern Europe,Armed Forces of Ukraine,UKR,Russian Armed Forces,RUS,194,Fight with artillery / rockets / missiles,Conflict / Military,4,-10.0,727,139,309,-7.21,UKR,Ukraine,45.5974,32.0194,90.6,CRITICAL,"['Energy', 'Commodities', 'Regional Economy']"
100248321,2026-09-25,20260925,CL-ME-02,Strait of Hormuz Strategic Energy Chokepoint Alerts,Middle East / Persian Gulf,Naval Security Patrols,IRN,Global Oil Tanker Fleet,SAU,194,Fight with artillery / rockets / missiles,Conflict / Military,4,-8.1,802,174,228,-4.31,IRN,Iran,26.7436,57.1231,83.3,CRITICAL,"['Energy', 'Shipping', 'Regional Economy']"
100248322,2026-09-26,20260926,CL-EU-01,Eastern Europe & Black Sea Grain Corridor Strain,Eastern Europe,Armed Forces of Ukraine,UKR,Russian Armed Forces,RUS,193,Fight with small arms and light weapons,Conflict / Military,4,-10.0,375,11,538,-8.14,UKR,Ukraine,47.0363,30.2406,87.5,CRITICAL,"['Energy', 'Commodities', 'Regional Economy']"
100248323,2026-09-27,20260927,CL-ME-01,Red Sea Maritime Corridor Disruption,Middle East / Bab-el-Mandeb,Houthi Maritime Units,YEM,International Commercial Vessels,USA,196,Maritime military engagement / ship interdiction,Conflict / Military,4,-8.3,110,54,247,-5.67,YEM,Yemen,13.7394,44.3595,81.0,CRITICAL,"['Energy', 'Shipping', 'Regional Economy']"
100248324,2026-09-10,20260910,CL-EU-01,Eastern Europe & Black Sea Grain Corridor Strain,Eastern Europe,Armed Forces of Ukraine,UKR,Russian Armed Forces,RUS,194,Fight with artillery / rockets / missiles,Conflict / Military,4,-9.3,1388,65,158,-8.76,UKR,Ukraine,46.5625,30.9077,91.1,CRITICAL,"['Energy', 'Commodities', 'Regional Economy']"
100248325,2026-09-24,20260924,CL-EU-01,Eastern Europe & Black Sea Grain Corridor Strain,Eastern Europe,Armed Forces of Ukraine,UKR,Russian Armed Forces,RUS,194,Fight with artillery / rockets / missiles,Conflict / Military,4,-7.8,34,144,320,-6.11,UKR,Ukraine,47.2107,32.1176,80.0,CRITICAL,"['Energy', 'Commodities', 'Regional Economy']"
100248326,2026-09-10,20260910,CL-ME-02,Strait of Hormuz Strategic Energy Chokepoint Alerts,Middle East / Persian Gulf,Naval Security Patrols,IRN,Global Oil Tanker Fleet,SAU,150,Demonstrate military / strategic force posture,Conflict / Military,4,-8.9,537,157,51,-7.38,IRN,Iran,25.5175,55.783,88.2,CRITICAL,"['Energy', 'Shipping', 'Regional Economy']"
100248327,2026-09-16,20260916,CL-ME-01,Red Sea Maritime Corridor Disruption,Middle East / Bab-el-Mandeb,Houthi Maritime Units,YEM,International Commercial Vessels,USA,196,Maritime military engagement / ship interdiction,Conflict / Military,4,-10.0,1333,100,400,-7.32,YEM,Yemen,12.5599,43.5498,91.2,CRITICAL,"['Energy', 'Shipping', 'Regional Economy']"
100248328,2026-09-26,20260926,CL-EU-01,Eastern Europe & Black Sea Grain Corridor Strain,Eastern Europe,Armed Forces of Ukraine,UKR,Russian Armed Forces,RUS,194,Fight with artillery / rockets / missiles,Conflict / Military,4,-9.4,653,110,453,-9.32,UKR,Ukraine,47.048,31.624,91.6,CRITICAL,"['Energy', 'Commodities', 'Regional Economy']"
100248329,2026-09-30,20260930,CL-ME-02,Strait of Hormuz Strategic Energy Chokepoint Alerts,Middle East / Persian Gulf,Naval Security Patrols,IRN,Global Oil Tanker Fleet,SAU,190,Use conventional military force,Conflict / Military,4,-6.5,897,74,238,-3.64,IRN,Iran,26.87,55.9856,78.1,CRITICAL,"['Energy', 'Shipping', 'Regional Economy']"
100248330,2026-09-13,20260913,CL-ME-01,Red Sea Maritime Corridor Disruption,Middle East / Bab-el-Mandeb,Houthi Maritime Units,YEM,International Commercial Vessels,USA,196,Maritime military engagement / ship interdiction,Conflict / Military,4,-9.5,60,99,392,-6.45,YEM,Yemen,12.6607,42.534,84.4,CRITICAL,"['Energy', 'Shipping', 'Regional Economy']"
100248331,2026-09-12,20260912,CL-AP-02,South China Sea Second Thomas Shoal Maritime Standoff,Asia-Pacific,China Coast Guard,CHN,Philippine Coast Guard & Resupply,PHL,196,Maritime military engagement / ship interdiction,Conflict / Military,4,-5.5,921,103,522,-4.37,PHL,PHL,10.1226,116.9686,77.4,CRITICAL,"['Energy', 'Shipping', 'Regional Economy']"
100248332,2026-09-10,20260910,CL-ME-02,Strait of Hormuz Strategic Energy Chokepoint Alerts,Middle East / Persian Gulf,Naval Security Patrols,IRN,Global Oil Tanker Fleet,SAU,040,Host diplomatic summit or high-level talks,Diplomatic,1,-6.4,412,78,23,-3.41,IRN,Iran,26.1703,55.6164,68.0,HIGH,"['Energy', 'Shipping', 'Regional Economy']"
100248333,2026-09-04,20260904,CL-ME-01,Red Sea Maritime Corridor Disruption,Middle East / Bab-el-Mandeb,Houthi Maritime Units,YEM,International Commercial Vessels,USA,196,Maritime military engagement / ship interdiction,Conflict / Military,4,-9.0,1265,150,56,-7.91,YEM,Yemen,13.7137,43.0975,90.3,CRITICAL,"['Energy', 'Shipping', 'Regional Economy']"
100248334,2026-09-23,20260923,CL-EU-01,Eastern Europe & Black Sea Grain Corridor Strain,Eastern Europe,Armed Forces of Ukraine,UKR,Russian Armed Forces,RUS,190,Use conventional military force,Conflict / Military,4,-10.0,1125,66,26,-6.07,UKR,Ukraine,45.674,30.35,88.8,CRITICAL,"['Energy', 'Commodities', 'Regional Economy']"
100248335,2026-09-15,20260915,CL-EU-01,Eastern Europe & Black Sea Grain Corridor Strain,Eastern Europe,Armed Forces of Ukraine,UKR,Russian Armed Forces,RUS,111,Formally condemn or disapprove action,Political,3,-8.4,1277,120,214,-7.34,UKR,Ukraine,45.7656,31.5367,85.6,CRITICAL,"['Commodities', 'Regional Economy']"
100248336,2026-09-12,20260912,CL-AP-01,Taiwan Strait & East Asian Semiconductor Supply Alert,Asia-Pacific,People’s Liberation Army (Navy/Air),CHN,Taiwan Defense Units,TWN,150,Demonstrate military / strategic force posture,Conflict / Military,4,-5.7,514,180,175,-4.64,TWN,Taiwan,24.4874,120.7253,78.1,CRITICAL,"['Energy', 'Shipping', 'Trade', 'Regional Economy']"
100248337,2026-10-04,20261004,CL-EU-01,Eastern Europe & Black Sea Grain Corridor Strain,Eastern Europe,Armed Forces of Ukraine,UKR,Russian Armed Forces,RUS,194,Fight with artillery / rockets / missiles,Conflict / Military,4,-8.4,382,18,12,-5.8,UKR,Ukraine,46.2713,31.0863,81.8,CRITICAL,"['Energy', 'Commodities', 'Regional Economy']"
100248338,2026-09-12,20260912,CL-AP-01,Taiwan Strait & East Asian Semiconductor Supply Alert,Asia-Pacific,People’s Liberation Army (Navy/Air),CHN,Taiwan Defense Units,TWN,150,Demonstrate military / strategic force posture,Conflict / Military,4,-7.0,977,111,287,-2.98,TWN,Taiwan,24.8462,121.437,79.0,CRITICAL,"['Energy', 'Shipping', 'Trade', 'Regional Economy']"
100248339,2026-09-30,20260930,CL-AP-02,South China Sea Second Thomas Shoal Maritime Standoff,Asia-Pacific,China Coast Guard,CHN,Philippine Coast Guard & Resupply,PHL,194,Fight with artillery / rockets / missiles,Conflict / Military,4,-7.4,1349,41,361,-4.43,PHL,PHL,9.9353,116.5559,80.9,CRITICAL,"['Energy', 'Shipping', 'Regional Economy']"
100248340,2026-09-22,20260922,CL-ME-01,Red Sea Maritime Corridor Disruption,Middle East / Bab-el-Mandeb,Houthi Maritime Units,YEM,International Commercial Vessels,USA,196,Maritime military engagement / ship interdiction,Conflict / Military,4,-7.2,343,175,399,-8.48,YEM,Yemen,12.0073,44.3694,85.6,CRITICAL,"['Energy', 'Shipping', 'Regional Economy']"
100248341,2026-09-10,20260910,CL-ME-02,Strait of Hormuz Strategic Energy Chokepoint Alerts,Middle East / Persian Gulf,Naval Security Patrols,IRN,Global Oil Tanker Fleet,SAU,141,Demonstrate or conduct civil protest,Protest / Civil Unrest,3,-6.9,534,94,115,-5.02,IRN,Iran,27.4404,56.9006,77.8,CRITICAL,"['Energy', 'Shipping', 'Regional Economy']"
100248342,2026-09-25,20260925,CL-AP-01,Taiwan Strait & East Asian Semiconductor Supply Alert,Asia-Pacific,People’s Liberation Army (Navy/Air),CHN,Taiwan Defense Units,TWN,150,Demonstrate military / strategic force posture,Conflict / Military,4,-6.1,18,109,338,-5.45,TWN,Taiwan,24.4876,120.2932,74.3,HIGH,"['Energy', 'Shipping', 'Trade', 'Regional Economy']"
100248343,2026-09-11,20260911,CL-EU-01,Eastern Europe & Black Sea Grain Corridor Strain,Eastern Europe,Armed Forces of Ukraine,UKR,Russian Armed Forces,RUS,141,Demonstrate or conduct civil protest,Protest / Civil Unrest,3,-7.9,1181,96,426,-5.95,UKR,Ukraine,46.0697,31.955,82.3,CRITICAL,"['Commodities', 'Regional Economy']"
100248344,2026-09-24,20260924,CL-ME-01,Red Sea Maritime Corridor Disruption,Middle East / Bab-el-Mandeb,Houthi Maritime Units,YEM,International Commercial Vessels,USA,141,Demonstrate or conduct civil protest,Protest / Civil Unrest,3,-8.6,1267,104,48,-7.59,YEM,Yemen,13.089,42.5584,86.1,CRITICAL,"['Energy', 'Shipping', 'Regional Economy']"
100248345,2026-09-13,20260913,CL-ME-02,Strait of Hormuz Strategic Energy Chokepoint Alerts,Middle East / Persian Gulf,Naval Security Patrols,IRN,Global Oil Tanker Fleet,SAU,196,Maritime military engagement / ship interdiction,Conflict / Military,4,-8.7,764,94,453,-6.88,IRN,Iran,25.671,56.5055,87.0,CRITICAL,"['Energy', 'Shipping', 'Regional Economy']"
100248346,2026-09-11,20260911,CL-IN-01,India Northern Border Reconnaissance & Infrastructure Surveillance,South Asia,Indian Border Forces (ITBP/Army),IND,PLA Border Troops,CHN,040,Host diplomatic summit or high-level talks,Diplomatic,1,-2.3,1295,99,473,-3.59,IND,India,34.0707,76.5448,61.6,HIGH,"['Shipping', 'Regional Economy']"
100248347,2026-09-13,20260913,CL-ME-01,Red Sea Maritime Corridor Disruption,Middle East / Bab-el-Mandeb,Houthi Maritime Units,YEM,International Commercial Vessels,USA,111,Formally condemn or disapprove action,Political,3,-9.2,806,106,440,-7.83,YEM,Yemen,12.6234,43.3088,87.0,CRITICAL,"['Energy', 'Shipping', 'Regional Economy']"
100248348,2026-09-27,20260927,CL-ME-02,Strait of Hormuz Strategic Energy Chokepoint Alerts,Middle East / Persian Gulf,Naval Security Patrols,IRN,Global Oil Tanker Fleet,SAU,190,Use conventional military force,Conflict / Military,4,-7.6,1177,72,68,-7.13,IRN,Iran,27.4896,56.3408,85.3,CRITICAL,"['Energy', 'Shipping', 'Regional Economy']"
100248349,2026-09-05,20260905,CL-ME-01,Red Sea Maritime Corridor Disruption,Middle East / Bab-el-Mandeb,Houthi Maritime Units,YEM,International Commercial Vessels,USA,196,Maritime military engagement / ship interdiction,Conflict / Military,4,-9.4,1375,177,465,-8.13,YEM,Yemen,13.2011,43.1052,91.8,CRITICAL,"['Energy', 'Shipping', 'Regional Economy']"
100248350,2026-09-22,20260922,CL-ME-02,Strait of Hormuz Strategic Energy Chokepoint Alerts,Middle East / Persian Gulf,Naval Security Patrols,IRN,Global Oil Tanker Fleet,SAU,060,Sign commercial or trade agreement,Economic / Trade,2,-6.3,14,141,171,-3.55,IRN,Iran,26.9549,57.3811,65.2,HIGH,"['Energy', 'Shipping', 'Trade', 'Regional Economy']"
100248351,2026-09-22,20260922,CL-ME-01,Red Sea Maritime Corridor Disruption,Middle East / Bab-el-Mandeb,Houthi Maritime Units,YEM,International Commercial Vessels,USA,196,Maritime military engagement / ship interdiction,Conflict / Military,4,-9.4,1302,90,248,-7.61,YEM,Yemen,12.3621,43.0994,90.2,CRITICAL,"['Energy', 'Shipping', 'Regional Economy']"
100248352,2026-09-17,20260917,CL-ME-01,Red Sea Maritime Corridor Disruption,Middle East / Bab-el-Mandeb,Houthi Maritime Units,YEM,International Commercial Vessels,USA,196,Maritime military engagement / ship interdiction,Conflict / Military,4,-7.0,1174,18,82,-4.89,YEM,Yemen,12.6733,42.6318,79.3,CRITICAL,"['Energy', 'Shipping', 'Regional Economy']"
100248353,2026-10-01,20261001,CL-EU-01,Eastern Europe & Black Sea Grain Corridor Strain,Eastern Europe,Armed Forces of Ukraine,UKR,Russian Armed Forces,RUS,194,Fight with artillery / rockets / missiles,Conflict / Military,4,-9.6,863,25,518,-6.49,UKR,Ukraine,47.5321,29.9994,86.9,CRITICAL,"['Energy', 'Commodities', 'Regional Economy']"
100248354,2026-09-13,20260913,CL-ME-02,Strait of Hormuz Strategic Energy Chokepoint Alerts,Middle East / Persian Gulf,Naval Security Patrols,IRN,Global Oil Tanker Fleet,SAU,190,Use conventional military force,Conflict / Military,4,-8.1,1131,5,454,-7.39,IRN,Iran,27.1559,55.4794,83.2,CRITICAL,"['Energy', 'Shipping', 'Regional Economy']"
100248355,2026-10-03,20261003,CL-AP-02,South China Sea Second Thomas Shoal Maritime Standoff,Asia-Pacific,China Coast Guard,CHN,Philippine Coast Guard & Resupply,PHL,196,Maritime military engagement / ship interdiction,Conflict / Military,4,-5.4,1126,119,148,-3.26,PHL,PHL,10.2421,116.3484,76.3,CRITICAL,"['Energy', 'Shipping', 'Regional Economy']"
100248356,2026-09-07,20260907,CL-ME-02,Strait of Hormuz Strategic Energy Chokepoint Alerts,Middle East / Persian Gulf,Naval Security Patrols,IRN,Global Oil Tanker Fleet,SAU,190,Use conventional military force,Conflict / Military,4,-8.0,868,9,210,-4.38,IRN,Iran,26.8384,56.6144,79.4,CRITICAL,"['Energy', 'Shipping', 'Regional Economy']"
100248357,2026-09-27,20260927,CL-EU-01,Eastern Europe & Black Sea Grain Corridor Strain,Eastern Europe,Armed Forces of Ukraine,UKR,Russian Armed Forces,RUS,194,Fight with artillery / rockets / missiles,Conflict / Military,4,-9.1,1351,15,376,-6.63,UKR,Ukraine,46.3178,31.5266,86.0,CRITICAL,"['Energy', 'Commodities', 'Regional Economy']"
100248358,2026-10-02,20261002,CL-EU-01,Eastern Europe & Black Sea Grain Corridor Strain,Eastern Europe,Armed Forces of Ukraine,UKR,Russian Armed Forces,RUS,194,Fight with artillery / rockets / missiles,Conflict / Military,4,-9.3,47,111,175,-8.89,UKR,Ukraine,45.8332,29.9854,86.9,CRITICAL,"['Energy', 'Commodities', 'Regional Economy']"
100248359,2026-10-04,20261004,CL-EU-01,Eastern Europe & Black Sea Grain Corridor Strain,Eastern Europe,Armed Forces of Ukraine,UKR,Russian Armed Forces,RUS,194,Fight with artillery / rockets / missiles,Conflict / Military,4,-8.0,280,49,36,-6.24,UKR,Ukraine,45.6392,29.8813,82.4,CRITICAL,"['Energy', 'Commodities', 'Regional Economy']"
100248360,2026-09-28,20260928,CL-ME-02,Strait of Hormuz Strategic Energy Chokepoint Alerts,Middle East / Persian Gulf,Naval Security Patrols,IRN,Global Oil Tanker Fleet,SAU,190,Use conventional military force,Conflict / Military,4,-7.9,59,150,185,-6.3,IRN,Iran,27.1706,57.2193,81.4,CRITICAL,"['Energy', 'Shipping', 'Regional Economy']"
100248361,2026-09-20,20260920,CL-AP-02,South China Sea Second Thomas Shoal Maritime Standoff,Asia-Pacific,China Coast Guard,CHN,Philippine Coast Guard & Resupply,PHL,196,Maritime military engagement / ship interdiction,Conflict / Military,4,-5.4,744,25,562,-4.36,PHL,PHL,8.7104,114.7943,75.0,CRITICAL,"['Energy', 'Shipping', 'Regional Economy']"
100248362,2026-09-08,20260908,CL-EU-01,Eastern Europe & Black Sea Grain Corridor Strain,Eastern Europe,Armed Forces of Ukraine,UKR,Russian Armed Forces,RUS,194,Fight with artillery / rockets / missiles,Conflict / Military,4,-9.4,1162,3,490,-6.39,UKR,Ukraine,45.6603,30.8007,84.0,CRITICAL,"['Energy', 'Commodities', 'Regional Economy']"
100248363,2026-09-23,20260923,CL-ME-01,Red Sea Maritime Corridor Disruption,Middle East / Bab-el-Mandeb,Houthi Maritime Units,YEM,International Commercial Vessels,USA,196,Maritime military engagement / ship interdiction,Conflict / Military,4,-7.9,257,141,573,-7.45,YEM,Yemen,12.1409,44.3339,85.0,CRITICAL,"['Energy', 'Shipping', 'Regional Economy']"
100248364,2026-09-12,20260912,CL-IN-01,India Northern Border Reconnaissance & Infrastructure Surveillance,South Asia,Indian Border Forces (ITBP/Army),IND,PLA Border Troops,CHN,150,Demonstrate military / strategic force posture,Conflict / Military,4,-2.5,512,130,160,-2.64,IND,India,34.0007,76.4762,68.3,HIGH,"['Energy', 'Shipping', 'Regional Economy']"
100248365,2026-09-09,20260909,CL-AP-01,Taiwan Strait & East Asian Semiconductor Supply Alert,Asia-Pacific,People’s Liberation Army (Navy/Air),CHN,Taiwan Defense Units,TWN,194,Fight with artillery / rockets / missiles,Conflict / Military,4,-7.0,823,151,407,-5.3,TWN,Taiwan,23.1368,121.0109,82.1,CRITICAL,"['Energy', 'Shipping', 'Trade', 'Regional Economy']"
100248366,2026-09-16,20260916,CL-AP-02,South China Sea Second Thomas Shoal Maritime Standoff,Asia-Pacific,China Coast Guard,CHN,Philippine Coast Guard & Resupply,PHL,194,Fight with artillery / rockets / missiles,Conflict / Military,4,-8.2,516,47,224,-6.14,PHL,PHL,10.4664,114.7367,83.5,CRITICAL,"['Energy', 'Shipping', 'Regional Economy']"
100248367,2026-09-22,20260922,CL-ME-02,Strait of Hormuz Strategic Energy Chokepoint Alerts,Middle East / Persian Gulf,Naval Security Patrols,IRN,Global Oil Tanker Fleet,SAU,190,Use conventional military force,Conflict / Military,4,-6.4,602,79,233,-4.6,IRN,Iran,27.0536,56.6865,78.6,CRITICAL,"['Energy', 'Shipping', 'Regional Economy']"
100248368,2026-09-12,20260912,CL-AP-01,Taiwan Strait & East Asian Semiconductor Supply Alert,Asia-Pacific,People’s Liberation Army (Navy/Air),CHN,Taiwan Defense Units,TWN,196,Maritime military engagement / ship interdiction,Conflict / Military,4,-7.0,1089,78,465,-3.42,TWN,Taiwan,24.8892,121.6371,79.2,CRITICAL,"['Energy', 'Shipping', 'Trade', 'Regional Economy']"
100248369,2026-09-26,20260926,CL-ME-02,Strait of Hormuz Strategic Energy Chokepoint Alerts,Middle East / Persian Gulf,Naval Security Patrols,IRN,Global Oil Tanker Fleet,SAU,190,Use conventional military force,Conflict / Military,4,-6.8,1259,175,356,-4.39,IRN,Iran,26.8973,56.4361,81.3,CRITICAL,"['Energy', 'Shipping', 'Regional Economy']"
100248370,2026-10-01,20261001,CL-ME-02,Strait of Hormuz Strategic Energy Chokepoint Alerts,Middle East / Persian Gulf,Naval Security Patrols,IRN,Global Oil Tanker Fleet,SAU,190,Use conventional military force,Conflict / Military,4,-6.9,312,43,112,-6.24,IRN,Iran,25.9146,57.1218,80.0,CRITICAL,"['Energy', 'Shipping', 'Regional Economy']"
100248371,2026-10-01,20261001,CL-ME-02,Strait of Hormuz Strategic Energy Chokepoint Alerts,Middle East / Persian Gulf,Naval Security Patrols,IRN,Global Oil Tanker Fleet,SAU,190,Use conventional military force,Conflict / Military,4,-8.6,1101,98,358,-7.24,IRN,Iran,27.4254,56.9136,87.9,CRITICAL,"['Energy', 'Shipping', 'Regional Economy']"
100248372,2026-09-22,20260922,CL-AP-02,South China Sea Second Thomas Shoal Maritime Standoff,Asia-Pacific,China Coast Guard,CHN,Philippine Coast Guard & Resupply,PHL,193,Fight with small arms and light weapons,Conflict / Military,4,-7.0,216,90,506,-5.24,PHL,PHL,10.7521,116.291,79.4,CRITICAL,"['Energy', 'Shipping', 'Regional Economy']"
100248373,2026-09-04,20260904,CL-ME-01,Red Sea Maritime Corridor Disruption,Middle East / Bab-el-Mandeb,Houthi Maritime Units,YEM,International Commercial Vessels,USA,196,Maritime military engagement / ship interdiction,Conflict / Military,4,-9.0,1170,74,35,-7.54,YEM,Yemen,13.5567,42.6487,88.8,CRITICAL,"['Energy', 'Shipping', 'Regional Economy']"
100248374,2026-09-05,20260905,CL-ME-01,Red Sea Maritime Corridor Disruption,Middle East / Bab-el-Mandeb,Houthi Maritime Units,YEM,International Commercial Vessels,USA,196,Maritime military engagement / ship interdiction,Conflict / Military,4,-9.2,348,85,54,-6.04,YEM,Yemen,12.9712,44.5876,85.7,CRITICAL,"['Energy', 'Shipping', 'Regional Economy']"
100248375,2026-09-12,20260912,CL-ME-02,Strait of Hormuz Strategic Energy Chokepoint Alerts,Middle East / Persian Gulf,Naval Security Patrols,IRN,Global Oil Tanker Fleet,SAU,190,Use conventional military force,Conflict / Military,4,-8.6,882,43,475,-6.85,IRN,Iran,26.6005,56.4367,86.0,CRITICAL,"['Energy', 'Shipping', 'Regional Economy']"
100248376,2026-09-29,20260929,CL-EU-01,Eastern Europe & Black Sea Grain Corridor Strain,Eastern Europe,Armed Forces of Ukraine,UKR,Russian Armed Forces,RUS,196,Maritime military engagement / ship interdiction,Conflict / Military,4,-10.0,805,23,490,-8.31,UKR,Ukraine,45.5603,29.9448,89.8,CRITICAL,"['Energy', 'Commodities', 'Regional Economy']"
100248377,2026-09-30,20260930,CL-ME-02,Strait of Hormuz Strategic Energy Chokepoint Alerts,Middle East / Persian Gulf,Naval Security Patrols,IRN,Global Oil Tanker Fleet,SAU,190,Use conventional military force,Conflict / Military,4,-6.7,977,6,590,-4.84,IRN,Iran,27.218,56.5726,77.0,CRITICAL,"['Energy', 'Shipping', 'Regional Economy']"
100248378,2026-10-03,20261003,CL-ME-02,Strait of Hormuz Strategic Energy Chokepoint Alerts,Middle East / Persian Gulf,Naval Security Patrols,IRN,Global Oil Tanker Fleet,SAU,190,Use conventional military force,Conflict / Military,4,-7.2,411,165,645,-5.59,IRN,Iran,27.4181,56.0069,82.0,CRITICAL,"['Energy', 'Shipping', 'Regional Economy']"
100248379,2026-09-29,20260929,CL-ME-01,Red Sea Maritime Corridor Disruption,Middle East / Bab-el-Mandeb,Houthi Maritime Units,YEM,International Commercial Vessels,USA,040,Host diplomatic summit or high-level talks,Diplomatic,1,-8.2,699,180,351,-4.91,YEM,Yemen,12.3561,42.6456,75.6,CRITICAL,"['Energy', 'Shipping', 'Regional Economy']"
100248380,2026-09-30,20260930,CL-ME-02,Strait of Hormuz Strategic Energy Chokepoint Alerts,Middle East / Persian Gulf,Naval Security Patrols,IRN,Global Oil Tanker Fleet,SAU,190,Use conventional military force,Conflict / Military,4,-6.6,1246,162,621,-3.53,IRN,Iran,26.2212,55.9642,79.7,CRITICAL,"['Energy', 'Shipping', 'Regional Economy']"
100248381,2026-10-02,20261002,CL-ME-02,Strait of Hormuz Strategic Energy Chokepoint Alerts,Middle East / Persian Gulf,Naval Security Patrols,IRN,Global Oil Tanker Fleet,SAU,190,Use conventional military force,Conflict / Military,4,-6.5,170,141,585,-3.95,IRN,Iran,25.389,57.2445,76.9,CRITICAL,"['Energy', 'Shipping', 'Regional Economy']"
100248382,2026-09-18,20260918,CL-ME-02,Strait of Hormuz Strategic Energy Chokepoint Alerts,Middle East / Persian Gulf,Naval Security Patrols,IRN,Global Oil Tanker Fleet,SAU,190,Use conventional military force,Conflict / Military,4,-7.5,592,135,13,-5.62,IRN,Iran,25.9096,57.2422,82.9,CRITICAL,"['Energy', 'Shipping', 'Regional Economy']"
100248383,2026-10-04,20261004,CL-ME-01,Red Sea Maritime Corridor Disruption,Middle East / Bab-el-Mandeb,Houthi Maritime Units,YEM,International Commercial Vessels,USA,196,Maritime military engagement / ship interdiction,Conflict / Military,4,-7.5,970,123,363,-7.45,YEM,Yemen,12.0866,42.4435,85.9,CRITICAL,"['Energy', 'Shipping', 'Regional Economy']"
100248384,2026-09-09,20260909,CL-EU-01,Eastern Europe & Black Sea Grain Corridor Strain,Eastern Europe,Armed Forces of Ukraine,UKR,Russian Armed Forces,RUS,194,Fight with artillery / rockets / missiles,Conflict / Military,4,-10.0,786,104,615,-8.51,UKR,Ukraine,47.5334,30.662,92.0,CRITICAL,"['Energy', 'Commodities', 'Regional Economy']"
100248385,2026-09-15,20260915,CL-EU-01,Eastern Europe & Black Sea Grain Corridor Strain,Eastern Europe,Armed Forces of Ukraine,UKR,Russian Armed Forces,RUS,020,Appeal to international community or UN,Diplomatic,1,-10.0,1381,4,95,-7.07,UKR,Ukraine,45.826,31.2977,78.3,CRITICAL,"['Commodities', 'Regional Economy']"
100248386,2026-09-24,20260924,CL-ME-02,Strait of Hormuz Strategic Energy Chokepoint Alerts,Middle East / Persian Gulf,Naval Security Patrols,IRN,Global Oil Tanker Fleet,SAU,190,Use conventional military force,Conflict / Military,4,-8.9,1376,59,313,-3.45,IRN,Iran,26.6487,56.6424,83.2,CRITICAL,"['Energy', 'Shipping', 'Regional Economy']"
100248387,2026-09-05,20260905,CL-ME-02,Strait of Hormuz Strategic Energy Chokepoint Alerts,Middle East / Persian Gulf,Naval Security Patrols,IRN,Global Oil Tanker Fleet,SAU,190,Use conventional military force,Conflict / Military,4,-7.0,1278,49,222,-3.63,IRN,Iran,26.8416,55.6623,79.1,CRITICAL,"['Energy', 'Shipping', 'Regional Economy']"
100248388,2026-10-01,20261001,CL-ME-01,Red Sea Maritime Corridor Disruption,Middle East / Bab-el-Mandeb,Houthi Maritime Units,YEM,International Commercial Vessels,USA,196,Maritime military engagement / ship interdiction,Conflict / Military,4,-9.6,1089,10,180,-6.7,YEM,Yemen,13.0583,44.6659,86.3,CRITICAL,"['Energy', 'Shipping', 'Regional Economy']"
100248389,2026-09-23,20260923,CL-IN-01,India Northern Border Reconnaissance & Infrastructure Surveillance,South Asia,Indian Border Forces (ITBP/Army),IND,PLA Border Troops,CHN,040,Host diplomatic summit or high-level talks,Diplomatic,1,-3.6,284,104,80,-0.45,IND,India,35.1559,77.351,58.1,HIGH,"['Shipping', 'Regional Economy']"
100248390,2026-09-06,20260906,CL-EU-01,Eastern Europe & Black Sea Grain Corridor Strain,Eastern Europe,Armed Forces of Ukraine,UKR,Russian Armed Forces,RUS,194,Fight with artillery / rockets / missiles,Conflict / Military,4,-10.0,500,138,577,-6.58,UKR,Ukraine,46.4432,30.5979,89.2,CRITICAL,"['Energy', 'Commodities', 'Regional Economy']"
100248391,2026-09-22,20260922,CL-AP-01,Taiwan Strait & East Asian Semiconductor Supply Alert,Asia-Pacific,People’s Liberation Army (Navy/Air),CHN,Taiwan Defense Units,TWN,150,Demonstrate military / strategic force posture,Conflict / Military,4,-4.8,362,146,572,-5.77,TWN,Taiwan,23.3963,121.423,76.8,CRITICAL,"['Energy', 'Shipping', 'Trade', 'Regional Economy']"
100248392,2026-09-18,20260918,CL-ME-02,Strait of Hormuz Strategic Energy Chokepoint Alerts,Middle East / Persian Gulf,Naval Security Patrols,IRN,Global Oil Tanker Fleet,SAU,020,Appeal to international community or UN,Diplomatic,1,-9.0,367,97,611,-5.77,IRN,Iran,27.0634,56.8377,76.6,CRITICAL,"['Energy', 'Shipping', 'Regional Economy']"
100248393,2026-10-03,20261003,CL-ME-01,Red Sea Maritime Corridor Disruption,Middle East / Bab-el-Mandeb,Houthi Maritime Units,YEM,International Commercial Vessels,USA,196,Maritime military engagement / ship interdiction,Conflict / Military,4,-8.6,851,147,17,-7.34,YEM,Yemen,12.2669,42.7493,88.1,CRITICAL,"['Energy', 'Shipping', 'Regional Economy']"
100248394,2026-09-24,20260924,CL-AP-01,Taiwan Strait & East Asian Semiconductor Supply Alert,Asia-Pacific,People’s Liberation Army (Navy/Air),CHN,Taiwan Defense Units,TWN,150,Demonstrate military / strategic force posture,Conflict / Military,4,-4.4,1399,50,434,-5.38,TWN,Taiwan,24.3146,121.2262,76.1,CRITICAL,"['Energy', 'Shipping', 'Trade', 'Regional Economy']"
100248395,2026-09-14,20260914,CL-ME-02,Strait of Hormuz Strategic Energy Chokepoint Alerts,Middle East / Persian Gulf,Naval Security Patrols,IRN,Global Oil Tanker Fleet,SAU,190,Use conventional military force,Conflict / Military,4,-8.6,815,128,473,-3.82,IRN,Iran,26.9517,56.4211,83.3,CRITICAL,"['Energy', 'Shipping', 'Regional Economy']"
100248396,2026-09-15,20260915,CL-AP-02,South China Sea Second Thomas Shoal Maritime Standoff,Asia-Pacific,China Coast Guard,CHN,Philippine Coast Guard & Resupply,PHL,196,Maritime military engagement / ship interdiction,Conflict / Military,4,-6.8,73,11,150,-5.94,PHL,PHL,9.4138,116.8768,75.5,CRITICAL,"['Energy', 'Shipping', 'Regional Economy']"
100248397,2026-09-12,20260912,CL-ME-02,Strait of Hormuz Strategic Energy Chokepoint Alerts,Middle East / Persian Gulf,Naval Security Patrols,IRN,Global Oil Tanker Fleet,SAU,190,Use conventional military force,Conflict / Military,4,-8.8,171,55,456,-4.99,IRN,Iran,25.403,56.8757,81.8,CRITICAL,"['Energy', 'Shipping', 'Regional Economy']"
100248398,2026-09-30,20260930,CL-EU-01,Eastern Europe & Black Sea Grain Corridor Strain,Eastern Europe,Armed Forces of Ukraine,UKR,Russian Armed Forces,RUS,194,Fight with artillery / rockets / missiles,Conflict / Military,4,-8.8,209,142,217,-7.96,UKR,Ukraine,47.5097,32.1238,87.2,CRITICAL,"['Energy', 'Commodities', 'Regional Economy']"
100248399,2026-09-16,20260916,CL-EU-01,Eastern Europe & Black Sea Grain Corridor Strain,Eastern Europe,Armed Forces of Ukraine,UKR,Russian Armed Forces,RUS,194,Fight with artillery / rockets / missiles,Conflict / Military,4,-7.8,960,130,450,-8.84,UKR,Ukraine,46.3431,31.9227,88.4,CRITICAL,"['Energy', 'Commodities', 'Regional Economy']"
100248400,2026-09-28,20260928,CL-AP-01,Taiwan Strait & East Asian Semiconductor Supply Alert,Asia-Pacific,People’s Liberation Army (Navy/Air),CHN,Taiwan Defense Units,TWN,150,Demonstrate military / strategic force posture,Conflict / Military,4,-5.3,538,174,443,-3.21,TWN,Taiwan,25.1316,121.3047,75.4,CRITICAL,"['Energy', 'Shipping', 'Trade', 'Regional Economy']"
100248401,2026-09-05,20260905,CL-EU-01,Eastern Europe & Black Sea Grain Corridor Strain,Eastern Europe,Armed Forces of Ukraine,UKR,Russian Armed Forces,RUS,194,Fight with artillery / rockets / missiles,Conflict / Military,4,-9.3,798,42,569,-8.18,UKR,Ukraine,45.5142,32.1819,89.0,CRITICAL,"['Energy', 'Commodities', 'Regional Economy']"
100248402,2026-09-10,20260910,CL-EU-01,Eastern Europe & Black Sea Grain Corridor Strain,Eastern Europe,Armed Forces of Ukraine,UKR,Russian Armed Forces,RUS,194,Fight with artillery / rockets / missiles,Conflict / Military,4,-8.1,984,159,605,-8.67,UKR,Ukraine,45.4326,31.5219,89.1,CRITICAL,"['Energy', 'Commodities', 'Regional Economy']"
100248403,2026-09-15,20260915,CL-ME-01,Red Sea Maritime Corridor Disruption,Middle East / Bab-el-Mandeb,Houthi Maritime Units,YEM,International Commercial Vessels,USA,196,Maritime military engagement / ship interdiction,Conflict / Military,4,-8.9,91,27,445,-6.34,YEM,Yemen,13.931,44.5203,81.9,CRITICAL,"['Energy', 'Shipping', 'Regional Economy']"
100248404,2026-09-21,20260921,CL-ME-01,Red Sea Maritime Corridor Disruption,Middle East / Bab-el-Mandeb,Houthi Maritime Units,YEM,International Commercial Vessels,USA,196,Maritime military engagement / ship interdiction,Conflict / Military,4,-8.9,302,102,28,-6.04,YEM,Yemen,13.6111,43.0623,85.1,CRITICAL,"['Energy', 'Shipping', 'Regional Economy']"
100248405,2026-09-16,20260916,CL-EU-01,Eastern Europe & Black Sea Grain Corridor Strain,Eastern Europe,Armed Forces of Ukraine,UKR,Russian Armed Forces,RUS,194,Fight with artillery / rockets / missiles,Conflict / Military,4,-10.0,1114,160,258,-6.58,UKR,Ukraine,46.5083,30.8203,90.6,CRITICAL,"['Energy', 'Commodities', 'Regional Economy']"
100248406,2026-09-15,20260915,CL-EU-01,Eastern Europe & Black Sea Grain Corridor Strain,Eastern Europe,Armed Forces of Ukraine,UKR,Russian Armed Forces,RUS,194,Fight with artillery / rockets / missiles,Conflict / Military,4,-8.2,186,38,505,-6.78,UKR,Ukraine,45.3319,32.0482,82.5,CRITICAL,"['Energy', 'Commodities', 'Regional Economy']"
100248407,2026-09-07,20260907,CL-ME-02,Strait of Hormuz Strategic Energy Chokepoint Alerts,Middle East / Persian Gulf,Naval Security Patrols,IRN,Global Oil Tanker Fleet,SAU,020,Appeal to international community or UN,Diplomatic,1,-6.3,853,4,245,-5.72,IRN,Iran,27.1992,56.7823,68.0,HIGH,"['Energy', 'Shipping', 'Regional Economy']"
100248408,2026-09-11,20260911,CL-ME-02,Strait of Hormuz Strategic Energy Chokepoint Alerts,Middle East / Persian Gulf,Naval Security Patrols,IRN,Global Oil Tanker Fleet,SAU,190,Use conventional military force,Conflict / Military,4,-8.4,520,11,444,-6.68,IRN,Iran,26.0316,57.3031,82.8,CRITICAL,"['Energy', 'Shipping', 'Regional Economy']"
100248409,2026-09-05,20260905,CL-ME-02,Strait of Hormuz Strategic Energy Chokepoint Alerts,Middle East / Persian Gulf,Naval Security Patrols,IRN,Global Oil Tanker Fleet,SAU,150,Demonstrate military / strategic force posture,Conflict / Military,4,-7.3,717,133,57,-4.65,IRN,Iran,26.4015,56.3071,81.5,CRITICAL,"['Energy', 'Shipping', 'Regional Economy']"
100248410,2026-09-09,20260909,CL-AP-01,Taiwan Strait & East Asian Semiconductor Supply Alert,Asia-Pacific,People’s Liberation Army (Navy/Air),CHN,Taiwan Defense Units,TWN,150,Demonstrate military / strategic force posture,Conflict / Military,4,-4.2,115,168,47,-6.17,TWN,Taiwan,23.2487,121.4638,74.6,HIGH,"['Energy', 'Shipping', 'Trade', 'Regional Economy']"
100248411,2026-09-21,20260921,CL-ME-01,Red Sea Maritime Corridor Disruption,Middle East / Bab-el-Mandeb,Houthi Maritime Units,YEM,International Commercial Vessels,USA,194,Fight with artillery / rockets / missiles,Conflict / Military,4,-8.4,926,43,269,-8.55,YEM,Yemen,13.6801,43.7263,87.8,CRITICAL,"['Energy', 'Shipping', 'Regional Economy']"
100248412,2026-10-03,20261003,CL-EU-01,Eastern Europe & Black Sea Grain Corridor Strain,Eastern Europe,Armed Forces of Ukraine,UKR,Russian Armed Forces,RUS,194,Fight with artillery / rockets / missiles,Conflict / Military,4,-8.7,1094,172,484,-8.27,UKR,Ukraine,47.3432,31.9745,90.1,CRITICAL,"['Energy', 'Commodities', 'Regional Economy']"
100248413,2026-09-05,20260905,CL-AP-01,Taiwan Strait & East Asian Semiconductor Supply Alert,Asia-Pacific,People’s Liberation Army (Navy/Air),CHN,Taiwan Defense Units,TWN,040,Host diplomatic summit or high-level talks,Diplomatic,1,-4.6,1163,105,558,-5.52,TWN,Taiwan,23.8901,121.3246,68.9,HIGH,"['Shipping', 'Trade', 'Regional Economy']"
100248414,2026-09-19,20260919,CL-ME-01,Red Sea Maritime Corridor Disruption,Middle East / Bab-el-Mandeb,Houthi Maritime Units,YEM,International Commercial Vessels,USA,196,Maritime military engagement / ship interdiction,Conflict / Military,4,-8.4,264,89,477,-8.41,YEM,Yemen,12.1012,44.2408,86.7,CRITICAL,"['Energy', 'Shipping', 'Regional Economy']"
100248415,2026-09-12,20260912,CL-EU-01,Eastern Europe & Black Sea Grain Corridor Strain,Eastern Europe,Armed Forces of Ukraine,UKR,Russian Armed Forces,RUS,194,Fight with artillery / rockets / missiles,Conflict / Military,4,-8.1,445,130,400,-5.76,UKR,Ukraine,45.3095,30.2741,83.9,CRITICAL,"['Energy', 'Commodities', 'Regional Economy']"
100248416,2026-09-26,20260926,CL-ME-01,Red Sea Maritime Corridor Disruption,Middle East / Bab-el-Mandeb,Houthi Maritime Units,YEM,International Commercial Vessels,USA,196,Maritime military engagement / ship interdiction,Conflict / Military,4,-9.7,1372,126,227,-7.8,YEM,Yemen,13.0661,42.77,91.6,CRITICAL,"['Energy', 'Shipping', 'Regional Economy']"
100248417,2026-09-04,20260904,CL-ME-02,Strait of Hormuz Strategic Energy Chokepoint Alerts,Middle East / Persian Gulf,Naval Security Patrols,IRN,Global Oil Tanker Fleet,SAU,190,Use conventional military force,Conflict / Military,4,-7.0,1340,83,97,-6.59,IRN,Iran,26.5956,56.9794,83.7,CRITICAL,"['Energy', 'Shipping', 'Regional Economy']"
100248418,2026-09-23,20260923,CL-ME-01,Red Sea Maritime Corridor Disruption,Middle East / Bab-el-Mandeb,Houthi Maritime Units,YEM,International Commercial Vessels,USA,196,Maritime military engagement / ship interdiction,Conflict / Military,4,-7.9,341,135,399,-5.36,YEM,Yemen,14.0645,43.3145,82.6,CRITICAL,"['Energy', 'Shipping', 'Regional Economy']"
100248419,2026-09-07,20260907,CL-ME-01,Red Sea Maritime Corridor Disruption,Middle East / Bab-el-Mandeb,Houthi Maritime Units,YEM,International Commercial Vessels,USA,150,Demonstrate military / strategic force posture,Conflict / Military,4,-10.0,582,101,374,-8.5,YEM,Yemen,12.5147,44.5612,91.5,CRITICAL,"['Energy', 'Shipping', 'Regional Economy']"
100248420,2026-09-21,20260921,CL-AP-01,Taiwan Strait & East Asian Semiconductor Supply Alert,Asia-Pacific,People’s Liberation Army (Navy/Air),CHN,Taiwan Defense Units,TWN,150,Demonstrate military / strategic force posture,Conflict / Military,4,-6.0,1328,110,397,-3.96,TWN,Taiwan,25.0286,120.8561,78.6,CRITICAL,"['Energy', 'Shipping', 'Trade', 'Regional Economy']"
100248421,2026-10-01,20261001,CL-ME-01,Red Sea Maritime Corridor Disruption,Middle East / Bab-el-Mandeb,Houthi Maritime Units,YEM,International Commercial Vessels,USA,020,Appeal to international community or UN,Diplomatic,1,-8.9,805,125,99,-8.47,YEM,Yemen,12.5746,44.6718,81.4,CRITICAL,"['Energy', 'Shipping', 'Regional Economy']"
100248422,2026-09-09,20260909,CL-ME-01,Red Sea Maritime Corridor Disruption,Middle East / Bab-el-Mandeb,Houthi Maritime Units,YEM,International Commercial Vessels,USA,196,Maritime military engagement / ship interdiction,Conflict / Military,4,-8.5,1262,135,107,-5.45,YEM,Yemen,13.2251,43.5179,86.0,CRITICAL,"['Energy', 'Shipping', 'Regional Economy']"
100248423,2026-09-18,20260918,CL-ME-01,Red Sea Maritime Corridor Disruption,Middle East / Bab-el-Mandeb,Houthi Maritime Units,YEM,International Commercial Vessels,USA,196,Maritime military engagement / ship interdiction,Conflict / Military,4,-9.1,348,126,199,-5.82,YEM,Yemen,12.2518,44.5098,85.7,CRITICAL,"['Energy', 'Shipping', 'Regional Economy']"
100248424,2026-09-17,20260917,CL-EU-01,Eastern Europe & Black Sea Grain Corridor Strain,Eastern Europe,Armed Forces of Ukraine,UKR,Russian Armed Forces,RUS,194,Fight with artillery / rockets / missiles,Conflict / Military,4,-8.0,833,107,44,-8.95,UKR,Ukraine,47.1747,32.0823,88.5,CRITICAL,"['Energy', 'Commodities', 'Regional Economy']"
100248425,2026-09-11,20260911,CL-EU-01,Eastern Europe & Black Sea Grain Corridor Strain,Eastern Europe,Armed Forces of Ukraine,UKR,Russian Armed Forces,RUS,194,Fight with artillery / rockets / missiles,Conflict / Military,4,-8.3,865,29,284,-6.02,UKR,Ukraine,45.8778,31.4711,83.7,CRITICAL,"['Energy', 'Commodities', 'Regional Economy']"
100248426,2026-09-12,20260912,CL-ME-01,Red Sea Maritime Corridor Disruption,Middle East / Bab-el-Mandeb,Houthi Maritime Units,YEM,International Commercial Vessels,USA,196,Maritime military engagement / ship interdiction,Conflict / Military,4,-9.0,1300,152,29,-6.75,YEM,Yemen,12.0191,43.787,88.9,CRITICAL,"['Energy', 'Shipping', 'Regional Economy']"
100248427,2026-09-25,20260925,CL-AP-01,Taiwan Strait & East Asian Semiconductor Supply Alert,Asia-Pacific,People’s Liberation Army (Navy/Air),CHN,Taiwan Defense Units,TWN,150,Demonstrate military / strategic force posture,Conflict / Military,4,-6.4,272,163,122,-2.23,TWN,Taiwan,24.9291,121.1629,75.3,CRITICAL,"['Energy', 'Shipping', 'Trade', 'Regional Economy']"
100248428,2026-10-02,20261002,CL-ME-02,Strait of Hormuz Strategic Energy Chokepoint Alerts,Middle East / Persian Gulf,Naval Security Patrols,IRN,Global Oil Tanker Fleet,SAU,190,Use conventional military force,Conflict / Military,4,-7.5,871,71,538,-4.38,IRN,Iran,25.7231,56.4592,81.1,CRITICAL,"['Energy', 'Shipping', 'Regional Economy']"
100248429,2026-09-05,20260905,CL-AP-01,Taiwan Strait & East Asian Semiconductor Supply Alert,Asia-Pacific,People’s Liberation Army (Navy/Air),CHN,Taiwan Defense Units,TWN,150,Demonstrate military / strategic force posture,Conflict / Military,4,-6.8,88,69,84,-5.79,TWN,Taiwan,24.2009,120.4199,78.0,CRITICAL,"['Energy', 'Shipping', 'Trade', 'Regional Economy']"
100248430,2026-09-12,20260912,CL-EU-01,Eastern Europe & Black Sea Grain Corridor Strain,Eastern Europe,Armed Forces of Ukraine,UKR,Russian Armed Forces,RUS,194,Fight with artillery / rockets / missiles,Conflict / Military,4,-8.5,730,177,570,-6.08,UKR,Ukraine,47.3437,31.8662,86.3,CRITICAL,"['Energy', 'Commodities', 'Regional Economy']"
100248431,2026-09-26,20260926,CL-ME-01,Red Sea Maritime Corridor Disruption,Middle East / Bab-el-Mandeb,Houthi Maritime Units,YEM,International Commercial Vessels,USA,150,Demonstrate military / strategic force posture,Conflict / Military,4,-9.6,1283,90,148,-7.78,YEM,Yemen,12.1162,43.1037,90.8,CRITICAL,"['Energy', 'Shipping', 'Regional Economy']"
100248432,2026-09-10,20260910,CL-AP-01,Taiwan Strait & East Asian Semiconductor Supply Alert,Asia-Pacific,People’s Liberation Army (Navy/Air),CHN,Taiwan Defense Units,TWN,150,Demonstrate military / strategic force posture,Conflict / Military,4,-6.5,1300,30,415,-3.91,TWN,Taiwan,23.1753,120.7603,77.8,CRITICAL,"['Energy', 'Shipping', 'Trade', 'Regional Economy']"
100248433,2026-09-23,20260923,CL-ME-01,Red Sea Maritime Corridor Disruption,Middle East / Bab-el-Mandeb,Houthi Maritime Units,YEM,International Commercial Vessels,USA,196,Maritime military engagement / ship interdiction,Conflict / Military,4,-9.0,159,82,380,-8.5,YEM,Yemen,12.3712,43.7566,87.2,CRITICAL,"['Energy', 'Shipping', 'Regional Economy']"
100248434,2026-09-24,20260924,CL-EU-01,Eastern Europe & Black Sea Grain Corridor Strain,Eastern Europe,Armed Forces of Ukraine,UKR,Russian Armed Forces,RUS,194,Fight with artillery / rockets / missiles,Conflict / Military,4,-10.0,341,176,637,-7.08,UKR,Ukraine,47.4185,30.2838,89.6,CRITICAL,"['Energy', 'Commodities', 'Regional Economy']"
100248435,2026-09-05,20260905,CL-EU-01,Eastern Europe & Black Sea Grain Corridor Strain,Eastern Europe,Armed Forces of Ukraine,UKR,Russian Armed Forces,RUS,194,Fight with artillery / rockets / missiles,Conflict / Military,4,-10.0,314,109,65,-8.28,UKR,Ukraine,45.754,30.756,90.4,CRITICAL,"['Energy', 'Commodities', 'Regional Economy']"
100248436,2026-09-30,20260930,CL-ME-02,Strait of Hormuz Strategic Energy Chokepoint Alerts,Middle East / Persian Gulf,Naval Security Patrols,IRN,Global Oil Tanker Fleet,SAU,193,Fight with small arms and light weapons,Conflict / Military,4,-7.9,177,168,453,-6.75,IRN,Iran,26.1749,56.4135,83.7,CRITICAL,"['Energy', 'Shipping', 'Regional Economy']"
100248437,2026-09-06,20260906,CL-ME-01,Red Sea Maritime Corridor Disruption,Middle East / Bab-el-Mandeb,Houthi Maritime Units,YEM,International Commercial Vessels,USA,196,Maritime military engagement / ship interdiction,Conflict / Military,4,-7.6,14,67,417,-5.75,YEM,Yemen,12.7471,43.9724,76.8,CRITICAL,"['Energy', 'Shipping', 'Regional Economy']"
100248438,2026-10-04,20261004,CL-ME-01,Red Sea Maritime Corridor Disruption,Middle East / Bab-el-Mandeb,Houthi Maritime Units,YEM,International Commercial Vessels,USA,194,Fight with artillery / rockets / missiles,Conflict / Military,4,-7.5,1352,162,510,-5.09,YEM,Yemen,14.087,42.6877,83.7,CRITICAL,"['Energy', 'Shipping', 'Regional Economy']"
100248439,2026-09-21,20260921,CL-EU-01,Eastern Europe & Black Sea Grain Corridor Strain,Eastern Europe,Armed Forces of Ukraine,UKR,Russian Armed Forces,RUS,194,Fight with artillery / rockets / missiles,Conflict / Military,4,-8.9,977,165,328,-5.72,UKR,Ukraine,47.0149,31.8193,87.0,CRITICAL,"['Energy', 'Commodities', 'Regional Economy']"
100248440,2026-09-05,20260905,CL-EU-01,Eastern Europe & Black Sea Grain Corridor Strain,Eastern Europe,Armed Forces of Ukraine,UKR,Russian Armed Forces,RUS,194,Fight with artillery / rockets / missiles,Conflict / Military,4,-10.0,1021,82,573,-6.58,UKR,Ukraine,46.6193,30.5831,89.6,CRITICAL,"['Energy', 'Commodities', 'Regional Economy']"
100248441,2026-10-04,20261004,CL-AP-01,Taiwan Strait & East Asian Semiconductor Supply Alert,Asia-Pacific,People’s Liberation Army (Navy/Air),CHN,Taiwan Defense Units,TWN,194,Fight with artillery / rockets / missiles,Conflict / Military,4,-4.4,1069,90,384,-3.17,TWN,Taiwan,24.4478,121.4254,73.6,HIGH,"['Energy', 'Shipping', 'Trade', 'Regional Economy']"
100248442,2026-09-17,20260917,CL-EU-01,Eastern Europe & Black Sea Grain Corridor Strain,Eastern Europe,Armed Forces of Ukraine,UKR,Russian Armed Forces,RUS,194,Fight with artillery / rockets / missiles,Conflict / Military,4,-10.0,1247,123,242,-8.14,UKR,Ukraine,47.4589,31.7636,92.5,CRITICAL,"['Energy', 'Commodities', 'Regional Economy']"
100248443,2026-09-22,20260922,CL-ME-01,Red Sea Maritime Corridor Disruption,Middle East / Bab-el-Mandeb,Houthi Maritime Units,YEM,International Commercial Vessels,USA,141,Demonstrate or conduct civil protest,Protest / Civil Unrest,3,-8.3,548,149,172,-5.99,YEM,Yemen,12.6377,43.8679,82.6,CRITICAL,"['Energy', 'Shipping', 'Regional Economy']"
100248444,2026-09-19,20260919,CL-ME-01,Red Sea Maritime Corridor Disruption,Middle East / Bab-el-Mandeb,Houthi Maritime Units,YEM,International Commercial Vessels,USA,196,Maritime military engagement / ship interdiction,Conflict / Military,4,-7.6,553,36,479,-6.21,YEM,Yemen,13.3448,42.7863,82.1,CRITICAL,"['Energy', 'Shipping', 'Regional Economy']"
100248445,2026-10-03,20261003,CL-AP-02,South China Sea Second Thomas Shoal Maritime Standoff,Asia-Pacific,China Coast Guard,CHN,Philippine Coast Guard & Resupply,PHL,196,Maritime military engagement / ship interdiction,Conflict / Military,4,-6.1,758,125,235,-4.16,PHL,PHL,10.5543,114.9578,78.4,CRITICAL,"['Energy', 'Shipping', 'Regional Economy']"
100248446,2026-09-05,20260905,CL-ME-01,Red Sea Maritime Corridor Disruption,Middle East / Bab-el-Mandeb,Houthi Maritime Units,YEM,International Commercial Vessels,USA,196,Maritime military engagement / ship interdiction,Conflict / Military,4,-8.4,1323,36,302,-6.18,YEM,Yemen,12.5214,44.0244,85.0,CRITICAL,"['Energy', 'Shipping', 'Regional Economy']"
100248447,2026-09-20,20260920,CL-AP-01,Taiwan Strait & East Asian Semiconductor Supply Alert,Asia-Pacific,People’s Liberation Army (Navy/Air),CHN,Taiwan Defense Units,TWN,150,Demonstrate military / strategic force posture,Conflict / Military,4,-4.6,468,41,207,-3.23,TWN,Taiwan,24.6508,120.6459,71.8,HIGH,"['Energy', 'Shipping', 'Trade', 'Regional Economy']"
100248448,2026-09-24,20260924,CL-ME-01,Red Sea Maritime Corridor Disruption,Middle East / Bab-el-Mandeb,Houthi Maritime Units,YEM,International Commercial Vessels,USA,150,Demonstrate military / strategic force posture,Conflict / Military,4,-7.6,254,117,485,-8.57,YEM,Yemen,12.7253,42.8288,85.5,CRITICAL,"['Energy', 'Shipping', 'Regional Economy']"
100248449,2026-10-04,20261004,CL-EU-01,Eastern Europe & Black Sea Grain Corridor Strain,Eastern Europe,Armed Forces of Ukraine,UKR,Russian Armed Forces,RUS,141,Demonstrate or conduct civil protest,Protest / Civil Unrest,3,-8.6,556,69,535,-8.45,UKR,Ukraine,45.685,30.5725,85.5,CRITICAL,"['Commodities', 'Regional Economy']"
100248450,2026-09-29,20260929,CL-ME-02,Strait of Hormuz Strategic Energy Chokepoint Alerts,Middle East / Persian Gulf,Naval Security Patrols,IRN,Global Oil Tanker Fleet,SAU,190,Use conventional military force,Conflict / Military,4,-7.0,779,148,265,-5.1,IRN,Iran,25.3699,56.3224,81.7,CRITICAL,"['Energy', 'Shipping', 'Regional Economy']"
100248451,2026-09-05,20260905,CL-ME-01,Red Sea Maritime Corridor Disruption,Middle East / Bab-el-Mandeb,Houthi Maritime Units,YEM,International Commercial Vessels,USA,196,Maritime military engagement / ship interdiction,Conflict / Military,4,-7.8,332,44,435,-5.04,YEM,Yemen,12.1093,43.1326,80.5,CRITICAL,"['Energy', 'Shipping', 'Regional Economy']"
100248452,2026-09-06,20260906,CL-ME-02,Strait of Hormuz Strategic Energy Chokepoint Alerts,Middle East / Persian Gulf,Naval Security Patrols,IRN,Global Oil Tanker Fleet,SAU,190,Use conventional military force,Conflict / Military,4,-7.1,952,9,79,-3.86,IRN,Iran,25.3886,57.338,77.0,CRITICAL,"['Energy', 'Shipping', 'Regional Economy']"
100248453,2026-10-01,20261001,CL-AP-01,Taiwan Strait & East Asian Semiconductor Supply Alert,Asia-Pacific,People’s Liberation Army (Navy/Air),CHN,Taiwan Defense Units,TWN,194,Fight with artillery / rockets / missiles,Conflict / Military,4,-6.5,478,22,488,-5.4,TWN,Taiwan,23.4365,120.2602,77.9,CRITICAL,"['Energy', 'Shipping', 'Trade', 'Regional Economy']"
100248454,2026-09-13,20260913,CL-EU-01,Eastern Europe & Black Sea Grain Corridor Strain,Eastern Europe,Armed Forces of Ukraine,UKR,Russian Armed Forces,RUS,194,Fight with artillery / rockets / missiles,Conflict / Military,4,-10.0,775,147,446,-6.65,UKR,Ukraine,46.3358,29.8461,90.0,CRITICAL,"['Energy', 'Commodities', 'Regional Economy']"
100248455,2026-09-13,20260913,CL-AP-01,Taiwan Strait & East Asian Semiconductor Supply Alert,Asia-Pacific,People’s Liberation Army (Navy/Air),CHN,Taiwan Defense Units,TWN,150,Demonstrate military / strategic force posture,Conflict / Military,4,-4.2,226,133,573,-2.42,TWN,Taiwan,23.9092,119.807,70.4,HIGH,"['Energy', 'Shipping', 'Trade', 'Regional Economy']"
100248456,2026-09-05,20260905,CL-EU-01,Eastern Europe & Black Sea Grain Corridor Strain,Eastern Europe,Armed Forces of Ukraine,UKR,Russian Armed Forces,RUS,194,Fight with artillery / rockets / missiles,Conflict / Military,4,-9.8,203,134,128,-8.72,UKR,Ukraine,46.161,30.0127,90.2,CRITICAL,"['Energy', 'Commodities', 'Regional Economy']"
100248457,2026-09-26,20260926,CL-ME-01,Red Sea Maritime Corridor Disruption,Middle East / Bab-el-Mandeb,Houthi Maritime Units,YEM,International Commercial Vessels,USA,193,Fight with small arms and light weapons,Conflict / Military,4,-9.1,1201,126,129,-6.82,YEM,Yemen,13.0212,43.7793,88.8,CRITICAL,"['Energy', 'Shipping', 'Regional Economy']"
100248458,2026-09-07,20260907,CL-ME-01,Red Sea Maritime Corridor Disruption,Middle East / Bab-el-Mandeb,Houthi Maritime Units,YEM,International Commercial Vessels,USA,194,Fight with artillery / rockets / missiles,Conflict / Military,4,-8.7,1208,41,162,-5.65,YEM,Yemen,12.4748,42.7271,85.0,CRITICAL,"['Energy', 'Shipping', 'Regional Economy']"
100248459,2026-10-02,20261002,CL-ME-01,Red Sea Maritime Corridor Disruption,Middle East / Bab-el-Mandeb,Houthi Maritime Units,YEM,International Commercial Vessels,USA,196,Maritime military engagement / ship interdiction,Conflict / Military,4,-9.1,93,76,540,-7.88,YEM,Yemen,13.5082,44.3338,85.7,CRITICAL,"['Energy', 'Shipping', 'Regional Economy']"
100248460,2026-10-01,20261001,CL-ME-01,Red Sea Maritime Corridor Disruption,Middle East / Bab-el-Mandeb,Houthi Maritime Units,YEM,International Commercial Vessels,USA,196,Maritime military engagement / ship interdiction,Conflict / Military,4,-9.9,1164,167,529,-7.04,YEM,Yemen,12.7006,44.2121,91.1,CRITICAL,"['Energy', 'Shipping', 'Regional Economy']"
100248461,2026-09-12,20260912,CL-EU-01,Eastern Europe & Black Sea Grain Corridor Strain,Eastern Europe,Armed Forces of Ukraine,UKR,Russian Armed Forces,RUS,194,Fight with artillery / rockets / missiles,Conflict / Military,4,-8.1,153,113,274,-8.09,UKR,Ukraine,45.3804,31.5871,85.2,CRITICAL,"['Energy', 'Commodities', 'Regional Economy']"
100248462,2026-10-03,20261003,CL-AP-01,Taiwan Strait & East Asian Semiconductor Supply Alert,Asia-Pacific,People’s Liberation Army (Navy/Air),CHN,Taiwan Defense Units,TWN,150,Demonstrate military / strategic force posture,Conflict / Military,4,-4.1,1363,163,260,-2.76,TWN,Taiwan,25.0843,121.4256,73.6,HIGH,"['Energy', 'Shipping', 'Trade', 'Regional Economy']"
100248463,2026-09-30,20260930,CL-ME-01,Red Sea Maritime Corridor Disruption,Middle East / Bab-el-Mandeb,Houthi Maritime Units,YEM,International Commercial Vessels,USA,196,Maritime military engagement / ship interdiction,Conflict / Military,4,-7.7,1209,61,20,-8.45,YEM,Yemen,13.1151,43.0386,87.1,CRITICAL,"['Energy', 'Shipping', 'Regional Economy']"
100248464,2026-09-16,20260916,CL-EU-01,Eastern Europe & Black Sea Grain Corridor Strain,Eastern Europe,Armed Forces of Ukraine,UKR,Russian Armed Forces,RUS,194,Fight with artillery / rockets / missiles,Conflict / Military,4,-7.7,510,71,362,-8.81,UKR,Ukraine,47.3347,30.922,86.5,CRITICAL,"['Energy', 'Commodities', 'Regional Economy']"
100248465,2026-09-12,20260912,CL-EU-01,Eastern Europe & Black Sea Grain Corridor Strain,Eastern Europe,Armed Forces of Ukraine,UKR,Russian Armed Forces,RUS,196,Maritime military engagement / ship interdiction,Conflict / Military,4,-9.5,19,46,198,-6.03,UKR,Ukraine,47.2268,31.2165,81.2,CRITICAL,"['Energy', 'Commodities', 'Regional Economy']"
100248466,2026-09-21,20260921,CL-ME-01,Red Sea Maritime Corridor Disruption,Middle East / Bab-el-Mandeb,Houthi Maritime Units,YEM,International Commercial Vessels,USA,196,Maritime military engagement / ship interdiction,Conflict / Military,4,-7.3,61,95,536,-5.24,YEM,Yemen,13.6537,43.0206,78.2,CRITICAL,"['Energy', 'Shipping', 'Regional Economy']"
100248467,2026-09-20,20260920,CL-EU-01,Eastern Europe & Black Sea Grain Corridor Strain,Eastern Europe,Armed Forces of Ukraine,UKR,Russian Armed Forces,RUS,040,Host diplomatic summit or high-level talks,Diplomatic,1,-7.9,259,15,149,-8.19,UKR,Ukraine,45.4086,30.8639,74.5,HIGH,"['Commodities', 'Regional Economy']"
100248468,2026-10-03,20261003,CL-ME-02,Strait of Hormuz Strategic Energy Chokepoint Alerts,Middle East / Persian Gulf,Naval Security Patrols,IRN,Global Oil Tanker Fleet,SAU,190,Use conventional military force,Conflict / Military,4,-9.1,378,124,242,-6.33,IRN,Iran,27.3178,55.645,86.4,CRITICAL,"['Energy', 'Shipping', 'Regional Economy']"
100248469,2026-09-11,20260911,CL-ME-02,Strait of Hormuz Strategic Energy Chokepoint Alerts,Middle East / Persian Gulf,Naval Security Patrols,IRN,Global Oil Tanker Fleet,SAU,111,Formally condemn or disapprove action,Political,3,-7.8,181,100,611,-5.28,IRN,Iran,26.2326,57.1941,78.5,CRITICAL,"['Energy', 'Shipping', 'Regional Economy']"
100248470,2026-09-19,20260919,CL-ME-01,Red Sea Maritime Corridor Disruption,Middle East / Bab-el-Mandeb,Houthi Maritime Units,YEM,International Commercial Vessels,USA,020,Appeal to international community or UN,Diplomatic,1,-8.7,973,37,646,-5.13,YEM,Yemen,13.5544,43.8642,75.4,CRITICAL,"['Energy', 'Shipping', 'Regional Economy']"
100248471,2026-09-13,20260913,CL-EU-01,Eastern Europe & Black Sea Grain Corridor Strain,Eastern Europe,Armed Forces of Ukraine,UKR,Russian Armed Forces,RUS,194,Fight with artillery / rockets / missiles,Conflict / Military,4,-7.8,1209,29,249,-5.59,UKR,Ukraine,46.5136,29.8838,82.6,CRITICAL,"['Energy', 'Commodities', 'Regional Economy']"
100248472,2026-09-09,20260909,CL-ME-01,Red Sea Maritime Corridor Disruption,Middle East / Bab-el-Mandeb,Houthi Maritime Units,YEM,International Commercial Vessels,USA,196,Maritime military engagement / ship interdiction,Conflict / Military,4,-9.7,744,124,39,-5.32,YEM,Yemen,13.5361,42.8491,87.4,CRITICAL,"['Energy', 'Shipping', 'Regional Economy']"
100248473,2026-09-23,20260923,CL-AP-02,South China Sea Second Thomas Shoal Maritime Standoff,Asia-Pacific,China Coast Guard,CHN,Philippine Coast Guard & Resupply,PHL,040,Host diplomatic summit or high-level talks,Diplomatic,1,-6.5,739,77,54,-4.92,PHL,PHL,9.4498,115.5707,71.0,HIGH,"['Shipping', 'Regional Economy']"
100248474,2026-09-25,20260925,CL-ME-01,Red Sea Maritime Corridor Disruption,Middle East / Bab-el-Mandeb,Houthi Maritime Units,YEM,International Commercial Vessels,USA,196,Maritime military engagement / ship interdiction,Conflict / Military,4,-8.1,976,106,399,-7.54,YEM,Yemen,13.1041,44.1323,87.1,CRITICAL,"['Energy', 'Shipping', 'Regional Economy']"
100248475,2026-09-06,20260906,CL-EU-01,Eastern Europe & Black Sea Grain Corridor Strain,Eastern Europe,Armed Forces of Ukraine,UKR,Russian Armed Forces,RUS,194,Fight with artillery / rockets / missiles,Conflict / Military,4,-10.0,47,77,481,-7.46,UKR,Ukraine,45.8968,30.5512,86.1,CRITICAL,"['Energy', 'Commodities', 'Regional Economy']"
100248476,2026-09-22,20260922,CL-EU-01,Eastern Europe & Black Sea Grain Corridor Strain,Eastern Europe,Armed Forces of Ukraine,UKR,Russian Armed Forces,RUS,194,Fight with artillery / rockets / missiles,Conflict / Military,4,-7.9,1242,92,239,-6.42,UKR,Ukraine,46.8974,30.6044,85.4,CRITICAL,"['Energy', 'Commodities', 'Regional Economy']"
100248477,2026-09-12,20260912,CL-ME-01,Red Sea Maritime Corridor Disruption,Middle East / Bab-el-Mandeb,Houthi Maritime Units,YEM,International Commercial Vessels,USA,194,Fight with artillery / rockets / missiles,Conflict / Military,4,-8.1,584,62,8,-8.52,YEM,Yemen,13.9125,44.5494,86.9,CRITICAL,"['Energy', 'Shipping', 'Regional Economy']"
100248478,2026-09-29,20260929,CL-ME-02,Strait of Hormuz Strategic Energy Chokepoint Alerts,Middle East / Persian Gulf,Naval Security Patrols,IRN,Global Oil Tanker Fleet,SAU,196,Maritime military engagement / ship interdiction,Conflict / Military,4,-8.0,311,3,501,-4.66,IRN,Iran,26.3273,56.7134,76.8,CRITICAL,"['Energy', 'Shipping', 'Regional Economy']"
100248479,2026-09-04,20260904,CL-EU-01,Eastern Europe & Black Sea Grain Corridor Strain,Eastern Europe,Armed Forces of Ukraine,UKR,Russian Armed Forces,RUS,060,Sign commercial or trade agreement,Economic / Trade,2,-10.0,250,19,34,-9.06,UKR,Ukraine,47.2644,31.7687,81.8,CRITICAL,"['Trade', 'Commodities', 'Regional Economy']"
100248480,2026-09-07,20260907,CL-EU-01,Eastern Europe & Black Sea Grain Corridor Strain,Eastern Europe,Armed Forces of Ukraine,UKR,Russian Armed Forces,RUS,194,Fight with artillery / rockets / missiles,Conflict / Military,4,-8.4,903,31,412,-6.2,UKR,Ukraine,45.9797,31.462,84.3,CRITICAL,"['Energy', 'Commodities', 'Regional Economy']"
100248481,2026-09-26,20260926,CL-ME-02,Strait of Hormuz Strategic Energy Chokepoint Alerts,Middle East / Persian Gulf,Naval Security Patrols,IRN,Global Oil Tanker Fleet,SAU,194,Fight with artillery / rockets / missiles,Conflict / Military,4,-8.4,1133,16,170,-5.33,IRN,Iran,25.3047,55.6165,82.7,CRITICAL,"['Energy', 'Shipping', 'Regional Economy']"
100248482,2026-09-25,20260925,CL-ME-01,Red Sea Maritime Corridor Disruption,Middle East / Bab-el-Mandeb,Houthi Maritime Units,YEM,International Commercial Vessels,USA,196,Maritime military engagement / ship interdiction,Conflict / Military,4,-7.8,220,69,400,-7.27,YEM,Yemen,12.2951,43.1094,83.4,CRITICAL,"['Energy', 'Shipping', 'Regional Economy']"
100248483,2026-10-02,20261002,CL-AP-02,South China Sea Second Thomas Shoal Maritime Standoff,Asia-Pacific,China Coast Guard,CHN,Philippine Coast Guard & Resupply,PHL,196,Maritime military engagement / ship interdiction,Conflict / Military,4,-7.1,672,93,365,-4.19,PHL,PHL,10.9057,116.1219,80.0,CRITICAL,"['Energy', 'Shipping', 'Regional Economy']"
100248484,2026-09-30,20260930,CL-EU-01,Eastern Europe & Black Sea Grain Corridor Strain,Eastern Europe,Armed Forces of Ukraine,UKR,Russian Armed Forces,RUS,194,Fight with artillery / rockets / missiles,Conflict / Military,4,-7.8,1069,89,287,-7.05,UKR,Ukraine,46.1289,30.1676,85.8,CRITICAL,"['Energy', 'Commodities', 'Regional Economy']"
100248485,2026-09-29,20260929,CL-ME-02,Strait of Hormuz Strategic Energy Chokepoint Alerts,Middle East / Persian Gulf,Naval Security Patrols,IRN,Global Oil Tanker Fleet,SAU,020,Appeal to international community or UN,Diplomatic,1,-8.9,819,79,162,-6.54,IRN,Iran,26.8354,56.343,78.4,CRITICAL,"['Energy', 'Shipping', 'Regional Economy']"
100248486,2026-10-03,20261003,CL-AP-02,South China Sea Second Thomas Shoal Maritime Standoff,Asia-Pacific,China Coast Guard,CHN,Philippine Coast Guard & Resupply,PHL,196,Maritime military engagement / ship interdiction,Conflict / Military,4,-7.3,549,52,633,-6.52,PHL,PHL,10.4594,115.8147,82.3,CRITICAL,"['Energy', 'Shipping', 'Regional Economy']"
100248487,2026-09-10,20260910,CL-AP-02,South China Sea Second Thomas Shoal Maritime Standoff,Asia-Pacific,China Coast Guard,CHN,Philippine Coast Guard & Resupply,PHL,196,Maritime military engagement / ship interdiction,Conflict / Military,4,-8.2,1260,155,551,-6.67,PHL,PHL,9.097,116.8781,87.1,CRITICAL,"['Energy', 'Shipping', 'Regional Economy']"
100248488,2026-09-07,20260907,CL-AP-01,Taiwan Strait & East Asian Semiconductor Supply Alert,Asia-Pacific,People’s Liberation Army (Navy/Air),CHN,Taiwan Defense Units,TWN,060,Sign commercial or trade agreement,Economic / Trade,2,-6.4,280,13,506,-2.47,TWN,Taiwan,24.9686,120.1708,65.4,HIGH,"['Shipping', 'Trade', 'Regional Economy']"
100248489,2026-09-28,20260928,CL-EU-01,Eastern Europe & Black Sea Grain Corridor Strain,Eastern Europe,Armed Forces of Ukraine,UKR,Russian Armed Forces,RUS,141,Demonstrate or conduct civil protest,Protest / Civil Unrest,3,-10.0,1357,149,611,-9.23,UKR,Ukraine,45.7974,29.8711,91.8,CRITICAL,"['Commodities', 'Regional Economy']"
100248490,2026-09-29,20260929,CL-ME-02,Strait of Hormuz Strategic Energy Chokepoint Alerts,Middle East / Persian Gulf,Naval Security Patrols,IRN,Global Oil Tanker Fleet,SAU,190,Use conventional military force,Conflict / Military,4,-8.0,127,135,642,-4.56,IRN,Iran,26.464,55.6075,80.3,CRITICAL,"['Energy', 'Shipping', 'Regional Economy']"
100248491,2026-09-07,20260907,CL-EU-01,Eastern Europe & Black Sea Grain Corridor Strain,Eastern Europe,Armed Forces of Ukraine,UKR,Russian Armed Forces,RUS,194,Fight with artillery / rockets / missiles,Conflict / Military,4,-10.0,457,94,348,-7.11,UKR,Ukraine,45.9362,30.796,89.3,CRITICAL,"['Energy', 'Commodities', 'Regional Economy']"
100248492,2026-09-26,20260926,CL-ME-01,Red Sea Maritime Corridor Disruption,Middle East / Bab-el-Mandeb,Houthi Maritime Units,YEM,International Commercial Vessels,USA,196,Maritime military engagement / ship interdiction,Conflict / Military,4,-7.5,230,104,19,-5.8,YEM,Yemen,12.2859,44.0976,81.4,CRITICAL,"['Energy', 'Shipping', 'Regional Economy']"
100248493,2026-09-06,20260906,CL-AP-01,Taiwan Strait & East Asian Semiconductor Supply Alert,Asia-Pacific,People’s Liberation Army (Navy/Air),CHN,Taiwan Defense Units,TWN,150,Demonstrate military / strategic force posture,Conflict / Military,4,-7.0,364,51,308,-2.64,TWN,Taiwan,23.5431,121.7011,76.0,CRITICAL,"['Energy', 'Shipping', 'Trade', 'Regional Economy']"
100248494,2026-09-08,20260908,CL-ME-02,Strait of Hormuz Strategic Energy Chokepoint Alerts,Middle East / Persian Gulf,Naval Security Patrols,IRN,Global Oil Tanker Fleet,SAU,141,Demonstrate or conduct civil protest,Protest / Civil Unrest,3,-6.6,294,49,613,-4.79,IRN,Iran,25.5128,56.8921,75.1,CRITICAL,"['Energy', 'Shipping', 'Regional Economy']"
100248495,2026-09-06,20260906,CL-ME-02,Strait of Hormuz Strategic Energy Chokepoint Alerts,Middle East / Persian Gulf,Naval Security Patrols,IRN,Global Oil Tanker Fleet,SAU,190,Use conventional military force,Conflict / Military,4,-9.1,493,112,483,-5.41,IRN,Iran,27.1086,56.8917,85.5,CRITICAL,"['Energy', 'Shipping', 'Regional Economy']"
100248496,2026-09-05,20260905,CL-AP-01,Taiwan Strait & East Asian Semiconductor Supply Alert,Asia-Pacific,People’s Liberation Army (Navy/Air),CHN,Taiwan Defense Units,TWN,194,Fight with artillery / rockets / missiles,Conflict / Military,4,-6.0,149,102,459,-4.56,TWN,Taiwan,23.3223,121.8892,76.0,CRITICAL,"['Energy', 'Shipping', 'Trade', 'Regional Economy']"
100248497,2026-10-01,20261001,CL-AP-02,South China Sea Second Thomas Shoal Maritime Standoff,Asia-Pacific,China Coast Guard,CHN,Philippine Coast Guard & Resupply,PHL,141,Demonstrate or conduct civil protest,Protest / Civil Unrest,3,-7.6,957,159,314,-3.37,PHL,PHL,8.9919,116.3985,78.7,CRITICAL,"['Shipping', 'Regional Economy']"
100248498,2026-09-27,20260927,CL-EU-01,Eastern Europe & Black Sea Grain Corridor Strain,Eastern Europe,Armed Forces of Ukraine,UKR,Russian Armed Forces,RUS,194,Fight with artillery / rockets / missiles,Conflict / Military,4,-9.5,981,61,65,-9.24,UKR,Ukraine,45.7792,30.2896,91.6,CRITICAL,"['Energy', 'Commodities', 'Regional Economy']"
100248499,2026-09-26,20260926,CL-ME-02,Strait of Hormuz Strategic Energy Chokepoint Alerts,Middle East / Persian Gulf,Naval Security Patrols,IRN,Global Oil Tanker Fleet,SAU,190,Use conventional military force,Conflict / Military,4,-7.6,73,111,322,-7.39,IRN,Iran,27.5563,56.538,82.1,CRITICAL,"['Energy', 'Shipping', 'Regional Economy']"
100248500,2026-09-20,20260920,CL-ME-01,Red Sea Maritime Corridor Disruption,Middle East / Bab-el-Mandeb,Houthi Maritime Units,YEM,International Commercial Vessels,USA,196,Maritime military engagement / ship interdiction,Conflict / Military,4,-8.0,93,153,606,-8.35,YEM,Yemen,12.4064,44.3533,84.9,CRITICAL,"['Energy', 'Shipping', 'Regional Economy']"
100248501,2026-09-15,20260915,CL-EU-01,Eastern Europe & Black Sea Grain Corridor Strain,Eastern Europe,Armed Forces of Ukraine,UKR,Russian Armed Forces,RUS,194,Fight with artillery / rockets / missiles,Conflict / Military,4,-9.9,496,136,396,-9.35,UKR,Ukraine,47.1964,31.1929,92.6,CRITICAL,"['Energy', 'Commodities', 'Regional Economy']"
100248502,2026-09-12,20260912,CL-ME-02,Strait of Hormuz Strategic Energy Chokepoint Alerts,Middle East / Persian Gulf,Naval Security Patrols,IRN,Global Oil Tanker Fleet,SAU,111,Formally condemn or disapprove action,Political,3,-6.7,232,128,334,-7.25,IRN,Iran,27.4578,57.1506,79.4,CRITICAL,"['Energy', 'Shipping', 'Regional Economy']"
100248503,2026-09-05,20260905,CL-ME-02,Strait of Hormuz Strategic Energy Chokepoint Alerts,Middle East / Persian Gulf,Naval Security Patrols,IRN,Global Oil Tanker Fleet,SAU,190,Use conventional military force,Conflict / Military,4,-9.0,392,60,261,-6.18,IRN,Iran,26.9184,56.0122,85.2,CRITICAL,"['Energy', 'Shipping', 'Regional Economy']"
100248504,2026-10-04,20261004,CL-EU-01,Eastern Europe & Black Sea Grain Corridor Strain,Eastern Europe,Armed Forces of Ukraine,UKR,Russian Armed Forces,RUS,194,Fight with artillery / rockets / missiles,Conflict / Military,4,-9.4,1168,42,585,-7.19,UKR,Ukraine,46.553,30.3068,88.5,CRITICAL,"['Energy', 'Commodities', 'Regional Economy']"
100248505,2026-09-23,20260923,CL-IN-01,India Northern Border Reconnaissance & Infrastructure Surveillance,South Asia,Indian Border Forces (ITBP/Army),IND,PLA Border Troops,CHN,040,Host diplomatic summit or high-level talks,Diplomatic,1,-3.1,947,39,306,-3.45,IND,India,33.0962,77.6964,61.5,HIGH,"['Shipping', 'Regional Economy']"
100248506,2026-09-28,20260928,CL-EU-01,Eastern Europe & Black Sea Grain Corridor Strain,Eastern Europe,Armed Forces of Ukraine,UKR,Russian Armed Forces,RUS,194,Fight with artillery / rockets / missiles,Conflict / Military,4,-8.0,107,144,259,-6.61,UKR,Ukraine,45.394,29.8327,82.8,CRITICAL,"['Energy', 'Commodities', 'Regional Economy']"
100248507,2026-09-08,20260908,CL-EU-01,Eastern Europe & Black Sea Grain Corridor Strain,Eastern Europe,Armed Forces of Ukraine,UKR,Russian Armed Forces,RUS,194,Fight with artillery / rockets / missiles,Conflict / Military,4,-8.1,474,26,429,-6.83,UKR,Ukraine,46.371,32.1362,83.3,CRITICAL,"['Energy', 'Commodities', 'Regional Economy']"
100248508,2026-09-25,20260925,CL-ME-01,Red Sea Maritime Corridor Disruption,Middle East / Bab-el-Mandeb,Houthi Maritime Units,YEM,International Commercial Vessels,USA,196,Maritime military engagement / ship interdiction,Conflict / Military,4,-9.3,411,89,256,-8.26,YEM,Yemen,12.6165,43.3326,89.1,CRITICAL,"['Energy', 'Shipping', 'Regional Economy']"
100248509,2026-09-23,20260923,CL-AP-01,Taiwan Strait & East Asian Semiconductor Supply Alert,Asia-Pacific,People’s Liberation Army (Navy/Air),CHN,Taiwan Defense Units,TWN,190,Use conventional military force,Conflict / Military,4,-5.0,461,80,391,-2.46,TWN,Taiwan,25.1904,121.2947,72.5,HIGH,"['Energy', 'Shipping', 'Trade', 'Regional Economy']"
100248510,2026-09-29,20260929,CL-ME-01,Red Sea Maritime Corridor Disruption,Middle East / Bab-el-Mandeb,Houthi Maritime Units,YEM,International Commercial Vessels,USA,196,Maritime military engagement / ship interdiction,Conflict / Military,4,-7.9,850,37,406,-7.31,YEM,Yemen,12.778,42.4415,84.8,CRITICAL,"['Energy', 'Shipping', 'Regional Economy']"
100248511,2026-09-29,20260929,CL-EU-01,Eastern Europe & Black Sea Grain Corridor Strain,Eastern Europe,Armed Forces of Ukraine,UKR,Russian Armed Forces,RUS,194,Fight with artillery / rockets / missiles,Conflict / Military,4,-8.6,367,114,366,-9.1,UKR,Ukraine,47.0333,31.8781,88.8,CRITICAL,"['Energy', 'Commodities', 'Regional Economy']"
100248512,2026-09-22,20260922,CL-ME-01,Red Sea Maritime Corridor Disruption,Middle East / Bab-el-Mandeb,Houthi Maritime Units,YEM,International Commercial Vessels,USA,196,Maritime military engagement / ship interdiction,Conflict / Military,4,-9.3,1066,59,131,-5.9,YEM,Yemen,12.8054,42.5101,86.9,CRITICAL,"['Energy', 'Shipping', 'Regional Economy']"
100248513,2026-09-08,20260908,CL-AP-02,South China Sea Second Thomas Shoal Maritime Standoff,Asia-Pacific,China Coast Guard,CHN,Philippine Coast Guard & Resupply,PHL,196,Maritime military engagement / ship interdiction,Conflict / Military,4,-5.5,90,57,564,-5.87,PHL,PHL,8.6211,116.451,75.1,CRITICAL,"['Energy', 'Shipping', 'Regional Economy']"
100248514,2026-09-28,20260928,CL-AP-01,Taiwan Strait & East Asian Semiconductor Supply Alert,Asia-Pacific,People’s Liberation Army (Navy/Air),CHN,Taiwan Defense Units,TWN,150,Demonstrate military / strategic force posture,Conflict / Military,4,-5.6,767,60,640,-3.26,TWN,Taiwan,24.4624,121.7016,75.2,CRITICAL,"['Energy', 'Shipping', 'Trade', 'Regional Economy']"
100248515,2026-09-24,20260924,CL-EU-01,Eastern Europe & Black Sea Grain Corridor Strain,Eastern Europe,Armed Forces of Ukraine,UKR,Russian Armed Forces,RUS,194,Fight with artillery / rockets / missiles,Conflict / Military,4,-9.5,1061,5,294,-6.07,UKR,Ukraine,47.4205,31.296,84.3,CRITICAL,"['Energy', 'Commodities', 'Regional Economy']"
100248516,2026-09-17,20260917,CL-AP-01,Taiwan Strait & East Asian Semiconductor Supply Alert,Asia-Pacific,People’s Liberation Army (Navy/Air),CHN,Taiwan Defense Units,TWN,040,Host diplomatic summit or high-level talks,Diplomatic,1,-5.2,1044,109,394,-2.81,TWN,Taiwan,24.0174,122.1585,66.5,HIGH,"['Shipping', 'Trade', 'Regional Economy']"
100248517,2026-09-19,20260919,CL-EU-01,Eastern Europe & Black Sea Grain Corridor Strain,Eastern Europe,Armed Forces of Ukraine,UKR,Russian Armed Forces,RUS,040,Host diplomatic summit or high-level talks,Diplomatic,1,-9.1,235,48,261,-5.62,UKR,Ukraine,46.7959,30.8942,75.1,CRITICAL,"['Commodities', 'Regional Economy']"
100248518,2026-09-28,20260928,CL-AP-02,South China Sea Second Thomas Shoal Maritime Standoff,Asia-Pacific,China Coast Guard,CHN,Philippine Coast Guard & Resupply,PHL,196,Maritime military engagement / ship interdiction,Conflict / Military,4,-7.0,1327,175,551,-4.55,PHL,PHL,10.1699,115.28,82.0,CRITICAL,"['Energy', 'Shipping', 'Regional Economy']"
100248519,2026-09-24,20260924,CL-AP-01,Taiwan Strait & East Asian Semiconductor Supply Alert,Asia-Pacific,People’s Liberation Army (Navy/Air),CHN,Taiwan Defense Units,TWN,150,Demonstrate military / strategic force posture,Conflict / Military,4,-5.4,120,140,122,-6.17,TWN,Taiwan,23.5246,121.9906,76.9,CRITICAL,"['Energy', 'Shipping', 'Trade', 'Regional Economy']"
100248520,2026-09-09,20260909,CL-AP-01,Taiwan Strait & East Asian Semiconductor Supply Alert,Asia-Pacific,People’s Liberation Army (Navy/Air),CHN,Taiwan Defense Units,TWN,150,Demonstrate military / strategic force posture,Conflict / Military,4,-6.7,670,17,428,-3.82,TWN,Taiwan,24.921,120.8021,76.4,CRITICAL,"['Energy', 'Shipping', 'Trade', 'Regional Economy']"
100248521,2026-09-19,20260919,CL-AP-01,Taiwan Strait & East Asian Semiconductor Supply Alert,Asia-Pacific,People’s Liberation Army (Navy/Air),CHN,Taiwan Defense Units,TWN,150,Demonstrate military / strategic force posture,Conflict / Military,4,-6.5,1124,43,417,-3.03,TWN,Taiwan,23.8614,120.6385,76.9,CRITICAL,"['Energy', 'Shipping', 'Trade', 'Regional Economy']"
100248522,2026-10-03,20261003,CL-AP-01,Taiwan Strait & East Asian Semiconductor Supply Alert,Asia-Pacific,People’s Liberation Army (Navy/Air),CHN,Taiwan Defense Units,TWN,141,Demonstrate or conduct civil protest,Protest / Civil Unrest,3,-5.3,420,137,558,-3.53,TWN,Taiwan,22.9008,121.1302,72.6,HIGH,"['Shipping', 'Trade', 'Regional Economy']"
100248523,2026-09-19,20260919,CL-IN-01,India Northern Border Reconnaissance & Infrastructure Surveillance,South Asia,Indian Border Forces (ITBP/Army),IND,PLA Border Troops,CHN,193,Fight with small arms and light weapons,Conflict / Military,4,-3.3,898,75,9,-3.13,IND,India,33.6454,77.5108,70.7,HIGH,"['Energy', 'Shipping', 'Regional Economy']"
100248524,2026-10-04,20261004,CL-EU-01,Eastern Europe & Black Sea Grain Corridor Strain,Eastern Europe,Armed Forces of Ukraine,UKR,Russian Armed Forces,RUS,194,Fight with artillery / rockets / missiles,Conflict / Military,4,-10.0,423,151,362,-6.99,UKR,Ukraine,47.0928,30.7126,89.6,CRITICAL,"['Energy', 'Commodities', 'Regional Economy']"
100248525,2026-09-19,20260919,CL-AP-01,Taiwan Strait & East Asian Semiconductor Supply Alert,Asia-Pacific,People’s Liberation Army (Navy/Air),CHN,Taiwan Defense Units,TWN,150,Demonstrate military / strategic force posture,Conflict / Military,4,-6.3,450,154,58,-3.36,TWN,Taiwan,23.4709,120.9592,77.2,CRITICAL,"['Energy', 'Shipping', 'Trade', 'Regional Economy']"
100248526,2026-09-28,20260928,CL-AP-02,South China Sea Second Thomas Shoal Maritime Standoff,Asia-Pacific,China Coast Guard,CHN,Philippine Coast Guard & Resupply,PHL,193,Fight with small arms and light weapons,Conflict / Military,4,-6.5,244,120,393,-4.51,PHL,PHL,9.5614,115.8335,77.9,CRITICAL,"['Energy', 'Shipping', 'Regional Economy']"
100248527,2026-09-24,20260924,CL-ME-02,Strait of Hormuz Strategic Energy Chokepoint Alerts,Middle East / Persian Gulf,Naval Security Patrols,IRN,Global Oil Tanker Fleet,SAU,190,Use conventional military force,Conflict / Military,4,-8.9,148,76,61,-5.72,IRN,Iran,25.8855,55.2551,83.2,CRITICAL,"['Energy', 'Shipping', 'Regional Economy']"
100248528,2026-09-16,20260916,CL-ME-01,Red Sea Maritime Corridor Disruption,Middle East / Bab-el-Mandeb,Houthi Maritime Units,YEM,International Commercial Vessels,USA,150,Demonstrate military / strategic force posture,Conflict / Military,4,-9.4,966,155,650,-8.54,YEM,Yemen,12.519,42.892,91.6,CRITICAL,"['Energy', 'Shipping', 'Regional Economy']"
100248529,2026-09-24,20260924,CL-ME-01,Red Sea Maritime Corridor Disruption,Middle East / Bab-el-Mandeb,Houthi Maritime Units,YEM,International Commercial Vessels,USA,196,Maritime military engagement / ship interdiction,Conflict / Military,4,-8.4,773,175,133,-4.91,YEM,Yemen,12.2191,44.6048,84.6,CRITICAL,"['Energy', 'Shipping', 'Regional Economy']"
100248530,2026-09-09,20260909,CL-EU-01,Eastern Europe & Black Sea Grain Corridor Strain,Eastern Europe,Armed Forces of Ukraine,UKR,Russian Armed Forces,RUS,194,Fight with artillery / rockets / missiles,Conflict / Military,4,-10.0,1102,15,481,-9.5,UKR,Ukraine,45.6563,31.1206,91.3,CRITICAL,"['Energy', 'Commodities', 'Regional Economy']"
100248531,2026-09-23,20260923,CL-ME-01,Red Sea Maritime Corridor Disruption,Middle East / Bab-el-Mandeb,Houthi Maritime Units,YEM,International Commercial Vessels,USA,196,Maritime military engagement / ship interdiction,Conflict / Military,4,-9.6,82,167,399,-5.36,YEM,Yemen,13.7446,42.8143,84.3,CRITICAL,"['Energy', 'Shipping', 'Regional Economy']"
100248532,2026-09-09,20260909,CL-AP-01,Taiwan Strait & East Asian Semiconductor Supply Alert,Asia-Pacific,People’s Liberation Army (Navy/Air),CHN,Taiwan Defense Units,TWN,040,Host diplomatic summit or high-level talks,Diplomatic,1,-5.2,1193,147,407,-4.2,TWN,Taiwan,24.0432,121.2616,68.9,HIGH,"['Shipping', 'Trade', 'Regional Economy']"
100248533,2026-09-28,20260928,CL-AP-02,South China Sea Second Thomas Shoal Maritime Standoff,Asia-Pacific,China Coast Guard,CHN,Philippine Coast Guard & Resupply,PHL,194,Fight with artillery / rockets / missiles,Conflict / Military,4,-6.7,1098,108,600,-5.72,PHL,PHL,10.395,116.5272,82.0,CRITICAL,"['Energy', 'Shipping', 'Regional Economy']"
100248534,2026-09-15,20260915,CL-ME-02,Strait of Hormuz Strategic Energy Chokepoint Alerts,Middle East / Persian Gulf,Naval Security Patrols,IRN,Global Oil Tanker Fleet,SAU,196,Maritime military engagement / ship interdiction,Conflict / Military,4,-8.1,850,164,197,-4.14,IRN,Iran,26.8332,56.6359,83.1,CRITICAL,"['Energy', 'Shipping', 'Regional Economy']"
100248535,2026-09-27,20260927,CL-EU-01,Eastern Europe & Black Sea Grain Corridor Strain,Eastern Europe,Armed Forces of Ukraine,UKR,Russian Armed Forces,RUS,040,Host diplomatic summit or high-level talks,Diplomatic,1,-9.7,906,38,470,-8.66,UKR,Ukraine,46.904,31.215,82.0,CRITICAL,"['Commodities', 'Regional Economy']"
100248536,2026-09-20,20260920,CL-EU-01,Eastern Europe & Black Sea Grain Corridor Strain,Eastern Europe,Armed Forces of Ukraine,UKR,Russian Armed Forces,RUS,194,Fight with artillery / rockets / missiles,Conflict / Military,4,-9.1,1029,98,487,-7.14,UKR,Ukraine,45.9755,30.0252,88.7,CRITICAL,"['Energy', 'Commodities', 'Regional Economy']"
100248537,2026-09-08,20260908,CL-ME-02,Strait of Hormuz Strategic Energy Chokepoint Alerts,Middle East / Persian Gulf,Naval Security Patrols,IRN,Global Oil Tanker Fleet,SAU,190,Use conventional military force,Conflict / Military,4,-9.0,804,99,140,-7.02,IRN,Iran,26.4147,55.3856,88.0,CRITICAL,"['Energy', 'Shipping', 'Regional Economy']"
100248538,2026-09-04,20260904,CL-ME-01,Red Sea Maritime Corridor Disruption,Middle East / Bab-el-Mandeb,Houthi Maritime Units,YEM,International Commercial Vessels,USA,196,Maritime military engagement / ship interdiction,Conflict / Military,4,-8.3,148,77,338,-5.22,YEM,Yemen,12.1125,44.6879,81.3,CRITICAL,"['Energy', 'Shipping', 'Regional Economy']"
100248539,2026-09-06,20260906,CL-AP-02,South China Sea Second Thomas Shoal Maritime Standoff,Asia-Pacific,China Coast Guard,CHN,Philippine Coast Guard & Resupply,PHL,040,Host diplomatic summit or high-level talks,Diplomatic,1,-7.1,173,127,481,-5.01,PHL,PHL,9.8663,116.3332,70.9,HIGH,"['Shipping', 'Regional Economy']"
100248540,2026-09-27,20260927,CL-IN-01,India Northern Border Reconnaissance & Infrastructure Surveillance,South Asia,Indian Border Forces (ITBP/Army),IND,PLA Border Troops,CHN,194,Fight with artillery / rockets / missiles,Conflict / Military,4,-3.9,924,54,95,-0.66,IND,India,33.5984,78.0109,68.4,HIGH,"['Energy', 'Shipping', 'Regional Economy']"
100248541,2026-09-05,20260905,CL-AP-01,Taiwan Strait & East Asian Semiconductor Supply Alert,Asia-Pacific,People’s Liberation Army (Navy/Air),CHN,Taiwan Defense Units,TWN,141,Demonstrate or conduct civil protest,Protest / Civil Unrest,3,-5.9,1057,63,94,-5.38,TWN,Taiwan,25.036,119.8683,76.6,CRITICAL,"['Shipping', 'Trade', 'Regional Economy']"
100248542,2026-09-10,20260910,CL-ME-01,Red Sea Maritime Corridor Disruption,Middle East / Bab-el-Mandeb,Houthi Maritime Units,YEM,International Commercial Vessels,USA,196,Maritime military engagement / ship interdiction,Conflict / Military,4,-8.4,1185,60,13,-8.56,YEM,Yemen,13.6729,43.2329,88.6,CRITICAL,"['Energy', 'Shipping', 'Regional Economy']"
100248543,2026-09-27,20260927,CL-ME-01,Red Sea Maritime Corridor Disruption,Middle East / Bab-el-Mandeb,Houthi Maritime Units,YEM,International Commercial Vessels,USA,196,Maritime military engagement / ship interdiction,Conflict / Military,4,-8.5,1375,143,530,-6.41,YEM,Yemen,12.7032,42.4412,87.4,CRITICAL,"['Energy', 'Shipping', 'Regional Economy']"
100248544,2026-10-04,20261004,CL-AP-01,Taiwan Strait & East Asian Semiconductor Supply Alert,Asia-Pacific,People’s Liberation Army (Navy/Air),CHN,Taiwan Defense Units,TWN,150,Demonstrate military / strategic force posture,Conflict / Military,4,-6.5,1257,49,375,-3.11,TWN,Taiwan,23.3444,121.7167,77.4,CRITICAL,"['Energy', 'Shipping', 'Trade', 'Regional Economy']"
100248545,2026-09-22,20260922,CL-ME-01,Red Sea Maritime Corridor Disruption,Middle East / Bab-el-Mandeb,Houthi Maritime Units,YEM,International Commercial Vessels,USA,196,Maritime military engagement / ship interdiction,Conflict / Military,4,-8.3,879,78,412,-6.73,YEM,Yemen,13.4901,43.6963,85.9,CRITICAL,"['Energy', 'Shipping', 'Regional Economy']"
100248546,2026-09-20,20260920,CL-ME-01,Red Sea Maritime Corridor Disruption,Middle East / Bab-el-Mandeb,Houthi Maritime Units,YEM,International Commercial Vessels,USA,196,Maritime military engagement / ship interdiction,Conflict / Military,4,-9.4,1271,33,594,-5.19,YEM,Yemen,12.803,42.9185,85.7,CRITICAL,"['Energy', 'Shipping', 'Regional Economy']"
100248547,2026-09-09,20260909,CL-IN-01,India Northern Border Reconnaissance & Infrastructure Surveillance,South Asia,Indian Border Forces (ITBP/Army),IND,PLA Border Troops,CHN,196,Maritime military engagement / ship interdiction,Conflict / Military,4,-2.6,772,150,367,-1.82,IND,India,35.1427,76.3304,68.2,HIGH,"['Energy', 'Shipping', 'Regional Economy']"
100248548,2026-09-13,20260913,CL-ME-02,Strait of Hormuz Strategic Energy Chokepoint Alerts,Middle East / Persian Gulf,Naval Security Patrols,IRN,Global Oil Tanker Fleet,SAU,190,Use conventional military force,Conflict / Military,4,-8.3,606,67,419,-6.28,IRN,Iran,27.0277,56.313,84.6,CRITICAL,"['Energy', 'Shipping', 'Regional Economy']"
100248549,2026-10-01,20261001,CL-ME-01,Red Sea Maritime Corridor Disruption,Middle East / Bab-el-Mandeb,Houthi Maritime Units,YEM,International Commercial Vessels,USA,150,Demonstrate military / strategic force posture,Conflict / Military,4,-8.7,20,168,108,-7.03,YEM,Yemen,12.7101,43.9247,82.5,CRITICAL,"['Energy', 'Shipping', 'Regional Economy']"
100248550,2026-09-25,20260925,CL-EU-01,Eastern Europe & Black Sea Grain Corridor Strain,Eastern Europe,Armed Forces of Ukraine,UKR,Russian Armed Forces,RUS,194,Fight with artillery / rockets / missiles,Conflict / Military,4,-8.4,339,82,464,-6.34,UKR,Ukraine,45.5481,32.0033,84.3,CRITICAL,"['Energy', 'Commodities', 'Regional Economy']"
100248551,2026-09-19,20260919,CL-ME-01,Red Sea Maritime Corridor Disruption,Middle East / Bab-el-Mandeb,Houthi Maritime Units,YEM,International Commercial Vessels,USA,193,Fight with small arms and light weapons,Conflict / Military,4,-9.5,159,128,551,-6.06,YEM,Yemen,12.132,42.7979,85.7,CRITICAL,"['Energy', 'Shipping', 'Regional Economy']"
100248552,2026-09-17,20260917,CL-ME-02,Strait of Hormuz Strategic Energy Chokepoint Alerts,Middle East / Persian Gulf,Naval Security Patrols,IRN,Global Oil Tanker Fleet,SAU,190,Use conventional military force,Conflict / Military,4,-7.3,835,23,428,-4.88,IRN,Iran,25.5917,55.1562,79.8,CRITICAL,"['Energy', 'Shipping', 'Regional Economy']"
100248553,2026-09-14,20260914,CL-AP-02,South China Sea Second Thomas Shoal Maritime Standoff,Asia-Pacific,China Coast Guard,CHN,Philippine Coast Guard & Resupply,PHL,196,Maritime military engagement / ship interdiction,Conflict / Military,4,-7.3,647,66,97,-3.75,PHL,PHL,10.5521,114.9197,79.3,CRITICAL,"['Energy', 'Shipping', 'Regional Economy']"
100248554,2026-09-18,20260918,CL-AP-02,South China Sea Second Thomas Shoal Maritime Standoff,Asia-Pacific,China Coast Guard,CHN,Philippine Coast Guard & Resupply,PHL,196,Maritime military engagement / ship interdiction,Conflict / Military,4,-8.1,905,129,576,-6.45,PHL,PHL,9.0453,115.3498,85.9,CRITICAL,"['Energy', 'Shipping', 'Regional Economy']"
100248555,2026-10-04,20261004,CL-EU-01,Eastern Europe & Black Sea Grain Corridor Strain,Eastern Europe,Armed Forces of Ukraine,UKR,Russian Armed Forces,RUS,194,Fight with artillery / rockets / missiles,Conflict / Military,4,-8.8,181,100,283,-6.38,UKR,Ukraine,47.546,30.8084,84.5,CRITICAL,"['Energy', 'Commodities', 'Regional Economy']"
100248556,2026-09-26,20260926,CL-ME-02,Strait of Hormuz Strategic Energy Chokepoint Alerts,Middle East / Persian Gulf,Naval Security Patrols,IRN,Global Oil Tanker Fleet,SAU,060,Sign commercial or trade agreement,Economic / Trade,2,-7.9,518,145,562,-6.81,IRN,Iran,27.0253,56.8392,78.2,CRITICAL,"['Energy', 'Shipping', 'Trade', 'Regional Economy']"
100248557,2026-09-18,20260918,CL-ME-02,Strait of Hormuz Strategic Energy Chokepoint Alerts,Middle East / Persian Gulf,Naval Security Patrols,IRN,Global Oil Tanker Fleet,SAU,141,Demonstrate or conduct civil protest,Protest / Civil Unrest,3,-6.4,207,144,234,-7.05,IRN,Iran,26.815,55.1318,78.5,CRITICAL,"['Energy', 'Shipping', 'Regional Economy']"
100248558,2026-10-01,20261001,CL-ME-01,Red Sea Maritime Corridor Disruption,Middle East / Bab-el-Mandeb,Houthi Maritime Units,YEM,International Commercial Vessels,USA,196,Maritime military engagement / ship interdiction,Conflict / Military,4,-9.7,224,3,637,-7.59,YEM,Yemen,13.0124,44.6585,83.7,CRITICAL,"['Energy', 'Shipping', 'Regional Economy']"
100248559,2026-09-09,20260909,CL-EU-01,Eastern Europe & Black Sea Grain Corridor Strain,Eastern Europe,Armed Forces of Ukraine,UKR,Russian Armed Forces,RUS,196,Maritime military engagement / ship interdiction,Conflict / Military,4,-8.2,65,115,51,-6.7,UKR,Ukraine,47.6862,31.6285,82.3,CRITICAL,"['Energy', 'Commodities', 'Regional Economy']"
100248560,2026-10-04,20261004,CL-ME-01,Red Sea Maritime Corridor Disruption,Middle East / Bab-el-Mandeb,Houthi Maritime Units,YEM,International Commercial Vessels,USA,196,Maritime military engagement / ship interdiction,Conflict / Military,4,-8.5,1186,96,100,-7.27,YEM,Yemen,13.779,44.0098,87.8,CRITICAL,"['Energy', 'Shipping', 'Regional Economy']"
100248561,2026-09-28,20260928,CL-ME-01,Red Sea Maritime Corridor Disruption,Middle East / Bab-el-Mandeb,Houthi Maritime Units,YEM,International Commercial Vessels,USA,141,Demonstrate or conduct civil protest,Protest / Civil Unrest,3,-7.7,101,59,234,-4.85,YEM,Yemen,12.7483,43.2505,76.2,CRITICAL,"['Energy', 'Shipping', 'Regional Economy']"
100248562,2026-09-22,20260922,CL-AP-01,Taiwan Strait & East Asian Semiconductor Supply Alert,Asia-Pacific,People’s Liberation Army (Navy/Air),CHN,Taiwan Defense Units,TWN,193,Fight with small arms and light weapons,Conflict / Military,4,-4.7,735,90,444,-4.73,TWN,Taiwan,23.5769,121.5878,75.7,CRITICAL,"['Energy', 'Shipping', 'Trade', 'Regional Economy']"
100248563,2026-09-04,20260904,CL-AP-01,Taiwan Strait & East Asian Semiconductor Supply Alert,Asia-Pacific,People’s Liberation Army (Navy/Air),CHN,Taiwan Defense Units,TWN,190,Use conventional military force,Conflict / Military,4,-4.3,1317,55,134,-2.95,TWN,Taiwan,23.7432,120.3708,72.8,HIGH,"['Energy', 'Shipping', 'Trade', 'Regional Economy']"
100248564,2026-09-08,20260908,CL-AP-01,Taiwan Strait & East Asian Semiconductor Supply Alert,Asia-Pacific,People’s Liberation Army (Navy/Air),CHN,Taiwan Defense Units,TWN,150,Demonstrate military / strategic force posture,Conflict / Military,4,-5.8,1228,135,199,-3.16,TWN,Taiwan,24.7188,120.2167,77.3,CRITICAL,"['Energy', 'Shipping', 'Trade', 'Regional Economy']"
100248565,2026-09-30,20260930,CL-ME-01,Red Sea Maritime Corridor Disruption,Middle East / Bab-el-Mandeb,Houthi Maritime Units,YEM,International Commercial Vessels,USA,196,Maritime military engagement / ship interdiction,Conflict / Military,4,-9.7,91,173,128,-8.77,YEM,Yemen,13.3759,44.0845,89.2,CRITICAL,"['Energy', 'Shipping', 'Regional Economy']"
100248566,2026-10-02,20261002,CL-EU-01,Eastern Europe & Black Sea Grain Corridor Strain,Eastern Europe,Armed Forces of Ukraine,UKR,Russian Armed Forces,RUS,060,Sign commercial or trade agreement,Economic / Trade,2,-9.6,1061,45,148,-8.79,UKR,Ukraine,47.3109,31.855,83.9,CRITICAL,"['Trade', 'Commodities', 'Regional Economy']"
100248567,2026-09-25,20260925,CL-AP-02,South China Sea Second Thomas Shoal Maritime Standoff,Asia-Pacific,China Coast Guard,CHN,Philippine Coast Guard & Resupply,PHL,040,Host diplomatic summit or high-level talks,Diplomatic,1,-7.5,640,163,559,-5.91,PHL,PHL,9.5232,116.3729,75.2,CRITICAL,"['Shipping', 'Regional Economy']"
100248568,2026-09-22,20260922,CL-ME-01,Red Sea Maritime Corridor Disruption,Middle East / Bab-el-Mandeb,Houthi Maritime Units,YEM,International Commercial Vessels,USA,150,Demonstrate military / strategic force posture,Conflict / Military,4,-9.0,487,167,234,-5.66,YEM,Yemen,12.2442,44.474,86.1,CRITICAL,"['Energy', 'Shipping', 'Regional Economy']"
100248569,2026-09-16,20260916,CL-EU-01,Eastern Europe & Black Sea Grain Corridor Strain,Eastern Europe,Armed Forces of Ukraine,UKR,Russian Armed Forces,RUS,194,Fight with artillery / rockets / missiles,Conflict / Military,4,-9.9,1340,37,582,-8.83,UKR,Ukraine,47.5673,30.4568,91.7,CRITICAL,"['Energy', 'Commodities', 'Regional Economy']"
100248570,2026-10-01,20261001,CL-ME-01,Red Sea Maritime Corridor Disruption,Middle East / Bab-el-Mandeb,Houthi Maritime Units,YEM,International Commercial Vessels,USA,196,Maritime military engagement / ship interdiction,Conflict / Military,4,-8.6,691,76,424,-8.12,YEM,Yemen,13.9226,44.517,88.0,CRITICAL,"['Energy', 'Shipping', 'Regional Economy']"
100248571,2026-09-19,20260919,CL-ME-01,Red Sea Maritime Corridor Disruption,Middle East / Bab-el-Mandeb,Houthi Maritime Units,YEM,International Commercial Vessels,USA,196,Maritime military engagement / ship interdiction,Conflict / Military,4,-7.2,119,130,379,-7.67,YEM,Yemen,14.1757,43.3695,82.5,CRITICAL,"['Energy', 'Shipping', 'Regional Economy']"
100248572,2026-09-07,20260907,CL-ME-01,Red Sea Maritime Corridor Disruption,Middle East / Bab-el-Mandeb,Houthi Maritime Units,YEM,International Commercial Vessels,USA,196,Maritime military engagement / ship interdiction,Conflict / Military,4,-9.6,1382,87,121,-5.33,YEM,Yemen,13.079,43.5287,87.7,CRITICAL,"['Energy', 'Shipping', 'Regional Economy']"
100248573,2026-09-17,20260917,CL-ME-01,Red Sea Maritime Corridor Disruption,Middle East / Bab-el-Mandeb,Houthi Maritime Units,YEM,International Commercial Vessels,USA,194,Fight with artillery / rockets / missiles,Conflict / Military,4,-9.4,301,87,229,-7.13,YEM,Yemen,12.9854,42.4747,87.3,CRITICAL,"['Energy', 'Shipping', 'Regional Economy']"
100248574,2026-09-10,20260910,CL-ME-01,Red Sea Maritime Corridor Disruption,Middle East / Bab-el-Mandeb,Houthi Maritime Units,YEM,International Commercial Vessels,USA,196,Maritime military engagement / ship interdiction,Conflict / Military,4,-8.6,699,89,311,-7.92,YEM,Yemen,13.2861,43.4271,88.0,CRITICAL,"['Energy', 'Shipping', 'Regional Economy']"
100248575,2026-09-29,20260929,CL-EU-01,Eastern Europe & Black Sea Grain Corridor Strain,Eastern Europe,Armed Forces of Ukraine,UKR,Russian Armed Forces,RUS,190,Use conventional military force,Conflict / Military,4,-10.0,55,144,538,-8.6,UKR,Ukraine,46.7127,31.9592,88.6,CRITICAL,"['Energy', 'Commodities', 'Regional Economy']"
100248576,2026-09-10,20260910,CL-ME-01,Red Sea Maritime Corridor Disruption,Middle East / Bab-el-Mandeb,Houthi Maritime Units,YEM,International Commercial Vessels,USA,196,Maritime military engagement / ship interdiction,Conflict / Military,4,-9.3,1388,23,352,-8.0,YEM,Yemen,13.3688,42.343,88.8,CRITICAL,"['Energy', 'Shipping', 'Regional Economy']"
100248577,2026-09-15,20260915,CL-ME-01,Red Sea Maritime Corridor Disruption,Middle East / Bab-el-Mandeb,Houthi Maritime Units,YEM,International Commercial Vessels,USA,196,Maritime military engagement / ship interdiction,Conflict / Military,4,-8.7,1221,173,427,-6.99,YEM,Yemen,12.5295,44.4397,88.6,CRITICAL,"['Energy', 'Shipping', 'Regional Economy']"
100248578,2026-09-19,20260919,CL-EU-01,Eastern Europe & Black Sea Grain Corridor Strain,Eastern Europe,Armed Forces of Ukraine,UKR,Russian Armed Forces,RUS,194,Fight with artillery / rockets / missiles,Conflict / Military,4,-8.5,818,5,455,-7.99,UKR,Ukraine,45.9265,30.5297,84.3,CRITICAL,"['Energy', 'Commodities', 'Regional Economy']"
100248579,2026-09-06,20260906,CL-EU-01,Eastern Europe & Black Sea Grain Corridor Strain,Eastern Europe,Armed Forces of Ukraine,UKR,Russian Armed Forces,RUS,194,Fight with artillery / rockets / missiles,Conflict / Military,4,-8.0,673,10,401,-9.44,UKR,Ukraine,46.2226,31.5333,85.8,CRITICAL,"['Energy', 'Commodities', 'Regional Economy']"
100248580,2026-09-10,20260910,CL-ME-02,Strait of Hormuz Strategic Energy Chokepoint Alerts,Middle East / Persian Gulf,Naval Security Patrols,IRN,Global Oil Tanker Fleet,SAU,193,Fight with small arms and light weapons,Conflict / Military,4,-6.4,290,108,106,-7.34,IRN,Iran,26.859,56.0642,81.5,CRITICAL,"['Energy', 'Shipping', 'Regional Economy']"
100248581,2026-10-02,20261002,CL-AP-01,Taiwan Strait & East Asian Semiconductor Supply Alert,Asia-Pacific,People’s Liberation Army (Navy/Air),CHN,Taiwan Defense Units,TWN,150,Demonstrate military / strategic force posture,Conflict / Military,4,-6.5,166,80,15,-3.75,TWN,Taiwan,22.8024,120.4731,75.8,CRITICAL,"['Energy', 'Shipping', 'Trade', 'Regional Economy']"
100248582,2026-09-27,20260927,CL-ME-01,Red Sea Maritime Corridor Disruption,Middle East / Bab-el-Mandeb,Houthi Maritime Units,YEM,International Commercial Vessels,USA,111,Formally condemn or disapprove action,Political,3,-7.1,362,14,492,-5.6,YEM,Yemen,13.6387,44.0575,75.9,CRITICAL,"['Energy', 'Shipping', 'Regional Economy']"
100248583,2026-10-02,20261002,CL-EU-01,Eastern Europe & Black Sea Grain Corridor Strain,Eastern Europe,Armed Forces of Ukraine,UKR,Russian Armed Forces,RUS,194,Fight with artillery / rockets / missiles,Conflict / Military,4,-8.1,677,3,467,-6.75,UKR,Ukraine,47.4504,30.0637,80.9,CRITICAL,"['Energy', 'Commodities', 'Regional Economy']"
100248584,2026-09-30,20260930,CL-EU-01,Eastern Europe & Black Sea Grain Corridor Strain,Eastern Europe,Armed Forces of Ukraine,UKR,Russian Armed Forces,RUS,194,Fight with artillery / rockets / missiles,Conflict / Military,4,-8.3,1101,88,209,-8.21,UKR,Ukraine,45.5941,29.8805,88.4,CRITICAL,"['Energy', 'Commodities', 'Regional Economy']"
100248585,2026-09-09,20260909,CL-EU-01,Eastern Europe & Black Sea Grain Corridor Strain,Eastern Europe,Armed Forces of Ukraine,UKR,Russian Armed Forces,RUS,060,Sign commercial or trade agreement,Economic / Trade,2,-8.1,508,132,551,-7.01,UKR,Ukraine,46.1093,31.6394,78.8,CRITICAL,"['Trade', 'Commodities', 'Regional Economy']"
100248586,2026-09-25,20260925,CL-IN-01,India Northern Border Reconnaissance & Infrastructure Surveillance,South Asia,Indian Border Forces (ITBP/Army),IND,PLA Border Troops,CHN,190,Use conventional military force,Conflict / Military,4,-1.6,884,58,104,-2.11,IND,India,33.6808,76.9901,65.5,HIGH,"['Energy', 'Shipping', 'Regional Economy']"
100248587,2026-10-04,20261004,CL-ME-01,Red Sea Maritime Corridor Disruption,Middle East / Bab-el-Mandeb,Houthi Maritime Units,YEM,International Commercial Vessels,USA,196,Maritime military engagement / ship interdiction,Conflict / Military,4,-9.0,550,105,257,-8.33,YEM,Yemen,13.6911,43.4171,89.2,CRITICAL,"['Energy', 'Shipping', 'Regional Economy']"
100248588,2026-09-19,20260919,CL-EU-01,Eastern Europe & Black Sea Grain Corridor Strain,Eastern Europe,Armed Forces of Ukraine,UKR,Russian Armed Forces,RUS,193,Fight with small arms and light weapons,Conflict / Military,4,-8.8,1049,108,122,-8.66,UKR,Ukraine,47.5813,31.8946,90.2,CRITICAL,"['Energy', 'Commodities', 'Regional Economy']"
100248589,2026-10-01,20261001,CL-ME-01,Red Sea Maritime Corridor Disruption,Middle East / Bab-el-Mandeb,Houthi Maritime Units,YEM,International Commercial Vessels,USA,141,Demonstrate or conduct civil protest,Protest / Civil Unrest,3,-7.8,487,90,333,-7.33,YEM,Yemen,12.5799,42.6319,82.5,CRITICAL,"['Energy', 'Shipping', 'Regional Economy']"
100248590,2026-09-14,20260914,CL-ME-02,Strait of Hormuz Strategic Energy Chokepoint Alerts,Middle East / Persian Gulf,Naval Security Patrols,IRN,Global Oil Tanker Fleet,SAU,190,Use conventional military force,Conflict / Military,4,-6.8,1346,37,417,-6.52,IRN,Iran,26.8469,55.5085,82.2,CRITICAL,"['Energy', 'Shipping', 'Regional Economy']"
100248591,2026-09-20,20260920,CL-EU-01,Eastern Europe & Black Sea Grain Corridor Strain,Eastern Europe,Armed Forces of Ukraine,UKR,Russian Armed Forces,RUS,020,Appeal to international community or UN,Diplomatic,1,-7.9,891,98,381,-6.52,UKR,Ukraine,47.2889,31.4578,76.6,CRITICAL,"['Commodities', 'Regional Economy']"
100248592,2026-09-07,20260907,CL-ME-02,Strait of Hormuz Strategic Energy Chokepoint Alerts,Middle East / Persian Gulf,Naval Security Patrols,IRN,Global Oil Tanker Fleet,SAU,190,Use conventional military force,Conflict / Military,4,-6.7,628,114,179,-3.61,IRN,Iran,27.1107,55.729,78.5,CRITICAL,"['Energy', 'Shipping', 'Regional Economy']"
100248593,2026-10-04,20261004,CL-EU-01,Eastern Europe & Black Sea Grain Corridor Strain,Eastern Europe,Armed Forces of Ukraine,UKR,Russian Armed Forces,RUS,194,Fight with artillery / rockets / missiles,Conflict / Military,4,-8.4,1001,87,620,-5.59,UKR,Ukraine,45.7294,30.8715,85.0,CRITICAL,"['Energy', 'Commodities', 'Regional Economy']"
100248594,2026-09-07,20260907,CL-ME-01,Red Sea Maritime Corridor Disruption,Middle East / Bab-el-Mandeb,Houthi Maritime Units,YEM,International Commercial Vessels,USA,196,Maritime military engagement / ship interdiction,Conflict / Military,4,-7.8,699,8,26,-6.02,YEM,Yemen,13.179,42.802,80.7,CRITICAL,"['Energy', 'Shipping', 'Regional Economy']"
100248595,2026-09-13,20260913,CL-AP-02,South China Sea Second Thomas Shoal Maritime Standoff,Asia-Pacific,China Coast Guard,CHN,Philippine Coast Guard & Resupply,PHL,150,Demonstrate military / strategic force posture,Conflict / Military,4,-7.2,459,25,25,-6.89,PHL,PHL,10.7206,115.2647,81.4,CRITICAL,"['Energy', 'Shipping', 'Regional Economy']"
100248596,2026-09-05,20260905,CL-AP-01,Taiwan Strait & East Asian Semiconductor Supply Alert,Asia-Pacific,People’s Liberation Army (Navy/Air),CHN,Taiwan Defense Units,TWN,150,Demonstrate military / strategic force posture,Conflict / Military,4,-7.0,325,158,614,-3.38,TWN,Taiwan,25.131,120.1218,78.3,CRITICAL,"['Energy', 'Shipping', 'Trade', 'Regional Economy']"
100248597,2026-09-08,20260908,CL-ME-01,Red Sea Maritime Corridor Disruption,Middle East / Bab-el-Mandeb,Houthi Maritime Units,YEM,International Commercial Vessels,USA,196,Maritime military engagement / ship interdiction,Conflict / Military,4,-7.7,480,95,426,-5.24,YEM,Yemen,13.361,43.4283,82.1,CRITICAL,"['Energy', 'Shipping', 'Regional Economy']"
100248598,2026-09-16,20260916,CL-ME-01,Red Sea Maritime Corridor Disruption,Middle East / Bab-el-Mandeb,Houthi Maritime Units,YEM,International Commercial Vessels,USA,196,Maritime military engagement / ship interdiction,Conflict / Military,4,-9.2,30,141,198,-5.45,YEM,Yemen,11.8729,44.3289,81.9,CRITICAL,"['Energy', 'Shipping', 'Regional Economy']"
100248599,2026-09-08,20260908,CL-ME-01,Red Sea Maritime Corridor Disruption,Middle East / Bab-el-Mandeb,Houthi Maritime Units,YEM,International Commercial Vessels,USA,196,Maritime military engagement / ship interdiction,Conflict / Military,4,-7.6,716,13,116,-6.68,YEM,Yemen,12.0821,43.0763,81.8,CRITICAL,"['Energy', 'Shipping', 'Regional Economy']"
100248600,2026-09-28,20260928,CL-ME-01,Red Sea Maritime Corridor Disruption,Middle East / Bab-el-Mandeb,Houthi Maritime Units,YEM,International Commercial Vessels,USA,020,Appeal to international community or UN,Diplomatic,1,-7.6,1348,163,205,-4.87,YEM,Yemen,11.9961,43.1844,75.2,CRITICAL,"['Energy', 'Shipping', 'Regional Economy']"
100248601,2026-09-15,20260915,CL-ME-01,Red Sea Maritime Corridor Disruption,Middle East / Bab-el-Mandeb,Houthi Maritime Units,YEM,International Commercial Vessels,USA,111,Formally condemn or disapprove action,Political,3,-8.3,305,23,443,-8.72,YEM,Yemen,13.7418,44.1429,82.9,CRITICAL,"['Energy', 'Shipping', 'Regional Economy']"
100248602,2026-09-19,20260919,CL-EU-01,Eastern Europe & Black Sea Grain Corridor Strain,Eastern Europe,Armed Forces of Ukraine,UKR,Russian Armed Forces,RUS,194,Fight with artillery / rockets / missiles,Conflict / Military,4,-9.8,1141,42,10,-9.28,UKR,Ukraine,46.291,32.1773,92.0,CRITICAL,"['Energy', 'Commodities', 'Regional Economy']"
100248603,2026-09-13,20260913,CL-AP-01,Taiwan Strait & East Asian Semiconductor Supply Alert,Asia-Pacific,People’s Liberation Army (Navy/Air),CHN,Taiwan Defense Units,TWN,150,Demonstrate military / strategic force posture,Conflict / Military,4,-5.6,1056,20,346,-3.94,TWN,Taiwan,23.5656,120.4492,75.2,CRITICAL,"['Energy', 'Shipping', 'Trade', 'Regional Economy']"
100248604,2026-09-27,20260927,CL-ME-01,Red Sea Maritime Corridor Disruption,Middle East / Bab-el-Mandeb,Houthi Maritime Units,YEM,International Commercial Vessels,USA,196,Maritime military engagement / ship interdiction,Conflict / Military,4,-8.6,255,4,431,-6.48,YEM,Yemen,12.4261,43.352,80.5,CRITICAL,"['Energy', 'Shipping', 'Regional Economy']"
100248605,2026-09-05,20260905,CL-ME-01,Red Sea Maritime Corridor Disruption,Middle East / Bab-el-Mandeb,Houthi Maritime Units,YEM,International Commercial Vessels,USA,196,Maritime military engagement / ship interdiction,Conflict / Military,4,-7.6,267,159,149,-8.71,YEM,Yemen,13.3587,44.2966,86.2,CRITICAL,"['Energy', 'Shipping', 'Regional Economy']"
100248606,2026-09-26,20260926,CL-ME-01,Red Sea Maritime Corridor Disruption,Middle East / Bab-el-Mandeb,Houthi Maritime Units,YEM,International Commercial Vessels,USA,190,Use conventional military force,Conflict / Military,4,-9.0,1205,115,543,-8.67,YEM,Yemen,14.1827,43.6746,90.9,CRITICAL,"['Energy', 'Shipping', 'Regional Economy']"
100248607,2026-09-21,20260921,CL-ME-01,Red Sea Maritime Corridor Disruption,Middle East / Bab-el-Mandeb,Houthi Maritime Units,YEM,International Commercial Vessels,USA,196,Maritime military engagement / ship interdiction,Conflict / Military,4,-7.6,1246,144,476,-6.55,YEM,Yemen,12.2709,42.482,85.6,CRITICAL,"['Energy', 'Shipping', 'Regional Economy']"
100248608,2026-09-21,20260921,CL-ME-02,Strait of Hormuz Strategic Energy Chokepoint Alerts,Middle East / Persian Gulf,Naval Security Patrols,IRN,Global Oil Tanker Fleet,SAU,190,Use conventional military force,Conflict / Military,4,-9.0,951,57,515,-7.38,IRN,Iran,25.3732,55.6784,88.0,CRITICAL,"['Energy', 'Shipping', 'Regional Economy']"
100248609,2026-09-13,20260913,CL-AP-02,South China Sea Second Thomas Shoal Maritime Standoff,Asia-Pacific,China Coast Guard,CHN,Philippine Coast Guard & Resupply,PHL,060,Sign commercial or trade agreement,Economic / Trade,2,-5.8,258,22,384,-4.1,PHL,PHL,9.3762,115.391,66.8,HIGH,"['Shipping', 'Trade', 'Regional Economy']"
100248610,2026-10-01,20261001,CL-ME-01,Red Sea Maritime Corridor Disruption,Middle East / Bab-el-Mandeb,Houthi Maritime Units,YEM,International Commercial Vessels,USA,196,Maritime military engagement / ship interdiction,Conflict / Military,4,-7.3,241,111,505,-8.31,YEM,Yemen,13.8302,42.7352,84.4,CRITICAL,"['Energy', 'Shipping', 'Regional Economy']"
100248611,2026-10-04,20261004,CL-EU-01,Eastern Europe & Black Sea Grain Corridor Strain,Eastern Europe,Armed Forces of Ukraine,UKR,Russian Armed Forces,RUS,040,Host diplomatic summit or high-level talks,Diplomatic,1,-9.7,129,134,24,-6.9,UKR,Ukraine,47.158,31.4128,78.4,CRITICAL,"['Commodities', 'Regional Economy']"
100248612,2026-10-01,20261001,CL-AP-01,Taiwan Strait & East Asian Semiconductor Supply Alert,Asia-Pacific,People’s Liberation Army (Navy/Air),CHN,Taiwan Defense Units,TWN,020,Appeal to international community or UN,Diplomatic,1,-4.7,1322,21,239,-5.22,TWN,Taiwan,25.0296,121.4048,66.8,HIGH,"['Shipping', 'Trade', 'Regional Economy']"
100248613,2026-10-04,20261004,CL-ME-01,Red Sea Maritime Corridor Disruption,Middle East / Bab-el-Mandeb,Houthi Maritime Units,YEM,International Commercial Vessels,USA,196,Maritime military engagement / ship interdiction,Conflict / Military,4,-8.8,906,76,476,-7.86,YEM,Yemen,12.0812,43.3748,88.5,CRITICAL,"['Energy', 'Shipping', 'Regional Economy']"
100248614,2026-09-13,20260913,CL-EU-01,Eastern Europe & Black Sea Grain Corridor Strain,Eastern Europe,Armed Forces of Ukraine,UKR,Russian Armed Forces,RUS,111,Formally condemn or disapprove action,Political,3,-8.7,1199,154,154,-7.07,UKR,Ukraine,47.4242,30.2431,86.1,CRITICAL,"['Commodities', 'Regional Economy']"
100248615,2026-09-22,20260922,CL-ME-02,Strait of Hormuz Strategic Energy Chokepoint Alerts,Middle East / Persian Gulf,Naval Security Patrols,IRN,Global Oil Tanker Fleet,SAU,190,Use conventional military force,Conflict / Military,4,-9.2,110,169,539,-6.23,IRN,Iran,26.7006,57.0687,85.1,CRITICAL,"['Energy', 'Shipping', 'Regional Economy']"
100248616,2026-09-19,20260919,CL-AP-01,Taiwan Strait & East Asian Semiconductor Supply Alert,Asia-Pacific,People’s Liberation Army (Navy/Air),CHN,Taiwan Defense Units,TWN,150,Demonstrate military / strategic force posture,Conflict / Military,4,-5.4,1174,101,307,-2.96,TWN,Taiwan,25.1185,121.1333,75.7,CRITICAL,"['Energy', 'Shipping', 'Trade', 'Regional Economy']"
100248617,2026-09-26,20260926,CL-ME-02,Strait of Hormuz Strategic Energy Chokepoint Alerts,Middle East / Persian Gulf,Naval Security Patrols,IRN,Global Oil Tanker Fleet,SAU,190,Use conventional military force,Conflict / Military,4,-8.0,825,87,329,-5.3,IRN,Iran,27.4981,55.5316,83.5,CRITICAL,"['Energy', 'Shipping', 'Regional Economy']"
100248618,2026-09-10,20260910,CL-EU-01,Eastern Europe & Black Sea Grain Corridor Strain,Eastern Europe,Armed Forces of Ukraine,UKR,Russian Armed Forces,RUS,141,Demonstrate or conduct civil protest,Protest / Civil Unrest,3,-9.6,1384,97,607,-6.22,UKR,Ukraine,47.3167,31.0184,86.5,CRITICAL,"['Commodities', 'Regional Economy']"
100248619,2026-09-09,20260909,CL-ME-02,Strait of Hormuz Strategic Energy Chokepoint Alerts,Middle East / Persian Gulf,Naval Security Patrols,IRN,Global Oil Tanker Fleet,SAU,150,Demonstrate military / strategic force posture,Conflict / Military,4,-6.9,401,91,563,-4.6,IRN,Iran,26.0048,57.3979,79.3,CRITICAL,"['Energy', 'Shipping', 'Regional Economy']"
100248620,2026-09-06,20260906,CL-IN-01,India Northern Border Reconnaissance & Infrastructure Surveillance,South Asia,Indian Border Forces (ITBP/Army),IND,PLA Border Troops,CHN,196,Maritime military engagement / ship interdiction,Conflict / Military,4,-1.7,1275,68,518,-2.57,IND,India,33.7019,77.2786,67.1,HIGH,"['Energy', 'Shipping', 'Regional Economy']"
100248621,2026-09-20,20260920,CL-EU-01,Eastern Europe & Black Sea Grain Corridor Strain,Eastern Europe,Armed Forces of Ukraine,UKR,Russian Armed Forces,RUS,111,Formally condemn or disapprove action,Political,3,-9.7,1349,46,368,-6.22,UKR,Ukraine,47.5152,29.8188,85.7,CRITICAL,"['Commodities', 'Regional Economy']"
100248622,2026-10-01,20261001,CL-ME-01,Red Sea Maritime Corridor Disruption,Middle East / Bab-el-Mandeb,Houthi Maritime Units,YEM,International Commercial Vessels,USA,196,Maritime military engagement / ship interdiction,Conflict / Military,4,-7.7,1212,73,505,-6.81,YEM,Yemen,12.0404,42.5386,85.2,CRITICAL,"['Energy', 'Shipping', 'Regional Economy']"
100248623,2026-09-23,20260923,CL-AP-01,Taiwan Strait & East Asian Semiconductor Supply Alert,Asia-Pacific,People’s Liberation Army (Navy/Air),CHN,Taiwan Defense Units,TWN,150,Demonstrate military / strategic force posture,Conflict / Military,4,-5.5,1056,47,393,-3.4,TWN,Taiwan,23.3304,119.8307,75.4,CRITICAL,"['Energy', 'Shipping', 'Trade', 'Regional Economy']"
100248624,2026-09-15,20260915,CL-ME-02,Strait of Hormuz Strategic Energy Chokepoint Alerts,Middle East / Persian Gulf,Naval Security Patrols,IRN,Global Oil Tanker Fleet,SAU,040,Host diplomatic summit or high-level talks,Diplomatic,1,-6.4,201,149,203,-6.25,IRN,Iran,26.2098,55.4811,71.5,HIGH,"['Energy', 'Shipping', 'Regional Economy']"
100248625,2026-09-05,20260905,CL-AP-02,South China Sea Second Thomas Shoal Maritime Standoff,Asia-Pacific,China Coast Guard,CHN,Philippine Coast Guard & Resupply,PHL,196,Maritime military engagement / ship interdiction,Conflict / Military,4,-8.0,435,135,648,-4.08,PHL,PHL,8.9992,115.9292,81.5,CRITICAL,"['Energy', 'Shipping', 'Regional Economy']"
100248626,2026-09-07,20260907,CL-ME-02,Strait of Hormuz Strategic Energy Chokepoint Alerts,Middle East / Persian Gulf,Naval Security Patrols,IRN,Global Oil Tanker Fleet,SAU,190,Use conventional military force,Conflict / Military,4,-8.0,457,138,457,-5.63,IRN,Iran,27.4528,55.0846,83.7,CRITICAL,"['Energy', 'Shipping', 'Regional Economy']"
100248627,2026-10-03,20261003,CL-AP-02,South China Sea Second Thomas Shoal Maritime Standoff,Asia-Pacific,China Coast Guard,CHN,Philippine Coast Guard & Resupply,PHL,196,Maritime military engagement / ship interdiction,Conflict / Military,4,-8.2,901,91,34,-4.04,PHL,PHL,10.8363,116.3434,82.5,CRITICAL,"['Energy', 'Shipping', 'Regional Economy']"
100248628,2026-09-13,20260913,CL-ME-01,Red Sea Maritime Corridor Disruption,Middle East / Bab-el-Mandeb,Houthi Maritime Units,YEM,International Commercial Vessels,USA,196,Maritime military engagement / ship interdiction,Conflict / Military,4,-9.8,1337,29,59,-7.02,YEM,Yemen,12.158,44.6525,88.8,CRITICAL,"['Energy', 'Shipping', 'Regional Economy']"
100248629,2026-09-14,20260914,CL-ME-02,Strait of Hormuz Strategic Energy Chokepoint Alerts,Middle East / Persian Gulf,Naval Security Patrols,IRN,Global Oil Tanker Fleet,SAU,111,Formally condemn or disapprove action,Political,3,-7.1,45,48,566,-5.11,IRN,Iran,27.121,55.0182,73.8,HIGH,"['Energy', 'Shipping', 'Regional Economy']"
100248630,2026-09-05,20260905,CL-AP-01,Taiwan Strait & East Asian Semiconductor Supply Alert,Asia-Pacific,People’s Liberation Army (Navy/Air),CHN,Taiwan Defense Units,TWN,150,Demonstrate military / strategic force posture,Conflict / Military,4,-5.9,696,82,351,-4.24,TWN,Taiwan,23.7754,121.2434,77.4,CRITICAL,"['Energy', 'Shipping', 'Trade', 'Regional Economy']"
100248631,2026-09-07,20260907,CL-EU-01,Eastern Europe & Black Sea Grain Corridor Strain,Eastern Europe,Armed Forces of Ukraine,UKR,Russian Armed Forces,RUS,020,Appeal to international community or UN,Diplomatic,1,-9.2,258,12,92,-6.65,UKR,Ukraine,47.4303,30.0505,75.0,CRITICAL,"['Commodities', 'Regional Economy']"
100248632,2026-09-26,20260926,CL-IN-01,India Northern Border Reconnaissance & Infrastructure Surveillance,South Asia,Indian Border Forces (ITBP/Army),IND,PLA Border Troops,CHN,040,Host diplomatic summit or high-level talks,Diplomatic,1,-2.8,683,112,647,-2.8,IND,India,33.1683,76.3361,60.9,HIGH,"['Shipping', 'Regional Economy']"
100248633,2026-10-04,20261004,CL-ME-02,Strait of Hormuz Strategic Energy Chokepoint Alerts,Middle East / Persian Gulf,Naval Security Patrols,IRN,Global Oil Tanker Fleet,SAU,190,Use conventional military force,Conflict / Military,4,-7.1,926,147,32,-7.03,IRN,Iran,27.1595,55.7753,84.7,CRITICAL,"['Energy', 'Shipping', 'Regional Economy']"
100248634,2026-09-09,20260909,CL-ME-02,Strait of Hormuz Strategic Energy Chokepoint Alerts,Middle East / Persian Gulf,Naval Security Patrols,IRN,Global Oil Tanker Fleet,SAU,190,Use conventional military force,Conflict / Military,4,-7.3,87,130,220,-5.87,IRN,Iran,25.5197,55.1727,79.9,CRITICAL,"['Energy', 'Shipping', 'Regional Economy']"
100248635,2026-09-25,20260925,CL-ME-01,Red Sea Maritime Corridor Disruption,Middle East / Bab-el-Mandeb,Houthi Maritime Units,YEM,International Commercial Vessels,USA,196,Maritime military engagement / ship interdiction,Conflict / Military,4,-7.4,393,33,513,-7.88,YEM,Yemen,12.1249,43.3808,83.2,CRITICAL,"['Energy', 'Shipping', 'Regional Economy']"
100248636,2026-10-03,20261003,CL-EU-01,Eastern Europe & Black Sea Grain Corridor Strain,Eastern Europe,Armed Forces of Ukraine,UKR,Russian Armed Forces,RUS,194,Fight with artillery / rockets / missiles,Conflict / Military,4,-8.6,214,128,411,-6.38,UKR,Ukraine,45.7529,30.8019,84.7,CRITICAL,"['Energy', 'Commodities', 'Regional Economy']"
100248637,2026-09-10,20260910,CL-ME-02,Strait of Hormuz Strategic Energy Chokepoint Alerts,Middle East / Persian Gulf,Naval Security Patrols,IRN,Global Oil Tanker Fleet,SAU,190,Use conventional military force,Conflict / Military,4,-7.0,951,45,144,-6.36,IRN,Iran,25.8682,57.0732,82.1,CRITICAL,"['Energy', 'Shipping', 'Regional Economy']"
100248638,2026-09-23,20260923,CL-AP-01,Taiwan Strait & East Asian Semiconductor Supply Alert,Asia-Pacific,People’s Liberation Army (Navy/Air),CHN,Taiwan Defense Units,TWN,150,Demonstrate military / strategic force posture,Conflict / Military,4,-4.8,142,20,249,-4.22,TWN,Taiwan,22.8535,120.0269,70.8,HIGH,"['Energy', 'Shipping', 'Trade', 'Regional Economy']"
100248639,2026-09-26,20260926,CL-ME-01,Red Sea Maritime Corridor Disruption,Middle East / Bab-el-Mandeb,Houthi Maritime Units,YEM,International Commercial Vessels,USA,196,Maritime military engagement / ship interdiction,Conflict / Military,4,-7.7,1232,159,336,-5.89,YEM,Yemen,14.0655,42.678,85.0,CRITICAL,"['Energy', 'Shipping', 'Regional Economy']"
100248640,2026-09-16,20260916,CL-ME-02,Strait of Hormuz Strategic Energy Chokepoint Alerts,Middle East / Persian Gulf,Naval Security Patrols,IRN,Global Oil Tanker Fleet,SAU,190,Use conventional military force,Conflict / Military,4,-6.8,942,86,310,-6.63,IRN,Iran,26.3768,56.0159,82.9,CRITICAL,"['Energy', 'Shipping', 'Regional Economy']"
100248641,2026-09-20,20260920,CL-EU-01,Eastern Europe & Black Sea Grain Corridor Strain,Eastern Europe,Armed Forces of Ukraine,UKR,Russian Armed Forces,RUS,111,Formally condemn or disapprove action,Political,3,-10.0,273,39,616,-5.61,UKR,Ukraine,45.5996,32.1111,82.9,CRITICAL,"['Commodities', 'Regional Economy']"
100248642,2026-09-11,20260911,CL-AP-01,Taiwan Strait & East Asian Semiconductor Supply Alert,Asia-Pacific,People’s Liberation Army (Navy/Air),CHN,Taiwan Defense Units,TWN,150,Demonstrate military / strategic force posture,Conflict / Military,4,-4.3,130,113,33,-3.58,TWN,Taiwan,23.2086,119.8984,71.1,HIGH,"['Energy', 'Shipping', 'Trade', 'Regional Economy']"
100248643,2026-09-23,20260923,CL-EU-01,Eastern Europe & Black Sea Grain Corridor Strain,Eastern Europe,Armed Forces of Ukraine,UKR,Russian Armed Forces,RUS,111,Formally condemn or disapprove action,Political,3,-8.7,1156,149,385,-7.54,UKR,Ukraine,46.6451,29.8104,86.6,CRITICAL,"['Commodities', 'Regional Economy']"
100248644,2026-09-17,20260917,CL-ME-01,Red Sea Maritime Corridor Disruption,Middle East / Bab-el-Mandeb,Houthi Maritime Units,YEM,International Commercial Vessels,USA,196,Maritime military engagement / ship interdiction,Conflict / Military,4,-7.9,893,119,208,-8.46,YEM,Yemen,12.9343,43.5607,87.9,CRITICAL,"['Energy', 'Shipping', 'Regional Economy']"
100248645,2026-09-11,20260911,CL-ME-01,Red Sea Maritime Corridor Disruption,Middle East / Bab-el-Mandeb,Houthi Maritime Units,YEM,International Commercial Vessels,USA,150,Demonstrate military / strategic force posture,Conflict / Military,4,-8.6,664,36,116,-5.45,YEM,Yemen,12.5505,42.965,83.5,CRITICAL,"['Energy', 'Shipping', 'Regional Economy']"
100248646,2026-09-27,20260927,CL-EU-01,Eastern Europe & Black Sea Grain Corridor Strain,Eastern Europe,Armed Forces of Ukraine,UKR,Russian Armed Forces,RUS,194,Fight with artillery / rockets / missiles,Conflict / Military,4,-8.6,27,156,515,-8.25,UKR,Ukraine,46.8396,31.1654,84.3,CRITICAL,"['Energy', 'Commodities', 'Regional Economy']"
100248647,2026-09-15,20260915,CL-AP-02,South China Sea Second Thomas Shoal Maritime Standoff,Asia-Pacific,China Coast Guard,CHN,Philippine Coast Guard & Resupply,PHL,190,Use conventional military force,Conflict / Military,4,-6.7,585,20,220,-3.46,PHL,PHL,10.9053,114.8557,76.0,CRITICAL,"['Energy', 'Shipping', 'Regional Economy']"
100248648,2026-09-19,20260919,CL-ME-02,Strait of Hormuz Strategic Energy Chokepoint Alerts,Middle East / Persian Gulf,Naval Security Patrols,IRN,Global Oil Tanker Fleet,SAU,190,Use conventional military force,Conflict / Military,4,-7.2,296,9,135,-5.27,IRN,Iran,26.7858,56.0439,77.3,CRITICAL,"['Energy', 'Shipping', 'Regional Economy']"
100248649,2026-09-21,20260921,CL-AP-01,Taiwan Strait & East Asian Semiconductor Supply Alert,Asia-Pacific,People’s Liberation Army (Navy/Air),CHN,Taiwan Defense Units,TWN,040,Host diplomatic summit or high-level talks,Diplomatic,1,-5.1,160,28,614,-3.0,TWN,Taiwan,24.8702,121.1263,62.0,HIGH,"['Shipping', 'Trade', 'Regional Economy']"
100248650,2026-10-01,20261001,CL-AP-02,South China Sea Second Thomas Shoal Maritime Standoff,Asia-Pacific,China Coast Guard,CHN,Philippine Coast Guard & Resupply,PHL,196,Maritime military engagement / ship interdiction,Conflict / Military,4,-7.5,377,10,564,-4.23,PHL,PHL,9.8171,116.6647,77.1,CRITICAL,"['Energy', 'Shipping', 'Regional Economy']"
100248651,2026-10-03,20261003,CL-ME-02,Strait of Hormuz Strategic Energy Chokepoint Alerts,Middle East / Persian Gulf,Naval Security Patrols,IRN,Global Oil Tanker Fleet,SAU,190,Use conventional military force,Conflict / Military,4,-7.8,156,70,350,-6.94,IRN,Iran,27.5051,56.4843,82.4,CRITICAL,"['Energy', 'Shipping', 'Regional Economy']"
100248652,2026-09-09,20260909,CL-ME-02,Strait of Hormuz Strategic Energy Chokepoint Alerts,Middle East / Persian Gulf,Naval Security Patrols,IRN,Global Oil Tanker Fleet,SAU,060,Sign commercial or trade agreement,Economic / Trade,2,-6.8,271,4,646,-6.43,IRN,Iran,27.2711,56.9531,69.8,HIGH,"['Energy', 'Shipping', 'Trade', 'Regional Economy']"
100248653,2026-09-11,20260911,CL-ME-02,Strait of Hormuz Strategic Energy Chokepoint Alerts,Middle East / Persian Gulf,Naval Security Patrols,IRN,Global Oil Tanker Fleet,SAU,190,Use conventional military force,Conflict / Military,4,-7.7,735,136,464,-6.67,IRN,Iran,27.0865,55.4074,85.1,CRITICAL,"['Energy', 'Shipping', 'Regional Economy']"
100248654,2026-09-05,20260905,CL-AP-01,Taiwan Strait & East Asian Semiconductor Supply Alert,Asia-Pacific,People’s Liberation Army (Navy/Air),CHN,Taiwan Defense Units,TWN,150,Demonstrate military / strategic force posture,Conflict / Military,4,-5.7,415,67,547,-4.37,TWN,Taiwan,24.9668,121.8383,76.1,CRITICAL,"['Energy', 'Shipping', 'Trade', 'Regional Economy']"
100248655,2026-09-16,20260916,CL-ME-02,Strait of Hormuz Strategic Energy Chokepoint Alerts,Middle East / Persian Gulf,Naval Security Patrols,IRN,Global Oil Tanker Fleet,SAU,190,Use conventional military force,Conflict / Military,4,-7.0,206,180,416,-5.24,IRN,Iran,25.418,55.0505,80.2,CRITICAL,"['Energy', 'Shipping', 'Regional Economy']"
100248656,2026-09-11,20260911,CL-AP-01,Taiwan Strait & East Asian Semiconductor Supply Alert,Asia-Pacific,People’s Liberation Army (Navy/Air),CHN,Taiwan Defense Units,TWN,040,Host diplomatic summit or high-level talks,Diplomatic,1,-5.4,17,80,279,-6.02,TWN,Taiwan,24.3173,120.2039,64.6,HIGH,"['Shipping', 'Trade', 'Regional Economy']"
100248657,2026-09-19,20260919,CL-AP-02,South China Sea Second Thomas Shoal Maritime Standoff,Asia-Pacific,China Coast Guard,CHN,Philippine Coast Guard & Resupply,PHL,196,Maritime military engagement / ship interdiction,Conflict / Military,4,-6.2,482,34,430,-4.26,PHL,PHL,10.0839,115.3743,76.3,CRITICAL,"['Energy', 'Shipping', 'Regional Economy']"
100248658,2026-09-12,20260912,CL-ME-02,Strait of Hormuz Strategic Energy Chokepoint Alerts,Middle East / Persian Gulf,Naval Security Patrols,IRN,Global Oil Tanker Fleet,SAU,040,Host diplomatic summit or high-level talks,Diplomatic,1,-7.5,1133,14,340,-4.9,IRN,Iran,27.3882,56.4577,71.5,HIGH,"['Energy', 'Shipping', 'Regional Economy']"
100248659,2026-09-27,20260927,CL-EU-01,Eastern Europe & Black Sea Grain Corridor Strain,Eastern Europe,Armed Forces of Ukraine,UKR,Russian Armed Forces,RUS,194,Fight with artillery / rockets / missiles,Conflict / Military,4,-9.7,16,31,629,-8.22,UKR,Ukraine,45.7333,32.0434,83.7,CRITICAL,"['Energy', 'Commodities', 'Regional Economy']"
100248660,2026-10-04,20261004,CL-ME-02,Strait of Hormuz Strategic Energy Chokepoint Alerts,Middle East / Persian Gulf,Naval Security Patrols,IRN,Global Oil Tanker Fleet,SAU,141,Demonstrate or conduct civil protest,Protest / Civil Unrest,3,-8.0,218,7,145,-4.46,IRN,Iran,25.7279,57.3906,74.7,HIGH,"['Energy', 'Shipping', 'Regional Economy']"
100248661,2026-09-14,20260914,CL-ME-02,Strait of Hormuz Strategic Energy Chokepoint Alerts,Middle East / Persian Gulf,Naval Security Patrols,IRN,Global Oil Tanker Fleet,SAU,190,Use conventional military force,Conflict / Military,4,-7.7,627,130,498,-3.45,IRN,Iran,25.3349,56.1727,80.6,CRITICAL,"['Energy', 'Shipping', 'Regional Economy']"
100248662,2026-09-17,20260917,CL-ME-01,Red Sea Maritime Corridor Disruption,Middle East / Bab-el-Mandeb,Houthi Maritime Units,YEM,International Commercial Vessels,USA,196,Maritime military engagement / ship interdiction,Conflict / Military,4,-8.5,1133,177,24,-7.43,YEM,Yemen,13.4002,44.2177,88.7,CRITICAL,"['Energy', 'Shipping', 'Regional Economy']"
100248663,2026-09-16,20260916,CL-IN-01,India Northern Border Reconnaissance & Infrastructure Surveillance,South Asia,Indian Border Forces (ITBP/Army),IND,PLA Border Troops,CHN,141,Demonstrate or conduct civil protest,Protest / Civil Unrest,3,-2.8,308,160,504,-3.38,IND,India,34.5762,78.3955,66.9,HIGH,"['Shipping', 'Regional Economy']"
100248664,2026-09-16,20260916,CL-AP-01,Taiwan Strait & East Asian Semiconductor Supply Alert,Asia-Pacific,People’s Liberation Army (Navy/Air),CHN,Taiwan Defense Units,TWN,150,Demonstrate military / strategic force posture,Conflict / Military,4,-4.9,249,66,180,-3.71,TWN,Taiwan,24.8985,122.0439,72.8,HIGH,"['Energy', 'Shipping', 'Trade', 'Regional Economy']"
100248665,2026-09-29,20260929,CL-EU-01,Eastern Europe & Black Sea Grain Corridor Strain,Eastern Europe,Armed Forces of Ukraine,UKR,Russian Armed Forces,RUS,194,Fight with artillery / rockets / missiles,Conflict / Military,4,-7.8,190,169,73,-6.51,UKR,Ukraine,46.394,31.1126,83.3,CRITICAL,"['Energy', 'Commodities', 'Regional Economy']"
100248666,2026-09-20,20260920,CL-ME-01,Red Sea Maritime Corridor Disruption,Middle East / Bab-el-Mandeb,Houthi Maritime Units,YEM,International Commercial Vessels,USA,150,Demonstrate military / strategic force posture,Conflict / Military,4,-7.3,964,4,385,-7.74,YEM,Yemen,13.8507,43.9688,81.4,CRITICAL,"['Energy', 'Shipping', 'Regional Economy']"
100248667,2026-09-29,20260929,CL-AP-02,South China Sea Second Thomas Shoal Maritime Standoff,Asia-Pacific,China Coast Guard,CHN,Philippine Coast Guard & Resupply,PHL,196,Maritime military engagement / ship interdiction,Conflict / Military,4,-7.6,39,50,326,-6.1,PHL,PHL,8.6166,116.6568,78.4,CRITICAL,"['Energy', 'Shipping', 'Regional Economy']"
100248668,2026-09-16,20260916,CL-ME-01,Red Sea Maritime Corridor Disruption,Middle East / Bab-el-Mandeb,Houthi Maritime Units,YEM,International Commercial Vessels,USA,193,Fight with small arms and light weapons,Conflict / Military,4,-8.8,548,68,478,-6.98,YEM,Yemen,12.4581,43.5652,86.4,CRITICAL,"['Energy', 'Shipping', 'Regional Economy']"
100248669,2026-09-09,20260909,CL-EU-01,Eastern Europe & Black Sea Grain Corridor Strain,Eastern Europe,Armed Forces of Ukraine,UKR,Russian Armed Forces,RUS,194,Fight with artillery / rockets / missiles,Conflict / Military,4,-8.4,618,109,337,-7.14,UKR,Ukraine,47.0146,31.4268,86.6,CRITICAL,"['Energy', 'Commodities', 'Regional Economy']"
100248670,2026-09-13,20260913,CL-AP-01,Taiwan Strait & East Asian Semiconductor Supply Alert,Asia-Pacific,People’s Liberation Army (Navy/Air),CHN,Taiwan Defense Units,TWN,150,Demonstrate military / strategic force posture,Conflict / Military,4,-4.2,565,146,308,-4.44,TWN,Taiwan,23.4792,121.7635,74.5,HIGH,"['Energy', 'Shipping', 'Trade', 'Regional Economy']"
100248671,2026-09-16,20260916,CL-AP-02,South China Sea Second Thomas Shoal Maritime Standoff,Asia-Pacific,China Coast Guard,CHN,Philippine Coast Guard & Resupply,PHL,190,Use conventional military force,Conflict / Military,4,-6.6,1113,50,29,-4.7,PHL,PHL,8.9041,115.6711,79.5,CRITICAL,"['Energy', 'Shipping', 'Regional Economy']"
100248672,2026-09-18,20260918,CL-IN-01,India Northern Border Reconnaissance & Infrastructure Surveillance,South Asia,Indian Border Forces (ITBP/Army),IND,PLA Border Troops,CHN,040,Host diplomatic summit or high-level talks,Diplomatic,1,-1.9,550,149,555,-2.93,IND,India,33.9518,77.1162,59.2,HIGH,"['Shipping', 'Regional Economy']"
100248673,2026-09-19,20260919,CL-AP-01,Taiwan Strait & East Asian Semiconductor Supply Alert,Asia-Pacific,People’s Liberation Army (Navy/Air),CHN,Taiwan Defense Units,TWN,040,Host diplomatic summit or high-level talks,Diplomatic,1,-5.6,890,47,451,-5.58,TWN,Taiwan,23.9467,122.1502,69.6,HIGH,"['Shipping', 'Trade', 'Regional Economy']"
100248674,2026-09-04,20260904,CL-EU-01,Eastern Europe & Black Sea Grain Corridor Strain,Eastern Europe,Armed Forces of Ukraine,UKR,Russian Armed Forces,RUS,194,Fight with artillery / rockets / missiles,Conflict / Military,4,-9.7,439,74,263,-6.53,UKR,Ukraine,47.0246,30.7475,87.5,CRITICAL,"['Energy', 'Commodities', 'Regional Economy']"
100248675,2026-10-03,20261003,CL-ME-02,Strait of Hormuz Strategic Energy Chokepoint Alerts,Middle East / Persian Gulf,Naval Security Patrols,IRN,Global Oil Tanker Fleet,SAU,190,Use conventional military force,Conflict / Military,4,-7.7,1032,124,611,-3.41,IRN,Iran,26.228,56.1359,81.2,CRITICAL,"['Energy', 'Shipping', 'Regional Economy']"
100248676,2026-09-18,20260918,CL-AP-02,South China Sea Second Thomas Shoal Maritime Standoff,Asia-Pacific,China Coast Guard,CHN,Philippine Coast Guard & Resupply,PHL,141,Demonstrate or conduct civil protest,Protest / Civil Unrest,3,-5.7,1006,67,429,-4.01,PHL,PHL,10.9829,115.9778,74.5,HIGH,"['Shipping', 'Regional Economy']"
100248677,2026-09-14,20260914,CL-ME-02,Strait of Hormuz Strategic Energy Chokepoint Alerts,Middle East / Persian Gulf,Naval Security Patrols,IRN,Global Oil Tanker Fleet,SAU,190,Use conventional military force,Conflict / Military,4,-7.6,1326,71,226,-6.31,IRN,Iran,27.597,55.4943,84.4,CRITICAL,"['Energy', 'Shipping', 'Regional Economy']"
100248678,2026-09-11,20260911,CL-EU-01,Eastern Europe & Black Sea Grain Corridor Strain,Eastern Europe,Armed Forces of Ukraine,UKR,Russian Armed Forces,RUS,194,Fight with artillery / rockets / missiles,Conflict / Military,4,-8.8,303,72,15,-7.18,UKR,Ukraine,46.5342,32.0928,85.9,CRITICAL,"['Energy', 'Commodities', 'Regional Economy']"
100248679,2026-09-22,20260922,CL-ME-01,Red Sea Maritime Corridor Disruption,Middle East / Bab-el-Mandeb,Houthi Maritime Units,YEM,International Commercial Vessels,USA,196,Maritime military engagement / ship interdiction,Conflict / Military,4,-7.3,1293,121,593,-6.25,YEM,Yemen,11.9762,44.0336,84.4,CRITICAL,"['Energy', 'Shipping', 'Regional Economy']"
100248680,2026-09-13,20260913,CL-EU-01,Eastern Europe & Black Sea Grain Corridor Strain,Eastern Europe,Armed Forces of Ukraine,UKR,Russian Armed Forces,RUS,193,Fight with small arms and light weapons,Conflict / Military,4,-9.9,1358,77,304,-9.08,UKR,Ukraine,47.4733,30.9085,93.0,CRITICAL,"['Energy', 'Commodities', 'Regional Economy']"
100248681,2026-09-08,20260908,CL-ME-01,Red Sea Maritime Corridor Disruption,Middle East / Bab-el-Mandeb,Houthi Maritime Units,YEM,International Commercial Vessels,USA,196,Maritime military engagement / ship interdiction,Conflict / Military,4,-8.4,420,129,188,-6.57,YEM,Yemen,12.9426,42.4694,85.5,CRITICAL,"['Energy', 'Shipping', 'Regional Economy']"
100248682,2026-09-27,20260927,CL-AP-01,Taiwan Strait & East Asian Semiconductor Supply Alert,Asia-Pacific,People’s Liberation Army (Navy/Air),CHN,Taiwan Defense Units,TWN,196,Maritime military engagement / ship interdiction,Conflict / Military,4,-6.6,936,104,241,-4.29,TWN,Taiwan,24.7459,120.5914,79.7,CRITICAL,"['Energy', 'Shipping', 'Trade', 'Regional Economy']"
100248683,2026-09-16,20260916,CL-ME-02,Strait of Hormuz Strategic Energy Chokepoint Alerts,Middle East / Persian Gulf,Naval Security Patrols,IRN,Global Oil Tanker Fleet,SAU,141,Demonstrate or conduct civil protest,Protest / Civil Unrest,3,-6.6,924,111,70,-4.37,IRN,Iran,27.0973,56.237,77.3,CRITICAL,"['Energy', 'Shipping', 'Regional Economy']"
100248684,2026-10-01,20261001,CL-EU-01,Eastern Europe & Black Sea Grain Corridor Strain,Eastern Europe,Armed Forces of Ukraine,UKR,Russian Armed Forces,RUS,193,Fight with small arms and light weapons,Conflict / Military,4,-9.8,525,25,453,-8.86,UKR,Ukraine,45.8418,31.8226,89.6,CRITICAL,"['Energy', 'Commodities', 'Regional Economy']"
100248685,2026-09-06,20260906,CL-AP-01,Taiwan Strait & East Asian Semiconductor Supply Alert,Asia-Pacific,People’s Liberation Army (Navy/Air),CHN,Taiwan Defense Units,TWN,150,Demonstrate military / strategic force posture,Conflict / Military,4,-5.1,1341,39,43,-3.52,TWN,Taiwan,23.5881,121.5032,74.8,HIGH,"['Energy', 'Shipping', 'Trade', 'Regional Economy']"
100248686,2026-09-24,20260924,CL-ME-01,Red Sea Maritime Corridor Disruption,Middle East / Bab-el-Mandeb,Houthi Maritime Units,YEM,International Commercial Vessels,USA,196,Maritime military engagement / ship interdiction,Conflict / Military,4,-9.4,1270,9,43,-5.55,YEM,Yemen,13.2362,43.9942,84.5,CRITICAL,"['Energy', 'Shipping', 'Regional Economy']"
100248687,2026-09-20,20260920,CL-ME-02,Strait of Hormuz Strategic Energy Chokepoint Alerts,Middle East / Persian Gulf,Naval Security Patrols,IRN,Global Oil Tanker Fleet,SAU,190,Use conventional military force,Conflict / Military,4,-8.0,1156,57,54,-6.95,IRN,Iran,27.1141,55.753,85.6,CRITICAL,"['Energy', 'Shipping', 'Regional Economy']"
100248688,2026-09-26,20260926,CL-EU-01,Eastern Europe & Black Sea Grain Corridor Strain,Eastern Europe,Armed Forces of Ukraine,UKR,Russian Armed Forces,RUS,020,Appeal to international community or UN,Diplomatic,1,-10.0,1126,93,227,-8.87,UKR,Ukraine,47.5123,29.8774,84.4,CRITICAL,"['Commodities', 'Regional Economy']"
100248689,2026-09-04,20260904,CL-ME-02,Strait of Hormuz Strategic Energy Chokepoint Alerts,Middle East / Persian Gulf,Naval Security Patrols,IRN,Global Oil Tanker Fleet,SAU,193,Fight with small arms and light weapons,Conflict / Military,4,-6.3,735,159,612,-3.64,IRN,Iran,26.4942,55.817,78.4,CRITICAL,"['Energy', 'Shipping', 'Regional Economy']"
100248690,2026-09-13,20260913,CL-ME-01,Red Sea Maritime Corridor Disruption,Middle East / Bab-el-Mandeb,Houthi Maritime Units,YEM,International Commercial Vessels,USA,196,Maritime military engagement / ship interdiction,Conflict / Military,4,-8.9,644,139,396,-6.44,YEM,Yemen,12.9701,44.264,87.1,CRITICAL,"['Energy', 'Shipping', 'Regional Economy']"
100248691,2026-09-19,20260919,CL-ME-02,Strait of Hormuz Strategic Energy Chokepoint Alerts,Middle East / Persian Gulf,Naval Security Patrols,IRN,Global Oil Tanker Fleet,SAU,190,Use conventional military force,Conflict / Military,4,-6.7,694,17,187,-4.58,IRN,Iran,27.3946,55.5822,77.5,CRITICAL,"['Energy', 'Shipping', 'Regional Economy']"
100248692,2026-09-24,20260924,CL-AP-01,Taiwan Strait & East Asian Semiconductor Supply Alert,Asia-Pacific,People’s Liberation Army (Navy/Air),CHN,Taiwan Defense Units,TWN,111,Formally condemn or disapprove action,Political,3,-4.9,701,168,150,-4.36,TWN,Taiwan,24.0851,120.5874,73.9,HIGH,"['Shipping', 'Trade', 'Regional Economy']"
100248693,2026-09-27,20260927,CL-ME-02,Strait of Hormuz Strategic Energy Chokepoint Alerts,Middle East / Persian Gulf,Naval Security Patrols,IRN,Global Oil Tanker Fleet,SAU,190,Use conventional military force,Conflict / Military,4,-6.4,93,110,559,-5.26,IRN,Iran,26.9823,55.9531,77.1,CRITICAL,"['Energy', 'Shipping', 'Regional Economy']"
100248694,2026-09-23,20260923,CL-EU-01,Eastern Europe & Black Sea Grain Corridor Strain,Eastern Europe,Armed Forces of Ukraine,UKR,Russian Armed Forces,RUS,194,Fight with artillery / rockets / missiles,Conflict / Military,4,-10.0,597,16,436,-5.56,UKR,Ukraine,47.2367,31.0203,85.4,CRITICAL,"['Energy', 'Commodities', 'Regional Economy']"
100248695,2026-09-27,20260927,CL-ME-01,Red Sea Maritime Corridor Disruption,Middle East / Bab-el-Mandeb,Houthi Maritime Units,YEM,International Commercial Vessels,USA,196,Maritime military engagement / ship interdiction,Conflict / Military,4,-8.8,1309,99,166,-7.75,YEM,Yemen,12.617,44.6619,89.2,CRITICAL,"['Energy', 'Shipping', 'Regional Economy']"
100248696,2026-10-01,20261001,CL-EU-01,Eastern Europe & Black Sea Grain Corridor Strain,Eastern Europe,Armed Forces of Ukraine,UKR,Russian Armed Forces,RUS,194,Fight with artillery / rockets / missiles,Conflict / Military,4,-8.1,643,113,183,-6.1,UKR,Ukraine,45.7619,29.8743,84.7,CRITICAL,"['Energy', 'Commodities', 'Regional Economy']"
100248697,2026-09-25,20260925,CL-ME-01,Red Sea Maritime Corridor Disruption,Middle East / Bab-el-Mandeb,Houthi Maritime Units,YEM,International Commercial Vessels,USA,141,Demonstrate or conduct civil protest,Protest / Civil Unrest,3,-8.1,812,53,195,-6.64,YEM,Yemen,13.2658,42.5684,82.3,CRITICAL,"['Energy', 'Shipping', 'Regional Economy']"
100248698,2026-09-05,20260905,CL-ME-02,Strait of Hormuz Strategic Energy Chokepoint Alerts,Middle East / Persian Gulf,Naval Security Patrols,IRN,Global Oil Tanker Fleet,SAU,190,Use conventional military force,Conflict / Military,4,-7.2,815,7,542,-5.19,IRN,Iran,25.6991,55.7342,78.4,CRITICAL,"['Energy', 'Shipping', 'Regional Economy']"
100248699,2026-09-24,20260924,CL-ME-02,Strait of Hormuz Strategic Energy Chokepoint Alerts,Middle East / Persian Gulf,Naval Security Patrols,IRN,Global Oil Tanker Fleet,SAU,111,Formally condemn or disapprove action,Political,3,-9.2,850,83,300,-3.72,IRN,Iran,27.1483,55.1246,81.5,CRITICAL,"['Energy', 'Shipping', 'Regional Economy']"
100248700,2026-09-16,20260916,CL-ME-01,Red Sea Maritime Corridor Disruption,Middle East / Bab-el-Mandeb,Houthi Maritime Units,YEM,International Commercial Vessels,USA,196,Maritime military engagement / ship interdiction,Conflict / Military,4,-9.9,498,139,581,-6.66,YEM,Yemen,13.1844,42.6049,89.1,CRITICAL,"['Energy', 'Shipping', 'Regional Economy']"
100248701,2026-09-09,20260909,CL-IN-01,India Northern Border Reconnaissance & Infrastructure Surveillance,South Asia,Indian Border Forces (ITBP/Army),IND,PLA Border Troops,CHN,040,Host diplomatic summit or high-level talks,Diplomatic,1,-1.3,724,90,589,-1.68,IND,India,34.2822,76.8049,56.1,HIGH,"['Shipping', 'Regional Economy']"
100248702,2026-09-29,20260929,CL-EU-01,Eastern Europe & Black Sea Grain Corridor Strain,Eastern Europe,Armed Forces of Ukraine,UKR,Russian Armed Forces,RUS,194,Fight with artillery / rockets / missiles,Conflict / Military,4,-7.9,240,36,100,-7.58,UKR,Ukraine,45.9618,30.7998,83.3,CRITICAL,"['Energy', 'Commodities', 'Regional Economy']"
100248703,2026-09-29,20260929,CL-AP-01,Taiwan Strait & East Asian Semiconductor Supply Alert,Asia-Pacific,People’s Liberation Army (Navy/Air),CHN,Taiwan Defense Units,TWN,150,Demonstrate military / strategic force posture,Conflict / Military,4,-5.4,1372,70,104,-6.01,TWN,Taiwan,23.4111,120.4468,79.4,CRITICAL,"['Energy', 'Shipping', 'Trade', 'Regional Economy']"
100248704,2026-09-28,20260928,CL-EU-01,Eastern Europe & Black Sea Grain Corridor Strain,Eastern Europe,Armed Forces of Ukraine,UKR,Russian Armed Forces,RUS,194,Fight with artillery / rockets / missiles,Conflict / Military,4,-9.0,1251,4,198,-6.6,UKR,Ukraine,46.8173,31.6563,83.9,CRITICAL,"['Energy', 'Commodities', 'Regional Economy']"
100248705,2026-10-03,20261003,CL-AP-01,Taiwan Strait & East Asian Semiconductor Supply Alert,Asia-Pacific,People’s Liberation Army (Navy/Air),CHN,Taiwan Defense Units,TWN,150,Demonstrate military / strategic force posture,Conflict / Military,4,-6.6,1320,141,124,-4.95,TWN,Taiwan,24.0902,121.7967,81.4,CRITICAL,"['Energy', 'Shipping', 'Trade', 'Regional Economy']"
100248706,2026-10-01,20261001,CL-AP-02,South China Sea Second Thomas Shoal Maritime Standoff,Asia-Pacific,China Coast Guard,CHN,Philippine Coast Guard & Resupply,PHL,196,Maritime military engagement / ship interdiction,Conflict / Military,4,-6.7,661,77,252,-4.11,PHL,PHL,8.8551,116.9299,78.7,CRITICAL,"['Energy', 'Shipping', 'Regional Economy']"
100248707,2026-09-14,20260914,CL-EU-01,Eastern Europe & Black Sea Grain Corridor Strain,Eastern Europe,Armed Forces of Ukraine,UKR,Russian Armed Forces,RUS,194,Fight with artillery / rockets / missiles,Conflict / Military,4,-8.5,855,18,201,-5.63,UKR,Ukraine,46.8,31.55,83.0,CRITICAL,"['Energy', 'Commodities', 'Regional Economy']"
100248708,2026-09-04,20260904,CL-AP-01,Taiwan Strait & East Asian Semiconductor Supply Alert,Asia-Pacific,People’s Liberation Army (Navy/Air),CHN,Taiwan Defense Units,TWN,150,Demonstrate military / strategic force posture,Conflict / Military,4,-6.6,1177,68,437,-4.72,TWN,Taiwan,24.1804,121.7427,80.0,CRITICAL,"['Energy', 'Shipping', 'Trade', 'Regional Economy']"
100248709,2026-09-26,20260926,CL-ME-01,Red Sea Maritime Corridor Disruption,Middle East / Bab-el-Mandeb,Houthi Maritime Units,YEM,International Commercial Vessels,USA,196,Maritime military engagement / ship interdiction,Conflict / Military,4,-8.4,1122,164,147,-7.69,YEM,Yemen,14.0742,43.7093,88.7,CRITICAL,"['Energy', 'Shipping', 'Regional Economy']"
100248710,2026-09-24,20260924,CL-ME-02,Strait of Hormuz Strategic Energy Chokepoint Alerts,Middle East / Persian Gulf,Naval Security Patrols,IRN,Global Oil Tanker Fleet,SAU,196,Maritime military engagement / ship interdiction,Conflict / Military,4,-9.0,359,178,124,-7.19,IRN,Iran,26.0596,56.7977,87.7,CRITICAL,"['Energy', 'Shipping', 'Regional Economy']"
100248711,2026-09-28,20260928,CL-AP-02,South China Sea Second Thomas Shoal Maritime Standoff,Asia-Pacific,China Coast Guard,CHN,Philippine Coast Guard & Resupply,PHL,196,Maritime military engagement / ship interdiction,Conflict / Military,4,-5.3,473,89,327,-3.35,PHL,PHL,10.8533,115.1915,74.5,HIGH,"['Energy', 'Shipping', 'Regional Economy']"
100248712,2026-09-17,20260917,CL-ME-02,Strait of Hormuz Strategic Energy Chokepoint Alerts,Middle East / Persian Gulf,Naval Security Patrols,IRN,Global Oil Tanker Fleet,SAU,060,Sign commercial or trade agreement,Economic / Trade,2,-6.6,456,171,377,-6.14,IRN,Iran,25.8927,56.4648,74.6,HIGH,"['Energy', 'Shipping', 'Trade', 'Regional Economy']"
100248713,2026-09-20,20260920,CL-ME-01,Red Sea Maritime Corridor Disruption,Middle East / Bab-el-Mandeb,Houthi Maritime Units,YEM,International Commercial Vessels,USA,196,Maritime military engagement / ship interdiction,Conflict / Military,4,-9.3,128,159,644,-7.84,YEM,Yemen,12.5396,44.2643,87.5,CRITICAL,"['Energy', 'Shipping', 'Regional Economy']"
100248714,2026-09-10,20260910,CL-ME-02,Strait of Hormuz Strategic Energy Chokepoint Alerts,Middle East / Persian Gulf,Naval Security Patrols,IRN,Global Oil Tanker Fleet,SAU,040,Host diplomatic summit or high-level talks,Diplomatic,1,-7.4,130,75,171,-4.18,IRN,Iran,27.2588,55.8503,69.3,HIGH,"['Energy', 'Shipping', 'Regional Economy']"
100248715,2026-09-19,20260919,CL-AP-01,Taiwan Strait & East Asian Semiconductor Supply Alert,Asia-Pacific,People’s Liberation Army (Navy/Air),CHN,Taiwan Defense Units,TWN,150,Demonstrate military / strategic force posture,Conflict / Military,4,-6.4,648,141,82,-2.68,TWN,Taiwan,25.0498,120.5036,77.0,CRITICAL,"['Energy', 'Shipping', 'Trade', 'Regional Economy']"
100248716,2026-09-24,20260924,CL-ME-02,Strait of Hormuz Strategic Energy Chokepoint Alerts,Middle East / Persian Gulf,Naval Security Patrols,IRN,Global Oil Tanker Fleet,SAU,190,Use conventional military force,Conflict / Military,4,-7.8,326,141,68,-3.88,IRN,Iran,26.0051,56.2657,80.5,CRITICAL,"['Energy', 'Shipping', 'Regional Economy']"
100248717,2026-09-15,20260915,CL-ME-01,Red Sea Maritime Corridor Disruption,Middle East / Bab-el-Mandeb,Houthi Maritime Units,YEM,International Commercial Vessels,USA,020,Appeal to international community or UN,Diplomatic,1,-9.2,877,104,165,-4.84,YEM,Yemen,13.2037,42.5409,77.2,CRITICAL,"['Energy', 'Shipping', 'Regional Economy']"
100248718,2026-09-14,20260914,CL-ME-01,Red Sea Maritime Corridor Disruption,Middle East / Bab-el-Mandeb,Houthi Maritime Units,YEM,International Commercial Vessels,USA,196,Maritime military engagement / ship interdiction,Conflict / Military,4,-7.6,408,68,482,-5.56,YEM,Yemen,12.9622,43.9622,81.6,CRITICAL,"['Energy', 'Shipping', 'Regional Economy']"
100248719,2026-09-12,20260912,CL-ME-01,Red Sea Maritime Corridor Disruption,Middle East / Bab-el-Mandeb,Houthi Maritime Units,YEM,International Commercial Vessels,USA,196,Maritime military engagement / ship interdiction,Conflict / Military,4,-9.8,796,124,524,-6.58,YEM,Yemen,13.5954,43.479,89.4,CRITICAL,"['Energy', 'Shipping', 'Regional Economy']"
100248720,2026-10-01,20261001,CL-EU-01,Eastern Europe & Black Sea Grain Corridor Strain,Eastern Europe,Armed Forces of Ukraine,UKR,Russian Armed Forces,RUS,194,Fight with artillery / rockets / missiles,Conflict / Military,4,-8.0,1131,79,525,-7.81,UKR,Ukraine,45.7313,31.1926,87.1,CRITICAL,"['Energy', 'Commodities', 'Regional Economy']"
100248721,2026-09-29,20260929,CL-EU-01,Eastern Europe & Black Sea Grain Corridor Strain,Eastern Europe,Armed Forces of Ukraine,UKR,Russian Armed Forces,RUS,194,Fight with artillery / rockets / missiles,Conflict / Military,4,-8.3,827,47,598,-5.56,UKR,Ukraine,45.5386,30.2444,83.7,CRITICAL,"['Energy', 'Commodities', 'Regional Economy']"
100248722,2026-09-28,20260928,CL-EU-01,Eastern Europe & Black Sea Grain Corridor Strain,Eastern Europe,Armed Forces of Ukraine,UKR,Russian Armed Forces,RUS,194,Fight with artillery / rockets / missiles,Conflict / Military,4,-8.3,530,81,524,-6.74,UKR,Ukraine,46.0074,30.7712,85.3,CRITICAL,"['Energy', 'Commodities', 'Regional Economy']"
100248723,2026-09-15,20260915,CL-ME-01,Red Sea Maritime Corridor Disruption,Middle East / Bab-el-Mandeb,Houthi Maritime Units,YEM,International Commercial Vessels,USA,194,Fight with artillery / rockets / missiles,Conflict / Military,4,-7.7,1266,128,590,-8.79,YEM,Yemen,12.8454,43.9916,88.5,CRITICAL,"['Energy', 'Shipping', 'Regional Economy']"
100248724,2026-09-27,20260927,CL-ME-01,Red Sea Maritime Corridor Disruption,Middle East / Bab-el-Mandeb,Houthi Maritime Units,YEM,International Commercial Vessels,USA,196,Maritime military engagement / ship interdiction,Conflict / Military,4,-9.1,1076,111,123,-6.07,YEM,Yemen,11.867,44.0514,87.5,CRITICAL,"['Energy', 'Shipping', 'Regional Economy']"
100248725,2026-09-07,20260907,CL-ME-02,Strait of Hormuz Strategic Energy Chokepoint Alerts,Middle East / Persian Gulf,Naval Security Patrols,IRN,Global Oil Tanker Fleet,SAU,190,Use conventional military force,Conflict / Military,4,-9.2,1362,117,150,-4.81,IRN,Iran,27.0216,56.0657,86.5,CRITICAL,"['Energy', 'Shipping', 'Regional Economy']"
100248726,2026-09-22,20260922,CL-ME-02,Strait of Hormuz Strategic Energy Chokepoint Alerts,Middle East / Persian Gulf,Naval Security Patrols,IRN,Global Oil Tanker Fleet,SAU,190,Use conventional military force,Conflict / Military,4,-8.6,648,123,95,-5.26,IRN,Iran,25.7998,56.0137,84.8,CRITICAL,"['Energy', 'Shipping', 'Regional Economy']"
100248727,2026-09-21,20260921,CL-AP-01,Taiwan Strait & East Asian Semiconductor Supply Alert,Asia-Pacific,People’s Liberation Army (Navy/Air),CHN,Taiwan Defense Units,TWN,194,Fight with artillery / rockets / missiles,Conflict / Military,4,-5.4,248,138,205,-5.83,TWN,Taiwan,23.3766,121.759,77.5,CRITICAL,"['Energy', 'Shipping', 'Trade', 'Regional Economy']"
100248728,2026-09-27,20260927,CL-IN-01,India Northern Border Reconnaissance & Infrastructure Surveillance,South Asia,Indian Border Forces (ITBP/Army),IND,PLA Border Troops,CHN,040,Host diplomatic summit or high-level talks,Diplomatic,1,-2.7,1180,131,80,-0.94,IND,India,34.659,77.7993,59.3,HIGH,"['Shipping', 'Regional Economy']"
100248729,2026-09-13,20260913,CL-EU-01,Eastern Europe & Black Sea Grain Corridor Strain,Eastern Europe,Armed Forces of Ukraine,UKR,Russian Armed Forces,RUS,194,Fight with artillery / rockets / missiles,Conflict / Military,4,-8.0,944,172,507,-7.33,UKR,Ukraine,46.9137,30.4411,87.2,CRITICAL,"['Energy', 'Commodities', 'Regional Economy']"
100248730,2026-09-20,20260920,CL-IN-01,India Northern Border Reconnaissance & Infrastructure Surveillance,South Asia,Indian Border Forces (ITBP/Army),IND,PLA Border Troops,CHN,190,Use conventional military force,Conflict / Military,4,-3.1,524,156,139,-0.73,IND,India,34.5471,77.7497,67.4,HIGH,"['Energy', 'Shipping', 'Regional Economy']"
100248731,2026-09-05,20260905,CL-ME-01,Red Sea Maritime Corridor Disruption,Middle East / Bab-el-Mandeb,Houthi Maritime Units,YEM,International Commercial Vessels,USA,020,Appeal to international community or UN,Diplomatic,1,-7.6,297,168,111,-5.53,YEM,Yemen,11.9691,43.9641,73.8,HIGH,"['Energy', 'Shipping', 'Regional Economy']"
100248732,2026-09-13,20260913,CL-ME-02,Strait of Hormuz Strategic Energy Chokepoint Alerts,Middle East / Persian Gulf,Naval Security Patrols,IRN,Global Oil Tanker Fleet,SAU,194,Fight with artillery / rockets / missiles,Conflict / Military,4,-9.2,334,13,83,-5.9,IRN,Iran,26.315,56.6649,83.0,CRITICAL,"['Energy', 'Shipping', 'Regional Economy']"
100248733,2026-09-04,20260904,CL-ME-01,Red Sea Maritime Corridor Disruption,Middle East / Bab-el-Mandeb,Houthi Maritime Units,YEM,International Commercial Vessels,USA,194,Fight with artillery / rockets / missiles,Conflict / Military,4,-8.0,231,180,530,-6.52,YEM,Yemen,12.6726,43.3636,84.1,CRITICAL,"['Energy', 'Shipping', 'Regional Economy']"
100248734,2026-09-20,20260920,CL-ME-02,Strait of Hormuz Strategic Energy Chokepoint Alerts,Middle East / Persian Gulf,Naval Security Patrols,IRN,Global Oil Tanker Fleet,SAU,190,Use conventional military force,Conflict / Military,4,-8.7,241,75,116,-5.21,IRN,Iran,26.8343,56.2009,82.8,CRITICAL,"['Energy', 'Shipping', 'Regional Economy']"
100248735,2026-09-21,20260921,CL-ME-02,Strait of Hormuz Strategic Energy Chokepoint Alerts,Middle East / Persian Gulf,Naval Security Patrols,IRN,Global Oil Tanker Fleet,SAU,190,Use conventional military force,Conflict / Military,4,-9.0,439,179,373,-3.62,IRN,Iran,27.1516,56.3797,83.4,CRITICAL,"['Energy', 'Shipping', 'Regional Economy']"
100248736,2026-10-02,20261002,CL-ME-01,Red Sea Maritime Corridor Disruption,Middle East / Bab-el-Mandeb,Houthi Maritime Units,YEM,International Commercial Vessels,USA,150,Demonstrate military / strategic force posture,Conflict / Military,4,-9.1,979,49,70,-6.89,YEM,Yemen,13.4579,42.6665,87.4,CRITICAL,"['Energy', 'Shipping', 'Regional Economy']"
100248737,2026-09-16,20260916,CL-ME-01,Red Sea Maritime Corridor Disruption,Middle East / Bab-el-Mandeb,Houthi Maritime Units,YEM,International Commercial Vessels,USA,196,Maritime military engagement / ship interdiction,Conflict / Military,4,-8.1,918,35,464,-6.19,YEM,Yemen,14.0018,44.6825,83.8,CRITICAL,"['Energy', 'Shipping', 'Regional Economy']"
100248738,2026-09-15,20260915,CL-EU-01,Eastern Europe & Black Sea Grain Corridor Strain,Eastern Europe,Armed Forces of Ukraine,UKR,Russian Armed Forces,RUS,194,Fight with artillery / rockets / missiles,Conflict / Military,4,-8.7,557,69,234,-8.67,UKR,Ukraine,45.9882,31.0147,88.5,CRITICAL,"['Energy', 'Commodities', 'Regional Economy']"
100248739,2026-09-28,20260928,CL-EU-01,Eastern Europe & Black Sea Grain Corridor Strain,Eastern Europe,Armed Forces of Ukraine,UKR,Russian Armed Forces,RUS,194,Fight with artillery / rockets / missiles,Conflict / Military,4,-9.1,468,92,351,-6.87,UKR,Ukraine,45.3088,31.3082,87.1,CRITICAL,"['Energy', 'Commodities', 'Regional Economy']"
100248740,2026-09-10,20260910,CL-ME-01,Red Sea Maritime Corridor Disruption,Middle East / Bab-el-Mandeb,Houthi Maritime Units,YEM,International Commercial Vessels,USA,196,Maritime military engagement / ship interdiction,Conflict / Military,4,-8.9,989,25,56,-5.62,YEM,Yemen,12.4799,44.3132,84.5,CRITICAL,"['Energy', 'Shipping', 'Regional Economy']"
100248741,2026-10-01,20261001,CL-ME-02,Strait of Hormuz Strategic Energy Chokepoint Alerts,Middle East / Persian Gulf,Naval Security Patrols,IRN,Global Oil Tanker Fleet,SAU,190,Use conventional military force,Conflict / Military,4,-6.6,170,82,121,-3.73,IRN,Iran,26.0078,56.7245,76.1,CRITICAL,"['Energy', 'Shipping', 'Regional Economy']"
100248742,2026-09-30,20260930,CL-EU-01,Eastern Europe & Black Sea Grain Corridor Strain,Eastern Europe,Armed Forces of Ukraine,UKR,Russian Armed Forces,RUS,194,Fight with artillery / rockets / missiles,Conflict / Military,4,-8.6,503,41,54,-6.17,UKR,Ukraine,47.3112,31.727,84.2,CRITICAL,"['Energy', 'Commodities', 'Regional Economy']"
100248743,2026-09-26,20260926,CL-EU-01,Eastern Europe & Black Sea Grain Corridor Strain,Eastern Europe,Armed Forces of Ukraine,UKR,Russian Armed Forces,RUS,190,Use conventional military force,Conflict / Military,4,-8.3,343,90,190,-6.37,UKR,Ukraine,46.1138,31.6454,84.3,CRITICAL,"['Energy', 'Commodities', 'Regional Economy']"
100248744,2026-09-15,20260915,CL-ME-02,Strait of Hormuz Strategic Energy Chokepoint Alerts,Middle East / Persian Gulf,Naval Security Patrols,IRN,Global Oil Tanker Fleet,SAU,190,Use conventional military force,Conflict / Military,4,-6.6,148,53,204,-3.66,IRN,Iran,26.5204,55.63,75.2,CRITICAL,"['Energy', 'Shipping', 'Regional Economy']"
100248745,2026-09-04,20260904,CL-AP-02,South China Sea Second Thomas Shoal Maritime Standoff,Asia-Pacific,China Coast Guard,CHN,Philippine Coast Guard & Resupply,PHL,040,Host diplomatic summit or high-level talks,Diplomatic,1,-6.3,1252,144,153,-5.48,PHL,PHL,10.9168,116.4352,72.9,HIGH,"['Shipping', 'Regional Economy']"
100248746,2026-09-10,20260910,CL-AP-01,Taiwan Strait & East Asian Semiconductor Supply Alert,Asia-Pacific,People’s Liberation Army (Navy/Air),CHN,Taiwan Defense Units,TWN,150,Demonstrate military / strategic force posture,Conflict / Military,4,-6.6,57,21,425,-3.02,TWN,Taiwan,24.4752,121.8198,71.8,HIGH,"['Energy', 'Shipping', 'Trade', 'Regional Economy']"
100248747,2026-09-04,20260904,CL-ME-02,Strait of Hormuz Strategic Energy Chokepoint Alerts,Middle East / Persian Gulf,Naval Security Patrols,IRN,Global Oil Tanker Fleet,SAU,150,Demonstrate military / strategic force posture,Conflict / Military,4,-7.2,670,124,366,-4.47,IRN,Iran,25.4877,56.1058,80.9,CRITICAL,"['Energy', 'Shipping', 'Regional Economy']"
100248748,2026-09-22,20260922,CL-ME-01,Red Sea Maritime Corridor Disruption,Middle East / Bab-el-Mandeb,Houthi Maritime Units,YEM,International Commercial Vessels,USA,196,Maritime military engagement / ship interdiction,Conflict / Military,4,-7.5,1237,83,412,-7.07,YEM,Yemen,13.1405,43.0656,85.3,CRITICAL,"['Energy', 'Shipping', 'Regional Economy']"
100248749,2026-09-30,20260930,CL-ME-01,Red Sea Maritime Corridor Disruption,Middle East / Bab-el-Mandeb,Houthi Maritime Units,YEM,International Commercial Vessels,USA,141,Demonstrate or conduct civil protest,Protest / Civil Unrest,3,-8.6,768,156,644,-6.14,YEM,Yemen,12.1941,43.6183,84.0,CRITICAL,"['Energy', 'Shipping', 'Regional Economy']"
100248750,2026-10-02,20261002,CL-EU-01,Eastern Europe & Black Sea Grain Corridor Strain,Eastern Europe,Armed Forces of Ukraine,UKR,Russian Armed Forces,RUS,194,Fight with artillery / rockets / missiles,Conflict / Military,4,-10.0,874,113,566,-7.57,UKR,Ukraine,47.492,30.2764,91.1,CRITICAL,"['Energy', 'Commodities', 'Regional Economy']"
100248751,2026-09-25,20260925,CL-ME-02,Strait of Hormuz Strategic Energy Chokepoint Alerts,Middle East / Persian Gulf,Naval Security Patrols,IRN,Global Oil Tanker Fleet,SAU,020,Appeal to international community or UN,Diplomatic,1,-9.0,477,151,321,-3.73,IRN,Iran,26.9389,55.27,75.0,CRITICAL,"['Energy', 'Shipping', 'Regional Economy']"
100248752,2026-10-04,20261004,CL-ME-01,Red Sea Maritime Corridor Disruption,Middle East / Bab-el-Mandeb,Houthi Maritime Units,YEM,International Commercial Vessels,USA,141,Demonstrate or conduct civil protest,Protest / Civil Unrest,3,-9.1,741,177,324,-6.23,YEM,Yemen,12.8335,42.8912,85.3,CRITICAL,"['Energy', 'Shipping', 'Regional Economy']"
100248753,2026-09-06,20260906,CL-EU-01,Eastern Europe & Black Sea Grain Corridor Strain,Eastern Europe,Armed Forces of Ukraine,UKR,Russian Armed Forces,RUS,194,Fight with artillery / rockets / missiles,Conflict / Military,4,-10.0,390,174,201,-7.92,UKR,Ukraine,46.422,31.4039,90.9,CRITICAL,"['Energy', 'Commodities', 'Regional Economy']"
100248754,2026-10-01,20261001,CL-ME-01,Red Sea Maritime Corridor Disruption,Middle East / Bab-el-Mandeb,Houthi Maritime Units,YEM,International Commercial Vessels,USA,196,Maritime military engagement / ship interdiction,Conflict / Military,4,-9.8,1044,90,223,-5.09,YEM,Yemen,13.1194,43.2046,87.4,CRITICAL,"['Energy', 'Shipping', 'Regional Economy']"
100248755,2026-09-07,20260907,CL-ME-01,Red Sea Maritime Corridor Disruption,Middle East / Bab-el-Mandeb,Houthi Maritime Units,YEM,International Commercial Vessels,USA,196,Maritime military engagement / ship interdiction,Conflict / Military,4,-7.1,194,125,588,-8.42,YEM,Yemen,12.2989,42.7528,84.0,CRITICAL,"['Energy', 'Shipping', 'Regional Economy']"
100248756,2026-09-08,20260908,CL-AP-01,Taiwan Strait & East Asian Semiconductor Supply Alert,Asia-Pacific,People’s Liberation Army (Navy/Air),CHN,Taiwan Defense Units,TWN,150,Demonstrate military / strategic force posture,Conflict / Military,4,-6.8,220,178,108,-2.92,TWN,Taiwan,24.9067,121.1964,76.8,CRITICAL,"['Energy', 'Shipping', 'Trade', 'Regional Economy']"
100248757,2026-09-24,20260924,CL-ME-01,Red Sea Maritime Corridor Disruption,Middle East / Bab-el-Mandeb,Houthi Maritime Units,YEM,International Commercial Vessels,USA,196,Maritime military engagement / ship interdiction,Conflict / Military,4,-9.5,972,128,264,-7.63,YEM,Yemen,12.1095,44.2241,90.4,CRITICAL,"['Energy', 'Shipping', 'Regional Economy']"
100248758,2026-09-19,20260919,CL-EU-01,Eastern Europe & Black Sea Grain Corridor Strain,Eastern Europe,Armed Forces of Ukraine,UKR,Russian Armed Forces,RUS,111,Formally condemn or disapprove action,Political,3,-8.7,691,94,32,-5.6,UKR,Ukraine,46.397,30.9156,82.7,CRITICAL,"['Commodities', 'Regional Economy']"
100248759,2026-09-11,20260911,CL-ME-01,Red Sea Maritime Corridor Disruption,Middle East / Bab-el-Mandeb,Houthi Maritime Units,YEM,International Commercial Vessels,USA,196,Maritime military engagement / ship interdiction,Conflict / Military,4,-8.4,806,100,524,-6.04,YEM,Yemen,13.8237,42.414,85.5,CRITICAL,"['Energy', 'Shipping', 'Regional Economy']"
100248760,2026-09-15,20260915,CL-ME-01,Red Sea Maritime Corridor Disruption,Middle East / Bab-el-Mandeb,Houthi Maritime Units,YEM,International Commercial Vessels,USA,196,Maritime military engagement / ship interdiction,Conflict / Military,4,-8.6,206,104,144,-6.09,YEM,Yemen,14.1827,44.5519,84.0,CRITICAL,"['Energy', 'Shipping', 'Regional Economy']"
100248761,2026-09-18,20260918,CL-EU-01,Eastern Europe & Black Sea Grain Corridor Strain,Eastern Europe,Armed Forces of Ukraine,UKR,Russian Armed Forces,RUS,196,Maritime military engagement / ship interdiction,Conflict / Military,4,-9.3,343,9,46,-8.83,UKR,Ukraine,46.1081,30.0851,86.6,CRITICAL,"['Energy', 'Commodities', 'Regional Economy']"
100248762,2026-09-28,20260928,CL-EU-01,Eastern Europe & Black Sea Grain Corridor Strain,Eastern Europe,Armed Forces of Ukraine,UKR,Russian Armed Forces,RUS,194,Fight with artillery / rockets / missiles,Conflict / Military,4,-9.6,781,16,648,-7.73,UKR,Ukraine,46.1366,31.1825,87.7,CRITICAL,"['Energy', 'Commodities', 'Regional Economy']"
100248763,2026-09-09,20260909,CL-AP-02,South China Sea Second Thomas Shoal Maritime Standoff,Asia-Pacific,China Coast Guard,CHN,Philippine Coast Guard & Resupply,PHL,196,Maritime military engagement / ship interdiction,Conflict / Military,4,-6.7,602,38,296,-3.81,PHL,PHL,8.9619,116.5665,77.3,CRITICAL,"['Energy', 'Shipping', 'Regional Economy']"
100248764,2026-09-06,20260906,CL-AP-01,Taiwan Strait & East Asian Semiconductor Supply Alert,Asia-Pacific,People’s Liberation Army (Navy/Air),CHN,Taiwan Defense Units,TWN,196,Maritime military engagement / ship interdiction,Conflict / Military,4,-5.7,986,79,144,-2.91,TWN,Taiwan,23.5374,120.7639,75.7,CRITICAL,"['Energy', 'Shipping', 'Trade', 'Regional Economy']"
100248765,2026-09-19,20260919,CL-AP-02,South China Sea Second Thomas Shoal Maritime Standoff,Asia-Pacific,China Coast Guard,CHN,Philippine Coast Guard & Resupply,PHL,196,Maritime military engagement / ship interdiction,Conflict / Military,4,-6.0,1085,168,531,-4.54,PHL,PHL,10.3243,116.0911,79.6,CRITICAL,"['Energy', 'Shipping', 'Regional Economy']"
100248766,2026-09-26,20260926,CL-EU-01,Eastern Europe & Black Sea Grain Corridor Strain,Eastern Europe,Armed Forces of Ukraine,UKR,Russian Armed Forces,RUS,194,Fight with artillery / rockets / missiles,Conflict / Military,4,-8.7,267,114,430,-6.03,UKR,Ukraine,45.5545,29.9545,84.6,CRITICAL,"['Energy', 'Commodities', 'Regional Economy']"
100248767,2026-09-06,20260906,CL-AP-01,Taiwan Strait & East Asian Semiconductor Supply Alert,Asia-Pacific,People’s Liberation Army (Navy/Air),CHN,Taiwan Defense Units,TWN,111,Formally condemn or disapprove action,Political,3,-4.4,172,128,484,-2.39,TWN,Taiwan,24.8771,120.3557,67.8,HIGH,"['Shipping', 'Trade', 'Regional Economy']"
100248768,2026-09-06,20260906,CL-EU-01,Eastern Europe & Black Sea Grain Corridor Strain,Eastern Europe,Armed Forces of Ukraine,UKR,Russian Armed Forces,RUS,194,Fight with artillery / rockets / missiles,Conflict / Military,4,-9.1,178,157,331,-6.0,UKR,Ukraine,45.6541,30.535,85.2,CRITICAL,"['Energy', 'Commodities', 'Regional Economy']"
100248769,2026-09-17,20260917,CL-ME-02,Strait of Hormuz Strategic Energy Chokepoint Alerts,Middle East / Persian Gulf,Naval Security Patrols,IRN,Global Oil Tanker Fleet,SAU,193,Fight with small arms and light weapons,Conflict / Military,4,-8.7,902,109,99,-5.98,IRN,Iran,26.2198,55.4708,86.3,CRITICAL,"['Energy', 'Shipping', 'Regional Economy']"
100248770,2026-09-22,20260922,CL-ME-01,Red Sea Maritime Corridor Disruption,Middle East / Bab-el-Mandeb,Houthi Maritime Units,YEM,International Commercial Vessels,USA,040,Host diplomatic summit or high-level talks,Diplomatic,1,-9.4,1077,163,548,-5.02,YEM,Yemen,13.1544,44.162,78.8,CRITICAL,"['Energy', 'Shipping', 'Regional Economy']"
100248771,2026-09-07,20260907,CL-AP-02,South China Sea Second Thomas Shoal Maritime Standoff,Asia-Pacific,China Coast Guard,CHN,Philippine Coast Guard & Resupply,PHL,196,Maritime military engagement / ship interdiction,Conflict / Military,4,-6.5,1178,154,344,-4.52,PHL,PHL,10.4481,116.5748,80.6,CRITICAL,"['Energy', 'Shipping', 'Regional Economy']"
100248772,2026-09-08,20260908,CL-IN-01,India Northern Border Reconnaissance & Infrastructure Surveillance,South Asia,Indian Border Forces (ITBP/Army),IND,PLA Border Troops,CHN,196,Maritime military engagement / ship interdiction,Conflict / Military,4,-3.2,611,126,119,-0.9,IND,India,33.0608,77.3998,67.7,HIGH,"['Energy', 'Shipping', 'Regional Economy']"
100248773,2026-09-20,20260920,CL-AP-01,Taiwan Strait & East Asian Semiconductor Supply Alert,Asia-Pacific,People’s Liberation Army (Navy/Air),CHN,Taiwan Defense Units,TWN,150,Demonstrate military / strategic force posture,Conflict / Military,4,-6.3,847,135,16,-6.06,TWN,Taiwan,23.6232,121.3655,81.5,CRITICAL,"['Energy', 'Shipping', 'Trade', 'Regional Economy']"
100248774,2026-09-28,20260928,CL-ME-01,Red Sea Maritime Corridor Disruption,Middle East / Bab-el-Mandeb,Houthi Maritime Units,YEM,International Commercial Vessels,USA,196,Maritime military engagement / ship interdiction,Conflict / Military,4,-7.7,886,116,577,-8.18,YEM,Yemen,12.4947,44.6815,87.1,CRITICAL,"['Energy', 'Shipping', 'Regional Economy']"
100248775,2026-09-05,20260905,CL-ME-02,Strait of Hormuz Strategic Energy Chokepoint Alerts,Middle East / Persian Gulf,Naval Security Patrols,IRN,Global Oil Tanker Fleet,SAU,190,Use conventional military force,Conflict / Military,4,-8.8,876,87,355,-5.13,IRN,Iran,26.7118,56.9681,85.1,CRITICAL,"['Energy', 'Shipping', 'Regional Economy']"
100248776,2026-09-30,20260930,CL-ME-01,Red Sea Maritime Corridor Disruption,Middle East / Bab-el-Mandeb,Houthi Maritime Units,YEM,International Commercial Vessels,USA,193,Fight with small arms and light weapons,Conflict / Military,4,-9.7,742,130,574,-7.26,YEM,Yemen,13.6635,44.2254,90.0,CRITICAL,"['Energy', 'Shipping', 'Regional Economy']"
100248777,2026-09-07,20260907,CL-ME-01,Red Sea Maritime Corridor Disruption,Middle East / Bab-el-Mandeb,Houthi Maritime Units,YEM,International Commercial Vessels,USA,196,Maritime military engagement / ship interdiction,Conflict / Military,4,-8.7,161,147,446,-6.36,YEM,Yemen,12.3892,44.1152,84.6,CRITICAL,"['Energy', 'Shipping', 'Regional Economy']"
100248778,2026-10-04,20261004,CL-ME-01,Red Sea Maritime Corridor Disruption,Middle East / Bab-el-Mandeb,Houthi Maritime Units,YEM,International Commercial Vessels,USA,150,Demonstrate military / strategic force posture,Conflict / Military,4,-8.4,229,117,138,-7.35,YEM,Yemen,12.5535,43.3843,85.5,CRITICAL,"['Energy', 'Shipping', 'Regional Economy']"
100248779,2026-10-04,20261004,CL-ME-02,Strait of Hormuz Strategic Energy Chokepoint Alerts,Middle East / Persian Gulf,Naval Security Patrols,IRN,Global Oil Tanker Fleet,SAU,190,Use conventional military force,Conflict / Military,4,-8.2,904,19,40,-7.05,IRN,Iran,26.5192,57.3303,84.4,CRITICAL,"['Energy', 'Shipping', 'Regional Economy']"
100248780,2026-09-23,20260923,CL-ME-01,Red Sea Maritime Corridor Disruption,Middle East / Bab-el-Mandeb,Houthi Maritime Units,YEM,International Commercial Vessels,USA,196,Maritime military engagement / ship interdiction,Conflict / Military,4,-9.6,1227,19,546,-5.94,YEM,Yemen,13.3554,44.3505,86.3,CRITICAL,"['Energy', 'Shipping', 'Regional Economy']"
100248781,2026-09-30,20260930,CL-ME-02,Strait of Hormuz Strategic Energy Chokepoint Alerts,Middle East / Persian Gulf,Naval Security Patrols,IRN,Global Oil Tanker Fleet,SAU,190,Use conventional military force,Conflict / Military,4,-8.3,392,113,525,-4.39,IRN,Iran,27.0917,55.8093,82.2,CRITICAL,"['Energy', 'Shipping', 'Regional Economy']"
100248782,2026-09-13,20260913,CL-ME-01,Red Sea Maritime Corridor Disruption,Middle East / Bab-el-Mandeb,Houthi Maritime Units,YEM,International Commercial Vessels,USA,141,Demonstrate or conduct civil protest,Protest / Civil Unrest,3,-8.7,383,27,443,-5.85,YEM,Yemen,13.968,44.4502,80.5,CRITICAL,"['Energy', 'Shipping', 'Regional Economy']"
100248783,2026-09-22,20260922,CL-ME-01,Red Sea Maritime Corridor Disruption,Middle East / Bab-el-Mandeb,Houthi Maritime Units,YEM,International Commercial Vessels,USA,111,Formally condemn or disapprove action,Political,3,-9.4,621,32,293,-7.76,YEM,Yemen,12.4324,42.6205,85.4,CRITICAL,"['Energy', 'Shipping', 'Regional Economy']"
100248784,2026-09-17,20260917,CL-ME-01,Red Sea Maritime Corridor Disruption,Middle East / Bab-el-Mandeb,Houthi Maritime Units,YEM,International Commercial Vessels,USA,196,Maritime military engagement / ship interdiction,Conflict / Military,4,-8.4,988,47,442,-8.4,YEM,Yemen,12.8524,42.8602,87.8,CRITICAL,"['Energy', 'Shipping', 'Regional Economy']"
100248785,2026-10-02,20261002,CL-EU-01,Eastern Europe & Black Sea Grain Corridor Strain,Eastern Europe,Armed Forces of Ukraine,UKR,Russian Armed Forces,RUS,060,Sign commercial or trade agreement,Economic / Trade,2,-7.9,1309,84,386,-7.11,UKR,Ukraine,47.0955,29.8369,79.3,CRITICAL,"['Trade', 'Commodities', 'Regional Economy']"
100248786,2026-09-23,20260923,CL-ME-02,Strait of Hormuz Strategic Energy Chokepoint Alerts,Middle East / Persian Gulf,Naval Security Patrols,IRN,Global Oil Tanker Fleet,SAU,040,Host diplomatic summit or high-level talks,Diplomatic,1,-7.5,401,93,582,-5.84,IRN,Iran,26.3465,55.6813,73.7,HIGH,"['Energy', 'Shipping', 'Regional Economy']"
100248787,2026-09-30,20260930,CL-ME-02,Strait of Hormuz Strategic Energy Chokepoint Alerts,Middle East / Persian Gulf,Naval Security Patrols,IRN,Global Oil Tanker Fleet,SAU,190,Use conventional military force,Conflict / Military,4,-7.6,292,145,501,-5.89,IRN,Iran,26.4064,56.5251,82.5,CRITICAL,"['Energy', 'Shipping', 'Regional Economy']"
100248788,2026-09-07,20260907,CL-ME-01,Red Sea Maritime Corridor Disruption,Middle East / Bab-el-Mandeb,Houthi Maritime Units,YEM,International Commercial Vessels,USA,196,Maritime military engagement / ship interdiction,Conflict / Military,4,-8.1,1160,8,302,-6.21,YEM,Yemen,13.8914,43.0127,82.3,CRITICAL,"['Energy', 'Shipping', 'Regional Economy']"
100248789,2026-09-20,20260920,CL-IN-01,India Northern Border Reconnaissance & Infrastructure Surveillance,South Asia,Indian Border Forces (ITBP/Army),IND,PLA Border Troops,CHN,040,Host diplomatic summit or high-level talks,Diplomatic,1,-3.1,1157,37,96,-3.34,IND,India,34.9917,77.0254,61.6,HIGH,"['Shipping', 'Regional Economy']"
100248790,2026-10-01,20261001,CL-IN-01,India Northern Border Reconnaissance & Infrastructure Surveillance,South Asia,Indian Border Forces (ITBP/Army),IND,PLA Border Troops,CHN,111,Formally condemn or disapprove action,Political,3,-2.0,44,73,335,-3.47,IND,India,34.1045,78.0943,61.4,HIGH,"['Shipping', 'Regional Economy']"
100248791,2026-09-23,20260923,CL-AP-02,South China Sea Second Thomas Shoal Maritime Standoff,Asia-Pacific,China Coast Guard,CHN,Philippine Coast Guard & Resupply,PHL,194,Fight with artillery / rockets / missiles,Conflict / Military,4,-5.8,836,75,78,-5.66,PHL,PHL,10.4472,116.0678,79.2,CRITICAL,"['Energy', 'Shipping', 'Regional Economy']"
100248792,2026-09-19,20260919,CL-IN-01,India Northern Border Reconnaissance & Infrastructure Surveillance,South Asia,Indian Border Forces (ITBP/Army),IND,PLA Border Troops,CHN,040,Host diplomatic summit or high-level talks,Diplomatic,1,-1.8,514,98,565,-2.03,IND,India,34.1656,78.0874,57.2,HIGH,"['Shipping', 'Regional Economy']"
100248793,2026-09-23,20260923,CL-ME-02,Strait of Hormuz Strategic Energy Chokepoint Alerts,Middle East / Persian Gulf,Naval Security Patrols,IRN,Global Oil Tanker Fleet,SAU,190,Use conventional military force,Conflict / Military,4,-8.8,631,105,626,-3.83,IRN,Iran,26.0519,56.2693,83.1,CRITICAL,"['Energy', 'Shipping', 'Regional Economy']"
100248794,2026-09-20,20260920,CL-EU-01,Eastern Europe & Black Sea Grain Corridor Strain,Eastern Europe,Armed Forces of Ukraine,UKR,Russian Armed Forces,RUS,194,Fight with artillery / rockets / missiles,Conflict / Military,4,-9.1,729,156,407,-6.18,UKR,Ukraine,46.3135,30.4146,87.5,CRITICAL,"['Energy', 'Commodities', 'Regional Economy']"
100248795,2026-09-26,20260926,CL-ME-01,Red Sea Maritime Corridor Disruption,Middle East / Bab-el-Mandeb,Houthi Maritime Units,YEM,International Commercial Vessels,USA,060,Sign commercial or trade agreement,Economic / Trade,2,-7.9,51,35,317,-7.48,YEM,Yemen,14.0045,43.2257,73.8,HIGH,"['Energy', 'Shipping', 'Trade', 'Regional Economy']"
100248796,2026-09-26,20260926,CL-ME-01,Red Sea Maritime Corridor Disruption,Middle East / Bab-el-Mandeb,Houthi Maritime Units,YEM,International Commercial Vessels,USA,196,Maritime military engagement / ship interdiction,Conflict / Military,4,-7.7,533,26,646,-5.95,YEM,Yemen,12.8705,44.1544,81.5,CRITICAL,"['Energy', 'Shipping', 'Regional Economy']"
100248797,2026-09-20,20260920,CL-ME-02,Strait of Hormuz Strategic Energy Chokepoint Alerts,Middle East / Persian Gulf,Naval Security Patrols,IRN,Global Oil Tanker Fleet,SAU,190,Use conventional military force,Conflict / Military,4,-8.1,1092,82,613,-5.41,IRN,Iran,26.4951,56.9117,84.2,CRITICAL,"['Energy', 'Shipping', 'Regional Economy']"
100248798,2026-10-04,20261004,CL-AP-02,South China Sea Second Thomas Shoal Maritime Standoff,Asia-Pacific,China Coast Guard,CHN,Philippine Coast Guard & Resupply,PHL,150,Demonstrate military / strategic force posture,Conflict / Military,4,-6.3,590,134,539,-3.43,PHL,PHL,8.9477,115.4091,77.6,CRITICAL,"['Energy', 'Shipping', 'Regional Economy']"
100248799,2026-09-15,20260915,CL-EU-01,Eastern Europe & Black Sea Grain Corridor Strain,Eastern Europe,Armed Forces of Ukraine,UKR,Russian Armed Forces,RUS,194,Fight with artillery / rockets / missiles,Conflict / Military,4,-10.0,497,58,80,-6.31,UKR,Ukraine,47.5946,30.1858,87.7,CRITICAL,"['Energy', 'Commodities', 'Regional Economy']"
100248800,2026-09-07,20260907,CL-ME-01,Red Sea Maritime Corridor Disruption,Middle East / Bab-el-Mandeb,Houthi Maritime Units,YEM,International Commercial Vessels,USA,040,Host diplomatic summit or high-level talks,Diplomatic,1,-8.3,111,139,546,-5.02,YEM,Yemen,13.0223,42.4469,72.9,HIGH,"['Energy', 'Shipping', 'Regional Economy']"
100248801,2026-09-05,20260905,CL-ME-01,Red Sea Maritime Corridor Disruption,Middle East / Bab-el-Mandeb,Houthi Maritime Units,YEM,International Commercial Vessels,USA,196,Maritime military engagement / ship interdiction,Conflict / Military,4,-7.7,867,60,227,-8.37,YEM,Yemen,11.8796,43.8562,86.5,CRITICAL,"['Energy', 'Shipping', 'Regional Economy']"
100248802,2026-09-17,20260917,CL-AP-01,Taiwan Strait & East Asian Semiconductor Supply Alert,Asia-Pacific,People’s Liberation Army (Navy/Air),CHN,Taiwan Defense Units,TWN,150,Demonstrate military / strategic force posture,Conflict / Military,4,-4.6,682,96,362,-5.07,TWN,Taiwan,23.2458,121.5369,75.9,CRITICAL,"['Energy', 'Shipping', 'Trade', 'Regional Economy']"
100248803,2026-09-15,20260915,CL-ME-01,Red Sea Maritime Corridor Disruption,Middle East / Bab-el-Mandeb,Houthi Maritime Units,YEM,International Commercial Vessels,USA,196,Maritime military engagement / ship interdiction,Conflict / Military,4,-9.5,83,90,444,-7.65,YEM,Yemen,12.7093,42.4069,86.3,CRITICAL,"['Energy', 'Shipping', 'Regional Economy']"
100248804,2026-09-30,20260930,CL-AP-01,Taiwan Strait & East Asian Semiconductor Supply Alert,Asia-Pacific,People’s Liberation Army (Navy/Air),CHN,Taiwan Defense Units,TWN,150,Demonstrate military / strategic force posture,Conflict / Military,4,-6.0,834,13,438,-3.13,TWN,Taiwan,23.9584,120.67,74.0,HIGH,"['Energy', 'Shipping', 'Trade', 'Regional Economy']"
100248805,2026-09-08,20260908,CL-EU-01,Eastern Europe & Black Sea Grain Corridor Strain,Eastern Europe,Armed Forces of Ukraine,UKR,Russian Armed Forces,RUS,194,Fight with artillery / rockets / missiles,Conflict / Military,4,-9.7,549,139,423,-7.67,UKR,Ukraine,46.4218,32.045,90.2,CRITICAL,"['Energy', 'Commodities', 'Regional Economy']"
100248806,2026-09-24,20260924,CL-ME-01,Red Sea Maritime Corridor Disruption,Middle East / Bab-el-Mandeb,Houthi Maritime Units,YEM,International Commercial Vessels,USA,196,Maritime military engagement / ship interdiction,Conflict / Military,4,-8.6,1226,161,398,-5.0,YEM,Yemen,14.1042,43.7366,85.8,CRITICAL,"['Energy', 'Shipping', 'Regional Economy']"
100248807,2026-09-19,20260919,CL-ME-02,Strait of Hormuz Strategic Energy Chokepoint Alerts,Middle East / Persian Gulf,Naval Security Patrols,IRN,Global Oil Tanker Fleet,SAU,196,Maritime military engagement / ship interdiction,Conflict / Military,4,-7.0,320,145,367,-5.44,IRN,Iran,25.5038,55.4761,80.8,CRITICAL,"['Energy', 'Shipping', 'Regional Economy']"
100248808,2026-09-06,20260906,CL-EU-01,Eastern Europe & Black Sea Grain Corridor Strain,Eastern Europe,Armed Forces of Ukraine,UKR,Russian Armed Forces,RUS,194,Fight with artillery / rockets / missiles,Conflict / Military,4,-8.8,1262,149,364,-8.84,UKR,Ukraine,47.6875,30.9067,91.1,CRITICAL,"['Energy', 'Commodities', 'Regional Economy']"
100248809,2026-09-07,20260907,CL-ME-01,Red Sea Maritime Corridor Disruption,Middle East / Bab-el-Mandeb,Houthi Maritime Units,YEM,International Commercial Vessels,USA,196,Maritime military engagement / ship interdiction,Conflict / Military,4,-9.8,573,146,496,-5.4,YEM,Yemen,12.2475,44.0115,87.5,CRITICAL,"['Energy', 'Shipping', 'Regional Economy']"
100248810,2026-09-21,20260921,CL-EU-01,Eastern Europe & Black Sea Grain Corridor Strain,Eastern Europe,Armed Forces of Ukraine,UKR,Russian Armed Forces,RUS,194,Fight with artillery / rockets / missiles,Conflict / Military,4,-10.0,955,58,274,-6.26,UKR,Ukraine,46.2444,30.2038,88.6,CRITICAL,"['Energy', 'Commodities', 'Regional Economy']"
100248811,2026-10-02,20261002,CL-AP-02,South China Sea Second Thomas Shoal Maritime Standoff,Asia-Pacific,China Coast Guard,CHN,Philippine Coast Guard & Resupply,PHL,196,Maritime military engagement / ship interdiction,Conflict / Military,4,-5.9,70,164,220,-4.31,PHL,PHL,9.4067,115.1475,75.0,CRITICAL,"['Energy', 'Shipping', 'Regional Economy']"
100248812,2026-09-26,20260926,CL-EU-01,Eastern Europe & Black Sea Grain Corridor Strain,Eastern Europe,Armed Forces of Ukraine,UKR,Russian Armed Forces,RUS,194,Fight with artillery / rockets / missiles,Conflict / Military,4,-7.8,282,97,180,-6.3,UKR,Ukraine,46.509,30.3416,82.9,CRITICAL,"['Energy', 'Commodities', 'Regional Economy']"
100248813,2026-09-22,20260922,CL-IN-01,India Northern Border Reconnaissance & Infrastructure Surveillance,South Asia,Indian Border Forces (ITBP/Army),IND,PLA Border Troops,CHN,040,Host diplomatic summit or high-level talks,Diplomatic,1,-2.4,1345,87,485,-0.8,IND,India,34.8899,77.8451,58.1,HIGH,"['Shipping', 'Regional Economy']"
100248814,2026-10-02,20261002,CL-ME-01,Red Sea Maritime Corridor Disruption,Middle East / Bab-el-Mandeb,Houthi Maritime Units,YEM,International Commercial Vessels,USA,196,Maritime military engagement / ship interdiction,Conflict / Military,4,-9.2,1064,35,65,-4.82,YEM,Yemen,12.2903,43.3177,84.6,CRITICAL,"['Energy', 'Shipping', 'Regional Economy']"
100248815,2026-09-13,20260913,CL-EU-01,Eastern Europe & Black Sea Grain Corridor Strain,Eastern Europe,Armed Forces of Ukraine,UKR,Russian Armed Forces,RUS,141,Demonstrate or conduct civil protest,Protest / Civil Unrest,3,-8.3,291,157,429,-7.01,UKR,Ukraine,45.981,31.1131,83.1,CRITICAL,"['Commodities', 'Regional Economy']"
100248816,2026-09-17,20260917,CL-EU-01,Eastern Europe & Black Sea Grain Corridor Strain,Eastern Europe,Armed Forces of Ukraine,UKR,Russian Armed Forces,RUS,194,Fight with artillery / rockets / missiles,Conflict / Military,4,-8.6,1116,160,354,-5.74,UKR,Ukraine,45.6245,32.1945,86.6,CRITICAL,"['Energy', 'Commodities', 'Regional Economy']"
100248817,2026-09-18,20260918,CL-ME-02,Strait of Hormuz Strategic Energy Chokepoint Alerts,Middle East / Persian Gulf,Naval Security Patrols,IRN,Global Oil Tanker Fleet,SAU,193,Fight with small arms and light weapons,Conflict / Military,4,-6.8,650,49,93,-5.53,IRN,Iran,26.1279,55.7425,80.2,CRITICAL,"['Energy', 'Shipping', 'Regional Economy']"
100248818,2026-10-03,20261003,CL-EU-01,Eastern Europe & Black Sea Grain Corridor Strain,Eastern Europe,Armed Forces of Ukraine,UKR,Russian Armed Forces,RUS,194,Fight with artillery / rockets / missiles,Conflict / Military,4,-10.0,992,130,214,-7.99,UKR,Ukraine,46.0392,30.631,92.0,CRITICAL,"['Energy', 'Commodities', 'Regional Economy']"
100248819,2026-09-18,20260918,CL-EU-01,Eastern Europe & Black Sea Grain Corridor Strain,Eastern Europe,Armed Forces of Ukraine,UKR,Russian Armed Forces,RUS,040,Host diplomatic summit or high-level talks,Diplomatic,1,-8.4,1233,42,242,-7.91,UKR,Ukraine,47.1191,32.071,78.9,CRITICAL,"['Commodities', 'Regional Economy']"
100248820,2026-09-08,20260908,CL-AP-01,Taiwan Strait & East Asian Semiconductor Supply Alert,Asia-Pacific,People’s Liberation Army (Navy/Air),CHN,Taiwan Defense Units,TWN,150,Demonstrate military / strategic force posture,Conflict / Military,4,-6.9,311,94,441,-6.17,TWN,Taiwan,24.8441,120.7099,81.0,CRITICAL,"['Energy', 'Shipping', 'Trade', 'Regional Economy']"
100248821,2026-09-05,20260905,CL-ME-01,Red Sea Maritime Corridor Disruption,Middle East / Bab-el-Mandeb,Houthi Maritime Units,YEM,International Commercial Vessels,USA,196,Maritime military engagement / ship interdiction,Conflict / Military,4,-8.7,647,120,639,-8.01,YEM,Yemen,12.7429,44.2146,88.6,CRITICAL,"['Energy', 'Shipping', 'Regional Economy']"
100248822,2026-09-10,20260910,CL-EU-01,Eastern Europe & Black Sea Grain Corridor Strain,Eastern Europe,Armed Forces of Ukraine,UKR,Russian Armed Forces,RUS,194,Fight with artillery / rockets / missiles,Conflict / Military,4,-7.8,567,156,69,-8.66,UKR,Ukraine,47.1906,30.4603,87.7,CRITICAL,"['Energy', 'Commodities', 'Regional Economy']"
100248823,2026-09-04,20260904,CL-ME-02,Strait of Hormuz Strategic Energy Chokepoint Alerts,Middle East / Persian Gulf,Naval Security Patrols,IRN,Global Oil Tanker Fleet,SAU,111,Formally condemn or disapprove action,Political,3,-7.4,796,94,575,-6.74,IRN,Iran,26.1924,56.2161,81.7,CRITICAL,"['Energy', 'Shipping', 'Regional Economy']"
100248824,2026-09-30,20260930,CL-ME-02,Strait of Hormuz Strategic Energy Chokepoint Alerts,Middle East / Persian Gulf,Naval Security Patrols,IRN,Global Oil Tanker Fleet,SAU,190,Use conventional military force,Conflict / Military,4,-9.2,416,104,114,-5.35,IRN,Iran,26.44,55.0729,85.3,CRITICAL,"['Energy', 'Shipping', 'Regional Economy']"
100248825,2026-09-20,20260920,CL-ME-02,Strait of Hormuz Strategic Energy Chokepoint Alerts,Middle East / Persian Gulf,Naval Security Patrols,IRN,Global Oil Tanker Fleet,SAU,141,Demonstrate or conduct civil protest,Protest / Civil Unrest,3,-6.8,1283,16,547,-3.66,IRN,Iran,27.5388,55.5548,74.8,HIGH,"['Energy', 'Shipping', 'Regional Economy']"
100248826,2026-10-01,20261001,CL-AP-01,Taiwan Strait & East Asian Semiconductor Supply Alert,Asia-Pacific,People’s Liberation Army (Navy/Air),CHN,Taiwan Defense Units,TWN,196,Maritime military engagement / ship interdiction,Conflict / Military,4,-6.7,476,109,646,-4.36,TWN,Taiwan,24.5903,119.8106,79.0,CRITICAL,"['Energy', 'Shipping', 'Trade', 'Regional Economy']"
100248827,2026-09-29,20260929,CL-EU-01,Eastern Europe & Black Sea Grain Corridor Strain,Eastern Europe,Armed Forces of Ukraine,UKR,Russian Armed Forces,RUS,194,Fight with artillery / rockets / missiles,Conflict / Military,4,-9.9,836,153,149,-6.86,UKR,Ukraine,46.1345,30.2433,90.3,CRITICAL,"['Energy', 'Commodities', 'Regional Economy']"
100248828,2026-09-12,20260912,CL-EU-01,Eastern Europe & Black Sea Grain Corridor Strain,Eastern Europe,Armed Forces of Ukraine,UKR,Russian Armed Forces,RUS,190,Use conventional military force,Conflict / Military,4,-9.2,70,26,92,-6.84,UKR,Ukraine,47.1509,31.3715,82.8,CRITICAL,"['Energy', 'Commodities', 'Regional Economy']"
100248829,2026-09-07,20260907,CL-ME-01,Red Sea Maritime Corridor Disruption,Middle East / Bab-el-Mandeb,Houthi Maritime Units,YEM,International Commercial Vessels,USA,196,Maritime military engagement / ship interdiction,Conflict / Military,4,-9.1,981,136,342,-6.92,YEM,Yemen,13.5762,44.6185,88.8,CRITICAL,"['Energy', 'Shipping', 'Regional Economy']"
100248830,2026-09-20,20260920,CL-EU-01,Eastern Europe & Black Sea Grain Corridor Strain,Eastern Europe,Armed Forces of Ukraine,UKR,Russian Armed Forces,RUS,194,Fight with artillery / rockets / missiles,Conflict / Military,4,-8.8,89,177,332,-6.84,UKR,Ukraine,45.3487,31.9458,84.8,CRITICAL,"['Energy', 'Commodities', 'Regional Economy']"
100248831,2026-10-04,20261004,CL-ME-02,Strait of Hormuz Strategic Energy Chokepoint Alerts,Middle East / Persian Gulf,Naval Security Patrols,IRN,Global Oil Tanker Fleet,SAU,190,Use conventional military force,Conflict / Military,4,-6.5,651,48,560,-7.32,IRN,Iran,27.5635,56.3145,81.9,CRITICAL,"['Energy', 'Shipping', 'Regional Economy']"
100248832,2026-09-29,20260929,CL-ME-01,Red Sea Maritime Corridor Disruption,Middle East / Bab-el-Mandeb,Houthi Maritime Units,YEM,International Commercial Vessels,USA,196,Maritime military engagement / ship interdiction,Conflict / Military,4,-9.7,608,17,587,-7.48,YEM,Yemen,13.3307,43.8484,87.3,CRITICAL,"['Energy', 'Shipping', 'Regional Economy']"
100248833,2026-10-04,20261004,CL-EU-01,Eastern Europe & Black Sea Grain Corridor Strain,Eastern Europe,Armed Forces of Ukraine,UKR,Russian Armed Forces,RUS,194,Fight with artillery / rockets / missiles,Conflict / Military,4,-7.9,676,45,480,-6.61,UKR,Ukraine,46.936,31.5625,83.8,CRITICAL,"['Energy', 'Commodities', 'Regional Economy']"
100248834,2026-09-19,20260919,CL-EU-01,Eastern Europe & Black Sea Grain Corridor Strain,Eastern Europe,Armed Forces of Ukraine,UKR,Russian Armed Forces,RUS,194,Fight with artillery / rockets / missiles,Conflict / Military,4,-7.7,637,87,409,-7.08,UKR,Ukraine,45.9404,30.0304,84.8,CRITICAL,"['Energy', 'Commodities', 'Regional Economy']"
100248835,2026-09-19,20260919,CL-ME-01,Red Sea Maritime Corridor Disruption,Middle East / Bab-el-Mandeb,Houthi Maritime Units,YEM,International Commercial Vessels,USA,196,Maritime military engagement / ship interdiction,Conflict / Military,4,-8.5,406,143,281,-6.01,YEM,Yemen,11.8495,42.3183,85.1,CRITICAL,"['Energy', 'Shipping', 'Regional Economy']"
100248836,2026-09-24,20260924,CL-ME-01,Red Sea Maritime Corridor Disruption,Middle East / Bab-el-Mandeb,Houthi Maritime Units,YEM,International Commercial Vessels,USA,196,Maritime military engagement / ship interdiction,Conflict / Military,4,-10.0,1233,109,422,-8.59,YEM,Yemen,11.971,42.8339,92.9,CRITICAL,"['Energy', 'Shipping', 'Regional Economy']"
100248837,2026-09-14,20260914,CL-AP-02,South China Sea Second Thomas Shoal Maritime Standoff,Asia-Pacific,China Coast Guard,CHN,Philippine Coast Guard & Resupply,PHL,196,Maritime military engagement / ship interdiction,Conflict / Military,4,-7.9,1359,52,166,-3.47,PHL,PHL,9.3621,114.8795,81.0,CRITICAL,"['Energy', 'Shipping', 'Regional Economy']"
100248838,2026-09-20,20260920,CL-ME-01,Red Sea Maritime Corridor Disruption,Middle East / Bab-el-Mandeb,Houthi Maritime Units,YEM,International Commercial Vessels,USA,150,Demonstrate military / strategic force posture,Conflict / Military,4,-8.2,996,31,14,-6.35,YEM,Yemen,12.3444,43.7307,84.2,CRITICAL,"['Energy', 'Shipping', 'Regional Economy']"
100248839,2026-09-30,20260930,CL-ME-01,Red Sea Maritime Corridor Disruption,Middle East / Bab-el-Mandeb,Houthi Maritime Units,YEM,International Commercial Vessels,USA,196,Maritime military engagement / ship interdiction,Conflict / Military,4,-7.9,1301,64,271,-5.61,YEM,Yemen,13.7038,42.7837,84.0,CRITICAL,"['Energy', 'Shipping', 'Regional Economy']"
100248840,2026-09-28,20260928,CL-EU-01,Eastern Europe & Black Sea Grain Corridor Strain,Eastern Europe,Armed Forces of Ukraine,UKR,Russian Armed Forces,RUS,194,Fight with artillery / rockets / missiles,Conflict / Military,4,-7.8,1361,43,421,-6.56,UKR,Ukraine,46.7576,30.4898,84.6,CRITICAL,"['Energy', 'Commodities', 'Regional Economy']"
100248841,2026-09-04,20260904,CL-AP-02,South China Sea Second Thomas Shoal Maritime Standoff,Asia-Pacific,China Coast Guard,CHN,Philippine Coast Guard & Resupply,PHL,196,Maritime military engagement / ship interdiction,Conflict / Military,4,-7.3,54,174,287,-4.16,PHL,PHL,9.5379,115.7499,77.4,CRITICAL,"['Energy', 'Shipping', 'Regional Economy']"
100248842,2026-09-19,20260919,CL-ME-01,Red Sea Maritime Corridor Disruption,Middle East / Bab-el-Mandeb,Houthi Maritime Units,YEM,International Commercial Vessels,USA,196,Maritime military engagement / ship interdiction,Conflict / Military,4,-7.9,433,148,255,-4.9,YEM,Yemen,13.7092,43.1955,82.5,CRITICAL,"['Energy', 'Shipping', 'Regional Economy']"
100248843,2026-09-06,20260906,CL-ME-02,Strait of Hormuz Strategic Energy Chokepoint Alerts,Middle East / Persian Gulf,Naval Security Patrols,IRN,Global Oil Tanker Fleet,SAU,190,Use conventional military force,Conflict / Military,4,-8.6,1358,140,484,-5.24,IRN,Iran,26.0875,56.6308,86.0,CRITICAL,"['Energy', 'Shipping', 'Regional Economy']"
100248844,2026-09-20,20260920,CL-IN-01,India Northern Border Reconnaissance & Infrastructure Surveillance,South Asia,Indian Border Forces (ITBP/Army),IND,PLA Border Troops,CHN,040,Host diplomatic summit or high-level talks,Diplomatic,1,-1.2,1153,176,598,-2.8,IND,India,33.4498,76.333,58.9,HIGH,"['Shipping', 'Regional Economy']"
100248845,2026-09-19,20260919,CL-EU-01,Eastern Europe & Black Sea Grain Corridor Strain,Eastern Europe,Armed Forces of Ukraine,UKR,Russian Armed Forces,RUS,194,Fight with artillery / rockets / missiles,Conflict / Military,4,-10.0,626,69,377,-7.0,UKR,Ukraine,46.3537,30.6616,89.2,CRITICAL,"['Energy', 'Commodities', 'Regional Economy']"
100248846,2026-09-26,20260926,CL-ME-02,Strait of Hormuz Strategic Energy Chokepoint Alerts,Middle East / Persian Gulf,Naval Security Patrols,IRN,Global Oil Tanker Fleet,SAU,190,Use conventional military force,Conflict / Military,4,-6.8,283,110,307,-4.34,IRN,Iran,27.6199,57.2539,78.4,CRITICAL,"['Energy', 'Shipping', 'Regional Economy']"
100248847,2026-09-09,20260909,CL-EU-01,Eastern Europe & Black Sea Grain Corridor Strain,Eastern Europe,Armed Forces of Ukraine,UKR,Russian Armed Forces,RUS,194,Fight with artillery / rockets / missiles,Conflict / Military,4,-10.0,44,97,49,-6.64,UKR,Ukraine,47.1605,30.3814,85.2,CRITICAL,"['Energy', 'Commodities', 'Regional Economy']"
100248848,2026-09-17,20260917,CL-AP-02,South China Sea Second Thomas Shoal Maritime Standoff,Asia-Pacific,China Coast Guard,CHN,Philippine Coast Guard & Resupply,PHL,196,Maritime military engagement / ship interdiction,Conflict / Military,4,-8.1,1372,89,593,-3.77,PHL,PHL,8.7834,114.8614,82.5,CRITICAL,"['Energy', 'Shipping', 'Regional Economy']"
100248849,2026-09-22,20260922,CL-ME-02,Strait of Hormuz Strategic Energy Chokepoint Alerts,Middle East / Persian Gulf,Naval Security Patrols,IRN,Global Oil Tanker Fleet,SAU,190,Use conventional military force,Conflict / Military,4,-8.0,101,3,335,-4.06,IRN,Iran,26.6506,57.3774,74.4,HIGH,"['Energy', 'Shipping', 'Regional Economy']"
100248850,2026-09-19,20260919,CL-ME-01,Red Sea Maritime Corridor Disruption,Middle East / Bab-el-Mandeb,Houthi Maritime Units,YEM,International Commercial Vessels,USA,196,Maritime military engagement / ship interdiction,Conflict / Military,4,-7.5,1025,10,436,-6.4,YEM,Yemen,13.8648,42.9083,81.4,CRITICAL,"['Energy', 'Shipping', 'Regional Economy']"
100248851,2026-09-05,20260905,CL-AP-02,South China Sea Second Thomas Shoal Maritime Standoff,Asia-Pacific,China Coast Guard,CHN,Philippine Coast Guard & Resupply,PHL,020,Appeal to international community or UN,Diplomatic,1,-8.1,483,155,400,-6.43,PHL,PHL,9.6868,116.7621,76.6,CRITICAL,"['Shipping', 'Regional Economy']"
100248852,2026-09-12,20260912,CL-ME-02,Strait of Hormuz Strategic Energy Chokepoint Alerts,Middle East / Persian Gulf,Naval Security Patrols,IRN,Global Oil Tanker Fleet,SAU,190,Use conventional military force,Conflict / Military,4,-9.2,440,163,638,-5.81,IRN,Iran,25.3835,56.1789,86.6,CRITICAL,"['Energy', 'Shipping', 'Regional Economy']"
100248853,2026-09-10,20260910,CL-EU-01,Eastern Europe & Black Sea Grain Corridor Strain,Eastern Europe,Armed Forces of Ukraine,UKR,Russian Armed Forces,RUS,060,Sign commercial or trade agreement,Economic / Trade,2,-9.8,802,96,37,-6.78,UKR,Ukraine,45.5674,30.8669,82.3,CRITICAL,"['Trade', 'Commodities', 'Regional Economy']"
100248854,2026-09-06,20260906,CL-ME-02,Strait of Hormuz Strategic Energy Chokepoint Alerts,Middle East / Persian Gulf,Naval Security Patrols,IRN,Global Oil Tanker Fleet,SAU,190,Use conventional military force,Conflict / Military,4,-7.4,457,19,55,-3.53,IRN,Iran,25.5,55.3011,77.1,CRITICAL,"['Energy', 'Shipping', 'Regional Economy']"
100248855,2026-09-17,20260917,CL-AP-02,South China Sea Second Thomas Shoal Maritime Standoff,Asia-Pacific,China Coast Guard,CHN,Philippine Coast Guard & Resupply,PHL,196,Maritime military engagement / ship interdiction,Conflict / Military,4,-7.8,816,28,620,-5.33,PHL,PHL,9.9424,115.0608,81.6,CRITICAL,"['Energy', 'Shipping', 'Regional Economy']"
100248856,2026-10-04,20261004,CL-ME-01,Red Sea Maritime Corridor Disruption,Middle East / Bab-el-Mandeb,Houthi Maritime Units,YEM,International Commercial Vessels,USA,196,Maritime military engagement / ship interdiction,Conflict / Military,4,-9.9,161,114,488,-8.61,YEM,Yemen,12.0869,42.4899,89.7,CRITICAL,"['Energy', 'Shipping', 'Regional Economy']"
100248857,2026-09-22,20260922,CL-EU-01,Eastern Europe & Black Sea Grain Corridor Strain,Eastern Europe,Armed Forces of Ukraine,UKR,Russian Armed Forces,RUS,194,Fight with artillery / rockets / missiles,Conflict / Military,4,-9.9,157,3,251,-5.88,UKR,Ukraine,47.4966,31.3738,81.4,CRITICAL,"['Energy', 'Commodities', 'Regional Economy']"
100248858,2026-10-03,20261003,CL-ME-01,Red Sea Maritime Corridor Disruption,Middle East / Bab-el-Mandeb,Houthi Maritime Units,YEM,International Commercial Vessels,USA,196,Maritime military engagement / ship interdiction,Conflict / Military,4,-9.5,32,70,326,-5.32,YEM,Yemen,13.9131,44.6986,81.6,CRITICAL,"['Energy', 'Shipping', 'Regional Economy']"
100248859,2026-09-04,20260904,CL-ME-01,Red Sea Maritime Corridor Disruption,Middle East / Bab-el-Mandeb,Houthi Maritime Units,YEM,International Commercial Vessels,USA,020,Appeal to international community or UN,Diplomatic,1,-7.2,1081,33,447,-8.28,YEM,Yemen,12.1896,42.3869,76.3,CRITICAL,"['Energy', 'Shipping', 'Regional Economy']"
100248860,2026-10-04,20261004,CL-AP-02,South China Sea Second Thomas Shoal Maritime Standoff,Asia-Pacific,China Coast Guard,CHN,Philippine Coast Guard & Resupply,PHL,196,Maritime military engagement / ship interdiction,Conflict / Military,4,-6.4,231,128,301,-7.07,PHL,PHL,9.98,115.3924,81.0,CRITICAL,"['Energy', 'Shipping', 'Regional Economy']"
100248861,2026-09-10,20260910,CL-ME-02,Strait of Hormuz Strategic Energy Chokepoint Alerts,Middle East / Persian Gulf,Naval Security Patrols,IRN,Global Oil Tanker Fleet,SAU,190,Use conventional military force,Conflict / Military,4,-6.9,1197,71,568,-4.29,IRN,Iran,25.7902,56.9651,80.2,CRITICAL,"['Energy', 'Shipping', 'Regional Economy']"
100248862,2026-09-17,20260917,CL-ME-02,Strait of Hormuz Strategic Energy Chokepoint Alerts,Middle East / Persian Gulf,Naval Security Patrols,IRN,Global Oil Tanker Fleet,SAU,111,Formally condemn or disapprove action,Political,3,-6.5,208,94,221,-4.02,IRN,Iran,26.2973,55.0373,74.2,HIGH,"['Energy', 'Shipping', 'Regional Economy']"
100248863,2026-09-13,20260913,CL-EU-01,Eastern Europe & Black Sea Grain Corridor Strain,Eastern Europe,Armed Forces of Ukraine,UKR,Russian Armed Forces,RUS,194,Fight with artillery / rockets / missiles,Conflict / Military,4,-9.2,135,149,306,-8.68,UKR,Ukraine,45.745,31.889,88.4,CRITICAL,"['Energy', 'Commodities', 'Regional Economy']"
100248864,2026-09-06,20260906,CL-ME-01,Red Sea Maritime Corridor Disruption,Middle East / Bab-el-Mandeb,Houthi Maritime Units,YEM,International Commercial Vessels,USA,196,Maritime military engagement / ship interdiction,Conflict / Military,4,-7.5,734,27,598,-6.42,YEM,Yemen,11.8236,44.4027,82.2,CRITICAL,"['Energy', 'Shipping', 'Regional Economy']"
100248865,2026-09-08,20260908,CL-ME-02,Strait of Hormuz Strategic Energy Chokepoint Alerts,Middle East / Persian Gulf,Naval Security Patrols,IRN,Global Oil Tanker Fleet,SAU,020,Appeal to international community or UN,Diplomatic,1,-9.3,945,155,247,-4.52,IRN,Iran,27.2118,55.7865,77.7,CRITICAL,"['Energy', 'Shipping', 'Regional Economy']"
100248866,2026-09-11,20260911,CL-ME-02,Strait of Hormuz Strategic Energy Chokepoint Alerts,Middle East / Persian Gulf,Naval Security Patrols,IRN,Global Oil Tanker Fleet,SAU,190,Use conventional military force,Conflict / Military,4,-8.6,1169,4,365,-6.89,IRN,Iran,25.3414,56.3249,83.3,CRITICAL,"['Energy', 'Shipping', 'Regional Economy']"
100248867,2026-09-09,20260909,CL-ME-01,Red Sea Maritime Corridor Disruption,Middle East / Bab-el-Mandeb,Houthi Maritime Units,YEM,International Commercial Vessels,USA,196,Maritime military engagement / ship interdiction,Conflict / Military,4,-7.6,414,149,40,-5.39,YEM,Yemen,12.1132,44.6718,82.5,CRITICAL,"['Energy', 'Shipping', 'Regional Economy']"
100248868,2026-10-01,20261001,CL-ME-02,Strait of Hormuz Strategic Energy Chokepoint Alerts,Middle East / Persian Gulf,Naval Security Patrols,IRN,Global Oil Tanker Fleet,SAU,060,Sign commercial or trade agreement,Economic / Trade,2,-6.8,982,128,527,-5.58,IRN,Iran,26.8902,55.8883,75.1,CRITICAL,"['Energy', 'Shipping', 'Trade', 'Regional Economy']"
100248869,2026-09-18,20260918,CL-ME-01,Red Sea Maritime Corridor Disruption,Middle East / Bab-el-Mandeb,Houthi Maritime Units,YEM,International Commercial Vessels,USA,060,Sign commercial or trade agreement,Economic / Trade,2,-7.4,1174,3,489,-5.34,YEM,Yemen,12.1968,44.1317,71.4,HIGH,"['Energy', 'Shipping', 'Trade', 'Regional Economy']"
100248870,2026-09-07,20260907,CL-ME-01,Red Sea Maritime Corridor Disruption,Middle East / Bab-el-Mandeb,Houthi Maritime Units,YEM,International Commercial Vessels,USA,196,Maritime military engagement / ship interdiction,Conflict / Military,4,-9.1,23,173,19,-6.95,YEM,Yemen,13.1993,43.537,83.5,CRITICAL,"['Energy', 'Shipping', 'Regional Economy']"
100248871,2026-09-12,20260912,CL-ME-02,Strait of Hormuz Strategic Energy Chokepoint Alerts,Middle East / Persian Gulf,Naval Security Patrols,IRN,Global Oil Tanker Fleet,SAU,190,Use conventional military force,Conflict / Military,4,-6.9,1230,120,182,-4.21,IRN,Iran,27.5913,57.3504,80.8,CRITICAL,"['Energy', 'Shipping', 'Regional Economy']"
100248872,2026-09-05,20260905,CL-ME-01,Red Sea Maritime Corridor Disruption,Middle East / Bab-el-Mandeb,Houthi Maritime Units,YEM,International Commercial Vessels,USA,060,Sign commercial or trade agreement,Economic / Trade,2,-9.5,759,6,95,-6.77,YEM,Yemen,12.2547,44.3249,78.0,CRITICAL,"['Energy', 'Shipping', 'Trade', 'Regional Economy']"
100248873,2026-09-18,20260918,CL-ME-02,Strait of Hormuz Strategic Energy Chokepoint Alerts,Middle East / Persian Gulf,Naval Security Patrols,IRN,Global Oil Tanker Fleet,SAU,190,Use conventional military force,Conflict / Military,4,-7.7,1244,31,25,-4.69,IRN,Iran,25.7602,56.8602,81.4,CRITICAL,"['Energy', 'Shipping', 'Regional Economy']"
100248874,2026-09-09,20260909,CL-EU-01,Eastern Europe & Black Sea Grain Corridor Strain,Eastern Europe,Armed Forces of Ukraine,UKR,Russian Armed Forces,RUS,194,Fight with artillery / rockets / missiles,Conflict / Military,4,-9.4,147,124,552,-7.84,UKR,Ukraine,47.4506,30.9582,87.6,CRITICAL,"['Energy', 'Commodities', 'Regional Economy']"
100248875,2026-09-12,20260912,CL-ME-02,Strait of Hormuz Strategic Energy Chokepoint Alerts,Middle East / Persian Gulf,Naval Security Patrols,IRN,Global Oil Tanker Fleet,SAU,194,Fight with artillery / rockets / missiles,Conflict / Military,4,-8.2,155,103,321,-3.94,IRN,Iran,25.7654,55.5769,79.9,CRITICAL,"['Energy', 'Shipping', 'Regional Economy']"
100248876,2026-10-02,20261002,CL-EU-01,Eastern Europe & Black Sea Grain Corridor Strain,Eastern Europe,Armed Forces of Ukraine,UKR,Russian Armed Forces,RUS,194,Fight with artillery / rockets / missiles,Conflict / Military,4,-7.9,961,134,543,-8.72,UKR,Ukraine,47.1073,30.7709,88.5,CRITICAL,"['Energy', 'Commodities', 'Regional Economy']"
100248877,2026-10-04,20261004,CL-ME-01,Red Sea Maritime Corridor Disruption,Middle East / Bab-el-Mandeb,Houthi Maritime Units,YEM,International Commercial Vessels,USA,196,Maritime military engagement / ship interdiction,Conflict / Military,4,-7.3,664,174,208,-6.65,YEM,Yemen,12.4404,44.1296,84.4,CRITICAL,"['Energy', 'Shipping', 'Regional Economy']"
100248878,2026-09-05,20260905,CL-ME-01,Red Sea Maritime Corridor Disruption,Middle East / Bab-el-Mandeb,Houthi Maritime Units,YEM,International Commercial Vessels,USA,196,Maritime military engagement / ship interdiction,Conflict / Military,4,-8.9,1058,77,14,-8.14,YEM,Yemen,13.6894,42.7847,89.3,CRITICAL,"['Energy', 'Shipping', 'Regional Economy']"
100248879,2026-09-29,20260929,CL-EU-01,Eastern Europe & Black Sea Grain Corridor Strain,Eastern Europe,Armed Forces of Ukraine,UKR,Russian Armed Forces,RUS,020,Appeal to international community or UN,Diplomatic,1,-9.7,962,37,87,-7.95,UKR,Ukraine,45.7042,30.9153,81.1,CRITICAL,"['Commodities', 'Regional Economy']"
100248880,2026-09-13,20260913,CL-ME-01,Red Sea Maritime Corridor Disruption,Middle East / Bab-el-Mandeb,Houthi Maritime Units,YEM,International Commercial Vessels,USA,196,Maritime military engagement / ship interdiction,Conflict / Military,4,-9.7,1262,6,481,-6.03,YEM,Yemen,13.7065,43.1243,85.2,CRITICAL,"['Energy', 'Shipping', 'Regional Economy']"
100248881,2026-09-09,20260909,CL-ME-01,Red Sea Maritime Corridor Disruption,Middle East / Bab-el-Mandeb,Houthi Maritime Units,YEM,International Commercial Vessels,USA,194,Fight with artillery / rockets / missiles,Conflict / Military,4,-8.1,440,99,32,-6.86,YEM,Yemen,13.6222,42.833,85.0,CRITICAL,"['Energy', 'Shipping', 'Regional Economy']"
100248882,2026-09-23,20260923,CL-ME-01,Red Sea Maritime Corridor Disruption,Middle East / Bab-el-Mandeb,Houthi Maritime Units,YEM,International Commercial Vessels,USA,193,Fight with small arms and light weapons,Conflict / Military,4,-7.7,1391,77,458,-4.87,YEM,Yemen,13.1642,42.8394,82.9,CRITICAL,"['Energy', 'Shipping', 'Regional Economy']"
100248883,2026-10-03,20261003,CL-ME-01,Red Sea Maritime Corridor Disruption,Middle East / Bab-el-Mandeb,Houthi Maritime Units,YEM,International Commercial Vessels,USA,196,Maritime military engagement / ship interdiction,Conflict / Military,4,-8.4,1078,143,298,-8.76,YEM,Yemen,14.0186,43.2198,89.9,CRITICAL,"['Energy', 'Shipping', 'Regional Economy']"
100248884,2026-09-04,20260904,CL-ME-01,Red Sea Maritime Corridor Disruption,Middle East / Bab-el-Mandeb,Houthi Maritime Units,YEM,International Commercial Vessels,USA,194,Fight with artillery / rockets / missiles,Conflict / Military,4,-7.8,1276,38,455,-7.56,YEM,Yemen,13.4412,42.5742,85.6,CRITICAL,"['Energy', 'Shipping', 'Regional Economy']"
100248885,2026-09-13,20260913,CL-ME-02,Strait of Hormuz Strategic Energy Chokepoint Alerts,Middle East / Persian Gulf,Naval Security Patrols,IRN,Global Oil Tanker Fleet,SAU,190,Use conventional military force,Conflict / Military,4,-8.8,1271,112,505,-4.53,IRN,Iran,25.3297,55.6409,85.2,CRITICAL,"['Energy', 'Shipping', 'Regional Economy']"
100248886,2026-09-16,20260916,CL-AP-02,South China Sea Second Thomas Shoal Maritime Standoff,Asia-Pacific,China Coast Guard,CHN,Philippine Coast Guard & Resupply,PHL,150,Demonstrate military / strategic force posture,Conflict / Military,4,-6.6,1065,134,56,-3.97,PHL,PHL,10.4477,116.4905,79.8,CRITICAL,"['Energy', 'Shipping', 'Regional Economy']"
100248887,2026-10-03,20261003,CL-ME-01,Red Sea Maritime Corridor Disruption,Middle East / Bab-el-Mandeb,Houthi Maritime Units,YEM,International Commercial Vessels,USA,111,Formally condemn or disapprove action,Political,3,-8.2,655,66,83,-6.11,YEM,Yemen,12.7246,43.9799,81.8,CRITICAL,"['Energy', 'Shipping', 'Regional Economy']"
100248888,2026-09-21,20260921,CL-ME-01,Red Sea Maritime Corridor Disruption,Middle East / Bab-el-Mandeb,Houthi Maritime Units,YEM,International Commercial Vessels,USA,196,Maritime military engagement / ship interdiction,Conflict / Military,4,-7.0,424,139,459,-6.01,YEM,Yemen,11.9479,44.6732,81.9,CRITICAL,"['Energy', 'Shipping', 'Regional Economy']"
100248889,2026-09-29,20260929,CL-AP-02,South China Sea Second Thomas Shoal Maritime Standoff,Asia-Pacific,China Coast Guard,CHN,Philippine Coast Guard & Resupply,PHL,196,Maritime military engagement / ship interdiction,Conflict / Military,4,-7.1,1035,118,208,-6.63,PHL,PHL,9.1593,116.5892,84.1,CRITICAL,"['Energy', 'Shipping', 'Regional Economy']"
100248890,2026-09-12,20260912,CL-ME-01,Red Sea Maritime Corridor Disruption,Middle East / Bab-el-Mandeb,Houthi Maritime Units,YEM,International Commercial Vessels,USA,150,Demonstrate military / strategic force posture,Conflict / Military,4,-9.3,134,5,121,-5.03,YEM,Yemen,13.4166,44.0458,79.5,CRITICAL,"['Energy', 'Shipping', 'Regional Economy']"
100248891,2026-09-04,20260904,CL-ME-02,Strait of Hormuz Strategic Energy Chokepoint Alerts,Middle East / Persian Gulf,Naval Security Patrols,IRN,Global Oil Tanker Fleet,SAU,190,Use conventional military force,Conflict / Military,4,-8.3,606,105,536,-5.12,IRN,Iran,25.3493,55.0399,83.7,CRITICAL,"['Energy', 'Shipping', 'Regional Economy']"
100248892,2026-10-04,20261004,CL-IN-01,India Northern Border Reconnaissance & Infrastructure Surveillance,South Asia,Indian Border Forces (ITBP/Army),IND,PLA Border Troops,CHN,040,Host diplomatic summit or high-level talks,Diplomatic,1,-2.4,633,99,633,-0.71,IND,India,33.8103,77.5223,57.0,HIGH,"['Shipping', 'Regional Economy']"
100248893,2026-09-17,20260917,CL-EU-01,Eastern Europe & Black Sea Grain Corridor Strain,Eastern Europe,Armed Forces of Ukraine,UKR,Russian Armed Forces,RUS,194,Fight with artillery / rockets / missiles,Conflict / Military,4,-9.1,934,94,437,-7.35,UKR,Ukraine,45.5839,31.897,88.8,CRITICAL,"['Energy', 'Commodities', 'Regional Economy']"
100248894,2026-10-02,20261002,CL-EU-01,Eastern Europe & Black Sea Grain Corridor Strain,Eastern Europe,Armed Forces of Ukraine,UKR,Russian Armed Forces,RUS,194,Fight with artillery / rockets / missiles,Conflict / Military,4,-9.6,860,4,428,-8.75,UKR,Ukraine,45.7142,29.8993,87.4,CRITICAL,"['Energy', 'Commodities', 'Regional Economy']"
100248895,2026-10-02,20261002,CL-AP-01,Taiwan Strait & East Asian Semiconductor Supply Alert,Asia-Pacific,People’s Liberation Army (Navy/Air),CHN,Taiwan Defense Units,TWN,150,Demonstrate military / strategic force posture,Conflict / Military,4,-5.5,640,61,424,-5.37,TWN,Taiwan,23.4506,120.795,77.5,CRITICAL,"['Energy', 'Shipping', 'Trade', 'Regional Economy']"
100248896,2026-09-17,20260917,CL-ME-01,Red Sea Maritime Corridor Disruption,Middle East / Bab-el-Mandeb,Houthi Maritime Units,YEM,International Commercial Vessels,USA,196,Maritime military engagement / ship interdiction,Conflict / Military,4,-9.3,327,23,535,-5.21,YEM,Yemen,12.487,43.3717,83.0,CRITICAL,"['Energy', 'Shipping', 'Regional Economy']"
100248897,2026-09-12,20260912,CL-AP-02,South China Sea Second Thomas Shoal Maritime Standoff,Asia-Pacific,China Coast Guard,CHN,Philippine Coast Guard & Resupply,PHL,141,Demonstrate or conduct civil protest,Protest / Civil Unrest,3,-7.8,696,49,452,-6.57,PHL,PHL,9.737,115.7457,81.2,CRITICAL,"['Shipping', 'Regional Economy']"
100248898,2026-09-13,20260913,CL-AP-01,Taiwan Strait & East Asian Semiconductor Supply Alert,Asia-Pacific,People’s Liberation Army (Navy/Air),CHN,Taiwan Defense Units,TWN,150,Demonstrate military / strategic force posture,Conflict / Military,4,-4.5,1372,70,339,-2.45,TWN,Taiwan,24.9936,121.6038,72.9,HIGH,"['Energy', 'Shipping', 'Trade', 'Regional Economy']"
100248899,2026-09-28,20260928,CL-ME-01,Red Sea Maritime Corridor Disruption,Middle East / Bab-el-Mandeb,Houthi Maritime Units,YEM,International Commercial Vessels,USA,150,Demonstrate military / strategic force posture,Conflict / Military,4,-8.8,359,77,93,-8.54,YEM,Yemen,12.44,43.8623,88.0,CRITICAL,"['Energy', 'Shipping', 'Regional Economy']"
100248900,2026-09-10,20260910,CL-EU-01,Eastern Europe & Black Sea Grain Corridor Strain,Eastern Europe,Armed Forces of Ukraine,UKR,Russian Armed Forces,RUS,193,Fight with small arms and light weapons,Conflict / Military,4,-9.1,1268,88,627,-6.08,UKR,Ukraine,47.4305,32.0937,87.5,CRITICAL,"['Energy', 'Commodities', 'Regional Economy']"
100248901,2026-09-16,20260916,CL-ME-01,Red Sea Maritime Corridor Disruption,Middle East / Bab-el-Mandeb,Houthi Maritime Units,YEM,International Commercial Vessels,USA,196,Maritime military engagement / ship interdiction,Conflict / Military,4,-8.7,678,124,31,-6.47,YEM,Yemen,13.6485,43.5264,86.7,CRITICAL,"['Energy', 'Shipping', 'Regional Economy']"
100248902,2026-10-01,20261001,CL-ME-01,Red Sea Maritime Corridor Disruption,Middle East / Bab-el-Mandeb,Houthi Maritime Units,YEM,International Commercial Vessels,USA,196,Maritime military engagement / ship interdiction,Conflict / Military,4,-7.2,1153,8,140,-8.3,YEM,Yemen,12.2315,42.5326,83.1,CRITICAL,"['Energy', 'Shipping', 'Regional Economy']"
100248903,2026-09-16,20260916,CL-ME-01,Red Sea Maritime Corridor Disruption,Middle East / Bab-el-Mandeb,Houthi Maritime Units,YEM,International Commercial Vessels,USA,196,Maritime military engagement / ship interdiction,Conflict / Military,4,-8.6,360,150,506,-5.82,YEM,Yemen,13.5783,44.0307,84.9,CRITICAL,"['Energy', 'Shipping', 'Regional Economy']"
100248904,2026-09-13,20260913,CL-ME-02,Strait of Hormuz Strategic Energy Chokepoint Alerts,Middle East / Persian Gulf,Naval Security Patrols,IRN,Global Oil Tanker Fleet,SAU,190,Use conventional military force,Conflict / Military,4,-6.7,769,55,189,-6.71,IRN,Iran,25.7807,56.754,81.9,CRITICAL,"['Energy', 'Shipping', 'Regional Economy']"
100248905,2026-09-21,20260921,CL-EU-01,Eastern Europe & Black Sea Grain Corridor Strain,Eastern Europe,Armed Forces of Ukraine,UKR,Russian Armed Forces,RUS,060,Sign commercial or trade agreement,Economic / Trade,2,-8.9,371,106,142,-6.57,UKR,Ukraine,46.0015,29.8581,79.1,CRITICAL,"['Trade', 'Commodities', 'Regional Economy']"
100248906,2026-09-04,20260904,CL-EU-01,Eastern Europe & Black Sea Grain Corridor Strain,Eastern Europe,Armed Forces of Ukraine,UKR,Russian Armed Forces,RUS,141,Demonstrate or conduct civil protest,Protest / Civil Unrest,3,-9.1,296,90,405,-8.74,UKR,Ukraine,46.7499,30.5679,86.3,CRITICAL,"['Commodities', 'Regional Economy']"
100248907,2026-09-20,20260920,CL-ME-02,Strait of Hormuz Strategic Energy Chokepoint Alerts,Middle East / Persian Gulf,Naval Security Patrols,IRN,Global Oil Tanker Fleet,SAU,190,Use conventional military force,Conflict / Military,4,-9.0,544,168,180,-7.07,IRN,Iran,25.9475,56.4078,88.1,CRITICAL,"['Energy', 'Shipping', 'Regional Economy']"
100248908,2026-09-08,20260908,CL-ME-01,Red Sea Maritime Corridor Disruption,Middle East / Bab-el-Mandeb,Houthi Maritime Units,YEM,International Commercial Vessels,USA,111,Formally condemn or disapprove action,Political,3,-8.5,1326,106,67,-4.85,YEM,Yemen,12.1027,42.4624,82.4,CRITICAL,"['Energy', 'Shipping', 'Regional Economy']"
100248909,2026-09-16,20260916,CL-ME-01,Red Sea Maritime Corridor Disruption,Middle East / Bab-el-Mandeb,Houthi Maritime Units,YEM,International Commercial Vessels,USA,196,Maritime military engagement / ship interdiction,Conflict / Military,4,-8.6,916,124,111,-6.6,YEM,Yemen,13.162,42.3164,87.1,CRITICAL,"['Energy', 'Shipping', 'Regional Economy']"
100248910,2026-09-24,20260924,CL-IN-01,India Northern Border Reconnaissance & Infrastructure Surveillance,South Asia,Indian Border Forces (ITBP/Army),IND,PLA Border Troops,CHN,040,Host diplomatic summit or high-level talks,Diplomatic,1,-4.0,1098,59,246,-4.11,IND,India,33.2819,77.2389,65.0,HIGH,"['Shipping', 'Regional Economy']"
100248911,2026-09-17,20260917,CL-ME-01,Red Sea Maritime Corridor Disruption,Middle East / Bab-el-Mandeb,Houthi Maritime Units,YEM,International Commercial Vessels,USA,020,Appeal to international community or UN,Diplomatic,1,-10.0,804,160,34,-8.54,YEM,Yemen,11.9104,44.4861,84.2,CRITICAL,"['Energy', 'Shipping', 'Regional Economy']"
100248912,2026-09-20,20260920,CL-AP-02,South China Sea Second Thomas Shoal Maritime Standoff,Asia-Pacific,China Coast Guard,CHN,Philippine Coast Guard & Resupply,PHL,150,Demonstrate military / strategic force posture,Conflict / Military,4,-7.7,750,85,128,-3.37,PHL,PHL,10.1855,114.6171,80.2,CRITICAL,"['Energy', 'Shipping', 'Regional Economy']"
100248913,2026-09-08,20260908,CL-AP-01,Taiwan Strait & East Asian Semiconductor Supply Alert,Asia-Pacific,People’s Liberation Army (Navy/Air),CHN,Taiwan Defense Units,TWN,150,Demonstrate military / strategic force posture,Conflict / Military,4,-6.1,1048,28,307,-4.8,TWN,Taiwan,23.5829,121.5308,77.7,CRITICAL,"['Energy', 'Shipping', 'Trade', 'Regional Economy']"
100248914,2026-09-17,20260917,CL-ME-01,Red Sea Maritime Corridor Disruption,Middle East / Bab-el-Mandeb,Houthi Maritime Units,YEM,International Commercial Vessels,USA,196,Maritime military engagement / ship interdiction,Conflict / Military,4,-7.2,310,81,346,-5.11,YEM,Yemen,13.5398,42.8405,80.0,CRITICAL,"['Energy', 'Shipping', 'Regional Economy']"
100248915,2026-09-22,20260922,CL-EU-01,Eastern Europe & Black Sea Grain Corridor Strain,Eastern Europe,Armed Forces of Ukraine,UKR,Russian Armed Forces,RUS,194,Fight with artillery / rockets / missiles,Conflict / Military,4,-9.3,260,97,334,-7.97,UKR,Ukraine,47.2584,32.1234,88.1,CRITICAL,"['Energy', 'Commodities', 'Regional Economy']"
100248916,2026-09-15,20260915,CL-EU-01,Eastern Europe & Black Sea Grain Corridor Strain,Eastern Europe,Armed Forces of Ukraine,UKR,Russian Armed Forces,RUS,194,Fight with artillery / rockets / missiles,Conflict / Military,4,-7.9,1251,71,198,-5.65,UKR,Ukraine,46.4312,29.842,84.1,CRITICAL,"['Energy', 'Commodities', 'Regional Economy']"
100248917,2026-10-03,20261003,CL-EU-01,Eastern Europe & Black Sea Grain Corridor Strain,Eastern Europe,Armed Forces of Ukraine,UKR,Russian Armed Forces,RUS,194,Fight with artillery / rockets / missiles,Conflict / Military,4,-9.8,234,170,251,-8.62,UKR,Ukraine,47.0507,30.8716,90.6,CRITICAL,"['Energy', 'Commodities', 'Regional Economy']"
100248918,2026-09-23,20260923,CL-ME-01,Red Sea Maritime Corridor Disruption,Middle East / Bab-el-Mandeb,Houthi Maritime Units,YEM,International Commercial Vessels,USA,141,Demonstrate or conduct civil protest,Protest / Civil Unrest,3,-8.6,332,136,471,-8.47,YEM,Yemen,13.42,44.0529,85.6,CRITICAL,"['Energy', 'Shipping', 'Regional Economy']"
100248919,2026-09-09,20260909,CL-AP-02,South China Sea Second Thomas Shoal Maritime Standoff,Asia-Pacific,China Coast Guard,CHN,Philippine Coast Guard & Resupply,PHL,196,Maritime military engagement / ship interdiction,Conflict / Military,4,-6.3,1365,7,56,-6.65,PHL,PHL,9.7647,114.7562,79.2,CRITICAL,"['Energy', 'Shipping', 'Regional Economy']"
100248920,2026-09-17,20260917,CL-ME-02,Strait of Hormuz Strategic Energy Chokepoint Alerts,Middle East / Persian Gulf,Naval Security Patrols,IRN,Global Oil Tanker Fleet,SAU,190,Use conventional military force,Conflict / Military,4,-7.7,1121,171,145,-5.81,IRN,Iran,27.2576,57.397,84.9,CRITICAL,"['Energy', 'Shipping', 'Regional Economy']"
100248921,2026-09-04,20260904,CL-EU-01,Eastern Europe & Black Sea Grain Corridor Strain,Eastern Europe,Armed Forces of Ukraine,UKR,Russian Armed Forces,RUS,194,Fight with artillery / rockets / missiles,Conflict / Military,4,-9.0,1252,91,566,-7.2,UKR,Ukraine,46.9285,31.1503,88.8,CRITICAL,"['Energy', 'Commodities', 'Regional Economy']"
100248922,2026-09-16,20260916,CL-ME-01,Red Sea Maritime Corridor Disruption,Middle East / Bab-el-Mandeb,Houthi Maritime Units,YEM,International Commercial Vessels,USA,196,Maritime military engagement / ship interdiction,Conflict / Military,4,-9.1,799,85,545,-7.57,YEM,Yemen,12.0367,43.2167,88.7,CRITICAL,"['Energy', 'Shipping', 'Regional Economy']"
100248923,2026-09-08,20260908,CL-ME-02,Strait of Hormuz Strategic Energy Chokepoint Alerts,Middle East / Persian Gulf,Naval Security Patrols,IRN,Global Oil Tanker Fleet,SAU,190,Use conventional military force,Conflict / Military,4,-8.5,964,49,344,-4.1,IRN,Iran,25.9624,55.2525,82.5,CRITICAL,"['Energy', 'Shipping', 'Regional Economy']"
100248924,2026-09-25,20260925,CL-EU-01,Eastern Europe & Black Sea Grain Corridor Strain,Eastern Europe,Armed Forces of Ukraine,UKR,Russian Armed Forces,RUS,150,Demonstrate military / strategic force posture,Conflict / Military,4,-7.9,1053,122,48,-6.68,UKR,Ukraine,46.8755,31.5766,85.9,CRITICAL,"['Energy', 'Commodities', 'Regional Economy']"
100248925,2026-09-27,20260927,CL-ME-01,Red Sea Maritime Corridor Disruption,Middle East / Bab-el-Mandeb,Houthi Maritime Units,YEM,International Commercial Vessels,USA,196,Maritime military engagement / ship interdiction,Conflict / Military,4,-8.4,393,48,73,-6.17,YEM,Yemen,13.3922,42.5808,83.6,CRITICAL,"['Energy', 'Shipping', 'Regional Economy']"
100248926,2026-10-04,20261004,CL-AP-02,South China Sea Second Thomas Shoal Maritime Standoff,Asia-Pacific,China Coast Guard,CHN,Philippine Coast Guard & Resupply,PHL,196,Maritime military engagement / ship interdiction,Conflict / Military,4,-7.9,934,178,228,-5.85,PHL,PHL,9.2964,116.2683,85.1,CRITICAL,"['Energy', 'Shipping', 'Regional Economy']"
100248927,2026-09-29,20260929,CL-ME-01,Red Sea Maritime Corridor Disruption,Middle East / Bab-el-Mandeb,Houthi Maritime Units,YEM,International Commercial Vessels,USA,141,Demonstrate or conduct civil protest,Protest / Civil Unrest,3,-8.1,554,66,511,-5.31,YEM,Yemen,13.4658,43.0698,80.3,CRITICAL,"['Energy', 'Shipping', 'Regional Economy']"
100248928,2026-09-17,20260917,CL-ME-02,Strait of Hormuz Strategic Energy Chokepoint Alerts,Middle East / Persian Gulf,Naval Security Patrols,IRN,Global Oil Tanker Fleet,SAU,141,Demonstrate or conduct civil protest,Protest / Civil Unrest,3,-6.3,236,7,468,-3.72,IRN,Iran,26.3869,55.5184,70.2,HIGH,"['Energy', 'Shipping', 'Regional Economy']"
100248929,2026-10-02,20261002,CL-ME-01,Red Sea Maritime Corridor Disruption,Middle East / Bab-el-Mandeb,Houthi Maritime Units,YEM,International Commercial Vessels,USA,020,Appeal to international community or UN,Diplomatic,1,-9.5,1067,61,542,-6.44,YEM,Yemen,12.9914,42.3666,79.6,CRITICAL,"['Energy', 'Shipping', 'Regional Economy']"
100248930,2026-09-17,20260917,CL-ME-02,Strait of Hormuz Strategic Energy Chokepoint Alerts,Middle East / Persian Gulf,Naval Security Patrols,IRN,Global Oil Tanker Fleet,SAU,190,Use conventional military force,Conflict / Military,4,-8.2,144,105,56,-7.01,IRN,Iran,26.5715,56.5016,83.8,CRITICAL,"['Energy', 'Shipping', 'Regional Economy']"
100248931,2026-09-26,20260926,CL-ME-01,Red Sea Maritime Corridor Disruption,Middle East / Bab-el-Mandeb,Houthi Maritime Units,YEM,International Commercial Vessels,USA,196,Maritime military engagement / ship interdiction,Conflict / Military,4,-9.6,389,7,644,-6.03,YEM,Yemen,12.3336,42.8649,83.4,CRITICAL,"['Energy', 'Shipping', 'Regional Economy']"
100248932,2026-09-27,20260927,CL-EU-01,Eastern Europe & Black Sea Grain Corridor Strain,Eastern Europe,Armed Forces of Ukraine,UKR,Russian Armed Forces,RUS,194,Fight with artillery / rockets / missiles,Conflict / Military,4,-7.8,696,115,27,-6.19,UKR,Ukraine,45.9359,30.1676,84.3,CRITICAL,"['Energy', 'Commodities', 'Regional Economy']"
100248933,2026-09-07,20260907,CL-ME-01,Red Sea Maritime Corridor Disruption,Middle East / Bab-el-Mandeb,Houthi Maritime Units,YEM,International Commercial Vessels,USA,196,Maritime military engagement / ship interdiction,Conflict / Military,4,-8.5,597,112,414,-6.75,YEM,Yemen,12.2948,43.5728,86.3,CRITICAL,"['Energy', 'Shipping', 'Regional Economy']"
100248934,2026-09-15,20260915,CL-EU-01,Eastern Europe & Black Sea Grain Corridor Strain,Eastern Europe,Armed Forces of Ukraine,UKR,Russian Armed Forces,RUS,060,Sign commercial or trade agreement,Economic / Trade,2,-10.0,538,119,23,-8.99,UKR,Ukraine,46.4238,30.6766,85.3,CRITICAL,"['Trade', 'Commodities', 'Regional Economy']"
100248935,2026-09-04,20260904,CL-AP-01,Taiwan Strait & East Asian Semiconductor Supply Alert,Asia-Pacific,People’s Liberation Army (Navy/Air),CHN,Taiwan Defense Units,TWN,194,Fight with artillery / rockets / missiles,Conflict / Military,4,-6.8,681,37,640,-3.12,TWN,Taiwan,22.9219,121.3022,76.8,CRITICAL,"['Energy', 'Shipping', 'Trade', 'Regional Economy']"
100248936,2026-09-09,20260909,CL-ME-02,Strait of Hormuz Strategic Energy Chokepoint Alerts,Middle East / Persian Gulf,Naval Security Patrols,IRN,Global Oil Tanker Fleet,SAU,111,Formally condemn or disapprove action,Political,3,-7.5,362,163,218,-6.05,IRN,Iran,26.4362,55.3134,80.5,CRITICAL,"['Energy', 'Shipping', 'Regional Economy']"
100248937,2026-09-26,20260926,CL-ME-02,Strait of Hormuz Strategic Energy Chokepoint Alerts,Middle East / Persian Gulf,Naval Security Patrols,IRN,Global Oil Tanker Fleet,SAU,194,Fight with artillery / rockets / missiles,Conflict / Military,4,-7.1,846,78,9,-4.61,IRN,Iran,27.0937,56.312,80.6,CRITICAL,"['Energy', 'Shipping', 'Regional Economy']"
100248938,2026-09-10,20260910,CL-EU-01,Eastern Europe & Black Sea Grain Corridor Strain,Eastern Europe,Armed Forces of Ukraine,UKR,Russian Armed Forces,RUS,194,Fight with artillery / rockets / missiles,Conflict / Military,4,-9.2,1382,73,215,-6.66,UKR,Ukraine,46.9012,31.4843,88.3,CRITICAL,"['Energy', 'Commodities', 'Regional Economy']"
100248939,2026-09-13,20260913,CL-ME-01,Red Sea Maritime Corridor Disruption,Middle East / Bab-el-Mandeb,Houthi Maritime Units,YEM,International Commercial Vessels,USA,196,Maritime military engagement / ship interdiction,Conflict / Military,4,-8.0,572,20,21,-7.21,YEM,Yemen,12.6955,43.1209,83.5,CRITICAL,"['Energy', 'Shipping', 'Regional Economy']"
100248940,2026-09-14,20260914,CL-EU-01,Eastern Europe & Black Sea Grain Corridor Strain,Eastern Europe,Armed Forces of Ukraine,UKR,Russian Armed Forces,RUS,194,Fight with artillery / rockets / missiles,Conflict / Military,4,-8.1,824,62,415,-8.03,UKR,Ukraine,45.6153,30.8479,86.8,CRITICAL,"['Energy', 'Commodities', 'Regional Economy']"
100248941,2026-10-04,20261004,CL-AP-02,South China Sea Second Thomas Shoal Maritime Standoff,Asia-Pacific,China Coast Guard,CHN,Philippine Coast Guard & Resupply,PHL,196,Maritime military engagement / ship interdiction,Conflict / Military,4,-5.8,747,104,169,-6.89,PHL,PHL,8.8214,116.0121,81.0,CRITICAL,"['Energy', 'Shipping', 'Regional Economy']"
100248942,2026-09-04,20260904,CL-ME-02,Strait of Hormuz Strategic Energy Chokepoint Alerts,Middle East / Persian Gulf,Naval Security Patrols,IRN,Global Oil Tanker Fleet,SAU,190,Use conventional military force,Conflict / Military,4,-6.7,717,134,460,-3.84,IRN,Iran,26.3714,56.7508,79.2,CRITICAL,"['Energy', 'Shipping', 'Regional Economy']"
100248943,2026-09-25,20260925,CL-EU-01,Eastern Europe & Black Sea Grain Corridor Strain,Eastern Europe,Armed Forces of Ukraine,UKR,Russian Armed Forces,RUS,194,Fight with artillery / rockets / missiles,Conflict / Military,4,-8.6,671,178,619,-7.06,UKR,Ukraine,45.7369,30.094,87.7,CRITICAL,"['Energy', 'Commodities', 'Regional Economy']"
100248944,2026-09-14,20260914,CL-EU-01,Eastern Europe & Black Sea Grain Corridor Strain,Eastern Europe,Armed Forces of Ukraine,UKR,Russian Armed Forces,RUS,111,Formally condemn or disapprove action,Political,3,-8.7,133,88,548,-7.8,UKR,Ukraine,45.3119,30.5872,83.0,CRITICAL,"['Commodities', 'Regional Economy']"
100248945,2026-09-24,20260924,CL-ME-02,Strait of Hormuz Strategic Energy Chokepoint Alerts,Middle East / Persian Gulf,Naval Security Patrols,IRN,Global Oil Tanker Fleet,SAU,190,Use conventional military force,Conflict / Military,4,-8.0,380,98,74,-3.72,IRN,Iran,26.6154,56.9805,80.4,CRITICAL,"['Energy', 'Shipping', 'Regional Economy']"
100248946,2026-10-02,20261002,CL-ME-01,Red Sea Maritime Corridor Disruption,Middle East / Bab-el-Mandeb,Houthi Maritime Units,YEM,International Commercial Vessels,USA,196,Maritime military engagement / ship interdiction,Conflict / Military,4,-9.3,426,34,406,-8.65,YEM,Yemen,13.1121,44.5889,88.4,CRITICAL,"['Energy', 'Shipping', 'Regional Economy']"
100248947,2026-09-06,20260906,CL-AP-02,South China Sea Second Thomas Shoal Maritime Standoff,Asia-Pacific,China Coast Guard,CHN,Philippine Coast Guard & Resupply,PHL,196,Maritime military engagement / ship interdiction,Conflict / Military,4,-5.4,289,161,109,-4.26,PHL,PHL,9.9886,116.9294,75.9,CRITICAL,"['Energy', 'Shipping', 'Regional Economy']"
100248948,2026-09-17,20260917,CL-ME-01,Red Sea Maritime Corridor Disruption,Middle East / Bab-el-Mandeb,Houthi Maritime Units,YEM,International Commercial Vessels,USA,196,Maritime military engagement / ship interdiction,Conflict / Military,4,-9.7,439,105,211,-6.23,YEM,Yemen,13.3257,42.3147,87.6,CRITICAL,"['Energy', 'Shipping', 'Regional Economy']"
100248949,2026-09-14,20260914,CL-ME-01,Red Sea Maritime Corridor Disruption,Middle East / Bab-el-Mandeb,Houthi Maritime Units,YEM,International Commercial Vessels,USA,196,Maritime military engagement / ship interdiction,Conflict / Military,4,-8.6,634,48,303,-5.68,YEM,Yemen,13.3231,44.6134,84.1,CRITICAL,"['Energy', 'Shipping', 'Regional Economy']"
100248950,2026-09-24,20260924,CL-ME-01,Red Sea Maritime Corridor Disruption,Middle East / Bab-el-Mandeb,Houthi Maritime Units,YEM,International Commercial Vessels,USA,196,Maritime military engagement / ship interdiction,Conflict / Military,4,-8.3,1251,63,344,-6.81,YEM,Yemen,13.0233,43.7768,86.3,CRITICAL,"['Energy', 'Shipping', 'Regional Economy']"
100248951,2026-09-14,20260914,CL-ME-01,Red Sea Maritime Corridor Disruption,Middle East / Bab-el-Mandeb,Houthi Maritime Units,YEM,International Commercial Vessels,USA,196,Maritime military engagement / ship interdiction,Conflict / Military,4,-9.3,883,22,147,-8.75,YEM,Yemen,12.7756,44.5936,89.0,CRITICAL,"['Energy', 'Shipping', 'Regional Economy']"
100248952,2026-09-30,20260930,CL-ME-01,Red Sea Maritime Corridor Disruption,Middle East / Bab-el-Mandeb,Houthi Maritime Units,YEM,International Commercial Vessels,USA,196,Maritime military engagement / ship interdiction,Conflict / Military,4,-9.8,426,45,502,-6.4,YEM,Yemen,12.4562,43.3331,86.9,CRITICAL,"['Energy', 'Shipping', 'Regional Economy']"
100248953,2026-09-19,20260919,CL-ME-02,Strait of Hormuz Strategic Energy Chokepoint Alerts,Middle East / Persian Gulf,Naval Security Patrols,IRN,Global Oil Tanker Fleet,SAU,190,Use conventional military force,Conflict / Military,4,-7.2,518,51,370,-3.84,IRN,Iran,26.043,55.3929,78.5,CRITICAL,"['Energy', 'Shipping', 'Regional Economy']"
100248954,2026-09-24,20260924,CL-AP-02,South China Sea Second Thomas Shoal Maritime Standoff,Asia-Pacific,China Coast Guard,CHN,Philippine Coast Guard & Resupply,PHL,196,Maritime military engagement / ship interdiction,Conflict / Military,4,-7.4,645,110,184,-6.34,PHL,PHL,10.5334,116.3833,83.5,CRITICAL,"['Energy', 'Shipping', 'Regional Economy']"
100248955,2026-09-15,20260915,CL-EU-01,Eastern Europe & Black Sea Grain Corridor Strain,Eastern Europe,Armed Forces of Ukraine,UKR,Russian Armed Forces,RUS,194,Fight with artillery / rockets / missiles,Conflict / Military,4,-9.5,1308,174,8,-8.81,UKR,Ukraine,46.666,30.3305,92.8,CRITICAL,"['Energy', 'Commodities', 'Regional Economy']"
100248956,2026-09-27,20260927,CL-ME-02,Strait of Hormuz Strategic Energy Chokepoint Alerts,Middle East / Persian Gulf,Naval Security Patrols,IRN,Global Oil Tanker Fleet,SAU,060,Sign commercial or trade agreement,Economic / Trade,2,-8.0,637,152,471,-5.58,IRN,Iran,26.9396,56.1296,77.2,CRITICAL,"['Energy', 'Shipping', 'Trade', 'Regional Economy']"
100248957,2026-09-17,20260917,CL-AP-02,South China Sea Second Thomas Shoal Maritime Standoff,Asia-Pacific,China Coast Guard,CHN,Philippine Coast Guard & Resupply,PHL,196,Maritime military engagement / ship interdiction,Conflict / Military,4,-8.1,815,14,607,-6.82,PHL,PHL,9.5052,116.0629,83.3,CRITICAL,"['Energy', 'Shipping', 'Regional Economy']"
100248958,2026-09-05,20260905,CL-ME-02,Strait of Hormuz Strategic Energy Chokepoint Alerts,Middle East / Persian Gulf,Naval Security Patrols,IRN,Global Oil Tanker Fleet,SAU,190,Use conventional military force,Conflict / Military,4,-8.2,1000,24,439,-4.78,IRN,Iran,27.314,55.7103,81.9,CRITICAL,"['Energy', 'Shipping', 'Regional Economy']"
100248959,2026-09-09,20260909,CL-ME-02,Strait of Hormuz Strategic Energy Chokepoint Alerts,Middle East / Persian Gulf,Naval Security Patrols,IRN,Global Oil Tanker Fleet,SAU,040,Host diplomatic summit or high-level talks,Diplomatic,1,-6.5,706,140,153,-3.73,IRN,Iran,26.66,56.7414,70.2,HIGH,"['Energy', 'Shipping', 'Regional Economy']"
100248960,2026-09-27,20260927,CL-ME-01,Red Sea Maritime Corridor Disruption,Middle East / Bab-el-Mandeb,Houthi Maritime Units,YEM,International Commercial Vessels,USA,196,Maritime military engagement / ship interdiction,Conflict / Military,4,-8.3,1223,141,353,-6.7,YEM,Yemen,13.5914,44.3708,87.2,CRITICAL,"['Energy', 'Shipping', 'Regional Economy']"
100248961,2026-09-15,20260915,CL-AP-01,Taiwan Strait & East Asian Semiconductor Supply Alert,Asia-Pacific,People’s Liberation Army (Navy/Air),CHN,Taiwan Defense Units,TWN,150,Demonstrate military / strategic force posture,Conflict / Military,4,-5.4,1384,154,322,-4.34,TWN,Taiwan,22.9715,121.3702,78.3,CRITICAL,"['Energy', 'Shipping', 'Trade', 'Regional Economy']"
100248962,2026-09-07,20260907,CL-EU-01,Eastern Europe & Black Sea Grain Corridor Strain,Eastern Europe,Armed Forces of Ukraine,UKR,Russian Armed Forces,RUS,194,Fight with artillery / rockets / missiles,Conflict / Military,4,-8.2,825,6,211,-8.66,UKR,Ukraine,46.0245,30.0693,84.8,CRITICAL,"['Energy', 'Commodities', 'Regional Economy']"
100248963,2026-09-21,20260921,CL-EU-01,Eastern Europe & Black Sea Grain Corridor Strain,Eastern Europe,Armed Forces of Ukraine,UKR,Russian Armed Forces,RUS,194,Fight with artillery / rockets / missiles,Conflict / Military,4,-9.3,824,52,596,-6.07,UKR,Ukraine,46.7559,31.7782,86.6,CRITICAL,"['Energy', 'Commodities', 'Regional Economy']"
100248964,2026-09-18,20260918,CL-AP-02,South China Sea Second Thomas Shoal Maritime Standoff,Asia-Pacific,China Coast Guard,CHN,Philippine Coast Guard & Resupply,PHL,196,Maritime military engagement / ship interdiction,Conflict / Military,4,-6.6,306,92,634,-3.19,PHL,PHL,9.7662,115.6584,76.4,CRITICAL,"['Energy', 'Shipping', 'Regional Economy']"
100248965,2026-09-11,20260911,CL-ME-02,Strait of Hormuz Strategic Energy Chokepoint Alerts,Middle East / Persian Gulf,Naval Security Patrols,IRN,Global Oil Tanker Fleet,SAU,190,Use conventional military force,Conflict / Military,4,-8.3,476,155,536,-7.32,IRN,Iran,26.3607,56.3813,86.7,CRITICAL,"['Energy', 'Shipping', 'Regional Economy']"
100248966,2026-09-06,20260906,CL-EU-01,Eastern Europe & Black Sea Grain Corridor Strain,Eastern Europe,Armed Forces of Ukraine,UKR,Russian Armed Forces,RUS,194,Fight with artillery / rockets / missiles,Conflict / Military,4,-9.4,514,112,435,-7.05,UKR,Ukraine,46.6905,30.1744,88.3,CRITICAL,"['Energy', 'Commodities', 'Regional Economy']"
100248967,2026-09-20,20260920,CL-EU-01,Eastern Europe & Black Sea Grain Corridor Strain,Eastern Europe,Armed Forces of Ukraine,UKR,Russian Armed Forces,RUS,194,Fight with artillery / rockets / missiles,Conflict / Military,4,-7.7,943,93,598,-6.14,UKR,Ukraine,46.0526,30.9629,84.3,CRITICAL,"['Energy', 'Commodities', 'Regional Economy']"
100248968,2026-09-22,20260922,CL-AP-01,Taiwan Strait & East Asian Semiconductor Supply Alert,Asia-Pacific,People’s Liberation Army (Navy/Air),CHN,Taiwan Defense Units,TWN,150,Demonstrate military / strategic force posture,Conflict / Military,4,-4.1,350,32,225,-5.72,TWN,Taiwan,23.7151,120.3369,73.3,HIGH,"['Energy', 'Shipping', 'Trade', 'Regional Economy']"
100248969,2026-09-18,20260918,CL-ME-01,Red Sea Maritime Corridor Disruption,Middle East / Bab-el-Mandeb,Houthi Maritime Units,YEM,International Commercial Vessels,USA,190,Use conventional military force,Conflict / Military,4,-9.9,979,65,208,-6.21,YEM,Yemen,13.9987,44.597,88.6,CRITICAL,"['Energy', 'Shipping', 'Regional Economy']"
100248970,2026-09-10,20260910,CL-ME-02,Strait of Hormuz Strategic Energy Chokepoint Alerts,Middle East / Persian Gulf,Naval Security Patrols,IRN,Global Oil Tanker Fleet,SAU,190,Use conventional military force,Conflict / Military,4,-6.4,294,171,81,-7.04,IRN,Iran,27.4231,56.4044,81.7,CRITICAL,"['Energy', 'Shipping', 'Regional Economy']"
100248971,2026-09-29,20260929,CL-ME-02,Strait of Hormuz Strategic Energy Chokepoint Alerts,Middle East / Persian Gulf,Naval Security Patrols,IRN,Global Oil Tanker Fleet,SAU,190,Use conventional military force,Conflict / Military,4,-7.6,1119,45,513,-6.87,IRN,Iran,27.2379,55.6261,84.3,CRITICAL,"['Energy', 'Shipping', 'Regional Economy']"
100248972,2026-10-03,20261003,CL-ME-01,Red Sea Maritime Corridor Disruption,Middle East / Bab-el-Mandeb,Houthi Maritime Units,YEM,International Commercial Vessels,USA,196,Maritime military engagement / ship interdiction,Conflict / Military,4,-7.4,1101,133,635,-7.6,YEM,Yemen,13.4309,43.1328,86.2,CRITICAL,"['Energy', 'Shipping', 'Regional Economy']"
100248973,2026-09-20,20260920,CL-ME-02,Strait of Hormuz Strategic Energy Chokepoint Alerts,Middle East / Persian Gulf,Naval Security Patrols,IRN,Global Oil Tanker Fleet,SAU,190,Use conventional military force,Conflict / Military,4,-6.4,1298,173,122,-5.91,IRN,Iran,26.1704,57.3974,82.5,CRITICAL,"['Energy', 'Shipping', 'Regional Economy']"
100248974,2026-09-13,20260913,CL-ME-01,Red Sea Maritime Corridor Disruption,Middle East / Bab-el-Mandeb,Houthi Maritime Units,YEM,International Commercial Vessels,USA,040,Host diplomatic summit or high-level talks,Diplomatic,1,-7.7,239,166,96,-4.94,YEM,Yemen,13.4573,43.972,72.9,HIGH,"['Energy', 'Shipping', 'Regional Economy']"
100248975,2026-09-22,20260922,CL-AP-02,South China Sea Second Thomas Shoal Maritime Standoff,Asia-Pacific,China Coast Guard,CHN,Philippine Coast Guard & Resupply,PHL,196,Maritime military engagement / ship interdiction,Conflict / Military,4,-5.4,1377,128,360,-6.07,PHL,PHL,8.7246,115.6364,80.3,CRITICAL,"['Energy', 'Shipping', 'Regional Economy']"
100248976,2026-09-16,20260916,CL-EU-01,Eastern Europe & Black Sea Grain Corridor Strain,Eastern Europe,Armed Forces of Ukraine,UKR,Russian Armed Forces,RUS,194,Fight with artillery / rockets / missiles,Conflict / Military,4,-8.2,1099,166,407,-7.54,UKR,Ukraine,46.3821,30.7853,88.1,CRITICAL,"['Energy', 'Commodities', 'Regional Economy']"
100248977,2026-10-03,20261003,CL-ME-01,Red Sea Maritime Corridor Disruption,Middle East / Bab-el-Mandeb,Houthi Maritime Units,YEM,International Commercial Vessels,USA,196,Maritime military engagement / ship interdiction,Conflict / Military,4,-8.6,262,147,124,-6.84,YEM,Yemen,11.9116,42.9134,85.7,CRITICAL,"['Energy', 'Shipping', 'Regional Economy']"
100248978,2026-09-25,20260925,CL-EU-01,Eastern Europe & Black Sea Grain Corridor Strain,Eastern Europe,Armed Forces of Ukraine,UKR,Russian Armed Forces,RUS,194,Fight with artillery / rockets / missiles,Conflict / Military,4,-10.0,452,30,450,-6.58,UKR,Ukraine,46.8435,30.2302,87.1,CRITICAL,"['Energy', 'Commodities', 'Regional Economy']"
100248979,2026-09-08,20260908,CL-IN-01,India Northern Border Reconnaissance & Infrastructure Surveillance,South Asia,Indian Border Forces (ITBP/Army),IND,PLA Border Troops,CHN,150,Demonstrate military / strategic force posture,Conflict / Military,4,-1.6,789,75,465,-0.49,IND,India,33.154,78.3177,63.5,HIGH,"['Energy', 'Shipping', 'Regional Economy']"
100248980,2026-10-03,20261003,CL-EU-01,Eastern Europe & Black Sea Grain Corridor Strain,Eastern Europe,Armed Forces of Ukraine,UKR,Russian Armed Forces,RUS,194,Fight with artillery / rockets / missiles,Conflict / Military,4,-8.2,1015,43,453,-8.39,UKR,Ukraine,46.4897,31.1578,87.3,CRITICAL,"['Energy', 'Commodities', 'Regional Economy']"
100248981,2026-09-23,20260923,CL-AP-02,South China Sea Second Thomas Shoal Maritime Standoff,Asia-Pacific,China Coast Guard,CHN,Philippine Coast Guard & Resupply,PHL,196,Maritime military engagement / ship interdiction,Conflict / Military,4,-7.5,744,61,197,-4.02,PHL,PHL,10.9798,114.7039,80.2,CRITICAL,"['Energy', 'Shipping', 'Regional Economy']"
100248982,2026-09-17,20260917,CL-ME-01,Red Sea Maritime Corridor Disruption,Middle East / Bab-el-Mandeb,Houthi Maritime Units,YEM,International Commercial Vessels,USA,020,Appeal to international community or UN,Diplomatic,1,-8.4,901,148,112,-7.61,YEM,Yemen,12.612,43.6058,79.7,CRITICAL,"['Energy', 'Shipping', 'Regional Economy']"
100248983,2026-09-23,20260923,CL-ME-02,Strait of Hormuz Strategic Energy Chokepoint Alerts,Middle East / Persian Gulf,Naval Security Patrols,IRN,Global Oil Tanker Fleet,SAU,111,Formally condemn or disapprove action,Political,3,-6.4,562,62,650,-3.75,IRN,Iran,25.6419,56.678,74.6,HIGH,"['Energy', 'Shipping', 'Regional Economy']"
100248984,2026-09-28,20260928,CL-ME-02,Strait of Hormuz Strategic Energy Chokepoint Alerts,Middle East / Persian Gulf,Naval Security Patrols,IRN,Global Oil Tanker Fleet,SAU,190,Use conventional military force,Conflict / Military,4,-7.9,39,121,69,-6.13,IRN,Iran,26.0275,55.2852,80.3,CRITICAL,"['Energy', 'Shipping', 'Regional Economy']"
100248985,2026-09-30,20260930,CL-AP-02,South China Sea Second Thomas Shoal Maritime Standoff,Asia-Pacific,China Coast Guard,CHN,Philippine Coast Guard & Resupply,PHL,111,Formally condemn or disapprove action,Political,3,-7.0,769,41,507,-6.83,PHL,PHL,8.7032,115.6513,79.8,CRITICAL,"['Shipping', 'Regional Economy']"
100248986,2026-10-01,20261001,CL-ME-02,Strait of Hormuz Strategic Energy Chokepoint Alerts,Middle East / Persian Gulf,Naval Security Patrols,IRN,Global Oil Tanker Fleet,SAU,190,Use conventional military force,Conflict / Military,4,-8.8,607,77,585,-6.76,IRN,Iran,27.2543,55.9358,86.5,CRITICAL,"['Energy', 'Shipping', 'Regional Economy']"
100248987,2026-09-07,20260907,CL-ME-02,Strait of Hormuz Strategic Energy Chokepoint Alerts,Middle East / Persian Gulf,Naval Security Patrols,IRN,Global Oil Tanker Fleet,SAU,190,Use conventional military force,Conflict / Military,4,-7.1,991,82,179,-4.54,IRN,Iran,27.6795,56.0826,80.8,CRITICAL,"['Energy', 'Shipping', 'Regional Economy']"
100248988,2026-09-14,20260914,CL-EU-01,Eastern Europe & Black Sea Grain Corridor Strain,Eastern Europe,Armed Forces of Ukraine,UKR,Russian Armed Forces,RUS,194,Fight with artillery / rockets / missiles,Conflict / Military,4,-8.8,554,3,245,-6.65,UKR,Ukraine,46.9568,30.1988,82.0,CRITICAL,"['Energy', 'Commodities', 'Regional Economy']"
100248989,2026-09-25,20260925,CL-ME-02,Strait of Hormuz Strategic Energy Chokepoint Alerts,Middle East / Persian Gulf,Naval Security Patrols,IRN,Global Oil Tanker Fleet,SAU,111,Formally condemn or disapprove action,Political,3,-9.2,460,92,560,-6.46,IRN,Iran,26.5963,56.2267,84.2,CRITICAL,"['Energy', 'Shipping', 'Regional Economy']"
100248990,2026-10-01,20261001,CL-ME-01,Red Sea Maritime Corridor Disruption,Middle East / Bab-el-Mandeb,Houthi Maritime Units,YEM,International Commercial Vessels,USA,196,Maritime military engagement / ship interdiction,Conflict / Military,4,-8.0,439,113,531,-7.03,YEM,Yemen,12.6943,43.7612,85.2,CRITICAL,"['Energy', 'Shipping', 'Regional Economy']"
100248991,2026-09-25,20260925,CL-ME-01,Red Sea Maritime Corridor Disruption,Middle East / Bab-el-Mandeb,Houthi Maritime Units,YEM,International Commercial Vessels,USA,040,Host diplomatic summit or high-level talks,Diplomatic,1,-7.8,1166,118,444,-6.6,YEM,Yemen,12.2476,43.0211,77.2,CRITICAL,"['Energy', 'Shipping', 'Regional Economy']"
100248992,2026-09-27,20260927,CL-ME-01,Red Sea Maritime Corridor Disruption,Middle East / Bab-el-Mandeb,Houthi Maritime Units,YEM,International Commercial Vessels,USA,040,Host diplomatic summit or high-level talks,Diplomatic,1,-7.6,711,47,507,-5.91,YEM,Yemen,14.0744,43.7468,73.9,HIGH,"['Energy', 'Shipping', 'Regional Economy']"
100248993,2026-09-23,20260923,CL-AP-01,Taiwan Strait & East Asian Semiconductor Supply Alert,Asia-Pacific,People’s Liberation Army (Navy/Air),CHN,Taiwan Defense Units,TWN,150,Demonstrate military / strategic force posture,Conflict / Military,4,-4.6,728,42,566,-3.59,TWN,Taiwan,25.0227,120.4772,73.0,HIGH,"['Energy', 'Shipping', 'Trade', 'Regional Economy']"
100248994,2026-09-16,20260916,CL-ME-01,Red Sea Maritime Corridor Disruption,Middle East / Bab-el-Mandeb,Houthi Maritime Units,YEM,International Commercial Vessels,USA,040,Host diplomatic summit or high-level talks,Diplomatic,1,-9.8,103,33,475,-7.93,YEM,Yemen,12.2598,44.1795,77.8,CRITICAL,"['Energy', 'Shipping', 'Regional Economy']"
100248995,2026-09-16,20260916,CL-EU-01,Eastern Europe & Black Sea Grain Corridor Strain,Eastern Europe,Armed Forces of Ukraine,UKR,Russian Armed Forces,RUS,194,Fight with artillery / rockets / missiles,Conflict / Military,4,-8.0,1187,179,315,-6.17,UKR,Ukraine,47.1867,31.5593,86.1,CRITICAL,"['Energy', 'Commodities', 'Regional Economy']"
100248996,2026-09-26,20260926,CL-ME-01,Red Sea Maritime Corridor Disruption,Middle East / Bab-el-Mandeb,Houthi Maritime Units,YEM,International Commercial Vessels,USA,196,Maritime military engagement / ship interdiction,Conflict / Military,4,-9.0,477,146,15,-8.55,YEM,Yemen,13.8021,43.2811,89.7,CRITICAL,"['Energy', 'Shipping', 'Regional Economy']"
100248997,2026-09-21,20260921,CL-ME-01,Red Sea Maritime Corridor Disruption,Middle East / Bab-el-Mandeb,Houthi Maritime Units,YEM,International Commercial Vessels,USA,196,Maritime military engagement / ship interdiction,Conflict / Military,4,-8.5,1086,171,530,-7.61,YEM,Yemen,14.1795,42.9863,88.8,CRITICAL,"['Energy', 'Shipping', 'Regional Economy']"
100248998,2026-10-01,20261001,CL-EU-01,Eastern Europe & Black Sea Grain Corridor Strain,Eastern Europe,Armed Forces of Ukraine,UKR,Russian Armed Forces,RUS,194,Fight with artillery / rockets / missiles,Conflict / Military,4,-8.1,1344,30,208,-9.41,UKR,Ukraine,46.2113,31.8362,88.4,CRITICAL,"['Energy', 'Commodities', 'Regional Economy']"
100248999,2026-10-04,20261004,CL-EU-01,Eastern Europe & Black Sea Grain Corridor Strain,Eastern Europe,Armed Forces of Ukraine,UKR,Russian Armed Forces,RUS,194,Fight with artillery / rockets / missiles,Conflict / Military,4,-10.0,505,15,129,-8.77,UKR,Ukraine,46.1126,30.8485,89.2,CRITICAL,"['Energy', 'Commodities', 'Regional Economy']"
100249000,2026-10-01,20261001,CL-EU-01,Eastern Europe & Black Sea Grain Corridor Strain,Eastern Europe,Armed Forces of Ukraine,UKR,Russian Armed Forces,RUS,194,Fight with artillery / rockets / missiles,Conflict / Military,4,-8.8,702,31,594,-5.66,UKR,Ukraine,45.5472,31.3303,84.1,CRITICAL,"['Energy', 'Commodities', 'Regional Economy']"
100249001,2026-09-08,20260908,CL-ME-01,Red Sea Maritime Corridor Disruption,Middle East / Bab-el-Mandeb,Houthi Maritime Units,YEM,International Commercial Vessels,USA,060,Sign commercial or trade agreement,Economic / Trade,2,-8.5,1046,139,185,-7.44,YEM,Yemen,12.7025,44.5625,81.3,CRITICAL,"['Energy', 'Shipping', 'Trade', 'Regional Economy']"
100249002,2026-09-06,20260906,CL-EU-01,Eastern Europe & Black Sea Grain Corridor Strain,Eastern Europe,Armed Forces of Ukraine,UKR,Russian Armed Forces,RUS,194,Fight with artillery / rockets / missiles,Conflict / Military,4,-9.0,566,56,151,-8.47,UKR,Ukraine,45.5406,30.8013,88.6,CRITICAL,"['Energy', 'Commodities', 'Regional Economy']"
100249003,2026-09-19,20260919,CL-ME-02,Strait of Hormuz Strategic Energy Chokepoint Alerts,Middle East / Persian Gulf,Naval Security Patrols,IRN,Global Oil Tanker Fleet,SAU,190,Use conventional military force,Conflict / Military,4,-6.8,400,104,58,-6.67,IRN,Iran,25.6525,55.0051,81.9,CRITICAL,"['Energy', 'Shipping', 'Regional Economy']"
100249004,2026-09-09,20260909,CL-ME-02,Strait of Hormuz Strategic Energy Chokepoint Alerts,Middle East / Persian Gulf,Naval Security Patrols,IRN,Global Oil Tanker Fleet,SAU,190,Use conventional military force,Conflict / Military,4,-8.2,1018,22,85,-4.66,IRN,Iran,27.2405,55.3894,81.6,CRITICAL,"['Energy', 'Shipping', 'Regional Economy']"
100249005,2026-09-27,20260927,CL-ME-02,Strait of Hormuz Strategic Energy Chokepoint Alerts,Middle East / Persian Gulf,Naval Security Patrols,IRN,Global Oil Tanker Fleet,SAU,190,Use conventional military force,Conflict / Military,4,-8.1,614,141,364,-5.52,IRN,Iran,26.8941,55.3509,84.2,CRITICAL,"['Energy', 'Shipping', 'Regional Economy']"
100249006,2026-09-07,20260907,CL-ME-02,Strait of Hormuz Strategic Energy Chokepoint Alerts,Middle East / Persian Gulf,Naval Security Patrols,IRN,Global Oil Tanker Fleet,SAU,190,Use conventional military force,Conflict / Military,4,-9.1,826,26,142,-4.9,IRN,Iran,27.0464,55.3191,83.7,CRITICAL,"['Energy', 'Shipping', 'Regional Economy']"
100249007,2026-09-13,20260913,CL-ME-01,Red Sea Maritime Corridor Disruption,Middle East / Bab-el-Mandeb,Houthi Maritime Units,YEM,International Commercial Vessels,USA,196,Maritime military engagement / ship interdiction,Conflict / Military,4,-9.0,1089,26,535,-5.32,YEM,Yemen,12.7823,43.2506,84.5,CRITICAL,"['Energy', 'Shipping', 'Regional Economy']"
100249008,2026-09-10,20260910,CL-EU-01,Eastern Europe & Black Sea Grain Corridor Strain,Eastern Europe,Armed Forces of Ukraine,UKR,Russian Armed Forces,RUS,194,Fight with artillery / rockets / missiles,Conflict / Military,4,-9.0,627,5,426,-7.99,UKR,Ukraine,47.4617,30.3003,85.0,CRITICAL,"['Energy', 'Commodities', 'Regional Economy']"
100249009,2026-09-23,20260923,CL-AP-02,South China Sea Second Thomas Shoal Maritime Standoff,Asia-Pacific,China Coast Guard,CHN,Philippine Coast Guard & Resupply,PHL,196,Maritime military engagement / ship interdiction,Conflict / Military,4,-6.0,1153,163,47,-3.12,PHL,PHL,10.6006,116.3022,77.8,CRITICAL,"['Energy', 'Shipping', 'Regional Economy']"
100249010,2026-09-08,20260908,CL-ME-01,Red Sea Maritime Corridor Disruption,Middle East / Bab-el-Mandeb,Houthi Maritime Units,YEM,International Commercial Vessels,USA,150,Demonstrate military / strategic force posture,Conflict / Military,4,-9.7,1229,29,115,-6.68,YEM,Yemen,13.4339,44.5276,88.0,CRITICAL,"['Energy', 'Shipping', 'Regional Economy']"
100249011,2026-09-04,20260904,CL-ME-01,Red Sea Maritime Corridor Disruption,Middle East / Bab-el-Mandeb,Houthi Maritime Units,YEM,International Commercial Vessels,USA,196,Maritime military engagement / ship interdiction,Conflict / Military,4,-7.1,412,157,474,-6.6,YEM,Yemen,12.2768,43.149,83.0,CRITICAL,"['Energy', 'Shipping', 'Regional Economy']"
100249012,2026-09-21,20260921,CL-EU-01,Eastern Europe & Black Sea Grain Corridor Strain,Eastern Europe,Armed Forces of Ukraine,UKR,Russian Armed Forces,RUS,194,Fight with artillery / rockets / missiles,Conflict / Military,4,-8.9,882,108,489,-6.24,UKR,Ukraine,47.3767,31.6809,87.0,CRITICAL,"['Energy', 'Commodities', 'Regional Economy']"
100249013,2026-09-07,20260907,CL-IN-01,India Northern Border Reconnaissance & Infrastructure Surveillance,South Asia,Indian Border Forces (ITBP/Army),IND,PLA Border Troops,CHN,040,Host diplomatic summit or high-level talks,Diplomatic,1,-2.4,1026,53,216,-3.26,IND,India,34.8477,77.1135,60.3,HIGH,"['Shipping', 'Regional Economy']"
100249014,2026-09-28,20260928,CL-AP-02,South China Sea Second Thomas Shoal Maritime Standoff,Asia-Pacific,China Coast Guard,CHN,Philippine Coast Guard & Resupply,PHL,196,Maritime military engagement / ship interdiction,Conflict / Military,4,-6.9,1231,160,52,-7.04,PHL,PHL,10.4353,114.9942,84.8,CRITICAL,"['Energy', 'Shipping', 'Regional Economy']"
100249015,2026-09-11,20260911,CL-EU-01,Eastern Europe & Black Sea Grain Corridor Strain,Eastern Europe,Armed Forces of Ukraine,UKR,Russian Armed Forces,RUS,194,Fight with artillery / rockets / missiles,Conflict / Military,4,-9.2,482,96,588,-5.9,UKR,Ukraine,45.7437,31.5035,86.1,CRITICAL,"['Energy', 'Commodities', 'Regional Economy']"
100249016,2026-09-04,20260904,CL-ME-01,Red Sea Maritime Corridor Disruption,Middle East / Bab-el-Mandeb,Houthi Maritime Units,YEM,International Commercial Vessels,USA,196,Maritime military engagement / ship interdiction,Conflict / Military,4,-7.6,938,163,122,-5.3,YEM,Yemen,12.3816,44.5084,83.7,CRITICAL,"['Energy', 'Shipping', 'Regional Economy']"
100249017,2026-09-07,20260907,CL-ME-01,Red Sea Maritime Corridor Disruption,Middle East / Bab-el-Mandeb,Houthi Maritime Units,YEM,International Commercial Vessels,USA,196,Maritime military engagement / ship interdiction,Conflict / Military,4,-9.4,549,118,103,-7.9,YEM,Yemen,13.7446,42.83,89.6,CRITICAL,"['Energy', 'Shipping', 'Regional Economy']"
100249018,2026-09-09,20260909,CL-ME-01,Red Sea Maritime Corridor Disruption,Middle East / Bab-el-Mandeb,Houthi Maritime Units,YEM,International Commercial Vessels,USA,196,Maritime military engagement / ship interdiction,Conflict / Military,4,-8.5,1123,156,592,-5.02,YEM,Yemen,12.8004,42.4317,85.4,CRITICAL,"['Energy', 'Shipping', 'Regional Economy']"
100249019,2026-09-17,20260917,CL-EU-01,Eastern Europe & Black Sea Grain Corridor Strain,Eastern Europe,Armed Forces of Ukraine,UKR,Russian Armed Forces,RUS,196,Maritime military engagement / ship interdiction,Conflict / Military,4,-9.4,176,29,363,-6.8,UKR,Ukraine,46.4635,30.7852,84.7,CRITICAL,"['Energy', 'Commodities', 'Regional Economy']"
100249020,2026-09-26,20260926,CL-ME-01,Red Sea Maritime Corridor Disruption,Middle East / Bab-el-Mandeb,Houthi Maritime Units,YEM,International Commercial Vessels,USA,196,Maritime military engagement / ship interdiction,Conflict / Military,4,-8.4,935,26,141,-7.34,YEM,Yemen,12.3656,44.5087,85.6,CRITICAL,"['Energy', 'Shipping', 'Regional Economy']"
100249021,2026-09-20,20260920,CL-IN-01,India Northern Border Reconnaissance & Infrastructure Surveillance,South Asia,Indian Border Forces (ITBP/Army),IND,PLA Border Troops,CHN,040,Host diplomatic summit or high-level talks,Diplomatic,1,-2.6,673,14,52,-2.74,IND,India,32.8613,78.3459,57.7,HIGH,"['Shipping', 'Regional Economy']"
100249022,2026-09-24,20260924,CL-AP-02,South China Sea Second Thomas Shoal Maritime Standoff,Asia-Pacific,China Coast Guard,CHN,Philippine Coast Guard & Resupply,PHL,040,Host diplomatic summit or high-level talks,Diplomatic,1,-6.6,1199,91,603,-6.45,PHL,PHL,10.9473,116.0388,74.2,HIGH,"['Shipping', 'Regional Economy']"
100249023,2026-09-08,20260908,CL-IN-01,India Northern Border Reconnaissance & Infrastructure Surveillance,South Asia,Indian Border Forces (ITBP/Army),IND,PLA Border Troops,CHN,040,Host diplomatic summit or high-level talks,Diplomatic,1,-2.1,1122,74,103,-1.6,IND,India,34.5588,78.511,58.1,HIGH,"['Shipping', 'Regional Economy']"
100249024,2026-09-08,20260908,CL-EU-01,Eastern Europe & Black Sea Grain Corridor Strain,Eastern Europe,Armed Forces of Ukraine,UKR,Russian Armed Forces,RUS,194,Fight with artillery / rockets / missiles,Conflict / Military,4,-9.2,137,23,266,-6.6,UKR,Ukraine,47.4114,32.105,83.3,CRITICAL,"['Energy', 'Commodities', 'Regional Economy']"
100249025,2026-09-10,20260910,CL-EU-01,Eastern Europe & Black Sea Grain Corridor Strain,Eastern Europe,Armed Forces of Ukraine,UKR,Russian Armed Forces,RUS,194,Fight with artillery / rockets / missiles,Conflict / Military,4,-9.4,1019,107,203,-8.43,UKR,Ukraine,46.4678,31.7638,91.1,CRITICAL,"['Energy', 'Commodities', 'Regional Economy']"
100249026,2026-09-07,20260907,CL-EU-01,Eastern Europe & Black Sea Grain Corridor Strain,Eastern Europe,Armed Forces of Ukraine,UKR,Russian Armed Forces,RUS,194,Fight with artillery / rockets / missiles,Conflict / Military,4,-10.0,371,171,272,-7.42,UKR,Ukraine,46.9733,31.7052,90.1,CRITICAL,"['Energy', 'Commodities', 'Regional Economy']"
100249027,2026-10-04,20261004,CL-AP-02,South China Sea Second Thomas Shoal Maritime Standoff,Asia-Pacific,China Coast Guard,CHN,Philippine Coast Guard & Resupply,PHL,196,Maritime military engagement / ship interdiction,Conflict / Military,4,-7.6,200,127,250,-3.52,PHL,PHL,8.6469,116.3508,78.7,CRITICAL,"['Energy', 'Shipping', 'Regional Economy']"
100249028,2026-09-28,20260928,CL-ME-01,Red Sea Maritime Corridor Disruption,Middle East / Bab-el-Mandeb,Houthi Maritime Units,YEM,International Commercial Vessels,USA,196,Maritime military engagement / ship interdiction,Conflict / Military,4,-8.5,1101,160,558,-7.82,YEM,Yemen,14.0851,42.3977,89.1,CRITICAL,"['Energy', 'Shipping', 'Regional Economy']"
100249029,2026-09-15,20260915,CL-AP-01,Taiwan Strait & East Asian Semiconductor Supply Alert,Asia-Pacific,People’s Liberation Army (Navy/Air),CHN,Taiwan Defense Units,TWN,190,Use conventional military force,Conflict / Military,4,-4.4,957,118,551,-4.61,TWN,Taiwan,25.1732,121.3491,75.7,CRITICAL,"['Energy', 'Shipping', 'Trade', 'Regional Economy']"
100249030,2026-09-27,20260927,CL-ME-01,Red Sea Maritime Corridor Disruption,Middle East / Bab-el-Mandeb,Houthi Maritime Units,YEM,International Commercial Vessels,USA,196,Maritime military engagement / ship interdiction,Conflict / Military,4,-8.8,114,150,585,-7.19,YEM,Yemen,12.192,44.5892,85.4,CRITICAL,"['Energy', 'Shipping', 'Regional Economy']"
100249031,2026-10-02,20261002,CL-ME-02,Strait of Hormuz Strategic Energy Chokepoint Alerts,Middle East / Persian Gulf,Naval Security Patrols,IRN,Global Oil Tanker Fleet,SAU,190,Use conventional military force,Conflict / Military,4,-8.1,743,4,95,-4.34,IRN,Iran,25.8038,56.9459,78.3,CRITICAL,"['Energy', 'Shipping', 'Regional Economy']"
100249032,2026-09-04,20260904,CL-ME-01,Red Sea Maritime Corridor Disruption,Middle East / Bab-el-Mandeb,Houthi Maritime Units,YEM,International Commercial Vessels,USA,196,Maritime military engagement / ship interdiction,Conflict / Military,4,-8.1,195,32,604,-6.51,YEM,Yemen,13.2688,42.6706,81.8,CRITICAL,"['Energy', 'Shipping', 'Regional Economy']"
100249033,2026-09-15,20260915,CL-ME-02,Strait of Hormuz Strategic Energy Chokepoint Alerts,Middle East / Persian Gulf,Naval Security Patrols,IRN,Global Oil Tanker Fleet,SAU,020,Appeal to international community or UN,Diplomatic,1,-9.2,986,180,228,-5.25,IRN,Iran,27.1428,57.0498,78.7,CRITICAL,"['Energy', 'Shipping', 'Regional Economy']"
100249034,2026-09-16,20260916,CL-AP-02,South China Sea Second Thomas Shoal Maritime Standoff,Asia-Pacific,China Coast Guard,CHN,Philippine Coast Guard & Resupply,PHL,196,Maritime military engagement / ship interdiction,Conflict / Military,4,-6.5,130,7,539,-3.67,PHL,PHL,9.9367,116.1403,72.2,HIGH,"['Energy', 'Shipping', 'Regional Economy']"
100249035,2026-09-26,20260926,CL-ME-01,Red Sea Maritime Corridor Disruption,Middle East / Bab-el-Mandeb,Houthi Maritime Units,YEM,International Commercial Vessels,USA,150,Demonstrate military / strategic force posture,Conflict / Military,4,-8.4,1274,135,292,-6.0,YEM,Yemen,13.2582,42.3999,86.5,CRITICAL,"['Energy', 'Shipping', 'Regional Economy']"
100249036,2026-09-14,20260914,CL-AP-01,Taiwan Strait & East Asian Semiconductor Supply Alert,Asia-Pacific,People’s Liberation Army (Navy/Air),CHN,Taiwan Defense Units,TWN,150,Demonstrate military / strategic force posture,Conflict / Military,4,-5.1,593,59,392,-6.0,TWN,Taiwan,24.2001,121.525,77.3,CRITICAL,"['Energy', 'Shipping', 'Trade', 'Regional Economy']"
100249037,2026-09-25,20260925,CL-EU-01,Eastern Europe & Black Sea Grain Corridor Strain,Eastern Europe,Armed Forces of Ukraine,UKR,Russian Armed Forces,RUS,193,Fight with small arms and light weapons,Conflict / Military,4,-8.3,1158,9,431,-6.22,UKR,Ukraine,46.6956,32.0274,82.9,CRITICAL,"['Energy', 'Commodities', 'Regional Economy']"
100249038,2026-09-26,20260926,CL-AP-01,Taiwan Strait & East Asian Semiconductor Supply Alert,Asia-Pacific,People’s Liberation Army (Navy/Air),CHN,Taiwan Defense Units,TWN,020,Appeal to international community or UN,Diplomatic,1,-6.7,879,136,280,-2.56,TWN,Taiwan,23.0486,120.41,69.4,HIGH,"['Shipping', 'Trade', 'Regional Economy']"
100249039,2026-09-10,20260910,CL-EU-01,Eastern Europe & Black Sea Grain Corridor Strain,Eastern Europe,Armed Forces of Ukraine,UKR,Russian Armed Forces,RUS,150,Demonstrate military / strategic force posture,Conflict / Military,4,-10.0,53,97,456,-9.43,UKR,Ukraine,47.0704,31.3001,89.1,CRITICAL,"['Energy', 'Commodities', 'Regional Economy']"
100249040,2026-09-30,20260930,CL-ME-01,Red Sea Maritime Corridor Disruption,Middle East / Bab-el-Mandeb,Houthi Maritime Units,YEM,International Commercial Vessels,USA,196,Maritime military engagement / ship interdiction,Conflict / Military,4,-7.4,1334,97,226,-6.99,YEM,Yemen,12.6355,44.4072,85.3,CRITICAL,"['Energy', 'Shipping', 'Regional Economy']"
100249041,2026-09-28,20260928,CL-EU-01,Eastern Europe & Black Sea Grain Corridor Strain,Eastern Europe,Armed Forces of Ukraine,UKR,Russian Armed Forces,RUS,194,Fight with artillery / rockets / missiles,Conflict / Military,4,-10.0,1208,51,114,-7.8,UKR,Ukraine,45.9647,30.9874,90.8,CRITICAL,"['Energy', 'Commodities', 'Regional Economy']"
100249042,2026-09-22,20260922,CL-EU-01,Eastern Europe & Black Sea Grain Corridor Strain,Eastern Europe,Armed Forces of Ukraine,UKR,Russian Armed Forces,RUS,194,Fight with artillery / rockets / missiles,Conflict / Military,4,-10.0,978,7,344,-7.46,UKR,Ukraine,46.2203,30.8546,87.5,CRITICAL,"['Energy', 'Commodities', 'Regional Economy']"
100249043,2026-09-23,20260923,CL-AP-01,Taiwan Strait & East Asian Semiconductor Supply Alert,Asia-Pacific,People’s Liberation Army (Navy/Air),CHN,Taiwan Defense Units,TWN,194,Fight with artillery / rockets / missiles,Conflict / Military,4,-4.4,469,149,149,-4.54,TWN,Taiwan,24.97,120.3596,74.8,HIGH,"['Energy', 'Shipping', 'Trade', 'Regional Economy']"
100249044,2026-09-21,20260921,CL-EU-01,Eastern Europe & Black Sea Grain Corridor Strain,Eastern Europe,Armed Forces of Ukraine,UKR,Russian Armed Forces,RUS,141,Demonstrate or conduct civil protest,Protest / Civil Unrest,3,-9.8,1144,52,436,-6.11,UKR,Ukraine,46.4721,30.6055,85.7,CRITICAL,"['Commodities', 'Regional Economy']"
100249045,2026-09-04,20260904,CL-IN-01,India Northern Border Reconnaissance & Infrastructure Surveillance,South Asia,Indian Border Forces (ITBP/Army),IND,PLA Border Troops,CHN,111,Formally condemn or disapprove action,Political,3,-3.4,333,21,131,-2.8,IND,India,33.3762,78.2401,64.9,HIGH,"['Shipping', 'Regional Economy']"
100249046,2026-09-14,20260914,CL-ME-01,Red Sea Maritime Corridor Disruption,Middle East / Bab-el-Mandeb,Houthi Maritime Units,YEM,International Commercial Vessels,USA,190,Use conventional military force,Conflict / Military,4,-9.0,353,112,31,-5.32,YEM,Yemen,13.5969,43.2998,84.7,CRITICAL,"['Energy', 'Shipping', 'Regional Economy']"
100249047,2026-09-28,20260928,CL-ME-01,Red Sea Maritime Corridor Disruption,Middle East / Bab-el-Mandeb,Houthi Maritime Units,YEM,International Commercial Vessels,USA,194,Fight with artillery / rockets / missiles,Conflict / Military,4,-7.3,422,75,629,-8.2,YEM,Yemen,13.5945,43.4923,84.6,CRITICAL,"['Energy', 'Shipping', 'Regional Economy']"
100249048,2026-09-20,20260920,CL-EU-01,Eastern Europe & Black Sea Grain Corridor Strain,Eastern Europe,Armed Forces of Ukraine,UKR,Russian Armed Forces,RUS,194,Fight with artillery / rockets / missiles,Conflict / Military,4,-8.9,1264,161,577,-8.47,UKR,Ukraine,46.0493,31.6878,90.9,CRITICAL,"['Energy', 'Commodities', 'Regional Economy']"
100249049,2026-09-11,20260911,CL-ME-02,Strait of Hormuz Strategic Energy Chokepoint Alerts,Middle East / Persian Gulf,Naval Security Patrols,IRN,Global Oil Tanker Fleet,SAU,190,Use conventional military force,Conflict / Military,4,-7.9,799,87,87,-6.58,IRN,Iran,26.5262,56.5726,84.9,CRITICAL,"['Energy', 'Shipping', 'Regional Economy']"
100249050,2026-09-30,20260930,CL-EU-01,Eastern Europe & Black Sea Grain Corridor Strain,Eastern Europe,Armed Forces of Ukraine,UKR,Russian Armed Forces,RUS,194,Fight with artillery / rockets / missiles,Conflict / Military,4,-8.1,1346,135,584,-7.42,UKR,Ukraine,46.8667,31.2435,87.8,CRITICAL,"['Energy', 'Commodities', 'Regional Economy']"
100249051,2026-09-10,20260910,CL-ME-01,Red Sea Maritime Corridor Disruption,Middle East / Bab-el-Mandeb,Houthi Maritime Units,YEM,International Commercial Vessels,USA,196,Maritime military engagement / ship interdiction,Conflict / Military,4,-8.6,953,143,317,-5.97,YEM,Yemen,12.3715,44.3612,86.5,CRITICAL,"['Energy', 'Shipping', 'Regional Economy']"
100249052,2026-09-27,20260927,CL-ME-01,Red Sea Maritime Corridor Disruption,Middle East / Bab-el-Mandeb,Houthi Maritime Units,YEM,International Commercial Vessels,USA,196,Maritime military engagement / ship interdiction,Conflict / Military,4,-7.8,586,131,559,-8.64,YEM,Yemen,13.2222,42.9853,87.4,CRITICAL,"['Energy', 'Shipping', 'Regional Economy']"
100249053,2026-09-29,20260929,CL-ME-02,Strait of Hormuz Strategic Energy Chokepoint Alerts,Middle East / Persian Gulf,Naval Security Patrols,IRN,Global Oil Tanker Fleet,SAU,141,Demonstrate or conduct civil protest,Protest / Civil Unrest,3,-7.7,784,30,573,-7.25,IRN,Iran,27.2441,56.0433,81.4,CRITICAL,"['Energy', 'Shipping', 'Regional Economy']"
100249054,2026-09-20,20260920,CL-ME-01,Red Sea Maritime Corridor Disruption,Middle East / Bab-el-Mandeb,Houthi Maritime Units,YEM,International Commercial Vessels,USA,190,Use conventional military force,Conflict / Military,4,-9.4,585,169,277,-7.26,YEM,Yemen,13.8982,43.5136,89.3,CRITICAL,"['Energy', 'Shipping', 'Regional Economy']"
100249055,2026-09-12,20260912,CL-AP-01,Taiwan Strait & East Asian Semiconductor Supply Alert,Asia-Pacific,People’s Liberation Army (Navy/Air),CHN,Taiwan Defense Units,TWN,150,Demonstrate military / strategic force posture,Conflict / Military,4,-5.5,857,128,186,-3.67,TWN,Taiwan,23.6036,120.0693,76.7,CRITICAL,"['Energy', 'Shipping', 'Trade', 'Regional Economy']"
100249056,2026-09-22,20260922,CL-AP-02,South China Sea Second Thomas Shoal Maritime Standoff,Asia-Pacific,China Coast Guard,CHN,Philippine Coast Guard & Resupply,PHL,196,Maritime military engagement / ship interdiction,Conflict / Military,4,-7.6,1121,160,26,-3.13,PHL,PHL,8.9043,116.9903,81.1,CRITICAL,"['Energy', 'Shipping', 'Regional Economy']"
100249057,2026-09-13,20260913,CL-ME-02,Strait of Hormuz Strategic Energy Chokepoint Alerts,Middle East / Persian Gulf,Naval Security Patrols,IRN,Global Oil Tanker Fleet,SAU,190,Use conventional military force,Conflict / Military,4,-9.1,1308,91,239,-4.63,IRN,Iran,26.8479,56.9927,85.7,CRITICAL,"['Energy', 'Shipping', 'Regional Economy']"
100249058,2026-10-03,20261003,CL-ME-02,Strait of Hormuz Strategic Energy Chokepoint Alerts,Middle East / Persian Gulf,Naval Security Patrols,IRN,Global Oil Tanker Fleet,SAU,190,Use conventional military force,Conflict / Military,4,-6.5,642,38,132,-6.2,IRN,Iran,26.2154,57.3066,80.1,CRITICAL,"['Energy', 'Shipping', 'Regional Economy']"
100249059,2026-09-12,20260912,CL-AP-01,Taiwan Strait & East Asian Semiconductor Supply Alert,Asia-Pacific,People’s Liberation Army (Navy/Air),CHN,Taiwan Defense Units,TWN,150,Demonstrate military / strategic force posture,Conflict / Military,4,-6.7,197,15,526,-2.94,TWN,Taiwan,24.0516,121.268,73.3,HIGH,"['Energy', 'Shipping', 'Trade', 'Regional Economy']"
100249060,2026-10-04,20261004,CL-ME-01,Red Sea Maritime Corridor Disruption,Middle East / Bab-el-Mandeb,Houthi Maritime Units,YEM,International Commercial Vessels,USA,196,Maritime military engagement / ship interdiction,Conflict / Military,4,-7.1,506,65,270,-6.17,YEM,Yemen,13.6274,42.4913,81.6,CRITICAL,"['Energy', 'Shipping', 'Regional Economy']"
100249061,2026-09-11,20260911,CL-AP-01,Taiwan Strait & East Asian Semiconductor Supply Alert,Asia-Pacific,People’s Liberation Army (Navy/Air),CHN,Taiwan Defense Units,TWN,193,Fight with small arms and light weapons,Conflict / Military,4,-4.2,826,170,594,-4.18,TWN,Taiwan,25.0384,121.1638,74.9,HIGH,"['Energy', 'Shipping', 'Trade', 'Regional Economy']"
100249062,2026-10-02,20261002,CL-EU-01,Eastern Europe & Black Sea Grain Corridor Strain,Eastern Europe,Armed Forces of Ukraine,UKR,Russian Armed Forces,RUS,194,Fight with artillery / rockets / missiles,Conflict / Military,4,-7.8,703,13,45,-5.99,UKR,Ukraine,46.4382,31.5881,81.3,CRITICAL,"['Energy', 'Commodities', 'Regional Economy']"
100249063,2026-09-24,20260924,CL-ME-02,Strait of Hormuz Strategic Energy Chokepoint Alerts,Middle East / Persian Gulf,Naval Security Patrols,IRN,Global Oil Tanker Fleet,SAU,141,Demonstrate or conduct civil protest,Protest / Civil Unrest,3,-6.4,177,67,290,-4.82,IRN,Iran,26.2072,56.6954,74.4,HIGH,"['Energy', 'Shipping', 'Regional Economy']"
100249064,2026-09-28,20260928,CL-ME-02,Strait of Hormuz Strategic Energy Chokepoint Alerts,Middle East / Persian Gulf,Naval Security Patrols,IRN,Global Oil Tanker Fleet,SAU,060,Sign commercial or trade agreement,Economic / Trade,2,-6.9,818,102,598,-5.96,IRN,Iran,26.2414,56.3723,75.2,CRITICAL,"['Energy', 'Shipping', 'Trade', 'Regional Economy']"
100249065,2026-09-27,20260927,CL-ME-01,Red Sea Maritime Corridor Disruption,Middle East / Bab-el-Mandeb,Houthi Maritime Units,YEM,International Commercial Vessels,USA,194,Fight with artillery / rockets / missiles,Conflict / Military,4,-9.5,541,48,22,-8.61,YEM,Yemen,12.3934,42.3059,89.6,CRITICAL,"['Energy', 'Shipping', 'Regional Economy']"
100249066,2026-09-19,20260919,CL-ME-01,Red Sea Maritime Corridor Disruption,Middle East / Bab-el-Mandeb,Houthi Maritime Units,YEM,International Commercial Vessels,USA,196,Maritime military engagement / ship interdiction,Conflict / Military,4,-9.1,45,176,229,-6.88,YEM,Yemen,12.2142,43.9355,84.4,CRITICAL,"['Energy', 'Shipping', 'Regional Economy']"
100249067,2026-09-14,20260914,CL-ME-01,Red Sea Maritime Corridor Disruption,Middle East / Bab-el-Mandeb,Houthi Maritime Units,YEM,International Commercial Vessels,USA,196,Maritime military engagement / ship interdiction,Conflict / Military,4,-7.9,1251,31,80,-6.74,YEM,Yemen,12.3974,43.6555,84.4,CRITICAL,"['Energy', 'Shipping', 'Regional Economy']"
100249068,2026-09-22,20260922,CL-EU-01,Eastern Europe & Black Sea Grain Corridor Strain,Eastern Europe,Armed Forces of Ukraine,UKR,Russian Armed Forces,RUS,194,Fight with artillery / rockets / missiles,Conflict / Military,4,-10.0,1114,11,313,-8.87,UKR,Ukraine,46.3684,31.384,90.1,CRITICAL,"['Energy', 'Commodities', 'Regional Economy']"
100249069,2026-09-14,20260914,CL-EU-01,Eastern Europe & Black Sea Grain Corridor Strain,Eastern Europe,Armed Forces of Ukraine,UKR,Russian Armed Forces,RUS,111,Formally condemn or disapprove action,Political,3,-10.0,531,175,77,-9.3,UKR,Ukraine,46.0594,30.3869,90.7,CRITICAL,"['Commodities', 'Regional Economy']"
100249070,2026-09-10,20260910,CL-AP-01,Taiwan Strait & East Asian Semiconductor Supply Alert,Asia-Pacific,People’s Liberation Army (Navy/Air),CHN,Taiwan Defense Units,TWN,150,Demonstrate military / strategic force posture,Conflict / Military,4,-5.5,932,119,67,-3.85,TWN,Taiwan,25.1282,121.2009,77.0,CRITICAL,"['Energy', 'Shipping', 'Trade', 'Regional Economy']"
100249071,2026-09-20,20260920,CL-ME-01,Red Sea Maritime Corridor Disruption,Middle East / Bab-el-Mandeb,Houthi Maritime Units,YEM,International Commercial Vessels,USA,196,Maritime military engagement / ship interdiction,Conflict / Military,4,-7.5,1223,113,70,-8.4,YEM,Yemen,13.7227,43.4447,87.4,CRITICAL,"['Energy', 'Shipping', 'Regional Economy']"
100249072,2026-09-30,20260930,CL-AP-01,Taiwan Strait & East Asian Semiconductor Supply Alert,Asia-Pacific,People’s Liberation Army (Navy/Air),CHN,Taiwan Defense Units,TWN,150,Demonstrate military / strategic force posture,Conflict / Military,4,-5.4,1349,37,616,-2.72,TWN,Taiwan,24.5111,120.9978,74.3,HIGH,"['Energy', 'Shipping', 'Trade', 'Regional Economy']"
100249073,2026-09-04,20260904,CL-ME-02,Strait of Hormuz Strategic Energy Chokepoint Alerts,Middle East / Persian Gulf,Naval Security Patrols,IRN,Global Oil Tanker Fleet,SAU,190,Use conventional military force,Conflict / Military,4,-7.3,1378,9,54,-6.63,IRN,Iran,27.403,56.1334,81.6,CRITICAL,"['Energy', 'Shipping', 'Regional Economy']"
100249074,2026-09-26,20260926,CL-IN-01,India Northern Border Reconnaissance & Infrastructure Surveillance,South Asia,Indian Border Forces (ITBP/Army),IND,PLA Border Troops,CHN,040,Host diplomatic summit or high-level talks,Diplomatic,1,-3.3,143,155,173,-0.42,IND,India,33.902,78.6328,56.9,HIGH,"['Shipping', 'Regional Economy']"
100249075,2026-10-04,20261004,CL-ME-02,Strait of Hormuz Strategic Energy Chokepoint Alerts,Middle East / Persian Gulf,Naval Security Patrols,IRN,Global Oil Tanker Fleet,SAU,190,Use conventional military force,Conflict / Military,4,-6.4,399,72,505,-6.29,IRN,Iran,25.4528,55.6942,80.1,CRITICAL,"['Energy', 'Shipping', 'Regional Economy']"
100249076,2026-09-11,20260911,CL-EU-01,Eastern Europe & Black Sea Grain Corridor Strain,Eastern Europe,Armed Forces of Ukraine,UKR,Russian Armed Forces,RUS,194,Fight with artillery / rockets / missiles,Conflict / Military,4,-9.8,63,30,553,-9.34,UKR,Ukraine,45.3513,30.7169,87.3,CRITICAL,"['Energy', 'Commodities', 'Regional Economy']"
100249077,2026-09-15,20260915,CL-ME-02,Strait of Hormuz Strategic Energy Chokepoint Alerts,Middle East / Persian Gulf,Naval Security Patrols,IRN,Global Oil Tanker Fleet,SAU,190,Use conventional military force,Conflict / Military,4,-6.8,124,156,245,-6.19,IRN,Iran,26.1493,55.3637,80.1,CRITICAL,"['Energy', 'Shipping', 'Regional Economy']"
100249078,2026-09-29,20260929,CL-ME-01,Red Sea Maritime Corridor Disruption,Middle East / Bab-el-Mandeb,Houthi Maritime Units,YEM,International Commercial Vessels,USA,111,Formally condemn or disapprove action,Political,3,-9.1,246,74,609,-5.08,YEM,Yemen,13.1334,43.8056,81.0,CRITICAL,"['Energy', 'Shipping', 'Regional Economy']"
100249079,2026-09-07,20260907,CL-AP-02,South China Sea Second Thomas Shoal Maritime Standoff,Asia-Pacific,China Coast Guard,CHN,Philippine Coast Guard & Resupply,PHL,196,Maritime military engagement / ship interdiction,Conflict / Military,4,-7.3,555,18,273,-5.87,PHL,PHL,10.4254,116.3157,80.1,CRITICAL,"['Energy', 'Shipping', 'Regional Economy']"
100249080,2026-09-21,20260921,CL-EU-01,Eastern Europe & Black Sea Grain Corridor Strain,Eastern Europe,Armed Forces of Ukraine,UKR,Russian Armed Forces,RUS,194,Fight with artillery / rockets / missiles,Conflict / Military,4,-9.7,1243,104,591,-8.63,UKR,Ukraine,46.2755,32.1068,92.2,CRITICAL,"['Energy', 'Commodities', 'Regional Economy']"
100249081,2026-09-24,20260924,CL-ME-01,Red Sea Maritime Corridor Disruption,Middle East / Bab-el-Mandeb,Houthi Maritime Units,YEM,International Commercial Vessels,USA,196,Maritime military engagement / ship interdiction,Conflict / Military,4,-7.5,1071,64,422,-8.62,YEM,Yemen,13.6227,42.3344,86.8,CRITICAL,"['Energy', 'Shipping', 'Regional Economy']"
100249082,2026-09-21,20260921,CL-ME-01,Red Sea Maritime Corridor Disruption,Middle East / Bab-el-Mandeb,Houthi Maritime Units,YEM,International Commercial Vessels,USA,196,Maritime military engagement / ship interdiction,Conflict / Military,4,-9.6,443,64,287,-7.3,YEM,Yemen,14.0764,43.9157,88.1,CRITICAL,"['Energy', 'Shipping', 'Regional Economy']"
100249083,2026-10-04,20261004,CL-EU-01,Eastern Europe & Black Sea Grain Corridor Strain,Eastern Europe,Armed Forces of Ukraine,UKR,Russian Armed Forces,RUS,190,Use conventional military force,Conflict / Military,4,-10.0,105,125,296,-8.4,UKR,Ukraine,45.6687,31.3514,89.1,CRITICAL,"['Energy', 'Commodities', 'Regional Economy']"
100249084,2026-09-11,20260911,CL-ME-01,Red Sea Maritime Corridor Disruption,Middle East / Bab-el-Mandeb,Houthi Maritime Units,YEM,International Commercial Vessels,USA,196,Maritime military engagement / ship interdiction,Conflict / Military,4,-7.7,65,67,205,-8.7,YEM,Yemen,13.44,44.4742,83.2,CRITICAL,"['Energy', 'Shipping', 'Regional Economy']"
100249085,2026-09-26,20260926,CL-ME-02,Strait of Hormuz Strategic Energy Chokepoint Alerts,Middle East / Persian Gulf,Naval Security Patrols,IRN,Global Oil Tanker Fleet,SAU,141,Demonstrate or conduct civil protest,Protest / Civil Unrest,3,-8.8,1176,23,621,-4.52,IRN,Iran,26.8425,55.4879,80.5,CRITICAL,"['Energy', 'Shipping', 'Regional Economy']"
100249086,2026-10-01,20261001,CL-ME-02,Strait of Hormuz Strategic Energy Chokepoint Alerts,Middle East / Persian Gulf,Naval Security Patrols,IRN,Global Oil Tanker Fleet,SAU,190,Use conventional military force,Conflict / Military,4,-8.2,168,6,161,-5.33,IRN,Iran,27.4585,55.4638,78.1,CRITICAL,"['Energy', 'Shipping', 'Regional Economy']"
100249087,2026-09-25,20260925,CL-ME-02,Strait of Hormuz Strategic Energy Chokepoint Alerts,Middle East / Persian Gulf,Naval Security Patrols,IRN,Global Oil Tanker Fleet,SAU,190,Use conventional military force,Conflict / Military,4,-8.2,123,115,114,-3.93,IRN,Iran,25.6307,55.6678,79.7,CRITICAL,"['Energy', 'Shipping', 'Regional Economy']"
100249088,2026-09-07,20260907,CL-ME-01,Red Sea Maritime Corridor Disruption,Middle East / Bab-el-Mandeb,Houthi Maritime Units,YEM,International Commercial Vessels,USA,196,Maritime military engagement / ship interdiction,Conflict / Military,4,-7.4,1014,12,451,-5.77,YEM,Yemen,13.5355,42.4865,80.6,CRITICAL,"['Energy', 'Shipping', 'Regional Economy']"
100249089,2026-09-08,20260908,CL-AP-02,South China Sea Second Thomas Shoal Maritime Standoff,Asia-Pacific,China Coast Guard,CHN,Philippine Coast Guard & Resupply,PHL,196,Maritime military engagement / ship interdiction,Conflict / Military,4,-6.5,560,94,578,-6.38,PHL,PHL,10.9454,115.6119,81.3,CRITICAL,"['Energy', 'Shipping', 'Regional Economy']"
100249090,2026-09-26,20260926,CL-ME-01,Red Sea Maritime Corridor Disruption,Middle East / Bab-el-Mandeb,Houthi Maritime Units,YEM,International Commercial Vessels,USA,111,Formally condemn or disapprove action,Political,3,-7.8,1027,6,164,-5.97,YEM,Yemen,12.4338,42.6425,78.3,CRITICAL,"['Energy', 'Shipping', 'Regional Economy']"
100249091,2026-10-01,20261001,CL-EU-01,Eastern Europe & Black Sea Grain Corridor Strain,Eastern Europe,Armed Forces of Ukraine,UKR,Russian Armed Forces,RUS,194,Fight with artillery / rockets / missiles,Conflict / Military,4,-9.0,775,91,103,-5.95,UKR,Ukraine,47.481,32.1919,86.4,CRITICAL,"['Energy', 'Commodities', 'Regional Economy']"
100249092,2026-09-21,20260921,CL-EU-01,Eastern Europe & Black Sea Grain Corridor Strain,Eastern Europe,Armed Forces of Ukraine,UKR,Russian Armed Forces,RUS,196,Maritime military engagement / ship interdiction,Conflict / Military,4,-10.0,1307,14,541,-7.95,UKR,Ukraine,47.4423,30.084,89.5,CRITICAL,"['Energy', 'Commodities', 'Regional Economy']"
100249093,2026-10-02,20261002,CL-ME-01,Red Sea Maritime Corridor Disruption,Middle East / Bab-el-Mandeb,Houthi Maritime Units,YEM,International Commercial Vessels,USA,150,Demonstrate military / strategic force posture,Conflict / Military,4,-8.7,1138,124,504,-8.67,YEM,Yemen,12.0501,42.8603,90.3,CRITICAL,"['Energy', 'Shipping', 'Regional Economy']"
100249094,2026-09-19,20260919,CL-EU-01,Eastern Europe & Black Sea Grain Corridor Strain,Eastern Europe,Armed Forces of Ukraine,UKR,Russian Armed Forces,RUS,194,Fight with artillery / rockets / missiles,Conflict / Military,4,-9.4,865,73,254,-7.56,UKR,Ukraine,47.6632,29.8008,89.2,CRITICAL,"['Energy', 'Commodities', 'Regional Economy']"
100249095,2026-09-29,20260929,CL-EU-01,Eastern Europe & Black Sea Grain Corridor Strain,Eastern Europe,Armed Forces of Ukraine,UKR,Russian Armed Forces,RUS,196,Maritime military engagement / ship interdiction,Conflict / Military,4,-8.6,979,60,218,-7.3,UKR,Ukraine,45.9699,30.386,87.1,CRITICAL,"['Energy', 'Commodities', 'Regional Economy']"
100249096,2026-10-04,20261004,CL-ME-01,Red Sea Maritime Corridor Disruption,Middle East / Bab-el-Mandeb,Houthi Maritime Units,YEM,International Commercial Vessels,USA,040,Host diplomatic summit or high-level talks,Diplomatic,1,-8.4,44,47,348,-8.23,YEM,Yemen,12.6367,42.8805,74.5,HIGH,"['Energy', 'Shipping', 'Regional Economy']"
100249097,2026-09-24,20260924,CL-ME-02,Strait of Hormuz Strategic Energy Chokepoint Alerts,Middle East / Persian Gulf,Naval Security Patrols,IRN,Global Oil Tanker Fleet,SAU,020,Appeal to international community or UN,Diplomatic,1,-8.2,531,126,516,-3.65,IRN,Iran,27.3653,57.2564,73.1,HIGH,"['Energy', 'Shipping', 'Regional Economy']"
100249098,2026-09-27,20260927,CL-ME-01,Red Sea Maritime Corridor Disruption,Middle East / Bab-el-Mandeb,Houthi Maritime Units,YEM,International Commercial Vessels,USA,196,Maritime military engagement / ship interdiction,Conflict / Military,4,-10.0,68,94,407,-8.67,YEM,Yemen,12.3751,42.8926,88.5,CRITICAL,"['Energy', 'Shipping', 'Regional Economy']"
100249099,2026-09-29,20260929,CL-EU-01,Eastern Europe & Black Sea Grain Corridor Strain,Eastern Europe,Armed Forces of Ukraine,UKR,Russian Armed Forces,RUS,194,Fight with artillery / rockets / missiles,Conflict / Military,4,-8.7,1380,151,470,-8.75,UKR,Ukraine,45.867,31.6819,90.9,CRITICAL,"['Energy', 'Commodities', 'Regional Economy']"
100249100,2026-09-18,20260918,CL-ME-02,Strait of Hormuz Strategic Energy Chokepoint Alerts,Middle East / Persian Gulf,Naval Security Patrols,IRN,Global Oil Tanker Fleet,SAU,150,Demonstrate military / strategic force posture,Conflict / Military,4,-8.6,1169,6,336,-5.51,IRN,Iran,26.8463,57.3701,82.1,CRITICAL,"['Energy', 'Shipping', 'Regional Economy']"
100249101,2026-09-04,20260904,CL-EU-01,Eastern Europe & Black Sea Grain Corridor Strain,Eastern Europe,Armed Forces of Ukraine,UKR,Russian Armed Forces,RUS,194,Fight with artillery / rockets / missiles,Conflict / Military,4,-10.0,445,40,519,-6.97,UKR,Ukraine,45.5687,30.8352,87.9,CRITICAL,"['Energy', 'Commodities', 'Regional Economy']"
100249102,2026-09-18,20260918,CL-EU-01,Eastern Europe & Black Sea Grain Corridor Strain,Eastern Europe,Armed Forces of Ukraine,UKR,Russian Armed Forces,RUS,040,Host diplomatic summit or high-level talks,Diplomatic,1,-9.1,872,175,477,-7.2,UKR,Ukraine,45.6185,31.6208,80.8,CRITICAL,"['Commodities', 'Regional Economy']"
100249103,2026-10-03,20261003,CL-EU-01,Eastern Europe & Black Sea Grain Corridor Strain,Eastern Europe,Armed Forces of Ukraine,UKR,Russian Armed Forces,RUS,194,Fight with artillery / rockets / missiles,Conflict / Military,4,-10.0,877,5,392,-6.28,UKR,Ukraine,47.2361,31.7247,85.4,CRITICAL,"['Energy', 'Commodities', 'Regional Economy']"
100249104,2026-09-27,20260927,CL-ME-01,Red Sea Maritime Corridor Disruption,Middle East / Bab-el-Mandeb,Houthi Maritime Units,YEM,International Commercial Vessels,USA,196,Maritime military engagement / ship interdiction,Conflict / Military,4,-7.5,25,98,634,-8.04,YEM,Yemen,13.7924,42.6108,81.0,CRITICAL,"['Energy', 'Shipping', 'Regional Economy']"
100249105,2026-09-12,20260912,CL-IN-01,India Northern Border Reconnaissance & Infrastructure Surveillance,South Asia,Indian Border Forces (ITBP/Army),IND,PLA Border Troops,CHN,040,Host diplomatic summit or high-level talks,Diplomatic,1,-3.9,1293,99,299,-3.52,IND,India,34.026,76.9289,64.9,HIGH,"['Shipping', 'Regional Economy']"
100249106,2026-09-27,20260927,CL-AP-01,Taiwan Strait & East Asian Semiconductor Supply Alert,Asia-Pacific,People’s Liberation Army (Navy/Air),CHN,Taiwan Defense Units,TWN,150,Demonstrate military / strategic force posture,Conflict / Military,4,-7.0,779,162,264,-5.92,TWN,Taiwan,23.9081,121.9355,82.9,CRITICAL,"['Energy', 'Shipping', 'Trade', 'Regional Economy']"
100249107,2026-09-15,20260915,CL-ME-02,Strait of Hormuz Strategic Energy Chokepoint Alerts,Middle East / Persian Gulf,Naval Security Patrols,IRN,Global Oil Tanker Fleet,SAU,190,Use conventional military force,Conflict / Military,4,-7.1,77,97,549,-6.17,IRN,Iran,26.4073,55.8716,79.3,CRITICAL,"['Energy', 'Shipping', 'Regional Economy']"
100249108,2026-09-04,20260904,CL-ME-02,Strait of Hormuz Strategic Energy Chokepoint Alerts,Middle East / Persian Gulf,Naval Security Patrols,IRN,Global Oil Tanker Fleet,SAU,190,Use conventional military force,Conflict / Military,4,-8.1,1113,56,421,-3.47,IRN,Iran,25.9439,55.7871,81.2,CRITICAL,"['Energy', 'Shipping', 'Regional Economy']"
100249109,2026-09-06,20260906,CL-ME-01,Red Sea Maritime Corridor Disruption,Middle East / Bab-el-Mandeb,Houthi Maritime Units,YEM,International Commercial Vessels,USA,196,Maritime military engagement / ship interdiction,Conflict / Military,4,-7.7,103,144,120,-6.42,YEM,Yemen,13.7965,42.5755,81.9,CRITICAL,"['Energy', 'Shipping', 'Regional Economy']"
100249110,2026-09-23,20260923,CL-ME-02,Strait of Hormuz Strategic Energy Chokepoint Alerts,Middle East / Persian Gulf,Naval Security Patrols,IRN,Global Oil Tanker Fleet,SAU,190,Use conventional military force,Conflict / Military,4,-8.0,1348,80,68,-6.02,IRN,Iran,26.4096,55.0857,85.1,CRITICAL,"['Energy', 'Shipping', 'Regional Economy']"
100249111,2026-09-20,20260920,CL-ME-02,Strait of Hormuz Strategic Energy Chokepoint Alerts,Middle East / Persian Gulf,Naval Security Patrols,IRN,Global Oil Tanker Fleet,SAU,190,Use conventional military force,Conflict / Military,4,-6.5,208,80,397,-6.04,IRN,Iran,27.582,56.9068,79.2,CRITICAL,"['Energy', 'Shipping', 'Regional Economy']"
100249112,2026-09-12,20260912,CL-ME-01,Red Sea Maritime Corridor Disruption,Middle East / Bab-el-Mandeb,Houthi Maritime Units,YEM,International Commercial Vessels,USA,193,Fight with small arms and light weapons,Conflict / Military,4,-9.7,320,137,133,-8.65,YEM,Yemen,11.8014,43.6216,90.6,CRITICAL,"['Energy', 'Shipping', 'Regional Economy']"
100249113,2026-09-14,20260914,CL-ME-02,Strait of Hormuz Strategic Energy Chokepoint Alerts,Middle East / Persian Gulf,Naval Security Patrols,IRN,Global Oil Tanker Fleet,SAU,193,Fight with small arms and light weapons,Conflict / Military,4,-8.5,608,6,456,-4.65,IRN,Iran,25.7851,55.4847,79.8,CRITICAL,"['Energy', 'Shipping', 'Regional Economy']"
100249114,2026-09-04,20260904,CL-ME-01,Red Sea Maritime Corridor Disruption,Middle East / Bab-el-Mandeb,Houthi Maritime Units,YEM,International Commercial Vessels,USA,190,Use conventional military force,Conflict / Military,4,-8.5,36,60,256,-5.41,YEM,Yemen,13.3387,44.3558,79.5,CRITICAL,"['Energy', 'Shipping', 'Regional Economy']"
100249115,2026-09-29,20260929,CL-ME-02,Strait of Hormuz Strategic Energy Chokepoint Alerts,Middle East / Persian Gulf,Naval Security Patrols,IRN,Global Oil Tanker Fleet,SAU,190,Use conventional military force,Conflict / Military,4,-8.4,1230,63,200,-4.65,IRN,Iran,26.6263,55.1581,83.7,CRITICAL,"['Energy', 'Shipping', 'Regional Economy']"
100249116,2026-09-18,20260918,CL-AP-01,Taiwan Strait & East Asian Semiconductor Supply Alert,Asia-Pacific,People’s Liberation Army (Navy/Air),CHN,Taiwan Defense Units,TWN,150,Demonstrate military / strategic force posture,Conflict / Military,4,-4.9,1303,143,620,-5.51,TWN,Taiwan,23.8002,120.6814,78.6,CRITICAL,"['Energy', 'Shipping', 'Trade', 'Regional Economy']"
100249117,2026-09-16,20260916,CL-EU-01,Eastern Europe & Black Sea Grain Corridor Strain,Eastern Europe,Armed Forces of Ukraine,UKR,Russian Armed Forces,RUS,111,Formally condemn or disapprove action,Political,3,-7.8,241,160,224,-7.48,UKR,Ukraine,45.8963,31.9222,82.4,CRITICAL,"['Commodities', 'Regional Economy']"
100249118,2026-09-13,20260913,CL-ME-01,Red Sea Maritime Corridor Disruption,Middle East / Bab-el-Mandeb,Houthi Maritime Units,YEM,International Commercial Vessels,USA,196,Maritime military engagement / ship interdiction,Conflict / Military,4,-9.4,65,160,40,-8.29,YEM,Yemen,13.2632,43.5592,87.3,CRITICAL,"['Energy', 'Shipping', 'Regional Economy']"
100249119,2026-09-25,20260925,CL-EU-01,Eastern Europe & Black Sea Grain Corridor Strain,Eastern Europe,Armed Forces of Ukraine,UKR,Russian Armed Forces,RUS,194,Fight with artillery / rockets / missiles,Conflict / Military,4,-9.1,186,46,419,-9.02,UKR,Ukraine,47.4322,30.5155,87.6,CRITICAL,"['Energy', 'Commodities', 'Regional Economy']"
100249120,2026-09-12,20260912,CL-ME-02,Strait of Hormuz Strategic Energy Chokepoint Alerts,Middle East / Persian Gulf,Naval Security Patrols,IRN,Global Oil Tanker Fleet,SAU,194,Fight with artillery / rockets / missiles,Conflict / Military,4,-7.4,1132,33,266,-6.18,IRN,Iran,26.875,55.7095,82.6,CRITICAL,"['Energy', 'Shipping', 'Regional Economy']"
100249121,2026-09-11,20260911,CL-AP-02,South China Sea Second Thomas Shoal Maritime Standoff,Asia-Pacific,China Coast Guard,CHN,Philippine Coast Guard & Resupply,PHL,060,Sign commercial or trade agreement,Economic / Trade,2,-6.0,153,161,237,-6.68,PHL,PHL,10.1464,115.1188,72.4,HIGH,"['Shipping', 'Trade', 'Regional Economy']"
100249122,2026-09-21,20260921,CL-AP-02,South China Sea Second Thomas Shoal Maritime Standoff,Asia-Pacific,China Coast Guard,CHN,Philippine Coast Guard & Resupply,PHL,196,Maritime military engagement / ship interdiction,Conflict / Military,4,-6.3,294,127,430,-7.02,PHL,PHL,10.9271,116.4034,81.1,CRITICAL,"['Energy', 'Shipping', 'Regional Economy']"
100249123,2026-09-27,20260927,CL-IN-01,India Northern Border Reconnaissance & Infrastructure Surveillance,South Asia,Indian Border Forces (ITBP/Army),IND,PLA Border Troops,CHN,040,Host diplomatic summit or high-level talks,Diplomatic,1,-1.2,328,49,476,-3.36,IND,India,35.0266,77.1359,56.1,HIGH,"['Shipping', 'Regional Economy']"
100249124,2026-10-03,20261003,CL-EU-01,Eastern Europe & Black Sea Grain Corridor Strain,Eastern Europe,Armed Forces of Ukraine,UKR,Russian Armed Forces,RUS,194,Fight with artillery / rockets / missiles,Conflict / Military,4,-9.9,422,7,377,-5.56,UKR,Ukraine,46.9093,30.3594,83.6,CRITICAL,"['Energy', 'Commodities', 'Regional Economy']"
100249125,2026-10-02,20261002,CL-ME-01,Red Sea Maritime Corridor Disruption,Middle East / Bab-el-Mandeb,Houthi Maritime Units,YEM,International Commercial Vessels,USA,196,Maritime military engagement / ship interdiction,Conflict / Military,4,-7.3,538,130,297,-6.09,YEM,Yemen,13.0311,43.9423,82.9,CRITICAL,"['Energy', 'Shipping', 'Regional Economy']"
100249126,2026-09-09,20260909,CL-EU-01,Eastern Europe & Black Sea Grain Corridor Strain,Eastern Europe,Armed Forces of Ukraine,UKR,Russian Armed Forces,RUS,194,Fight with artillery / rockets / missiles,Conflict / Military,4,-8.7,786,179,598,-6.35,UKR,Ukraine,45.5444,31.4009,87.2,CRITICAL,"['Energy', 'Commodities', 'Regional Economy']"
100249127,2026-09-04,20260904,CL-AP-02,South China Sea Second Thomas Shoal Maritime Standoff,Asia-Pacific,China Coast Guard,CHN,Philippine Coast Guard & Resupply,PHL,196,Maritime military engagement / ship interdiction,Conflict / Military,4,-6.9,1234,56,374,-4.69,PHL,PHL,8.9656,115.6423,80.4,CRITICAL,"['Energy', 'Shipping', 'Regional Economy']"
100249128,2026-09-04,20260904,CL-ME-01,Red Sea Maritime Corridor Disruption,Middle East / Bab-el-Mandeb,Houthi Maritime Units,YEM,International Commercial Vessels,USA,193,Fight with small arms and light weapons,Conflict / Military,4,-8.9,294,83,127,-8.06,YEM,Yemen,12.5454,43.9275,87.4,CRITICAL,"['Energy', 'Shipping', 'Regional Economy']"
100249129,2026-09-08,20260908,CL-EU-01,Eastern Europe & Black Sea Grain Corridor Strain,Eastern Europe,Armed Forces of Ukraine,UKR,Russian Armed Forces,RUS,150,Demonstrate military / strategic force posture,Conflict / Military,4,-8.5,305,122,364,-7.85,UKR,Ukraine,46.0848,30.9231,86.8,CRITICAL,"['Energy', 'Commodities', 'Regional Economy']"
100249130,2026-09-25,20260925,CL-AP-01,Taiwan Strait & East Asian Semiconductor Supply Alert,Asia-Pacific,People’s Liberation Army (Navy/Air),CHN,Taiwan Defense Units,TWN,111,Formally condemn or disapprove action,Political,3,-6.7,18,36,530,-4.3,TWN,Taiwan,23.5105,121.0032,70.1,HIGH,"['Shipping', 'Trade', 'Regional Economy']"
100249131,2026-09-18,20260918,CL-ME-01,Red Sea Maritime Corridor Disruption,Middle East / Bab-el-Mandeb,Houthi Maritime Units,YEM,International Commercial Vessels,USA,193,Fight with small arms and light weapons,Conflict / Military,4,-7.0,900,22,231,-6.65,YEM,Yemen,13.2592,44.1539,81.5,CRITICAL,"['Energy', 'Shipping', 'Regional Economy']"
100249132,2026-09-28,20260928,CL-EU-01,Eastern Europe & Black Sea Grain Corridor Strain,Eastern Europe,Armed Forces of Ukraine,UKR,Russian Armed Forces,RUS,194,Fight with artillery / rockets / missiles,Conflict / Military,4,-8.8,954,60,585,-6.71,UKR,Ukraine,45.675,31.4468,86.7,CRITICAL,"['Energy', 'Commodities', 'Regional Economy']"
100249133,2026-09-13,20260913,CL-ME-02,Strait of Hormuz Strategic Energy Chokepoint Alerts,Middle East / Persian Gulf,Naval Security Patrols,IRN,Global Oil Tanker Fleet,SAU,190,Use conventional military force,Conflict / Military,4,-8.7,322,23,321,-3.53,IRN,Iran,27.5357,55.2991,79.5,CRITICAL,"['Energy', 'Shipping', 'Regional Economy']"
100249134,2026-09-22,20260922,CL-EU-01,Eastern Europe & Black Sea Grain Corridor Strain,Eastern Europe,Armed Forces of Ukraine,UKR,Russian Armed Forces,RUS,194,Fight with artillery / rockets / missiles,Conflict / Military,4,-8.2,730,106,453,-6.45,UKR,Ukraine,47.3259,30.4168,85.5,CRITICAL,"['Energy', 'Commodities', 'Regional Economy']"
100249135,2026-09-30,20260930,CL-ME-02,Strait of Hormuz Strategic Energy Chokepoint Alerts,Middle East / Persian Gulf,Naval Security Patrols,IRN,Global Oil Tanker Fleet,SAU,190,Use conventional military force,Conflict / Military,4,-9.1,1128,157,428,-3.76,IRN,Iran,25.9348,57.2196,85.0,CRITICAL,"['Energy', 'Shipping', 'Regional Economy']"
100249136,2026-09-15,20260915,CL-ME-02,Strait of Hormuz Strategic Energy Chokepoint Alerts,Middle East / Persian Gulf,Naval Security Patrols,IRN,Global Oil Tanker Fleet,SAU,141,Demonstrate or conduct civil protest,Protest / Civil Unrest,3,-6.4,948,152,241,-4.19,IRN,Iran,25.3768,55.9635,77.1,CRITICAL,"['Energy', 'Shipping', 'Regional Economy']"
100249137,2026-09-30,20260930,CL-ME-01,Red Sea Maritime Corridor Disruption,Middle East / Bab-el-Mandeb,Houthi Maritime Units,YEM,International Commercial Vessels,USA,020,Appeal to international community or UN,Diplomatic,1,-9.7,1281,121,150,-5.73,YEM,Yemen,11.8215,44.5235,80.2,CRITICAL,"['Energy', 'Shipping', 'Regional Economy']"
100249138,2026-09-14,20260914,CL-ME-02,Strait of Hormuz Strategic Energy Chokepoint Alerts,Middle East / Persian Gulf,Naval Security Patrols,IRN,Global Oil Tanker Fleet,SAU,193,Fight with small arms and light weapons,Conflict / Military,4,-6.6,905,147,398,-4.8,IRN,Iran,27.401,56.7213,80.7,CRITICAL,"['Energy', 'Shipping', 'Regional Economy']"
100249139,2026-10-04,20261004,CL-ME-02,Strait of Hormuz Strategic Energy Chokepoint Alerts,Middle East / Persian Gulf,Naval Security Patrols,IRN,Global Oil Tanker Fleet,SAU,040,Host diplomatic summit or high-level talks,Diplomatic,1,-8.0,1386,108,104,-4.23,IRN,Iran,26.9229,57.1013,74.7,HIGH,"['Energy', 'Shipping', 'Regional Economy']"
100249140,2026-10-04,20261004,CL-AP-02,South China Sea Second Thomas Shoal Maritime Standoff,Asia-Pacific,China Coast Guard,CHN,Philippine Coast Guard & Resupply,PHL,060,Sign commercial or trade agreement,Economic / Trade,2,-6.1,1009,167,154,-4.94,PHL,PHL,8.6748,115.4946,73.2,HIGH,"['Shipping', 'Trade', 'Regional Economy']"
100249141,2026-09-24,20260924,CL-ME-02,Strait of Hormuz Strategic Energy Chokepoint Alerts,Middle East / Persian Gulf,Naval Security Patrols,IRN,Global Oil Tanker Fleet,SAU,196,Maritime military engagement / ship interdiction,Conflict / Military,4,-7.3,460,6,282,-6.63,IRN,Iran,26.1299,56.331,79.4,CRITICAL,"['Energy', 'Shipping', 'Regional Economy']"
100249142,2026-10-01,20261001,CL-ME-01,Red Sea Maritime Corridor Disruption,Middle East / Bab-el-Mandeb,Houthi Maritime Units,YEM,International Commercial Vessels,USA,196,Maritime military engagement / ship interdiction,Conflict / Military,4,-8.8,877,143,84,-6.72,YEM,Yemen,13.8142,43.2989,87.8,CRITICAL,"['Energy', 'Shipping', 'Regional Economy']"
100249143,2026-09-26,20260926,CL-EU-01,Eastern Europe & Black Sea Grain Corridor Strain,Eastern Europe,Armed Forces of Ukraine,UKR,Russian Armed Forces,RUS,194,Fight with artillery / rockets / missiles,Conflict / Military,4,-9.9,1194,115,173,-8.39,UKR,Ukraine,45.5618,32.1311,92.4,CRITICAL,"['Energy', 'Commodities', 'Regional Economy']"
100249144,2026-09-13,20260913,CL-EU-01,Eastern Europe & Black Sea Grain Corridor Strain,Eastern Europe,Armed Forces of Ukraine,UKR,Russian Armed Forces,RUS,194,Fight with artillery / rockets / missiles,Conflict / Military,4,-8.2,792,107,160,-7.55,UKR,Ukraine,46.4519,31.6574,87.1,CRITICAL,"['Energy', 'Commodities', 'Regional Economy']"
100249145,2026-09-27,20260927,CL-EU-01,Eastern Europe & Black Sea Grain Corridor Strain,Eastern Europe,Armed Forces of Ukraine,UKR,Russian Armed Forces,RUS,194,Fight with artillery / rockets / missiles,Conflict / Military,4,-10.0,117,148,297,-6.21,UKR,Ukraine,46.2309,29.8597,86.7,CRITICAL,"['Energy', 'Commodities', 'Regional Economy']"
100249146,2026-09-25,20260925,CL-ME-02,Strait of Hormuz Strategic Energy Chokepoint Alerts,Middle East / Persian Gulf,Naval Security Patrols,IRN,Global Oil Tanker Fleet,SAU,190,Use conventional military force,Conflict / Military,4,-8.7,953,160,102,-4.17,IRN,Iran,26.367,55.5783,84.5,CRITICAL,"['Energy', 'Shipping', 'Regional Economy']"
100249147,2026-09-15,20260915,CL-IN-01,India Northern Border Reconnaissance & Infrastructure Surveillance,South Asia,Indian Border Forces (ITBP/Army),IND,PLA Border Troops,CHN,040,Host diplomatic summit or high-level talks,Diplomatic,1,-1.7,276,147,43,-1.84,IND,India,33.662,77.1493,56.3,HIGH,"['Shipping', 'Regional Economy']"
100249148,2026-09-06,20260906,CL-EU-01,Eastern Europe & Black Sea Grain Corridor Strain,Eastern Europe,Armed Forces of Ukraine,UKR,Russian Armed Forces,RUS,194,Fight with artillery / rockets / missiles,Conflict / Military,4,-8.0,985,112,221,-7.16,UKR,Ukraine,47.0646,32.1205,86.5,CRITICAL,"['Energy', 'Commodities', 'Regional Economy']"
100249149,2026-09-07,20260907,CL-ME-02,Strait of Hormuz Strategic Energy Chokepoint Alerts,Middle East / Persian Gulf,Naval Security Patrols,IRN,Global Oil Tanker Fleet,SAU,190,Use conventional military force,Conflict / Military,4,-9.3,748,166,437,-4.27,IRN,Iran,26.3747,55.8231,85.6,CRITICAL,"['Energy', 'Shipping', 'Regional Economy']"
100249150,2026-09-07,20260907,CL-ME-02,Strait of Hormuz Strategic Energy Chokepoint Alerts,Middle East / Persian Gulf,Naval Security Patrols,IRN,Global Oil Tanker Fleet,SAU,060,Sign commercial or trade agreement,Economic / Trade,2,-8.2,64,140,321,-4.26,IRN,Iran,26.5523,55.4821,72.4,HIGH,"['Energy', 'Shipping', 'Trade', 'Regional Economy']"
100249151,2026-09-28,20260928,CL-AP-01,Taiwan Strait & East Asian Semiconductor Supply Alert,Asia-Pacific,People’s Liberation Army (Navy/Air),CHN,Taiwan Defense Units,TWN,111,Formally condemn or disapprove action,Political,3,-4.3,1373,54,289,-3.52,TWN,Taiwan,22.8854,121.2298,71.1,HIGH,"['Shipping', 'Trade', 'Regional Economy']"
100249152,2026-09-25,20260925,CL-EU-01,Eastern Europe & Black Sea Grain Corridor Strain,Eastern Europe,Armed Forces of Ukraine,UKR,Russian Armed Forces,RUS,194,Fight with artillery / rockets / missiles,Conflict / Military,4,-8.3,350,115,556,-8.82,UKR,Ukraine,46.0288,31.2488,87.8,CRITICAL,"['Energy', 'Commodities', 'Regional Economy']"
100249153,2026-09-11,20260911,CL-EU-01,Eastern Europe & Black Sea Grain Corridor Strain,Eastern Europe,Armed Forces of Ukraine,UKR,Russian Armed Forces,RUS,194,Fight with artillery / rockets / missiles,Conflict / Military,4,-9.9,1109,90,262,-5.77,UKR,Ukraine,45.3086,30.0423,88.6,CRITICAL,"['Energy', 'Commodities', 'Regional Economy']"
100249154,2026-09-27,20260927,CL-IN-01,India Northern Border Reconnaissance & Infrastructure Surveillance,South Asia,Indian Border Forces (ITBP/Army),IND,PLA Border Troops,CHN,194,Fight with artillery / rockets / missiles,Conflict / Military,4,-2.6,864,32,75,-0.89,IND,India,34.6505,76.8622,65.2,HIGH,"['Energy', 'Shipping', 'Regional Economy']"
100249155,2026-09-20,20260920,CL-ME-01,Red Sea Maritime Corridor Disruption,Middle East / Bab-el-Mandeb,Houthi Maritime Units,YEM,International Commercial Vessels,USA,141,Demonstrate or conduct civil protest,Protest / Civil Unrest,3,-8.0,186,70,230,-8.5,YEM,Yemen,12.2089,42.5884,82.7,CRITICAL,"['Energy', 'Shipping', 'Regional Economy']"
100249156,2026-10-02,20261002,CL-ME-01,Red Sea Maritime Corridor Disruption,Middle East / Bab-el-Mandeb,Houthi Maritime Units,YEM,International Commercial Vessels,USA,196,Maritime military engagement / ship interdiction,Conflict / Military,4,-8.4,362,8,196,-6.24,YEM,Yemen,13.9208,42.5981,81.2,CRITICAL,"['Energy', 'Shipping', 'Regional Economy']"
100249157,2026-09-19,20260919,CL-EU-01,Eastern Europe & Black Sea Grain Corridor Strain,Eastern Europe,Armed Forces of Ukraine,UKR,Russian Armed Forces,RUS,194,Fight with artillery / rockets / missiles,Conflict / Military,4,-10.0,1377,130,326,-6.18,UKR,Ukraine,47.5776,32.0711,90.1,CRITICAL,"['Energy', 'Commodities', 'Regional Economy']"
100249158,2026-09-08,20260908,CL-ME-02,Strait of Hormuz Strategic Energy Chokepoint Alerts,Middle East / Persian Gulf,Naval Security Patrols,IRN,Global Oil Tanker Fleet,SAU,190,Use conventional military force,Conflict / Military,4,-9.0,1279,33,396,-5.62,IRN,Iran,27.3139,55.0601,85.4,CRITICAL,"['Energy', 'Shipping', 'Regional Economy']"
100249159,2026-10-04,20261004,CL-AP-02,South China Sea Second Thomas Shoal Maritime Standoff,Asia-Pacific,China Coast Guard,CHN,Philippine Coast Guard & Resupply,PHL,196,Maritime military engagement / ship interdiction,Conflict / Military,4,-6.3,1062,62,11,-6.57,PHL,PHL,9.7189,116.1938,81.5,CRITICAL,"['Energy', 'Shipping', 'Regional Economy']"
100249160,2026-09-27,20260927,CL-IN-01,India Northern Border Reconnaissance & Infrastructure Surveillance,South Asia,Indian Border Forces (ITBP/Army),IND,PLA Border Troops,CHN,040,Host diplomatic summit or high-level talks,Diplomatic,1,-2.1,460,69,151,-4.01,IND,India,32.86,78.5551,59.8,HIGH,"['Shipping', 'Regional Economy']"
100249161,2026-09-22,20260922,CL-ME-02,Strait of Hormuz Strategic Energy Chokepoint Alerts,Middle East / Persian Gulf,Naval Security Patrols,IRN,Global Oil Tanker Fleet,SAU,190,Use conventional military force,Conflict / Military,4,-8.8,392,94,268,-3.9,IRN,Iran,26.9977,55.9973,82.4,CRITICAL,"['Energy', 'Shipping', 'Regional Economy']"
100249162,2026-09-18,20260918,CL-ME-02,Strait of Hormuz Strategic Energy Chokepoint Alerts,Middle East / Persian Gulf,Naval Security Patrols,IRN,Global Oil Tanker Fleet,SAU,190,Use conventional military force,Conflict / Military,4,-6.7,1336,96,119,-5.54,IRN,Iran,25.8912,55.0344,81.9,CRITICAL,"['Energy', 'Shipping', 'Regional Economy']"
100249163,2026-09-28,20260928,CL-AP-02,South China Sea Second Thomas Shoal Maritime Standoff,Asia-Pacific,China Coast Guard,CHN,Philippine Coast Guard & Resupply,PHL,193,Fight with small arms and light weapons,Conflict / Military,4,-8.3,502,15,648,-4.4,PHL,PHL,8.9048,115.1254,79.9,CRITICAL,"['Energy', 'Shipping', 'Regional Economy']"
100249164,2026-09-08,20260908,CL-ME-01,Red Sea Maritime Corridor Disruption,Middle East / Bab-el-Mandeb,Houthi Maritime Units,YEM,International Commercial Vessels,USA,196,Maritime military engagement / ship interdiction,Conflict / Military,4,-9.4,1057,114,81,-8.52,YEM,Yemen,12.0134,43.9186,91.3,CRITICAL,"['Energy', 'Shipping', 'Regional Economy']"
100249165,2026-09-19,20260919,CL-ME-02,Strait of Hormuz Strategic Energy Chokepoint Alerts,Middle East / Persian Gulf,Naval Security Patrols,IRN,Global Oil Tanker Fleet,SAU,190,Use conventional military force,Conflict / Military,4,-7.2,981,107,280,-3.89,IRN,Iran,26.7144,56.147,80.5,CRITICAL,"['Energy', 'Shipping', 'Regional Economy']"
100249166,2026-09-24,20260924,CL-ME-01,Red Sea Maritime Corridor Disruption,Middle East / Bab-el-Mandeb,Houthi Maritime Units,YEM,International Commercial Vessels,USA,040,Host diplomatic summit or high-level talks,Diplomatic,1,-8.5,1166,33,513,-7.28,YEM,Yemen,13.7458,43.2829,77.9,CRITICAL,"['Energy', 'Shipping', 'Regional Economy']"
100249167,2026-09-20,20260920,CL-EU-01,Eastern Europe & Black Sea Grain Corridor Strain,Eastern Europe,Armed Forces of Ukraine,UKR,Russian Armed Forces,RUS,194,Fight with artillery / rockets / missiles,Conflict / Military,4,-9.5,873,3,629,-8.63,UKR,Ukraine,47.2846,31.2781,86.7,CRITICAL,"['Energy', 'Commodities', 'Regional Economy']"
100249168,2026-09-05,20260905,CL-EU-01,Eastern Europe & Black Sea Grain Corridor Strain,Eastern Europe,Armed Forces of Ukraine,UKR,Russian Armed Forces,RUS,194,Fight with artillery / rockets / missiles,Conflict / Military,4,-9.7,334,124,441,-6.06,UKR,Ukraine,45.6958,31.8957,87.2,CRITICAL,"['Energy', 'Commodities', 'Regional Economy']"
100249169,2026-09-24,20260924,CL-ME-02,Strait of Hormuz Strategic Energy Chokepoint Alerts,Middle East / Persian Gulf,Naval Security Patrols,IRN,Global Oil Tanker Fleet,SAU,190,Use conventional military force,Conflict / Military,4,-9.2,481,138,471,-6.24,IRN,Iran,25.3967,56.0609,87.0,CRITICAL,"['Energy', 'Shipping', 'Regional Economy']"
100249170,2026-09-27,20260927,CL-EU-01,Eastern Europe & Black Sea Grain Corridor Strain,Eastern Europe,Armed Forces of Ukraine,UKR,Russian Armed Forces,RUS,194,Fight with artillery / rockets / missiles,Conflict / Military,4,-8.9,1040,66,613,-7.95,UKR,Ukraine,45.3584,30.4415,88.8,CRITICAL,"['Energy', 'Commodities', 'Regional Economy']"
100249171,2026-10-03,20261003,CL-EU-01,Eastern Europe & Black Sea Grain Corridor Strain,Eastern Europe,Armed Forces of Ukraine,UKR,Russian Armed Forces,RUS,194,Fight with artillery / rockets / missiles,Conflict / Military,4,-10.0,342,81,76,-7.84,UKR,Ukraine,46.4523,31.8887,89.6,CRITICAL,"['Energy', 'Commodities', 'Regional Economy']"
100249172,2026-09-27,20260927,CL-EU-01,Eastern Europe & Black Sea Grain Corridor Strain,Eastern Europe,Armed Forces of Ukraine,UKR,Russian Armed Forces,RUS,196,Maritime military engagement / ship interdiction,Conflict / Military,4,-9.4,1011,118,17,-7.52,UKR,Ukraine,47.4925,31.8702,90.0,CRITICAL,"['Energy', 'Commodities', 'Regional Economy']"
100249173,2026-09-07,20260907,CL-ME-01,Red Sea Maritime Corridor Disruption,Middle East / Bab-el-Mandeb,Houthi Maritime Units,YEM,International Commercial Vessels,USA,193,Fight with small arms and light weapons,Conflict / Military,4,-8.0,449,129,330,-5.66,YEM,Yemen,12.4958,44.0565,83.6,CRITICAL,"['Energy', 'Shipping', 'Regional Economy']"
100249174,2026-09-12,20260912,CL-ME-02,Strait of Hormuz Strategic Energy Chokepoint Alerts,Middle East / Persian Gulf,Naval Security Patrols,IRN,Global Oil Tanker Fleet,SAU,190,Use conventional military force,Conflict / Military,4,-7.0,562,115,491,-4.62,IRN,Iran,27.4367,55.7549,80.3,CRITICAL,"['Energy', 'Shipping', 'Regional Economy']"
100249175,2026-10-01,20261001,CL-ME-01,Red Sea Maritime Corridor Disruption,Middle East / Bab-el-Mandeb,Houthi Maritime Units,YEM,International Commercial Vessels,USA,190,Use conventional military force,Conflict / Military,4,-9.6,292,29,264,-7.93,YEM,Yemen,13.9707,44.6725,87.3,CRITICAL,"['Energy', 'Shipping', 'Regional Economy']"
100249176,2026-09-19,20260919,CL-ME-01,Red Sea Maritime Corridor Disruption,Middle East / Bab-el-Mandeb,Houthi Maritime Units,YEM,International Commercial Vessels,USA,193,Fight with small arms and light weapons,Conflict / Military,4,-7.6,352,143,586,-8.66,YEM,Yemen,12.3219,42.4797,86.4,CRITICAL,"['Energy', 'Shipping', 'Regional Economy']"
100249177,2026-09-05,20260905,CL-ME-01,Red Sea Maritime Corridor Disruption,Middle East / Bab-el-Mandeb,Houthi Maritime Units,YEM,International Commercial Vessels,USA,141,Demonstrate or conduct civil protest,Protest / Civil Unrest,3,-7.2,70,153,184,-8.75,YEM,Yemen,12.9354,44.6149,80.9,CRITICAL,"['Energy', 'Shipping', 'Regional Economy']"
100249178,2026-09-17,20260917,CL-ME-02,Strait of Hormuz Strategic Energy Chokepoint Alerts,Middle East / Persian Gulf,Naval Security Patrols,IRN,Global Oil Tanker Fleet,SAU,190,Use conventional military force,Conflict / Military,4,-6.7,1286,176,256,-5.28,IRN,Iran,27.1441,56.4318,82.3,CRITICAL,"['Energy', 'Shipping', 'Regional Economy']"
100249179,2026-09-28,20260928,CL-AP-01,Taiwan Strait & East Asian Semiconductor Supply Alert,Asia-Pacific,People’s Liberation Army (Navy/Air),CHN,Taiwan Defense Units,TWN,020,Appeal to international community or UN,Diplomatic,1,-6.2,554,68,307,-2.52,TWN,Taiwan,23.7013,121.1945,66.7,HIGH,"['Shipping', 'Trade', 'Regional Economy']"
100249180,2026-09-05,20260905,CL-AP-02,South China Sea Second Thomas Shoal Maritime Standoff,Asia-Pacific,China Coast Guard,CHN,Philippine Coast Guard & Resupply,PHL,196,Maritime military engagement / ship interdiction,Conflict / Military,4,-5.4,258,118,14,-6.02,PHL,PHL,9.0514,115.3531,77.6,CRITICAL,"['Energy', 'Shipping', 'Regional Economy']"
100249181,2026-09-25,20260925,CL-IN-01,India Northern Border Reconnaissance & Infrastructure Surveillance,South Asia,Indian Border Forces (ITBP/Army),IND,PLA Border Troops,CHN,040,Host diplomatic summit or high-level talks,Diplomatic,1,-4.0,361,126,241,-3.81,IND,India,34.8503,78.4735,63.9,HIGH,"['Shipping', 'Regional Economy']"
100249182,2026-10-01,20261001,CL-EU-01,Eastern Europe & Black Sea Grain Corridor Strain,Eastern Europe,Armed Forces of Ukraine,UKR,Russian Armed Forces,RUS,020,Appeal to international community or UN,Diplomatic,1,-10.0,210,39,451,-7.91,UKR,Ukraine,46.2233,32.025,79.5,CRITICAL,"['Commodities', 'Regional Economy']"
100249183,2026-09-04,20260904,CL-AP-02,South China Sea Second Thomas Shoal Maritime Standoff,Asia-Pacific,China Coast Guard,CHN,Philippine Coast Guard & Resupply,PHL,020,Appeal to international community or UN,Diplomatic,1,-6.5,242,38,260,-5.34,PHL,PHL,9.3973,115.9458,69.0,HIGH,"['Shipping', 'Regional Economy']"
100249184,2026-09-27,20260927,CL-ME-02,Strait of Hormuz Strategic Energy Chokepoint Alerts,Middle East / Persian Gulf,Naval Security Patrols,IRN,Global Oil Tanker Fleet,SAU,190,Use conventional military force,Conflict / Military,4,-7.1,162,70,42,-5.03,IRN,Iran,27.0616,56.1704,78.6,CRITICAL,"['Energy', 'Shipping', 'Regional Economy']"
100249185,2026-09-29,20260929,CL-ME-02,Strait of Hormuz Strategic Energy Chokepoint Alerts,Middle East / Persian Gulf,Naval Security Patrols,IRN,Global Oil Tanker Fleet,SAU,190,Use conventional military force,Conflict / Military,4,-6.5,293,160,562,-4.8,IRN,Iran,26.9372,56.163,79.0,CRITICAL,"['Energy', 'Shipping', 'Regional Economy']"
100249186,2026-09-24,20260924,CL-AP-01,Taiwan Strait & East Asian Semiconductor Supply Alert,Asia-Pacific,People’s Liberation Army (Navy/Air),CHN,Taiwan Defense Units,TWN,150,Demonstrate military / strategic force posture,Conflict / Military,4,-6.3,269,69,465,-2.66,TWN,Taiwan,24.0269,122.0068,74.5,HIGH,"['Energy', 'Shipping', 'Trade', 'Regional Economy']"
100249187,2026-09-11,20260911,CL-AP-01,Taiwan Strait & East Asian Semiconductor Supply Alert,Asia-Pacific,People’s Liberation Army (Navy/Air),CHN,Taiwan Defense Units,TWN,060,Sign commercial or trade agreement,Economic / Trade,2,-5.9,360,33,193,-2.21,TWN,Taiwan,23.2246,120.9129,65.6,HIGH,"['Shipping', 'Trade', 'Regional Economy']"
100249188,2026-09-29,20260929,CL-ME-02,Strait of Hormuz Strategic Energy Chokepoint Alerts,Middle East / Persian Gulf,Naval Security Patrols,IRN,Global Oil Tanker Fleet,SAU,020,Appeal to international community or UN,Diplomatic,1,-8.1,529,15,66,-5.14,IRN,Iran,26.506,55.8849,72.1,HIGH,"['Energy', 'Shipping', 'Regional Economy']"
100249189,2026-09-22,20260922,CL-AP-02,South China Sea Second Thomas Shoal Maritime Standoff,Asia-Pacific,China Coast Guard,CHN,Philippine Coast Guard & Resupply,PHL,196,Maritime military engagement / ship interdiction,Conflict / Military,4,-6.3,20,159,438,-6.37,PHL,PHL,10.3304,116.2441,76.6,CRITICAL,"['Energy', 'Shipping', 'Regional Economy']"
100249190,2026-09-27,20260927,CL-ME-02,Strait of Hormuz Strategic Energy Chokepoint Alerts,Middle East / Persian Gulf,Naval Security Patrols,IRN,Global Oil Tanker Fleet,SAU,190,Use conventional military force,Conflict / Military,4,-9.2,1108,53,23,-4.89,IRN,Iran,25.4873,56.444,85.3,CRITICAL,"['Energy', 'Shipping', 'Regional Economy']"
100249191,2026-09-20,20260920,CL-EU-01,Eastern Europe & Black Sea Grain Corridor Strain,Eastern Europe,Armed Forces of Ukraine,UKR,Russian Armed Forces,RUS,194,Fight with artillery / rockets / missiles,Conflict / Military,4,-10.0,750,175,595,-8.1,UKR,Ukraine,46.6801,31.6632,92.1,CRITICAL,"['Energy', 'Commodities', 'Regional Economy']"
100249192,2026-09-05,20260905,CL-ME-01,Red Sea Maritime Corridor Disruption,Middle East / Bab-el-Mandeb,Houthi Maritime Units,YEM,International Commercial Vessels,USA,060,Sign commercial or trade agreement,Economic / Trade,2,-8.1,144,176,477,-5.42,YEM,Yemen,12.3119,43.7791,75.2,CRITICAL,"['Energy', 'Shipping', 'Trade', 'Regional Economy']"
100249193,2026-09-13,20260913,CL-EU-01,Eastern Europe & Black Sea Grain Corridor Strain,Eastern Europe,Armed Forces of Ukraine,UKR,Russian Armed Forces,RUS,194,Fight with artillery / rockets / missiles,Conflict / Military,4,-10.0,598,80,168,-6.04,UKR,Ukraine,46.0637,32.0328,88.1,CRITICAL,"['Energy', 'Commodities', 'Regional Economy']"
100249194,2026-09-29,20260929,CL-ME-02,Strait of Hormuz Strategic Energy Chokepoint Alerts,Middle East / Persian Gulf,Naval Security Patrols,IRN,Global Oil Tanker Fleet,SAU,190,Use conventional military force,Conflict / Military,4,-6.4,912,77,224,-6.35,IRN,Iran,25.7318,57.0342,81.5,CRITICAL,"['Energy', 'Shipping', 'Regional Economy']"
100249195,2026-10-01,20261001,CL-EU-01,Eastern Europe & Black Sea Grain Corridor Strain,Eastern Europe,Armed Forces of Ukraine,UKR,Russian Armed Forces,RUS,150,Demonstrate military / strategic force posture,Conflict / Military,4,-8.2,648,171,182,-5.94,UKR,Ukraine,46.3055,31.5137,85.3,CRITICAL,"['Energy', 'Commodities', 'Regional Economy']"
100249196,2026-09-14,20260914,CL-AP-01,Taiwan Strait & East Asian Semiconductor Supply Alert,Asia-Pacific,People’s Liberation Army (Navy/Air),CHN,Taiwan Defense Units,TWN,150,Demonstrate military / strategic force posture,Conflict / Military,4,-6.3,859,101,620,-5.48,TWN,Taiwan,23.9058,121.5213,80.4,CRITICAL,"['Energy', 'Shipping', 'Trade', 'Regional Economy']"
100249197,2026-09-24,20260924,CL-ME-02,Strait of Hormuz Strategic Energy Chokepoint Alerts,Middle East / Persian Gulf,Naval Security Patrols,IRN,Global Oil Tanker Fleet,SAU,196,Maritime military engagement / ship interdiction,Conflict / Military,4,-7.9,578,149,296,-5.43,IRN,Iran,27.6068,56.7013,83.6,CRITICAL,"['Energy', 'Shipping', 'Regional Economy']"
100249198,2026-09-25,20260925,CL-ME-02,Strait of Hormuz Strategic Energy Chokepoint Alerts,Middle East / Persian Gulf,Naval Security Patrols,IRN,Global Oil Tanker Fleet,SAU,190,Use conventional military force,Conflict / Military,4,-8.3,1179,16,501,-5.24,IRN,Iran,27.2993,56.647,82.4,CRITICAL,"['Energy', 'Shipping', 'Regional Economy']"
100249199,2026-09-30,20260930,CL-ME-01,Red Sea Maritime Corridor Disruption,Middle East / Bab-el-Mandeb,Houthi Maritime Units,YEM,International Commercial Vessels,USA,060,Sign commercial or trade agreement,Economic / Trade,2,-9.5,1100,95,567,-5.89,YEM,Yemen,13.1013,42.4952,81.0,CRITICAL,"['Energy', 'Shipping', 'Trade', 'Regional Economy']"
100249200,2026-10-02,20261002,CL-ME-01,Red Sea Maritime Corridor Disruption,Middle East / Bab-el-Mandeb,Houthi Maritime Units,YEM,International Commercial Vessels,USA,194,Fight with artillery / rockets / missiles,Conflict / Military,4,-7.5,253,161,382,-4.92,YEM,Yemen,12.743,43.0346,81.0,CRITICAL,"['Energy', 'Shipping', 'Regional Economy']"
100249201,2026-09-16,20260916,CL-ME-01,Red Sea Maritime Corridor Disruption,Middle East / Bab-el-Mandeb,Houthi Maritime Units,YEM,International Commercial Vessels,USA,196,Maritime military engagement / ship interdiction,Conflict / Military,4,-8.4,590,127,520,-6.7,YEM,Yemen,13.3969,42.535,86.2,CRITICAL,"['Energy', 'Shipping', 'Regional Economy']"
100249202,2026-09-21,20260921,CL-ME-01,Red Sea Maritime Corridor Disruption,Middle East / Bab-el-Mandeb,Houthi Maritime Units,YEM,International Commercial Vessels,USA,060,Sign commercial or trade agreement,Economic / Trade,2,-9.0,237,165,422,-7.6,YEM,Yemen,14.0313,42.6032,80.6,CRITICAL,"['Energy', 'Shipping', 'Trade', 'Regional Economy']"
100249203,2026-09-11,20260911,CL-EU-01,Eastern Europe & Black Sea Grain Corridor Strain,Eastern Europe,Armed Forces of Ukraine,UKR,Russian Armed Forces,RUS,194,Fight with artillery / rockets / missiles,Conflict / Military,4,-8.8,22,176,270,-8.56,UKR,Ukraine,45.8218,30.8925,84.9,CRITICAL,"['Energy', 'Commodities', 'Regional Economy']"
100249204,2026-09-17,20260917,CL-EU-01,Eastern Europe & Black Sea Grain Corridor Strain,Eastern Europe,Armed Forces of Ukraine,UKR,Russian Armed Forces,RUS,194,Fight with artillery / rockets / missiles,Conflict / Military,4,-9.3,56,34,99,-6.54,UKR,Ukraine,47.2553,31.0268,82.6,CRITICAL,"['Energy', 'Commodities', 'Regional Economy']"
100249205,2026-10-03,20261003,CL-ME-01,Red Sea Maritime Corridor Disruption,Middle East / Bab-el-Mandeb,Houthi Maritime Units,YEM,International Commercial Vessels,USA,196,Maritime military engagement / ship interdiction,Conflict / Military,4,-8.3,724,16,599,-5.07,YEM,Yemen,13.1654,44.5797,81.4,CRITICAL,"['Energy', 'Shipping', 'Regional Economy']"
100249206,2026-10-02,20261002,CL-ME-01,Red Sea Maritime Corridor Disruption,Middle East / Bab-el-Mandeb,Houthi Maritime Units,YEM,International Commercial Vessels,USA,141,Demonstrate or conduct civil protest,Protest / Civil Unrest,3,-9.5,738,107,482,-6.24,YEM,Yemen,12.2228,43.9578,85.5,CRITICAL,"['Energy', 'Shipping', 'Regional Economy']"
100249207,2026-10-01,20261001,CL-ME-01,Red Sea Maritime Corridor Disruption,Middle East / Bab-el-Mandeb,Houthi Maritime Units,YEM,International Commercial Vessels,USA,190,Use conventional military force,Conflict / Military,4,-8.8,223,149,151,-8.41,YEM,Yemen,12.2931,43.5879,88.0,CRITICAL,"['Energy', 'Shipping', 'Regional Economy']"
100249208,2026-09-15,20260915,CL-ME-01,Red Sea Maritime Corridor Disruption,Middle East / Bab-el-Mandeb,Houthi Maritime Units,YEM,International Commercial Vessels,USA,196,Maritime military engagement / ship interdiction,Conflict / Military,4,-9.4,1138,114,224,-7.12,YEM,Yemen,13.1172,44.1787,89.6,CRITICAL,"['Energy', 'Shipping', 'Regional Economy']"
100249209,2026-09-25,20260925,CL-ME-01,Red Sea Maritime Corridor Disruption,Middle East / Bab-el-Mandeb,Houthi Maritime Units,YEM,International Commercial Vessels,USA,196,Maritime military engagement / ship interdiction,Conflict / Military,4,-7.2,14,127,17,-6.72,YEM,Yemen,13.5751,42.5395,78.1,CRITICAL,"['Energy', 'Shipping', 'Regional Economy']"
100249210,2026-09-19,20260919,CL-EU-01,Eastern Europe & Black Sea Grain Corridor Strain,Eastern Europe,Armed Forces of Ukraine,UKR,Russian Armed Forces,RUS,194,Fight with artillery / rockets / missiles,Conflict / Military,4,-10.0,662,166,577,-8.5,UKR,Ukraine,47.6012,30.5754,92.4,CRITICAL,"['Energy', 'Commodities', 'Regional Economy']"
100249211,2026-09-14,20260914,CL-ME-02,Strait of Hormuz Strategic Energy Chokepoint Alerts,Middle East / Persian Gulf,Naval Security Patrols,IRN,Global Oil Tanker Fleet,SAU,193,Fight with small arms and light weapons,Conflict / Military,4,-6.5,518,132,493,-7.12,IRN,Iran,26.0984,56.1034,82.6,CRITICAL,"['Energy', 'Shipping', 'Regional Economy']"
100249212,2026-09-08,20260908,CL-EU-01,Eastern Europe & Black Sea Grain Corridor Strain,Eastern Europe,Armed Forces of Ukraine,UKR,Russian Armed Forces,RUS,194,Fight with artillery / rockets / missiles,Conflict / Military,4,-9.1,748,109,54,-5.99,UKR,Ukraine,47.4686,30.2976,86.9,CRITICAL,"['Energy', 'Commodities', 'Regional Economy']"
100249213,2026-09-25,20260925,CL-EU-01,Eastern Europe & Black Sea Grain Corridor Strain,Eastern Europe,Armed Forces of Ukraine,UKR,Russian Armed Forces,RUS,194,Fight with artillery / rockets / missiles,Conflict / Military,4,-7.9,221,170,27,-8.84,UKR,Ukraine,46.2391,31.7561,86.8,CRITICAL,"['Energy', 'Commodities', 'Regional Economy']"
100249214,2026-09-08,20260908,CL-EU-01,Eastern Europe & Black Sea Grain Corridor Strain,Eastern Europe,Armed Forces of Ukraine,UKR,Russian Armed Forces,RUS,194,Fight with artillery / rockets / missiles,Conflict / Military,4,-9.7,649,173,528,-5.95,UKR,Ukraine,47.1793,31.5345,88.5,CRITICAL,"['Energy', 'Commodities', 'Regional Economy']"
100249215,2026-09-14,20260914,CL-EU-01,Eastern Europe & Black Sea Grain Corridor Strain,Eastern Europe,Armed Forces of Ukraine,UKR,Russian Armed Forces,RUS,194,Fight with artillery / rockets / missiles,Conflict / Military,4,-7.8,417,85,461,-7.48,UKR,Ukraine,46.4855,31.2243,84.9,CRITICAL,"['Energy', 'Commodities', 'Regional Economy']"
100249216,2026-09-29,20260929,CL-IN-01,India Northern Border Reconnaissance & Infrastructure Surveillance,South Asia,Indian Border Forces (ITBP/Army),IND,PLA Border Troops,CHN,196,Maritime military engagement / ship interdiction,Conflict / Military,4,-1.9,916,11,53,-2.83,IND,India,33.0755,77.6395,65.0,HIGH,"['Energy', 'Shipping', 'Regional Economy']"
100249217,2026-09-26,20260926,CL-ME-02,Strait of Hormuz Strategic Energy Chokepoint Alerts,Middle East / Persian Gulf,Naval Security Patrols,IRN,Global Oil Tanker Fleet,SAU,020,Appeal to international community or UN,Diplomatic,1,-8.3,207,30,224,-6.89,IRN,Iran,25.8347,56.948,74.3,HIGH,"['Energy', 'Shipping', 'Regional Economy']"
100249218,2026-09-26,20260926,CL-AP-02,South China Sea Second Thomas Shoal Maritime Standoff,Asia-Pacific,China Coast Guard,CHN,Philippine Coast Guard & Resupply,PHL,150,Demonstrate military / strategic force posture,Conflict / Military,4,-5.4,1059,28,282,-4.32,PHL,PHL,9.6473,116.4218,75.7,CRITICAL,"['Energy', 'Shipping', 'Regional Economy']"
100249219,2026-09-10,20260910,CL-ME-01,Red Sea Maritime Corridor Disruption,Middle East / Bab-el-Mandeb,Houthi Maritime Units,YEM,International Commercial Vessels,USA,196,Maritime military engagement / ship interdiction,Conflict / Military,4,-8.1,1346,64,160,-6.18,YEM,Yemen,12.0962,43.4965,85.2,CRITICAL,"['Energy', 'Shipping', 'Regional Economy']"
100249220,2026-10-03,20261003,CL-ME-01,Red Sea Maritime Corridor Disruption,Middle East / Bab-el-Mandeb,Houthi Maritime Units,YEM,International Commercial Vessels,USA,196,Maritime military engagement / ship interdiction,Conflict / Military,4,-8.8,263,92,364,-6.01,YEM,Yemen,13.5257,42.5081,84.5,CRITICAL,"['Energy', 'Shipping', 'Regional Economy']"
100249221,2026-09-20,20260920,CL-ME-02,Strait of Hormuz Strategic Energy Chokepoint Alerts,Middle East / Persian Gulf,Naval Security Patrols,IRN,Global Oil Tanker Fleet,SAU,190,Use conventional military force,Conflict / Military,4,-8.4,1175,33,237,-3.54,IRN,Iran,26.3347,55.3931,81.3,CRITICAL,"['Energy', 'Shipping', 'Regional Economy']"
100249222,2026-09-26,20260926,CL-ME-01,Red Sea Maritime Corridor Disruption,Middle East / Bab-el-Mandeb,Houthi Maritime Units,YEM,International Commercial Vessels,USA,060,Sign commercial or trade agreement,Economic / Trade,2,-8.1,1190,76,515,-5.75,YEM,Yemen,12.9763,44.6648,77.7,CRITICAL,"['Energy', 'Shipping', 'Trade', 'Regional Economy']"
100249223,2026-09-11,20260911,CL-AP-01,Taiwan Strait & East Asian Semiconductor Supply Alert,Asia-Pacific,People’s Liberation Army (Navy/Air),CHN,Taiwan Defense Units,TWN,150,Demonstrate military / strategic force posture,Conflict / Military,4,-4.3,1254,127,389,-4.68,TWN,Taiwan,24.3924,121.3536,76.0,CRITICAL,"['Energy', 'Shipping', 'Trade', 'Regional Economy']"
100249224,2026-09-05,20260905,CL-AP-02,South China Sea Second Thomas Shoal Maritime Standoff,Asia-Pacific,China Coast Guard,CHN,Philippine Coast Guard & Resupply,PHL,196,Maritime military engagement / ship interdiction,Conflict / Military,4,-7.1,1228,42,442,-4.2,PHL,PHL,9.6111,115.3014,79.8,CRITICAL,"['Energy', 'Shipping', 'Regional Economy']"
100249225,2026-09-27,20260927,CL-AP-02,South China Sea Second Thomas Shoal Maritime Standoff,Asia-Pacific,China Coast Guard,CHN,Philippine Coast Guard & Resupply,PHL,196,Maritime military engagement / ship interdiction,Conflict / Military,4,-6.9,112,91,205,-7.08,PHL,PHL,10.3588,115.995,80.6,CRITICAL,"['Energy', 'Shipping', 'Regional Economy']"
100249226,2026-09-07,20260907,CL-ME-01,Red Sea Maritime Corridor Disruption,Middle East / Bab-el-Mandeb,Houthi Maritime Units,YEM,International Commercial Vessels,USA,196,Maritime military engagement / ship interdiction,Conflict / Military,4,-7.5,352,106,325,-6.34,YEM,Yemen,12.3314,43.3939,82.8,CRITICAL,"['Energy', 'Shipping', 'Regional Economy']"
100249227,2026-09-16,20260916,CL-ME-02,Strait of Hormuz Strategic Energy Chokepoint Alerts,Middle East / Persian Gulf,Naval Security Patrols,IRN,Global Oil Tanker Fleet,SAU,150,Demonstrate military / strategic force posture,Conflict / Military,4,-6.5,751,158,605,-6.77,IRN,Iran,26.3387,57.3081,82.9,CRITICAL,"['Energy', 'Shipping', 'Regional Economy']"
100249228,2026-10-01,20261001,CL-ME-01,Red Sea Maritime Corridor Disruption,Middle East / Bab-el-Mandeb,Houthi Maritime Units,YEM,International Commercial Vessels,USA,196,Maritime military engagement / ship interdiction,Conflict / Military,4,-8.5,224,62,646,-7.79,YEM,Yemen,12.82,43.8911,85.4,CRITICAL,"['Energy', 'Shipping', 'Regional Economy']"
100249229,2026-10-02,20261002,CL-EU-01,Eastern Europe & Black Sea Grain Corridor Strain,Eastern Europe,Armed Forces of Ukraine,UKR,Russian Armed Forces,RUS,040,Host diplomatic summit or high-level talks,Diplomatic,1,-10.0,621,143,123,-6.5,UKR,Ukraine,45.7449,30.8412,81.0,CRITICAL,"['Commodities', 'Regional Economy']"
100249230,2026-09-22,20260922,CL-EU-01,Eastern Europe & Black Sea Grain Corridor Strain,Eastern Europe,Armed Forces of Ukraine,UKR,Russian Armed Forces,RUS,141,Demonstrate or conduct civil protest,Protest / Civil Unrest,3,-8.2,140,125,268,-7.14,UKR,Ukraine,45.7113,31.3128,81.6,CRITICAL,"['Commodities', 'Regional Economy']"
100249231,2026-09-24,20260924,CL-ME-01,Red Sea Maritime Corridor Disruption,Middle East / Bab-el-Mandeb,Houthi Maritime Units,YEM,International Commercial Vessels,USA,196,Maritime military engagement / ship interdiction,Conflict / Military,4,-8.4,236,170,180,-8.52,YEM,Yemen,13.5849,43.2132,87.5,CRITICAL,"['Energy', 'Shipping', 'Regional Economy']"
100249232,2026-10-01,20261001,CL-ME-01,Red Sea Maritime Corridor Disruption,Middle East / Bab-el-Mandeb,Houthi Maritime Units,YEM,International Commercial Vessels,USA,196,Maritime military engagement / ship interdiction,Conflict / Military,4,-7.3,209,10,147,-8.3,YEM,Yemen,12.9652,44.3671,81.1,CRITICAL,"['Energy', 'Shipping', 'Regional Economy']"
100249233,2026-09-15,20260915,CL-ME-01,Red Sea Maritime Corridor Disruption,Middle East / Bab-el-Mandeb,Houthi Maritime Units,YEM,International Commercial Vessels,USA,196,Maritime military engagement / ship interdiction,Conflict / Military,4,-7.0,195,55,592,-4.95,YEM,Yemen,12.6145,44.5811,78.2,CRITICAL,"['Energy', 'Shipping', 'Regional Economy']"
100249234,2026-09-25,20260925,CL-ME-02,Strait of Hormuz Strategic Energy Chokepoint Alerts,Middle East / Persian Gulf,Naval Security Patrols,IRN,Global Oil Tanker Fleet,SAU,193,Fight with small arms and light weapons,Conflict / Military,4,-6.9,1002,139,422,-5.13,IRN,Iran,25.8475,55.0985,81.9,CRITICAL,"['Energy', 'Shipping', 'Regional Economy']"
100249235,2026-09-11,20260911,CL-IN-01,India Northern Border Reconnaissance & Infrastructure Surveillance,South Asia,Indian Border Forces (ITBP/Army),IND,PLA Border Troops,CHN,060,Sign commercial or trade agreement,Economic / Trade,2,-3.5,586,90,577,-2.37,IND,India,33.344,76.8442,62.8,HIGH,"['Shipping', 'Trade', 'Regional Economy']"
100249236,2026-09-07,20260907,CL-ME-01,Red Sea Maritime Corridor Disruption,Middle East / Bab-el-Mandeb,Houthi Maritime Units,YEM,International Commercial Vessels,USA,196,Maritime military engagement / ship interdiction,Conflict / Military,4,-8.3,64,86,99,-6.53,YEM,Yemen,12.7144,42.3177,81.9,CRITICAL,"['Energy', 'Shipping', 'Regional Economy']"
100249237,2026-09-12,20260912,CL-EU-01,Eastern Europe & Black Sea Grain Corridor Strain,Eastern Europe,Armed Forces of Ukraine,UKR,Russian Armed Forces,RUS,194,Fight with artillery / rockets / missiles,Conflict / Military,4,-9.6,393,96,223,-6.93,UKR,Ukraine,45.9967,30.733,88.0,CRITICAL,"['Energy', 'Commodities', 'Regional Economy']"
100249238,2026-09-17,20260917,CL-ME-01,Red Sea Maritime Corridor Disruption,Middle East / Bab-el-Mandeb,Houthi Maritime Units,YEM,International Commercial Vessels,USA,194,Fight with artillery / rockets / missiles,Conflict / Military,4,-9.4,893,18,588,-6.52,YEM,Yemen,13.872,42.4609,86.1,CRITICAL,"['Energy', 'Shipping', 'Regional Economy']"
100249239,2026-09-14,20260914,CL-AP-02,South China Sea Second Thomas Shoal Maritime Standoff,Asia-Pacific,China Coast Guard,CHN,Philippine Coast Guard & Resupply,PHL,196,Maritime military engagement / ship interdiction,Conflict / Military,4,-6.7,1223,85,406,-3.34,PHL,PHL,9.759,116.4678,78.8,CRITICAL,"['Energy', 'Shipping', 'Regional Economy']"
100249240,2026-09-14,20260914,CL-ME-02,Strait of Hormuz Strategic Energy Chokepoint Alerts,Middle East / Persian Gulf,Naval Security Patrols,IRN,Global Oil Tanker Fleet,SAU,190,Use conventional military force,Conflict / Military,4,-8.0,568,108,163,-3.47,IRN,Iran,26.3836,57.3524,80.8,CRITICAL,"['Energy', 'Shipping', 'Regional Economy']"
100249241,2026-10-01,20261001,CL-ME-01,Red Sea Maritime Corridor Disruption,Middle East / Bab-el-Mandeb,Houthi Maritime Units,YEM,International Commercial Vessels,USA,196,Maritime military engagement / ship interdiction,Conflict / Military,4,-8.4,134,125,592,-5.13,YEM,Yemen,11.8246,44.209,81.9,CRITICAL,"['Energy', 'Shipping', 'Regional Economy']"
100249242,2026-09-19,20260919,CL-EU-01,Eastern Europe & Black Sea Grain Corridor Strain,Eastern Europe,Armed Forces of Ukraine,UKR,Russian Armed Forces,RUS,141,Demonstrate or conduct civil protest,Protest / Civil Unrest,3,-10.0,50,47,645,-6.02,UKR,Ukraine,45.5135,31.0183,81.2,CRITICAL,"['Commodities', 'Regional Economy']"
100249243,2026-09-10,20260910,CL-EU-01,Eastern Europe & Black Sea Grain Corridor Strain,Eastern Europe,Armed Forces of Ukraine,UKR,Russian Armed Forces,RUS,194,Fight with artillery / rockets / missiles,Conflict / Military,4,-8.7,15,23,252,-8.33,UKR,Ukraine,46.7137,30.244,81.2,CRITICAL,"['Energy', 'Commodities', 'Regional Economy']"
100249244,2026-09-08,20260908,CL-EU-01,Eastern Europe & Black Sea Grain Corridor Strain,Eastern Europe,Armed Forces of Ukraine,UKR,Russian Armed Forces,RUS,194,Fight with artillery / rockets / missiles,Conflict / Military,4,-9.6,1220,19,318,-8.75,UKR,Ukraine,46.2534,31.8692,90.0,CRITICAL,"['Energy', 'Commodities', 'Regional Economy']"
100249245,2026-09-26,20260926,CL-AP-02,South China Sea Second Thomas Shoal Maritime Standoff,Asia-Pacific,China Coast Guard,CHN,Philippine Coast Guard & Resupply,PHL,141,Demonstrate or conduct civil protest,Protest / Civil Unrest,3,-6.3,1256,100,275,-3.86,PHL,PHL,10.335,115.5322,76.4,CRITICAL,"['Shipping', 'Regional Economy']"
100249246,2026-09-13,20260913,CL-EU-01,Eastern Europe & Black Sea Grain Corridor Strain,Eastern Europe,Armed Forces of Ukraine,UKR,Russian Armed Forces,RUS,190,Use conventional military force,Conflict / Military,4,-7.7,1195,163,332,-6.52,UKR,Ukraine,45.547,30.4328,85.8,CRITICAL,"['Energy', 'Commodities', 'Regional Economy']"
100249247,2026-10-04,20261004,CL-EU-01,Eastern Europe & Black Sea Grain Corridor Strain,Eastern Europe,Armed Forces of Ukraine,UKR,Russian Armed Forces,RUS,040,Host diplomatic summit or high-level talks,Diplomatic,1,-9.0,705,160,159,-7.33,UKR,Ukraine,46.6562,30.7602,80.3,CRITICAL,"['Commodities', 'Regional Economy']"
100249248,2026-09-07,20260907,CL-ME-01,Red Sea Maritime Corridor Disruption,Middle East / Bab-el-Mandeb,Houthi Maritime Units,YEM,International Commercial Vessels,USA,196,Maritime military engagement / ship interdiction,Conflict / Military,4,-7.6,1276,97,81,-5.61,YEM,Yemen,12.2073,44.4714,83.9,CRITICAL,"['Energy', 'Shipping', 'Regional Economy']"
100249249,2026-09-15,20260915,CL-ME-02,Strait of Hormuz Strategic Energy Chokepoint Alerts,Middle East / Persian Gulf,Naval Security Patrols,IRN,Global Oil Tanker Fleet,SAU,060,Sign commercial or trade agreement,Economic / Trade,2,-8.7,591,20,92,-5.12,IRN,Iran,25.4217,56.3876,75.3,CRITICAL,"['Energy', 'Shipping', 'Trade', 'Regional Economy']"
100249250,2026-09-08,20260908,CL-EU-01,Eastern Europe & Black Sea Grain Corridor Strain,Eastern Europe,Armed Forces of Ukraine,UKR,Russian Armed Forces,RUS,060,Sign commercial or trade agreement,Economic / Trade,2,-8.4,358,72,247,-5.87,UKR,Ukraine,46.5828,30.8054,76.6,CRITICAL,"['Trade', 'Commodities', 'Regional Economy']"
100249251,2026-09-16,20260916,CL-ME-01,Red Sea Maritime Corridor Disruption,Middle East / Bab-el-Mandeb,Houthi Maritime Units,YEM,International Commercial Vessels,USA,196,Maritime military engagement / ship interdiction,Conflict / Military,4,-9.9,632,179,135,-7.6,YEM,Yemen,13.4215,43.121,91.0,CRITICAL,"['Energy', 'Shipping', 'Regional Economy']"
100249252,2026-09-17,20260917,CL-ME-01,Red Sea Maritime Corridor Disruption,Middle East / Bab-el-Mandeb,Houthi Maritime Units,YEM,International Commercial Vessels,USA,196,Maritime military engagement / ship interdiction,Conflict / Military,4,-7.9,1189,130,641,-5.24,YEM,Yemen,12.5885,42.5679,84.3,CRITICAL,"['Energy', 'Shipping', 'Regional Economy']"
100249253,2026-09-28,20260928,CL-AP-02,South China Sea Second Thomas Shoal Maritime Standoff,Asia-Pacific,China Coast Guard,CHN,Philippine Coast Guard & Resupply,PHL,060,Sign commercial or trade agreement,Economic / Trade,2,-8.1,346,67,64,-5.24,PHL,PHL,9.3151,116.6874,75.0,CRITICAL,"['Shipping', 'Trade', 'Regional Economy']"
100249254,2026-09-15,20260915,CL-AP-01,Taiwan Strait & East Asian Semiconductor Supply Alert,Asia-Pacific,People’s Liberation Army (Navy/Air),CHN,Taiwan Defense Units,TWN,150,Demonstrate military / strategic force posture,Conflict / Military,4,-6.8,479,74,82,-4.91,TWN,Taiwan,24.1556,120.9735,79.5,CRITICAL,"['Energy', 'Shipping', 'Trade', 'Regional Economy']"
100249255,2026-09-23,20260923,CL-EU-01,Eastern Europe & Black Sea Grain Corridor Strain,Eastern Europe,Armed Forces of Ukraine,UKR,Russian Armed Forces,RUS,040,Host diplomatic summit or high-level talks,Diplomatic,1,-7.8,1047,175,88,-5.86,UKR,Ukraine,45.962,30.8476,76.6,CRITICAL,"['Commodities', 'Regional Economy']"
100249256,2026-09-16,20260916,CL-ME-02,Strait of Hormuz Strategic Energy Chokepoint Alerts,Middle East / Persian Gulf,Naval Security Patrols,IRN,Global Oil Tanker Fleet,SAU,190,Use conventional military force,Conflict / Military,4,-7.7,1364,178,515,-7.06,IRN,Iran,27.4658,56.3562,86.8,CRITICAL,"['Energy', 'Shipping', 'Regional Economy']"
100249257,2026-09-18,20260918,CL-IN-01,India Northern Border Reconnaissance & Infrastructure Surveillance,South Asia,Indian Border Forces (ITBP/Army),IND,PLA Border Troops,CHN,040,Host diplomatic summit or high-level talks,Diplomatic,1,-3.8,322,138,623,-0.92,IND,India,34.46,78.6285,59.7,HIGH,"['Shipping', 'Regional Economy']"
100249258,2026-09-27,20260927,CL-ME-02,Strait of Hormuz Strategic Energy Chokepoint Alerts,Middle East / Persian Gulf,Naval Security Patrols,IRN,Global Oil Tanker Fleet,SAU,190,Use conventional military force,Conflict / Military,4,-6.3,802,54,363,-4.82,IRN,Iran,25.8498,56.2975,78.6,CRITICAL,"['Energy', 'Shipping', 'Regional Economy']"
100249259,2026-09-24,20260924,CL-ME-02,Strait of Hormuz Strategic Energy Chokepoint Alerts,Middle East / Persian Gulf,Naval Security Patrols,IRN,Global Oil Tanker Fleet,SAU,190,Use conventional military force,Conflict / Military,4,-7.6,1301,175,84,-5.89,IRN,Iran,26.3538,56.7873,85.0,CRITICAL,"['Energy', 'Shipping', 'Regional Economy']"
100249260,2026-09-24,20260924,CL-ME-01,Red Sea Maritime Corridor Disruption,Middle East / Bab-el-Mandeb,Houthi Maritime Units,YEM,International Commercial Vessels,USA,196,Maritime military engagement / ship interdiction,Conflict / Military,4,-8.9,355,57,292,-8.27,YEM,Yemen,13.6606,44.1499,87.4,CRITICAL,"['Energy', 'Shipping', 'Regional Economy']"
100249261,2026-09-16,20260916,CL-EU-01,Eastern Europe & Black Sea Grain Corridor Strain,Eastern Europe,Armed Forces of Ukraine,UKR,Russian Armed Forces,RUS,196,Maritime military engagement / ship interdiction,Conflict / Military,4,-7.8,67,168,263,-9.08,UKR,Ukraine,47.1779,30.713,85.1,CRITICAL,"['Energy', 'Commodities', 'Regional Economy']"
100249262,2026-10-01,20261001,CL-ME-02,Strait of Hormuz Strategic Energy Chokepoint Alerts,Middle East / Persian Gulf,Naval Security Patrols,IRN,Global Oil Tanker Fleet,SAU,194,Fight with artillery / rockets / missiles,Conflict / Military,4,-7.3,408,133,399,-6.74,IRN,Iran,25.5397,56.1941,83.4,CRITICAL,"['Energy', 'Shipping', 'Regional Economy']"
100249263,2026-09-29,20260929,CL-ME-02,Strait of Hormuz Strategic Energy Chokepoint Alerts,Middle East / Persian Gulf,Naval Security Patrols,IRN,Global Oil Tanker Fleet,SAU,190,Use conventional military force,Conflict / Military,4,-7.8,772,48,296,-6.34,IRN,Iran,27.2146,55.5132,83.6,CRITICAL,"['Energy', 'Shipping', 'Regional Economy']"
100249264,2026-09-25,20260925,CL-ME-02,Strait of Hormuz Strategic Energy Chokepoint Alerts,Middle East / Persian Gulf,Naval Security Patrols,IRN,Global Oil Tanker Fleet,SAU,040,Host diplomatic summit or high-level talks,Diplomatic,1,-7.2,44,6,217,-7.08,IRN,Iran,27.431,55.3886,67.8,HIGH,"['Energy', 'Shipping', 'Regional Economy']"
100249265,2026-10-02,20261002,CL-EU-01,Eastern Europe & Black Sea Grain Corridor Strain,Eastern Europe,Armed Forces of Ukraine,UKR,Russian Armed Forces,RUS,194,Fight with artillery / rockets / missiles,Conflict / Military,4,-8.9,82,174,28,-7.94,UKR,Ukraine,46.7885,31.4713,86.3,CRITICAL,"['Energy', 'Commodities', 'Regional Economy']"
100249266,2026-09-21,20260921,CL-ME-01,Red Sea Maritime Corridor Disruption,Middle East / Bab-el-Mandeb,Houthi Maritime Units,YEM,International Commercial Vessels,USA,196,Maritime military engagement / ship interdiction,Conflict / Military,4,-8.0,685,174,493,-7.83,YEM,Yemen,12.3826,43.7433,87.4,CRITICAL,"['Energy', 'Shipping', 'Regional Economy']"
100249267,2026-09-30,20260930,CL-ME-02,Strait of Hormuz Strategic Energy Chokepoint Alerts,Middle East / Persian Gulf,Naval Security Patrols,IRN,Global Oil Tanker Fleet,SAU,190,Use conventional military force,Conflict / Military,4,-7.8,452,114,117,-5.55,IRN,Iran,26.1372,56.0437,82.9,CRITICAL,"['Energy', 'Shipping', 'Regional Economy']"
100249268,2026-10-04,20261004,CL-IN-01,India Northern Border Reconnaissance & Infrastructure Surveillance,South Asia,Indian Border Forces (ITBP/Army),IND,PLA Border Troops,CHN,111,Formally condemn or disapprove action,Political,3,-3.3,839,77,399,-0.21,IND,India,33.6953,77.1383,64.4,HIGH,"['Shipping', 'Regional Economy']"
100249269,2026-09-20,20260920,CL-AP-01,Taiwan Strait & East Asian Semiconductor Supply Alert,Asia-Pacific,People’s Liberation Army (Navy/Air),CHN,Taiwan Defense Units,TWN,196,Maritime military engagement / ship interdiction,Conflict / Military,4,-5.5,641,69,302,-2.2,TWN,Taiwan,25.0974,119.8826,73.5,HIGH,"['Energy', 'Shipping', 'Trade', 'Regional Economy']"
100249270,2026-10-03,20261003,CL-ME-01,Red Sea Maritime Corridor Disruption,Middle East / Bab-el-Mandeb,Houthi Maritime Units,YEM,International Commercial Vessels,USA,196,Maritime military engagement / ship interdiction,Conflict / Military,4,-7.3,495,117,136,-6.22,YEM,Yemen,12.885,42.8072,82.9,CRITICAL,"['Energy', 'Shipping', 'Regional Economy']"
100249271,2026-09-09,20260909,CL-ME-01,Red Sea Maritime Corridor Disruption,Middle East / Bab-el-Mandeb,Houthi Maritime Units,YEM,International Commercial Vessels,USA,196,Maritime military engagement / ship interdiction,Conflict / Military,4,-9.3,1191,78,439,-7.37,YEM,Yemen,12.3561,44.4505,89.3,CRITICAL,"['Energy', 'Shipping', 'Regional Economy']"
100249272,2026-10-04,20261004,CL-ME-02,Strait of Hormuz Strategic Energy Chokepoint Alerts,Middle East / Persian Gulf,Naval Security Patrols,IRN,Global Oil Tanker Fleet,SAU,040,Host diplomatic summit or high-level talks,Diplomatic,1,-8.1,858,14,352,-4.55,IRN,Iran,25.991,55.3718,71.9,HIGH,"['Energy', 'Shipping', 'Regional Economy']"
100249273,2026-09-14,20260914,CL-ME-01,Red Sea Maritime Corridor Disruption,Middle East / Bab-el-Mandeb,Houthi Maritime Units,YEM,International Commercial Vessels,USA,196,Maritime military engagement / ship interdiction,Conflict / Military,4,-7.4,219,113,636,-7.35,YEM,Yemen,13.3993,43.924,83.3,CRITICAL,"['Energy', 'Shipping', 'Regional Economy']"
100249274,2026-09-28,20260928,CL-ME-01,Red Sea Maritime Corridor Disruption,Middle East / Bab-el-Mandeb,Houthi Maritime Units,YEM,International Commercial Vessels,USA,196,Maritime military engagement / ship interdiction,Conflict / Military,4,-10.0,681,164,209,-8.49,YEM,Yemen,12.672,43.2994,92.4,CRITICAL,"['Energy', 'Shipping', 'Regional Economy']"
100249275,2026-09-12,20260912,CL-IN-01,India Northern Border Reconnaissance & Infrastructure Surveillance,South Asia,Indian Border Forces (ITBP/Army),IND,PLA Border Troops,CHN,040,Host diplomatic summit or high-level talks,Diplomatic,1,-1.5,315,58,239,-0.51,IND,India,33.326,77.4911,53.2,HIGH,"['Shipping', 'Regional Economy']"
100249276,2026-09-14,20260914,CL-ME-02,Strait of Hormuz Strategic Energy Chokepoint Alerts,Middle East / Persian Gulf,Naval Security Patrols,IRN,Global Oil Tanker Fleet,SAU,190,Use conventional military force,Conflict / Military,4,-8.8,507,29,140,-7.08,IRN,Iran,26.9119,55.7382,85.3,CRITICAL,"['Energy', 'Shipping', 'Regional Economy']"
100249277,2026-09-07,20260907,CL-AP-01,Taiwan Strait & East Asian Semiconductor Supply Alert,Asia-Pacific,People’s Liberation Army (Navy/Air),CHN,Taiwan Defense Units,TWN,141,Demonstrate or conduct civil protest,Protest / Civil Unrest,3,-6.6,1258,178,424,-3.36,TWN,Taiwan,24.4144,120.09,77.1,CRITICAL,"['Shipping', 'Trade', 'Regional Economy']"
100249278,2026-09-28,20260928,CL-ME-02,Strait of Hormuz Strategic Energy Chokepoint Alerts,Middle East / Persian Gulf,Naval Security Patrols,IRN,Global Oil Tanker Fleet,SAU,190,Use conventional military force,Conflict / Military,4,-7.4,886,84,152,-5.75,IRN,Iran,25.3932,55.4278,82.9,CRITICAL,"['Energy', 'Shipping', 'Regional Economy']"
100249279,2026-09-21,20260921,CL-ME-01,Red Sea Maritime Corridor Disruption,Middle East / Bab-el-Mandeb,Houthi Maritime Units,YEM,International Commercial Vessels,USA,196,Maritime military engagement / ship interdiction,Conflict / Military,4,-8.3,534,4,294,-7.0,YEM,Yemen,13.6318,43.6815,81.7,CRITICAL,"['Energy', 'Shipping', 'Regional Economy']"
100249280,2026-09-30,20260930,CL-ME-01,Red Sea Maritime Corridor Disruption,Middle East / Bab-el-Mandeb,Houthi Maritime Units,YEM,International Commercial Vessels,USA,196,Maritime military engagement / ship interdiction,Conflict / Military,4,-8.5,469,50,317,-5.12,YEM,Yemen,13.0256,42.8853,82.8,CRITICAL,"['Energy', 'Shipping', 'Regional Economy']"
100249281,2026-09-26,20260926,CL-AP-01,Taiwan Strait & East Asian Semiconductor Supply Alert,Asia-Pacific,People’s Liberation Army (Navy/Air),CHN,Taiwan Defense Units,TWN,150,Demonstrate military / strategic force posture,Conflict / Military,4,-6.3,168,38,33,-5.71,TWN,Taiwan,22.9703,121.3004,77.0,CRITICAL,"['Energy', 'Shipping', 'Trade', 'Regional Economy']"
100249282,2026-09-16,20260916,CL-ME-01,Red Sea Maritime Corridor Disruption,Middle East / Bab-el-Mandeb,Houthi Maritime Units,YEM,International Commercial Vessels,USA,193,Fight with small arms and light weapons,Conflict / Military,4,-7.5,978,81,389,-7.98,YEM,Yemen,12.1435,44.1265,86.1,CRITICAL,"['Energy', 'Shipping', 'Regional Economy']"
100249283,2026-09-27,20260927,CL-EU-01,Eastern Europe & Black Sea Grain Corridor Strain,Eastern Europe,Armed Forces of Ukraine,UKR,Russian Armed Forces,RUS,194,Fight with artillery / rockets / missiles,Conflict / Military,4,-8.2,86,158,179,-6.31,UKR,Ukraine,47.3937,30.4694,82.6,CRITICAL,"['Energy', 'Commodities', 'Regional Economy']"
