article_id,title,text,label,date,source,country,region
ART-11221,Central banks signal interest rate adjustments as geopolitical inflation pressures broaden,"Monetary policy committees convened to evaluate persistent macroeconomic shocks stemming from import price inflation and commodity supply friction. Financial market analysts revised benchmark interest rate trajectories as headline consumer price indices reflected elevated freight and producer input expenses. Reporting from United States, diplomatic and local observers noted that recent strategic shifts in Persian Gulf continue to dictate regional outcomes.",Economic Impact,2026-03-05,Reuters,United States,Persian Gulf
ART-10947,Port congestion and customs clearance bottlenecks escalate across major container terminals,"Logistics operators reported severe berthing delays and freight dwell times exceeding historical averages across maritime gateway hubs. Freight forwarders cited vessel bunching, rail intermodal backlogs, and maritime rerouting schedules as compounding drivers of supply chain gridlock. Reporting from China, diplomatic and local observers noted that recent strategic shifts in Eastern Europe continue to dictate regional outcomes.",Trade & Shipping,2026-02-14,Financial Times,China,Eastern Europe
ART-10311,High-level bilateral diplomatic summit convenes in effort to de-escalate tensions,"Foreign ministers and strategic envoys met for emergency multilateral negotiations aimed at formulating a comprehensive ceasefire framework and de-escalation roadmap. Delegations engaged in protracted closed-door diplomatic talks regarding border demilitarization and treaty adherence. Reporting from India, diplomatic and local observers noted that recent strategic shifts in Red Sea & Horn of Africa continue to dictate regional outcomes.",Diplomatic / Political,2026-02-28,Wall Street Journal,India,Red Sea & Horn of Africa
ART-10523,Strategic petroleum reserve release weighed as refinery feedstock prices surge,"Energy authorities initiated contingency consultations regarding synchronized drawdowns from strategic oil reserves following regional energy infrastructure disruptions. Brent crude spot rates surged as market participants priced in persistent refinery feedstock shortages and pipeline outages. Reporting from United States, diplomatic and local observers noted that recent strategic shifts in Middle East continue to dictate regional outcomes.",Energy Risk,2026-04-13,UN News,United States,Middle East
ART-10473,Ambassadorial recall and diplomatic protest notes delivered over treaty dispute,"Government officials formally summoned the resident ambassador and issued a stern diplomatic communique protesting recent policy shifts and border treaties. Ministry spokespersons emphasized diplomatic dialogue while recalling senior envoys for high-level foreign policy consultations. Reporting from United Kingdom, diplomatic and local observers noted that recent strategic shifts in South Asia continue to dictate regional outcomes.",Diplomatic / Political,2026-02-22,Wall Street Journal,United Kingdom,South Asia
ART-10051,Artillery and drone strikes intensify along South Asia frontline,"Heavy military bombardment and tactical drone warfare escalated across the South Asia border overnight. Military defense commands confirmed multiple interceptor missile launches and sustained counter-battery fire. Ground forces mobilized armored divisions in response to cross-border incursions, leading to heightened combat alert status throughout contested defensive perimeters. Reporting from Taiwan, diplomatic and local observers noted that recent strategic shifts in South Asia continue to dictate regional outcomes.",Military Conflict,2026-06-23,UN News,Taiwan,South Asia
ART-10705,OPEC+ convenes emergency production quota meeting as geopolitical supply risks mount,"Petroleum export ministers gathered for extraordinary consultations to review crude output allocations and export facility vulnerabilities. Analysts highlighted that potential localized transit choke point disruptions threaten to strain spare production capacity across export terminals. Reporting from India, diplomatic and local observers noted that recent strategic shifts in Persian Gulf continue to dictate regional outcomes.",Energy Risk,2026-06-27,Financial Times,India,Persian Gulf
ART-11150,Stock exchange volatility index spikes as investors seek safe-haven sovereign bonds and gold,"Equities across regional bourses recorded broad sell-offs, with industrial, aviation, and consumer discretionary shares leading declines. Capital allocators rotated liquidity into sovereign treasury securities, bullion, and cash equivalents amid heightened geopolitical uncertainty. Reporting from United States, diplomatic and local observers noted that recent strategic shifts in Red Sea & Horn of Africa continue to dictate regional outcomes.",Economic Impact,2026-04-18,Wall Street Journal,United States,Red Sea & Horn of Africa
ART-11445,Civilian evacuation corridors established under international red cross mediation,"Humanitarian organizations coordinated temporary civilian safe-passage corridors to evacuate vulnerable elderly, women, and pediatric patients from active hostility perimeters. International observers monitored compliance to ensure unhindered transit for humanitarian convoys. Reporting from Iran, diplomatic and local observers noted that recent strategic shifts in Eastern Europe continue to dictate regional outcomes.",Humanitarian Impact,2026-08-02,BBC News,Iran,Eastern Europe
ART-11515,Civilian evacuation corridors established under international red cross mediation,"Humanitarian organizations coordinated temporary civilian safe-passage corridors to evacuate vulnerable elderly, women, and pediatric patients from active hostility perimeters. International observers monitored compliance to ensure unhindered transit for humanitarian convoys. Reporting from Sudan, diplomatic and local observers noted that recent strategic shifts in South Asia continue to dictate regional outcomes.",Humanitarian Impact,2026-06-16,Deutsche Welle,Sudan,South Asia
ART-11237,Sovereign credit rating under review following capital flight and currency depreciation,"International credit rating agencies placed sovereign debt issuances on negative watch, citing widening fiscal deficits, rapid foreign reserve depletion, and heightened geopolitical risk premia. Domestic currency valuations experienced sharp depreciations against global reserve currencies. Reporting from Poland, diplomatic and local observers noted that recent strategic shifts in Middle East continue to dictate regional outcomes.",Economic Impact,2026-01-21,UN News,Poland,Middle East
ART-10742,Major natural gas pipeline flow throttled amid geopolitical transit disagreements,"Subsea pipeline monitoring stations recorded a sharp 35% reduction in natural gas transit volumes following regulatory and political disputes between transit nations. Energy ministers warned industrial consumers of potential supply rationing and power grid balancing interventions ahead of winter reserve replenishment. Reporting from Saudi Arabia, diplomatic and local observers noted that recent strategic shifts in South Asia continue to dictate regional outcomes.",Energy Risk,2026-07-08,Wall Street Journal,Saudi Arabia,South Asia
ART-11487,United Nations launches emergency humanitarian relief appeal for food aid and medical shelter,"Humanitarian coordinators formally issued a multilateral funding appeal seeking urgent donor contributions to support frontline field clinics and nutritional distribution hubs. Aid convoys reported severe logistical hurdles attempting to deliver relief supplies to isolated civilian corridors. Reporting from United States, diplomatic and local observers noted that recent strategic shifts in Red Sea & Horn of Africa continue to dictate regional outcomes.",Humanitarian Impact,2026-05-16,Al Jazeera,United States,Red Sea & Horn of Africa
ART-11197,Sovereign credit rating under review following capital flight and currency depreciation,"International credit rating agencies placed sovereign debt issuances on negative watch, citing widening fiscal deficits, rapid foreign reserve depletion, and heightened geopolitical risk premia. Domestic currency valuations experienced sharp depreciations against global reserve currencies. Reporting from Egypt, diplomatic and local observers noted that recent strategic shifts in Red Sea & Horn of Africa continue to dictate regional outcomes.",Economic Impact,2026-06-09,Bloomberg,Egypt,Red Sea & Horn of Africa
ART-10903,Bilateral tariff escalation and trade export controls enacted on critical components,"Commerce departments imposed sweeping customs tariffs and export license restrictions on key industrial raw materials and advanced components. Trade chambers expressed alarm over compliance costs and international supply chain fragmentation affecting bilateral trade volumes. Reporting from Iran, diplomatic and local observers noted that recent strategic shifts in Persian Gulf continue to dictate regional outcomes.",Trade & Shipping,2026-03-26,Wall Street Journal,Iran,Persian Gulf
ART-10788,Bilateral tariff escalation and trade export controls enacted on critical components,"Commerce departments imposed sweeping customs tariffs and export license restrictions on key industrial raw materials and advanced components. Trade chambers expressed alarm over compliance costs and international supply chain fragmentation affecting bilateral trade volumes. Reporting from United Kingdom, diplomatic and local observers noted that recent strategic shifts in Western Europe continue to dictate regional outcomes.",Trade & Shipping,2026-05-23,Al Jazeera,United Kingdom,Western Europe
ART-10896,Container shipping carriers divert cargo fleets around Cape of Good Hope amid maritime threats,"Major international ocean carriers announced sweeping rerouting orders, diverting container vessels around the African continent to bypass hazardous maritime corridors. The maritime diversion adds 10 to 14 days to standard transit times, tightening vessel capacity, delaying container turnaround times, and triggering sharp increases in global container spot freight rates. Reporting from Egypt, diplomatic and local observers noted that recent strategic shifts in Middle East continue to dictate regional outcomes.",Trade & Shipping,2026-05-19,Nikkei Asia,Egypt,Middle East
ART-10703,Strategic petroleum reserve release weighed as refinery feedstock prices surge,"Energy authorities initiated contingency consultations regarding synchronized drawdowns from strategic oil reserves following regional energy infrastructure disruptions. Brent crude spot rates surged as market participants priced in persistent refinery feedstock shortages and pipeline outages. Reporting from Russia, diplomatic and local observers noted that recent strategic shifts in Persian Gulf continue to dictate regional outcomes.",Energy Risk,2026-04-25,Deutsche Welle,Russia,Persian Gulf
ART-11369,Disrupted municipal power grids and water filtration plants jeopardize civilian public health,"Public health authorities warned of escalating waterborne disease outbreaks after sustained infrastructure damage crippled municipal water purification networks and electrical sub-stations. Emergency relief teams deployed portable purification modules to mitigate sanitary hazards. Reporting from United States, diplomatic and local observers noted that recent strategic shifts in Persian Gulf continue to dictate regional outcomes.",Humanitarian Impact,2026-04-10,Bloomberg,United States,Persian Gulf
ART-11057,Sovereign credit rating under review following capital flight and currency depreciation,"International credit rating agencies placed sovereign debt issuances on negative watch, citing widening fiscal deficits, rapid foreign reserve depletion, and heightened geopolitical risk premia. Domestic currency valuations experienced sharp depreciations against global reserve currencies. Reporting from Russia, diplomatic and local observers noted that recent strategic shifts in East Asia continue to dictate regional outcomes.",Economic Impact,2026-01-09,Deutsche Welle,Russia,East Asia
ART-11174,Manufacturing purchasing managers index drops into contraction territory,"National manufacturing indices slumped below the critical 50-point threshold, signaling industrial output contraction across export-oriented sectors. Factory managers reported elevated input acquisition costs, backlog accumulation, and declining international export orders. Reporting from Israel, diplomatic and local observers noted that recent strategic shifts in Persian Gulf continue to dictate regional outcomes.",Economic Impact,2026-01-14,Financial Times,Israel,Persian Gulf
ART-11413,"Field hospitals face critical shortages of surgical anesthetics, electricity, and clean water","Medical relief organizations operating inside crisis sectors issued urgent distress alerts regarding depleted pharmaceuticals, damaged municipal water treatment facilities, and erratic generator fuel supplies necessary to maintain life-saving intensive care facilities. Reporting from Poland, diplomatic and local observers noted that recent strategic shifts in East Asia continue to dictate regional outcomes.",Humanitarian Impact,2026-03-26,Deutsche Welle,Poland,East Asia
ART-10062,Naval task force engages hostile drone boats near Germany territorial waters,"Naval destroyers deployed in international waters intercepted multiple unmanned explosive surface vessels attempting to strike maritime patrol assets. Military officials stated that defensive kinetic munitions neutralized the threat prior to vessel breach, sustaining combat deterrence across critical coastal zones. Reporting from Germany, diplomatic and local observers noted that recent strategic shifts in Red Sea & Horn of Africa continue to dictate regional outcomes.",Military Conflict,2026-08-06,Associated Press,Germany,Red Sea & Horn of Africa
ART-11070,Stock exchange volatility index spikes as investors seek safe-haven sovereign bonds and gold,"Equities across regional bourses recorded broad sell-offs, with industrial, aviation, and consumer discretionary shares leading declines. Capital allocators rotated liquidity into sovereign treasury securities, bullion, and cash equivalents amid heightened geopolitical uncertainty. Reporting from China, diplomatic and local observers noted that recent strategic shifts in East Asia continue to dictate regional outcomes.",Economic Impact,2026-05-22,Wall Street Journal,China,East Asia
ART-10624,Offshore drilling rig security heightened following regional maritime threat warnings,"Deepwater exploration platforms operating in disputed maritime basins instituted enhanced exclusion zones and emergency evacuation drills. Energy corporations reported heightened maritime surveillance to safeguard critical liquefied natural gas terminals and offshore pipeline pumping stations. Reporting from Taiwan, diplomatic and local observers noted that recent strategic shifts in Western Europe continue to dictate regional outcomes.",Energy Risk,2026-06-02,Wall Street Journal,Taiwan,Western Europe
ART-10933,Bilateral tariff escalation and trade export controls enacted on critical components,"Commerce departments imposed sweeping customs tariffs and export license restrictions on key industrial raw materials and advanced components. Trade chambers expressed alarm over compliance costs and international supply chain fragmentation affecting bilateral trade volumes. Reporting from Israel, diplomatic and local observers noted that recent strategic shifts in Eastern Europe continue to dictate regional outcomes.",Trade & Shipping,2026-06-28,BBC News,Israel,Eastern Europe
ART-11412,United Nations launches emergency humanitarian relief appeal for food aid and medical shelter,"Humanitarian coordinators formally issued a multilateral funding appeal seeking urgent donor contributions to support frontline field clinics and nutritional distribution hubs. Aid convoys reported severe logistical hurdles attempting to deliver relief supplies to isolated civilian corridors. Reporting from Russia, diplomatic and local observers noted that recent strategic shifts in Middle East continue to dictate regional outcomes.",Humanitarian Impact,2026-02-25,Associated Press,Russia,Middle East
ART-11300,Civilian evacuation corridors established under international red cross mediation,"Humanitarian organizations coordinated temporary civilian safe-passage corridors to evacuate vulnerable elderly, women, and pediatric patients from active hostility perimeters. International observers monitored compliance to ensure unhindered transit for humanitarian convoys. Reporting from Germany, diplomatic and local observers noted that recent strategic shifts in South Asia continue to dictate regional outcomes.",Humanitarian Impact,2026-07-25,Nikkei Asia,Germany,South Asia
ART-10032,Naval task force engages hostile drone boats near China territorial waters,"Naval destroyers deployed in international waters intercepted multiple unmanned explosive surface vessels attempting to strike maritime patrol assets. Military officials stated that defensive kinetic munitions neutralized the threat prior to vessel breach, sustaining combat deterrence across critical coastal zones. Reporting from China, diplomatic and local observers noted that recent strategic shifts in East Asia continue to dictate regional outcomes.",Military Conflict,2026-05-04,Nikkei Asia,China,East Asia
ART-10818,Bilateral tariff escalation and trade export controls enacted on critical components,"Commerce departments imposed sweeping customs tariffs and export license restrictions on key industrial raw materials and advanced components. Trade chambers expressed alarm over compliance costs and international supply chain fragmentation affecting bilateral trade volumes. Reporting from Yemen, diplomatic and local observers noted that recent strategic shifts in South Asia continue to dictate regional outcomes.",Trade & Shipping,2026-08-25,Financial Times,Yemen,South Asia
ART-11317,United Nations launches emergency humanitarian relief appeal for food aid and medical shelter,"Humanitarian coordinators formally issued a multilateral funding appeal seeking urgent donor contributions to support frontline field clinics and nutritional distribution hubs. Aid convoys reported severe logistical hurdles attempting to deliver relief supplies to isolated civilian corridors. Reporting from United States, diplomatic and local observers noted that recent strategic shifts in South Asia continue to dictate regional outcomes.",Humanitarian Impact,2026-06-14,Reuters,United States,South Asia
ART-10814,Bulk carrier grain vessels delayed as maritime safety inspection protocols expand,"Commercial maritime registries reported prolonged anchorage delays for dry bulk freighters awaiting safe passage clearances through designated maritime corridors. Insurers revised hull and cargo coverage stipulations, impacting export contract fulfillment for agricultural cargoes. Reporting from Palestine, diplomatic and local observers noted that recent strategic shifts in Red Sea & Horn of Africa continue to dictate regional outcomes.",Trade & Shipping,2026-04-21,Deutsche Welle,Palestine,Red Sea & Horn of Africa
ART-11156,Central banks signal interest rate adjustments as geopolitical inflation pressures broaden,"Monetary policy committees convened to evaluate persistent macroeconomic shocks stemming from import price inflation and commodity supply friction. Financial market analysts revised benchmark interest rate trajectories as headline consumer price indices reflected elevated freight and producer input expenses. Reporting from United States, diplomatic and local observers noted that recent strategic shifts in South Asia continue to dictate regional outcomes.",Economic Impact,2026-01-24,Al Jazeera,United States,South Asia
ART-10029,Border skirmish escalates with armor deployment and infantry engagements,"Tensions surged following armed skirmishes along the demarcation perimeter involving heavy mechanized infantry and mortar barrages. Both regional militaries issued conflicting claims regarding rules of engagement violations as reinforced defensive trenches exchanged active small arms and artillery fire. Reporting from Yemen, diplomatic and local observers noted that recent strategic shifts in South Asia continue to dictate regional outcomes.",Military Conflict,2026-02-01,Bloomberg,Yemen,South Asia
ART-10629,Offshore drilling rig security heightened following regional maritime threat warnings,"Deepwater exploration platforms operating in disputed maritime basins instituted enhanced exclusion zones and emergency evacuation drills. Energy corporations reported heightened maritime surveillance to safeguard critical liquefied natural gas terminals and offshore pipeline pumping stations. Reporting from United States, diplomatic and local observers noted that recent strategic shifts in South Asia continue to dictate regional outcomes.",Energy Risk,2026-02-07,Financial Times,United States,South Asia
ART-10715,OPEC+ convenes emergency production quota meeting as geopolitical supply risks mount,"Petroleum export ministers gathered for extraordinary consultations to review crude output allocations and export facility vulnerabilities. Analysts highlighted that potential localized transit choke point disruptions threaten to strain spare production capacity across export terminals. Reporting from Germany, diplomatic and local observers noted that recent strategic shifts in East Asia continue to dictate regional outcomes.",Energy Risk,2026-07-09,Al Jazeera,Germany,East Asia
ART-11459,Disrupted municipal power grids and water filtration plants jeopardize civilian public health,"Public health authorities warned of escalating waterborne disease outbreaks after sustained infrastructure damage crippled municipal water purification networks and electrical sub-stations. Emergency relief teams deployed portable purification modules to mitigate sanitary hazards. Reporting from Saudi Arabia, diplomatic and local observers noted that recent strategic shifts in Persian Gulf continue to dictate regional outcomes.",Humanitarian Impact,2026-04-16,Wall Street Journal,Saudi Arabia,Persian Gulf
ART-10926,Container shipping carriers divert cargo fleets around Cape of Good Hope amid maritime threats,"Major international ocean carriers announced sweeping rerouting orders, diverting container vessels around the African continent to bypass hazardous maritime corridors. The maritime diversion adds 10 to 14 days to standard transit times, tightening vessel capacity, delaying container turnaround times, and triggering sharp increases in global container spot freight rates. Reporting from Saudi Arabia, diplomatic and local observers noted that recent strategic shifts in East Asia continue to dictate regional outcomes.",Trade & Shipping,2026-08-21,Financial Times,Saudi Arabia,East Asia
ART-10875,Air freight cargo rates spike as commercial shippers seek alternatives to ocean freight lanes,"Aviation logistics carriers reported an unprecedented surge in charter demand for urgent transcontinental air cargo, driven by persistent maritime shipping route disruptions. Freight indices registered double-digit increases in air cargo ton-mile rates for priority industrial freight. Reporting from Egypt, diplomatic and local observers noted that recent strategic shifts in Eastern Europe continue to dictate regional outcomes.",Trade & Shipping,2026-02-26,Wall Street Journal,Egypt,Eastern Europe
ART-11343,"Field hospitals face critical shortages of surgical anesthetics, electricity, and clean water","Medical relief organizations operating inside crisis sectors issued urgent distress alerts regarding depleted pharmaceuticals, damaged municipal water treatment facilities, and erratic generator fuel supplies necessary to maintain life-saving intensive care facilities. Reporting from Israel, diplomatic and local observers noted that recent strategic shifts in South Asia continue to dictate regional outcomes.",Humanitarian Impact,2026-05-12,Financial Times,Israel,South Asia
ART-10839,Bulk carrier grain vessels delayed as maritime safety inspection protocols expand,"Commercial maritime registries reported prolonged anchorage delays for dry bulk freighters awaiting safe passage clearances through designated maritime corridors. Insurers revised hull and cargo coverage stipulations, impacting export contract fulfillment for agricultural cargoes. Reporting from Saudi Arabia, diplomatic and local observers noted that recent strategic shifts in Middle East continue to dictate regional outcomes.",Trade & Shipping,2026-02-18,Bloomberg,Saudi Arabia,Middle East
ART-10043,Airstrikes strike strategic command centers and ammunition depots in Iran,"Fighter aircraft launched precision-guided ordnance targeting key military logistics hubs, radar installations, and tactical weapons caches near strategic sectors of Iran. Satellite reconnaissance verified structural destruction, while armed forces declared immediate airspace closure and defensive mobilization. Reporting from Iran, diplomatic and local observers noted that recent strategic shifts in Eastern Europe continue to dictate regional outcomes.",Military Conflict,2026-07-15,Deutsche Welle,Iran,Eastern Europe
ART-10702,Major natural gas pipeline flow throttled amid geopolitical transit disagreements,"Subsea pipeline monitoring stations recorded a sharp 35% reduction in natural gas transit volumes following regulatory and political disputes between transit nations. Energy ministers warned industrial consumers of potential supply rationing and power grid balancing interventions ahead of winter reserve replenishment. Reporting from Israel, diplomatic and local observers noted that recent strategic shifts in Middle East continue to dictate regional outcomes.",Energy Risk,2026-03-24,Deutsche Welle,Israel,Middle East
ART-10130,Ballistic missile interceptor systems activated amid regional military escalation,"Air defense batteries engaged multiple incoming medium-range ballistic trajectories targeting military infrastructure. Defense ministries confirmed that surface-to-air missile batteries intercepted projectiles mid-course, placing joint task forces on maximum tactical readiness status. Reporting from Germany, diplomatic and local observers noted that recent strategic shifts in Eastern Europe continue to dictate regional outcomes.",Military Conflict,2026-04-18,Nikkei Asia,Germany,Eastern Europe
ART-10557,Major natural gas pipeline flow throttled amid geopolitical transit disagreements,"Subsea pipeline monitoring stations recorded a sharp 35% reduction in natural gas transit volumes following regulatory and political disputes between transit nations. Energy ministers warned industrial consumers of potential supply rationing and power grid balancing interventions ahead of winter reserve replenishment. Reporting from Israel, diplomatic and local observers noted that recent strategic shifts in East Asia continue to dictate regional outcomes.",Energy Risk,2026-02-19,BBC News,Israel,East Asia
ART-10774,Bulk carrier grain vessels delayed as maritime safety inspection protocols expand,"Commercial maritime registries reported prolonged anchorage delays for dry bulk freighters awaiting safe passage clearances through designated maritime corridors. Insurers revised hull and cargo coverage stipulations, impacting export contract fulfillment for agricultural cargoes. Reporting from Saudi Arabia, diplomatic and local observers noted that recent strategic shifts in North America continue to dictate regional outcomes.",Trade & Shipping,2026-09-09,Bloomberg,Saudi Arabia,North America
ART-11479,Disrupted municipal power grids and water filtration plants jeopardize civilian public health,"Public health authorities warned of escalating waterborne disease outbreaks after sustained infrastructure damage crippled municipal water purification networks and electrical sub-stations. Emergency relief teams deployed portable purification modules to mitigate sanitary hazards. Reporting from Yemen, diplomatic and local observers noted that recent strategic shifts in Eastern Europe continue to dictate regional outcomes.",Humanitarian Impact,2026-06-08,Nikkei Asia,Yemen,Eastern Europe
ART-11260,Stock exchange volatility index spikes as investors seek safe-haven sovereign bonds and gold,"Equities across regional bourses recorded broad sell-offs, with industrial, aviation, and consumer discretionary shares leading declines. Capital allocators rotated liquidity into sovereign treasury securities, bullion, and cash equivalents amid heightened geopolitical uncertainty. Reporting from Ukraine, diplomatic and local observers noted that recent strategic shifts in Western Europe continue to dictate regional outcomes.",Economic Impact,2026-06-16,BBC News,Ukraine,Western Europe
ART-10585,OPEC+ convenes emergency production quota meeting as geopolitical supply risks mount,"Petroleum export ministers gathered for extraordinary consultations to review crude output allocations and export facility vulnerabilities. Analysts highlighted that potential localized transit choke point disruptions threaten to strain spare production capacity across export terminals. Reporting from India, diplomatic and local observers noted that recent strategic shifts in North America continue to dictate regional outcomes.",Energy Risk,2026-03-19,Financial Times,India,North America
ART-10222,Naval task force engages hostile drone boats near Saudi Arabia territorial waters,"Naval destroyers deployed in international waters intercepted multiple unmanned explosive surface vessels attempting to strike maritime patrol assets. Military officials stated that defensive kinetic munitions neutralized the threat prior to vessel breach, sustaining combat deterrence across critical coastal zones. Reporting from Saudi Arabia, diplomatic and local observers noted that recent strategic shifts in Middle East continue to dictate regional outcomes.",Military Conflict,2026-06-26,Nikkei Asia,Saudi Arabia,Middle East
ART-10258,Ambassadorial recall and diplomatic protest notes delivered over treaty dispute,Government officials formally summoned the resident ambassador and issued a stern diplomatic communique protesting recent policy shifts and border treaties. Ministry spokespersons emphasized diplomatic dialogue while recalling senior envoys for high-level foreign policy consultations.,Diplomatic / Political,2026-03-03,Reuters,Saudi Arabia,South Asia
ART-10204,Border skirmish escalates with armor deployment and infantry engagements,"Tensions surged following armed skirmishes along the demarcation perimeter involving heavy mechanized infantry and mortar barrages. Both regional militaries issued conflicting claims regarding rules of engagement violations as reinforced defensive trenches exchanged active small arms and artillery fire. Reporting from China, diplomatic and local observers noted that recent strategic shifts in Middle East continue to dictate regional outcomes.",Military Conflict,2026-06-08,Al Jazeera,China,Middle East
ART-10675,OPEC+ convenes emergency production quota meeting as geopolitical supply risks mount,"Petroleum export ministers gathered for extraordinary consultations to review crude output allocations and export facility vulnerabilities. Analysts highlighted that potential localized transit choke point disruptions threaten to strain spare production capacity across export terminals. Reporting from Israel, diplomatic and local observers noted that recent strategic shifts in Persian Gulf continue to dictate regional outcomes.",Energy Risk,2026-03-25,Nikkei Asia,Israel,Persian Gulf
ART-10638,Strategic petroleum reserve release weighed as refinery feedstock prices surge,"Energy authorities initiated contingency consultations regarding synchronized drawdowns from strategic oil reserves following regional energy infrastructure disruptions. Brent crude spot rates surged as market participants priced in persistent refinery feedstock shortages and pipeline outages. Reporting from United States, diplomatic and local observers noted that recent strategic shifts in South Asia continue to dictate regional outcomes.",Energy Risk,2026-02-16,Bloomberg,United States,South Asia
ART-10899,Bulk carrier grain vessels delayed as maritime safety inspection protocols expand,"Commercial maritime registries reported prolonged anchorage delays for dry bulk freighters awaiting safe passage clearances through designated maritime corridors. Insurers revised hull and cargo coverage stipulations, impacting export contract fulfillment for agricultural cargoes. Reporting from Saudi Arabia, diplomatic and local observers noted that recent strategic shifts in South Asia continue to dictate regional outcomes.",Trade & Shipping,2026-08-22,BBC News,Saudi Arabia,South Asia
ART-10148,Airstrikes strike strategic command centers and ammunition depots in Israel,"Fighter aircraft launched precision-guided ordnance targeting key military logistics hubs, radar installations, and tactical weapons caches near strategic sectors of Israel. Satellite reconnaissance verified structural destruction, while armed forces declared immediate airspace closure and defensive mobilization. Reporting from Israel, diplomatic and local observers noted that recent strategic shifts in Persian Gulf continue to dictate regional outcomes.",Military Conflict,2026-04-08,UN News,Israel,Persian Gulf
ART-10555,OPEC+ convenes emergency production quota meeting as geopolitical supply risks mount,"Petroleum export ministers gathered for extraordinary consultations to review crude output allocations and export facility vulnerabilities. Analysts highlighted that potential localized transit choke point disruptions threaten to strain spare production capacity across export terminals. Reporting from Sudan, diplomatic and local observers noted that recent strategic shifts in North America continue to dictate regional outcomes.",Energy Risk,2026-09-17,Wall Street Journal,Sudan,North America
ART-10036,Artillery and drone strikes intensify along Persian Gulf frontline,"Heavy military bombardment and tactical drone warfare escalated across the Persian Gulf border overnight. Military defense commands confirmed multiple interceptor missile launches and sustained counter-battery fire. Ground forces mobilized armored divisions in response to cross-border incursions, leading to heightened combat alert status throughout contested defensive perimeters. Reporting from India, diplomatic and local observers noted that recent strategic shifts in Persian Gulf continue to dictate regional outcomes.",Military Conflict,2026-09-08,Nikkei Asia,India,Persian Gulf
ART-10940,Air freight cargo rates spike as commercial shippers seek alternatives to ocean freight lanes,"Aviation logistics carriers reported an unprecedented surge in charter demand for urgent transcontinental air cargo, driven by persistent maritime shipping route disruptions. Freight indices registered double-digit increases in air cargo ton-mile rates for priority industrial freight. Reporting from Sudan, diplomatic and local observers noted that recent strategic shifts in North America continue to dictate regional outcomes.",Trade & Shipping,2026-04-07,UN News,Sudan,North America
ART-10333,Ambassadorial recall and diplomatic protest notes delivered over treaty dispute,"Government officials formally summoned the resident ambassador and issued a stern diplomatic communique protesting recent policy shifts and border treaties. Ministry spokespersons emphasized diplomatic dialogue while recalling senior envoys for high-level foreign policy consultations. Reporting from Palestine, diplomatic and local observers noted that recent strategic shifts in Persian Gulf continue to dictate regional outcomes.",Diplomatic / Political,2026-06-22,Associated Press,Palestine,Persian Gulf
ART-10105,Ballistic missile interceptor systems activated amid regional military escalation,"Air defense batteries engaged multiple incoming medium-range ballistic trajectories targeting military infrastructure. Defense ministries confirmed that surface-to-air missile batteries intercepted projectiles mid-course, placing joint task forces on maximum tactical readiness status. Reporting from Yemen, diplomatic and local observers noted that recent strategic shifts in South Asia continue to dictate regional outcomes.",Military Conflict,2026-06-21,Bloomberg,Yemen,South Asia
ART-10957,Port congestion and customs clearance bottlenecks escalate across major container terminals,"Logistics operators reported severe berthing delays and freight dwell times exceeding historical averages across maritime gateway hubs. Freight forwarders cited vessel bunching, rail intermodal backlogs, and maritime rerouting schedules as compounding drivers of supply chain gridlock. Reporting from Israel, diplomatic and local observers noted that recent strategic shifts in Persian Gulf continue to dictate regional outcomes.",Trade & Shipping,2026-03-24,Wall Street Journal,Israel,Persian Gulf
ART-10352,United Nations Security Council debates draft resolution on sovereignty and border protocols,"Diplomats at the UN Headquarters convened an emergency session to deliberate a multilateral resolution addressing territorial sovereignty, diplomatic immunity, and international arbitration. Key permanent members presented competing revisions concerning compliance verification and peacekeeper mandates. Reporting from Egypt, diplomatic and local observers noted that recent strategic shifts in Middle East continue to dictate regional outcomes.",Diplomatic / Political,2026-07-13,BBC News,Egypt,Middle East
ART-10603,Strategic petroleum reserve release weighed as refinery feedstock prices surge,"Energy authorities initiated contingency consultations regarding synchronized drawdowns from strategic oil reserves following regional energy infrastructure disruptions. Brent crude spot rates surged as market participants priced in persistent refinery feedstock shortages and pipeline outages. Reporting from India, diplomatic and local observers noted that recent strategic shifts in Western Europe continue to dictate regional outcomes.",Energy Risk,2026-03-09,BBC News,India,Western Europe
ART-11196,Central banks signal interest rate adjustments as geopolitical inflation pressures broaden,"Monetary policy committees convened to evaluate persistent macroeconomic shocks stemming from import price inflation and commodity supply friction. Financial market analysts revised benchmark interest rate trajectories as headline consumer price indices reflected elevated freight and producer input expenses. Reporting from Yemen, diplomatic and local observers noted that recent strategic shifts in Western Europe continue to dictate regional outcomes.",Economic Impact,2026-05-08,Wall Street Journal,Yemen,Western Europe
ART-10264,Regional coalition signs comprehensive non-aggression and diplomatic mediation pact,"Leaders of member states finalized a multilateral framework establishing joint diplomatic mediation channels, diplomatic consultation corridors, and bilateral confidence-building measures to prevent diplomatic estrangement across the alliance. Reporting from Poland, diplomatic and local observers noted that recent strategic shifts in Western Europe continue to dictate regional outcomes.",Diplomatic / Political,2026-09-09,UN News,Poland,Western Europe
ART-10765,OPEC+ convenes emergency production quota meeting as geopolitical supply risks mount,"Petroleum export ministers gathered for extraordinary consultations to review crude output allocations and export facility vulnerabilities. Analysts highlighted that potential localized transit choke point disruptions threaten to strain spare production capacity across export terminals. Reporting from Germany, diplomatic and local observers noted that recent strategic shifts in Western Europe continue to dictate regional outcomes.",Energy Risk,2026-03-03,Deutsche Welle,Germany,Western Europe
ART-10014,Border skirmish escalates with armor deployment and infantry engagements,"Tensions surged following armed skirmishes along the demarcation perimeter involving heavy mechanized infantry and mortar barrages. Both regional militaries issued conflicting claims regarding rules of engagement violations as reinforced defensive trenches exchanged active small arms and artillery fire. Reporting from Palestine, diplomatic and local observers noted that recent strategic shifts in North America continue to dictate regional outcomes.",Military Conflict,2026-05-14,Associated Press,Palestine,North America
ART-10780,Air freight cargo rates spike as commercial shippers seek alternatives to ocean freight lanes,"Aviation logistics carriers reported an unprecedented surge in charter demand for urgent transcontinental air cargo, driven by persistent maritime shipping route disruptions. Freight indices registered double-digit increases in air cargo ton-mile rates for priority industrial freight. Reporting from China, diplomatic and local observers noted that recent strategic shifts in Western Europe continue to dictate regional outcomes.",Trade & Shipping,2026-06-15,Nikkei Asia,China,Western Europe
ART-10186,Artillery and drone strikes intensify along Red Sea & Horn of Africa frontline,"Heavy military bombardment and tactical drone warfare escalated across the Red Sea & Horn of Africa border overnight. Military defense commands confirmed multiple interceptor missile launches and sustained counter-battery fire. Ground forces mobilized armored divisions in response to cross-border incursions, leading to heightened combat alert status throughout contested defensive perimeters. Reporting from China, diplomatic and local observers noted that recent strategic shifts in Red Sea & Horn of Africa continue to dictate regional outcomes.",Military Conflict,2026-06-18,Reuters,China,Red Sea & Horn of Africa
ART-11003,Bilateral tariff escalation and trade export controls enacted on critical components,"Commerce departments imposed sweeping customs tariffs and export license restrictions on key industrial raw materials and advanced components. Trade chambers expressed alarm over compliance costs and international supply chain fragmentation affecting bilateral trade volumes. Reporting from Egypt, diplomatic and local observers noted that recent strategic shifts in North America continue to dictate regional outcomes.",Trade & Shipping,2026-04-14,Nikkei Asia,Egypt,North America
ART-11458,"Field hospitals face critical shortages of surgical anesthetics, electricity, and clean water","Medical relief organizations operating inside crisis sectors issued urgent distress alerts regarding depleted pharmaceuticals, damaged municipal water treatment facilities, and erratic generator fuel supplies necessary to maintain life-saving intensive care facilities. Reporting from India, diplomatic and local observers noted that recent strategic shifts in Persian Gulf continue to dictate regional outcomes.",Humanitarian Impact,2026-03-15,Financial Times,India,Persian Gulf
ART-10241,Artillery and drone strikes intensify along South Asia frontline,"Heavy military bombardment and tactical drone warfare escalated across the South Asia border overnight. Military defense commands confirmed multiple interceptor missile launches and sustained counter-battery fire. Ground forces mobilized armored divisions in response to cross-border incursions, leading to heightened combat alert status throughout contested defensive perimeters. Reporting from Germany, diplomatic and local observers noted that recent strategic shifts in South Asia continue to dictate regional outcomes.",Military Conflict,2026-07-17,Deutsche Welle,Germany,South Asia
ART-10959,Bulk carrier grain vessels delayed as maritime safety inspection protocols expand,"Commercial maritime registries reported prolonged anchorage delays for dry bulk freighters awaiting safe passage clearances through designated maritime corridors. Insurers revised hull and cargo coverage stipulations, impacting export contract fulfillment for agricultural cargoes. Reporting from Iran, diplomatic and local observers noted that recent strategic shifts in Western Europe continue to dictate regional outcomes.",Trade & Shipping,2026-05-26,Bloomberg,Iran,Western Europe
ART-10660,OPEC+ convenes emergency production quota meeting as geopolitical supply risks mount,"Petroleum export ministers gathered for extraordinary consultations to review crude output allocations and export facility vulnerabilities. Analysts highlighted that potential localized transit choke point disruptions threaten to strain spare production capacity across export terminals. Reporting from Saudi Arabia, diplomatic and local observers noted that recent strategic shifts in Middle East continue to dictate regional outcomes.",Energy Risk,2026-06-10,UN News,Saudi Arabia,Middle East
ART-10321,High-level bilateral diplomatic summit convenes in effort to de-escalate tensions,"Foreign ministers and strategic envoys met for emergency multilateral negotiations aimed at formulating a comprehensive ceasefire framework and de-escalation roadmap. Delegations engaged in protracted closed-door diplomatic talks regarding border demilitarization and treaty adherence. Reporting from Ukraine, diplomatic and local observers noted that recent strategic shifts in North America continue to dictate regional outcomes.",Diplomatic / Political,2026-03-10,Al Jazeera,Ukraine,North America
ART-10841,Container shipping carriers divert cargo fleets around Cape of Good Hope amid maritime threats,"Major international ocean carriers announced sweeping rerouting orders, diverting container vessels around the African continent to bypass hazardous maritime corridors. The maritime diversion adds 10 to 14 days to standard transit times, tightening vessel capacity, delaying container turnaround times, and triggering sharp increases in global container spot freight rates. Reporting from Iran, diplomatic and local observers noted that recent strategic shifts in Western Europe continue to dictate regional outcomes.",Trade & Shipping,2026-04-20,Nikkei Asia,Iran,Western Europe
ART-11272,Sovereign credit rating under review following capital flight and currency depreciation,"International credit rating agencies placed sovereign debt issuances on negative watch, citing widening fiscal deficits, rapid foreign reserve depletion, and heightened geopolitical risk premia. Domestic currency valuations experienced sharp depreciations against global reserve currencies. Reporting from Iran, diplomatic and local observers noted that recent strategic shifts in East Asia continue to dictate regional outcomes.",Economic Impact,2026-09-28,Associated Press,Iran,East Asia
ART-10013,Airstrikes strike strategic command centers and ammunition depots in United States,"Fighter aircraft launched precision-guided ordnance targeting key military logistics hubs, radar installations, and tactical weapons caches near strategic sectors of United States. Satellite reconnaissance verified structural destruction, while armed forces declared immediate airspace closure and defensive mobilization. Reporting from United States, diplomatic and local observers noted that recent strategic shifts in Eastern Europe continue to dictate regional outcomes.",Military Conflict,2026-04-13,Wall Street Journal,United States,Eastern Europe
ART-11072,Sovereign credit rating under review following capital flight and currency depreciation,"International credit rating agencies placed sovereign debt issuances on negative watch, citing widening fiscal deficits, rapid foreign reserve depletion, and heightened geopolitical risk premia. Domestic currency valuations experienced sharp depreciations against global reserve currencies. Reporting from Ukraine, diplomatic and local observers noted that recent strategic shifts in Western Europe continue to dictate regional outcomes.",Economic Impact,2026-07-24,Al Jazeera,Ukraine,Western Europe
ART-11325,Civilian evacuation corridors established under international red cross mediation,"Humanitarian organizations coordinated temporary civilian safe-passage corridors to evacuate vulnerable elderly, women, and pediatric patients from active hostility perimeters. International observers monitored compliance to ensure unhindered transit for humanitarian convoys. Reporting from Ukraine, diplomatic and local observers noted that recent strategic shifts in Persian Gulf continue to dictate regional outcomes.",Humanitarian Impact,2026-05-22,BBC News,Ukraine,Persian Gulf
ART-10257,United Nations Security Council debates draft resolution on sovereignty and border protocols,"Diplomats at the UN Headquarters convened an emergency session to deliberate a multilateral resolution addressing territorial sovereignty, diplomatic immunity, and international arbitration. Key permanent members presented competing revisions concerning compliance verification and peacekeeper mandates.",Diplomatic / Political,2026-02-02,UN News,Israel,Eastern Europe
ART-10310,Parliamentary committee conducts emergency foreign policy debate on international accords,"Legislative leaders held intensive deliberations concerning diplomatic ratifications, treaty commitments, and international coalition partnerships. Government ministers reiterated diplomatic alignment while defending non-proliferation accords and diplomatic neutrality. Reporting from Iran, diplomatic and local observers noted that recent strategic shifts in Middle East continue to dictate regional outcomes.",Diplomatic / Political,2026-01-27,Deutsche Welle,Iran,Middle East
ART-11010,Air freight cargo rates spike as commercial shippers seek alternatives to ocean freight lanes,"Aviation logistics carriers reported an unprecedented surge in charter demand for urgent transcontinental air cargo, driven by persistent maritime shipping route disruptions. Freight indices registered double-digit increases in air cargo ton-mile rates for priority industrial freight. Reporting from India, diplomatic and local observers noted that recent strategic shifts in Western Europe continue to dictate regional outcomes.",Trade & Shipping,2026-02-21,Associated Press,India,Western Europe
ART-10227,Naval task force engages hostile drone boats near Iran territorial waters,"Naval destroyers deployed in international waters intercepted multiple unmanned explosive surface vessels attempting to strike maritime patrol assets. Military officials stated that defensive kinetic munitions neutralized the threat prior to vessel breach, sustaining combat deterrence across critical coastal zones. Reporting from Iran, diplomatic and local observers noted that recent strategic shifts in South Asia continue to dictate regional outcomes.",Military Conflict,2026-02-03,Reuters,Iran,South Asia
ART-10407,United Nations Security Council debates draft resolution on sovereignty and border protocols,"Diplomats at the UN Headquarters convened an emergency session to deliberate a multilateral resolution addressing territorial sovereignty, diplomatic immunity, and international arbitration. Key permanent members presented competing revisions concerning compliance verification and peacekeeper mandates. Reporting from United States, diplomatic and local observers noted that recent strategic shifts in Persian Gulf continue to dictate regional outcomes.",Diplomatic / Political,2026-08-12,UN News,United States,Persian Gulf
ART-11190,Stock exchange volatility index spikes as investors seek safe-haven sovereign bonds and gold,"Equities across regional bourses recorded broad sell-offs, with industrial, aviation, and consumer discretionary shares leading declines. Capital allocators rotated liquidity into sovereign treasury securities, bullion, and cash equivalents amid heightened geopolitical uncertainty. Reporting from Ukraine, diplomatic and local observers noted that recent strategic shifts in Red Sea & Horn of Africa continue to dictate regional outcomes.",Economic Impact,2026-08-02,Financial Times,Ukraine,Red Sea & Horn of Africa
ART-10690,OPEC+ convenes emergency production quota meeting as geopolitical supply risks mount,,Energy Risk,2026-09-12,UN News,Iran,East Asia
ART-11374,Disrupted municipal power grids and water filtration plants jeopardize civilian public health,"Public health authorities warned of escalating waterborne disease outbreaks after sustained infrastructure damage crippled municipal water purification networks and electrical sub-stations. Emergency relief teams deployed portable purification modules to mitigate sanitary hazards. Reporting from Iran, diplomatic and local observers noted that recent strategic shifts in East Asia continue to dictate regional outcomes.",Humanitarian Impact,2026-09-15,Wall Street Journal,Iran,East Asia
ART-11050,Stock exchange volatility index spikes as investors seek safe-haven sovereign bonds and gold,"Equities across regional bourses recorded broad sell-offs, with industrial, aviation, and consumer discretionary shares leading declines. Capital allocators rotated liquidity into sovereign treasury securities, bullion, and cash equivalents amid heightened geopolitical uncertainty. Reporting from Sudan, diplomatic and local observers noted that recent strategic shifts in Western Europe continue to dictate regional outcomes.",Economic Impact,2026-03-02,Bloomberg,Sudan,Western Europe
ART-10357,United Nations Security Council debates draft resolution on sovereignty and border protocols,"Diplomats at the UN Headquarters convened an emergency session to deliberate a multilateral resolution addressing territorial sovereignty, diplomatic immunity, and international arbitration. Key permanent members presented competing revisions concerning compliance verification and peacekeeper mandates. Reporting from China, diplomatic and local observers noted that recent strategic shifts in East Asia continue to dictate regional outcomes.",Diplomatic / Political,2026-03-18,Deutsche Welle,China,East Asia
ART-11505,Civilian evacuation corridors established under international red cross mediation,"Humanitarian organizations coordinated temporary civilian safe-passage corridors to evacuate vulnerable elderly, women, and pediatric patients from active hostility perimeters. International observers monitored compliance to ensure unhindered transit for humanitarian convoys. Reporting from United States, diplomatic and local observers noted that recent strategic shifts in Western Europe continue to dictate regional outcomes.",Humanitarian Impact,2026-05-06,Reuters,United States,Western Europe
ART-10735,OPEC+ convenes emergency production quota meeting as geopolitical supply risks mount,"Petroleum export ministers gathered for extraordinary consultations to review crude output allocations and export facility vulnerabilities. Analysts highlighted that potential localized transit choke point disruptions threaten to strain spare production capacity across export terminals. Reporting from Poland, diplomatic and local observers noted that recent strategic shifts in Western Europe continue to dictate regional outcomes.",Energy Risk,2026-09-01,Financial Times,Poland,Western Europe
ART-11328,"Field hospitals face critical shortages of surgical anesthetics, electricity, and clean water","Medical relief organizations operating inside crisis sectors issued urgent distress alerts regarding depleted pharmaceuticals, damaged municipal water treatment facilities, and erratic generator fuel supplies necessary to maintain life-saving intensive care facilities. Reporting from Israel, diplomatic and local observers noted that recent strategic shifts in Red Sea & Horn of Africa continue to dictate regional outcomes.",Humanitarian Impact,2026-08-25,Al Jazeera,Israel,Red Sea & Horn of Africa
ART-10628,Strategic petroleum reserve release weighed as refinery feedstock prices surge,"Energy authorities initiated contingency consultations regarding synchronized drawdowns from strategic oil reserves following regional energy infrastructure disruptions. Brent crude spot rates surged as market participants priced in persistent refinery feedstock shortages and pipeline outages. Reporting from Poland, diplomatic and local observers noted that recent strategic shifts in Red Sea & Horn of Africa continue to dictate regional outcomes.",Energy Risk,2026-01-06,Financial Times,Poland,Red Sea & Horn of Africa
ART-11107,Sovereign credit rating under review following capital flight and currency depreciation,"International credit rating agencies placed sovereign debt issuances on negative watch, citing widening fiscal deficits, rapid foreign reserve depletion, and heightened geopolitical risk premia. Domestic currency valuations experienced sharp depreciations against global reserve currencies. Reporting from United States, diplomatic and local observers noted that recent strategic shifts in Western Europe continue to dictate regional outcomes.",Economic Impact,2026-06-03,Associated Press,United States,Western Europe
ART-10974,Bulk carrier grain vessels delayed as maritime safety inspection protocols expand,"Commercial maritime registries reported prolonged anchorage delays for dry bulk freighters awaiting safe passage clearances through designated maritime corridors. Insurers revised hull and cargo coverage stipulations, impacting export contract fulfillment for agricultural cargoes. Reporting from United Kingdom, diplomatic and local observers noted that recent strategic shifts in Eastern Europe continue to dictate regional outcomes.",Trade & Shipping,2026-02-13,BBC News,United Kingdom,Eastern Europe
ART-10104,Border skirmish escalates with armor deployment and infantry engagements,"Tensions surged following armed skirmishes along the demarcation perimeter involving heavy mechanized infantry and mortar barrages. Both regional militaries issued conflicting claims regarding rules of engagement violations as reinforced defensive trenches exchanged active small arms and artillery fire. Reporting from Russia, diplomatic and local observers noted that recent strategic shifts in Eastern Europe continue to dictate regional outcomes.",Military Conflict,2026-05-20,BBC News,Russia,Eastern Europe
ART-10308,Ambassadorial recall and diplomatic protest notes delivered over treaty dispute,"Government officials formally summoned the resident ambassador and issued a stern diplomatic communique protesting recent policy shifts and border treaties. Ministry spokespersons emphasized diplomatic dialogue while recalling senior envoys for high-level foreign policy consultations. Reporting from Germany, diplomatic and local observers noted that recent strategic shifts in East Asia continue to dictate regional outcomes.",Diplomatic / Political,2026-08-25,Financial Times,Germany,East Asia
ART-10234,,"Tensions surged following armed skirmishes along the demarcation perimeter involving heavy mechanized infantry and mortar barrages. Both regional militaries issued conflicting claims regarding rules of engagement violations as reinforced defensive trenches exchanged active small arms and artillery fire. Reporting from Palestine, diplomatic and local observers noted that recent strategic shifts in Middle East continue to dictate regional outcomes.",Military Conflict,2026-09-10,UN News,Palestine,Middle East
ART-10612,Major natural gas pipeline flow throttled amid geopolitical transit disagreements,"Subsea pipeline monitoring stations recorded a sharp 35% reduction in natural gas transit volumes following regulatory and political disputes between transit nations. Energy ministers warned industrial consumers of potential supply rationing and power grid balancing interventions ahead of winter reserve replenishment. Reporting from Ukraine, diplomatic and local observers noted that recent strategic shifts in Western Europe continue to dictate regional outcomes.",Energy Risk,2026-03-18,BBC News,Ukraine,Western Europe
ART-11393,"Field hospitals face critical shortages of surgical anesthetics, electricity, and clean water","Medical relief organizations operating inside crisis sectors issued urgent distress alerts regarding depleted pharmaceuticals, damaged municipal water treatment facilities, and erratic generator fuel supplies necessary to maintain life-saving intensive care facilities. Reporting from Palestine, diplomatic and local observers noted that recent strategic shifts in Red Sea & Horn of Africa continue to dictate regional outcomes.",Humanitarian Impact,2026-01-06,UN News,Palestine,Red Sea & Horn of Africa
ART-11528,"Field hospitals face critical shortages of surgical anesthetics, electricity, and clean water","Medical relief organizations operating inside crisis sectors issued urgent distress alerts regarding depleted pharmaceuticals, damaged municipal water treatment facilities, and erratic generator fuel supplies necessary to maintain life-saving intensive care facilities. Reporting from Yemen, diplomatic and local observers noted that recent strategic shifts in East Asia continue to dictate regional outcomes.",Humanitarian Impact,2026-01-01,Reuters,Yemen,East Asia
ART-11404,Disrupted municipal power grids and water filtration plants jeopardize civilian public health,"Public health authorities warned of escalating waterborne disease outbreaks after sustained infrastructure damage crippled municipal water purification networks and electrical sub-stations. Emergency relief teams deployed portable purification modules to mitigate sanitary hazards. Reporting from China, diplomatic and local observers noted that recent strategic shifts in North America continue to dictate regional outcomes.",Humanitarian Impact,2026-03-17,Deutsche Welle,China,North America
ART-11222,Sovereign credit rating under review following capital flight and currency depreciation,"International credit rating agencies placed sovereign debt issuances on negative watch, citing widening fiscal deficits, rapid foreign reserve depletion, and heightened geopolitical risk premia. Domestic currency valuations experienced sharp depreciations against global reserve currencies. Reporting from Palestine, diplomatic and local observers noted that recent strategic shifts in East Asia continue to dictate regional outcomes.",Economic Impact,2026-04-06,Reuters,Palestine,East Asia
ART-10219,Border skirmish escalates with armor deployment and infantry engagements,"Tensions surged following armed skirmishes along the demarcation perimeter involving heavy mechanized infantry and mortar barrages. Both regional militaries issued conflicting claims regarding rules of engagement violations as reinforced defensive trenches exchanged active small arms and artillery fire. Reporting from Saudi Arabia, diplomatic and local observers noted that recent strategic shifts in Western Europe continue to dictate regional outcomes.",Military Conflict,2026-03-23,Wall Street Journal,Saudi Arabia,Western Europe
ART-11384,Disrupted municipal power grids and water filtration plants jeopardize civilian public health,"Public health authorities warned of escalating waterborne disease outbreaks after sustained infrastructure damage crippled municipal water purification networks and electrical sub-stations. Emergency relief teams deployed portable purification modules to mitigate sanitary hazards. Reporting from Iran, diplomatic and local observers noted that recent strategic shifts in North America continue to dictate regional outcomes.",Humanitarian Impact,2026-01-25,UN News,Iran,North America
ART-10986,Container shipping carriers divert cargo fleets around Cape of Good Hope amid maritime threats,"Major international ocean carriers announced sweeping rerouting orders, diverting container vessels around the African continent to bypass hazardous maritime corridors. The maritime diversion adds 10 to 14 days to standard transit times, tightening vessel capacity, delaying container turnaround times, and triggering sharp increases in global container spot freight rates. Reporting from Germany, diplomatic and local observers noted that recent strategic shifts in Western Europe continue to dictate regional outcomes.",Trade & Shipping,2026-05-25,Wall Street Journal,Germany,Western Europe
ART-10183,Airstrikes strike strategic command centers and ammunition depots in Israel,"Fighter aircraft launched precision-guided ordnance targeting key military logistics hubs, radar installations, and tactical weapons caches near strategic sectors of Israel. Satellite reconnaissance verified structural destruction, while armed forces declared immediate airspace closure and defensive mobilization. Reporting from Israel, diplomatic and local observers noted that recent strategic shifts in Persian Gulf continue to dictate regional outcomes.",Military Conflict,2026-03-15,Reuters,Israel,Persian Gulf
ART-10972,Port congestion and customs clearance bottlenecks escalate across major container terminals,"Logistics operators reported severe berthing delays and freight dwell times exceeding historical averages across maritime gateway hubs. Freight forwarders cited vessel bunching, rail intermodal backlogs, and maritime rerouting schedules as compounding drivers of supply chain gridlock. Reporting from United Kingdom, diplomatic and local observers noted that recent strategic shifts in South Asia continue to dictate regional outcomes.",Trade & Shipping,2026-09-11,Al Jazeera,United Kingdom,South Asia
ART-11163,Foreign direct investment inflows contract sharply amid cross-border geopolitical instability,"Economic development ministries reported a significant deceleration in cross-border capital expenditures and joint venture investments. Corporate treasuries cited regulatory uncertainty, sovereign risk premia, and supply network vulnerabilities as key deterrents to long-term capital allocation. Reporting from Taiwan, diplomatic and local observers noted that recent strategic shifts in Western Europe continue to dictate regional outcomes.",Economic Impact,2026-08-03,Financial Times,Taiwan,Western Europe
ART-10019,Border skirmish escalates with armor deployment and infantry engagements,"Tensions surged following armed skirmishes along the demarcation perimeter involving heavy mechanized infantry and mortar barrages. Both regional militaries issued conflicting claims regarding rules of engagement violations as reinforced defensive trenches exchanged active small arms and artillery fire. Reporting from United States, diplomatic and local observers noted that recent strategic shifts in Persian Gulf continue to dictate regional outcomes.",Military Conflict,2026-01-19,BBC News,United States,Persian Gulf
ART-10685,OPEC+ convenes emergency production quota meeting as geopolitical supply risks mount,"Petroleum export ministers gathered for extraordinary consultations to review crude output allocations and export facility vulnerabilities. Analysts highlighted that potential localized transit choke point disruptions threaten to strain spare production capacity across export terminals. Reporting from Ukraine, diplomatic and local observers noted that recent strategic shifts in Red Sea & Horn of Africa continue to dictate regional outcomes.",Energy Risk,2026-04-07,Deutsche Welle,Ukraine,Red Sea & Horn of Africa
ART-10592,Major natural gas pipeline flow throttled amid geopolitical transit disagreements,"Subsea pipeline monitoring stations recorded a sharp 35% reduction in natural gas transit volumes following regulatory and political disputes between transit nations. Energy ministers warned industrial consumers of potential supply rationing and power grid balancing interventions ahead of winter reserve replenishment. Reporting from Egypt, diplomatic and local observers noted that recent strategic shifts in Eastern Europe continue to dictate regional outcomes.",Energy Risk,2026-01-26,Reuters,Egypt,Eastern Europe
ART-10156,Artillery and drone strikes intensify along Persian Gulf frontline,"Heavy military bombardment and tactical drone warfare escalated across the Persian Gulf border overnight. Military defense commands confirmed multiple interceptor missile launches and sustained counter-battery fire. Ground forces mobilized armored divisions in response to cross-border incursions, leading to heightened combat alert status throughout contested defensive perimeters. Reporting from Saudi Arabia, diplomatic and local observers noted that recent strategic shifts in Persian Gulf continue to dictate regional outcomes.",Military Conflict,2026-03-16,Deutsche Welle,Saudi Arabia,Persian Gulf
ART-10469,Regional coalition signs comprehensive non-aggression and diplomatic mediation pact,"Leaders of member states finalized a multilateral framework establishing joint diplomatic mediation channels, diplomatic consultation corridors, and bilateral confidence-building measures to prevent diplomatic estrangement across the alliance. Reporting from Yemen, diplomatic and local observers noted that recent strategic shifts in North America continue to dictate regional outcomes.",Diplomatic / Political,2026-07-18,Bloomberg,Yemen,North America
ART-11449,Disrupted municipal power grids and water filtration plants jeopardize civilian public health,"Public health authorities warned of escalating waterborne disease outbreaks after sustained infrastructure damage crippled municipal water purification networks and electrical sub-stations. Emergency relief teams deployed portable purification modules to mitigate sanitary hazards. Reporting from Taiwan, diplomatic and local observers noted that recent strategic shifts in Eastern Europe continue to dictate regional outcomes.",Humanitarian Impact,2026-03-06,Associated Press,Taiwan,Eastern Europe
ART-10450,Parliamentary committee conducts emergency foreign policy debate on international accords,"Legislative leaders held intensive deliberations concerning diplomatic ratifications, treaty commitments, and international coalition partnerships. Government ministers reiterated diplomatic alignment while defending non-proliferation accords and diplomatic neutrality. Reporting from Israel, diplomatic and local observers noted that recent strategic shifts in East Asia continue to dictate regional outcomes.",Diplomatic / Political,2026-06-27,Reuters,Israel,East Asia
ART-11209,Manufacturing purchasing managers index drops into contraction territory,"National manufacturing indices slumped below the critical 50-point threshold, signaling industrial output contraction across export-oriented sectors. Factory managers reported elevated input acquisition costs, backlog accumulation, and declining international export orders. Reporting from United States, diplomatic and local observers noted that recent strategic shifts in East Asia continue to dictate regional outcomes.",Economic Impact,2026-09-21,UN News,United States,East Asia
ART-10554,Offshore drilling rig security heightened following regional maritime threat warnings,"Deepwater exploration platforms operating in disputed maritime basins instituted enhanced exclusion zones and emergency evacuation drills. Energy corporations reported heightened maritime surveillance to safeguard critical liquefied natural gas terminals and offshore pipeline pumping stations. Reporting from Yemen, diplomatic and local observers noted that recent strategic shifts in Middle East continue to dictate regional outcomes.",Energy Risk,2026-08-16,Associated Press,Yemen,Middle East
ART-10262,United Nations Security Council debates draft resolution on sovereignty and border protocols,"Diplomats at the UN Headquarters convened an emergency session to deliberate a multilateral resolution addressing territorial sovereignty, diplomatic immunity, and international arbitration. Key permanent members presented competing revisions concerning compliance verification and peacekeeper mandates. Reporting from United Kingdom, diplomatic and local observers noted that recent strategic shifts in South Asia continue to dictate regional outcomes.",Diplomatic / Political,2026-07-07,Bloomberg,United Kingdom,South Asia
ART-11321,Refugee displacement crisis deepens as civilian populations flee contested border zones,"International humanitarian relief agencies reported that over 250,000 civilians have been displaced from conflict-affected frontier zones over recent weeks. Overcrowded temporary resettlement shelters face severe shortages of potable water, emergency medical supplies, and sanitation infrastructure. Reporting from Iran, diplomatic and local observers noted that recent strategic shifts in Eastern Europe continue to dictate regional outcomes.",Humanitarian Impact,2026-01-18,Associated Press,Iran,Eastern Europe
ART-11309,Disrupted municipal power grids and water filtration plants jeopardize civilian public health,"Public health authorities warned of escalating waterborne disease outbreaks after sustained infrastructure damage crippled municipal water purification networks and electrical sub-stations. Emergency relief teams deployed portable purification modules to mitigate sanitary hazards. Reporting from India, diplomatic and local observers noted that recent strategic shifts in Middle East continue to dictate regional outcomes.",Humanitarian Impact,2026-07-06,BBC News,India,Middle East
ART-10298,Ambassadorial recall and diplomatic protest notes delivered over treaty dispute,"Government officials formally summoned the resident ambassador and issued a stern diplomatic communique protesting recent policy shifts and border treaties. Ministry spokespersons emphasized diplomatic dialogue while recalling senior envoys for high-level foreign policy consultations. Reporting from Israel, diplomatic and local observers noted that recent strategic shifts in Persian Gulf continue to dictate regional outcomes.",Diplomatic / Political,2026-07-15,Al Jazeera,Israel,Persian Gulf
ART-10037,Naval task force engages hostile drone boats near United States territorial waters,"Naval destroyers deployed in international waters intercepted multiple unmanned explosive surface vessels attempting to strike maritime patrol assets. Military officials stated that defensive kinetic munitions neutralized the threat prior to vessel breach, sustaining combat deterrence across critical coastal zones. Reporting from United States, diplomatic and local observers noted that recent strategic shifts in Eastern Europe continue to dictate regional outcomes.",Military Conflict,2026-01-09,Associated Press,United States,Eastern Europe
ART-10261,High-level bilateral diplomatic summit convenes in effort to de-escalate tensions,"Foreign ministers and strategic envoys met for emergency multilateral negotiations aimed at formulating a comprehensive ceasefire framework and de-escalation roadmap. Delegations engaged in protracted closed-door diplomatic talks regarding border demilitarization and treaty adherence. Reporting from Russia, diplomatic and local observers noted that recent strategic shifts in East Asia continue to dictate regional outcomes.",Diplomatic / Political,2026-06-06,Wall Street Journal,Russia,East Asia
ART-10190,Ballistic missile interceptor systems activated amid regional military escalation,"Air defense batteries engaged multiple incoming medium-range ballistic trajectories targeting military infrastructure. Defense ministries confirmed that surface-to-air missile batteries intercepted projectiles mid-course, placing joint task forces on maximum tactical readiness status. Reporting from Egypt, diplomatic and local observers noted that recent strategic shifts in East Asia continue to dictate regional outcomes.",Military Conflict,2026-01-22,Deutsche Welle,Egypt,East Asia
ART-10754,Offshore drilling rig security heightened following regional maritime threat warnings,"Deepwater exploration platforms operating in disputed maritime basins instituted enhanced exclusion zones and emergency evacuation drills. Energy corporations reported heightened maritime surveillance to safeguard critical liquefied natural gas terminals and offshore pipeline pumping stations. Reporting from Sudan, diplomatic and local observers noted that recent strategic shifts in Eastern Europe continue to dictate regional outcomes.",Energy Risk,2026-01-20,Nikkei Asia,Sudan,Eastern Europe
ART-10409,Regional coalition signs comprehensive non-aggression and diplomatic mediation pact,"Leaders of member states finalized a multilateral framework establishing joint diplomatic mediation channels, diplomatic consultation corridors, and bilateral confidence-building measures to prevent diplomatic estrangement across the alliance. Reporting from United States, diplomatic and local observers noted that recent strategic shifts in Red Sea & Horn of Africa continue to dictate regional outcomes.",Diplomatic / Political,2026-01-14,Nikkei Asia,United States,Red Sea & Horn of Africa
ART-11065,Stock exchange volatility index spikes as investors seek safe-haven sovereign bonds and gold,"Equities across regional bourses recorded broad sell-offs, with industrial, aviation, and consumer discretionary shares leading declines. Capital allocators rotated liquidity into sovereign treasury securities, bullion, and cash equivalents amid heightened geopolitical uncertainty. Reporting from United States, diplomatic and local observers noted that recent strategic shifts in Middle East continue to dictate regional outcomes.",Economic Impact,2026-09-17,Reuters,United States,Middle East
ART-10722,Major natural gas pipeline flow throttled amid geopolitical transit disagreements,"Subsea pipeline monitoring stations recorded a sharp 35% reduction in natural gas transit volumes following regulatory and political disputes between transit nations. Energy ministers warned industrial consumers of potential supply rationing and power grid balancing interventions ahead of winter reserve replenishment. Reporting from Israel, diplomatic and local observers noted that recent strategic shifts in Persian Gulf continue to dictate regional outcomes.",Energy Risk,2026-05-16,BBC News,Israel,Persian Gulf
ART-10319,Regional coalition signs comprehensive non-aggression and diplomatic mediation pact,"Leaders of member states finalized a multilateral framework establishing joint diplomatic mediation channels, diplomatic consultation corridors, and bilateral confidence-building measures to prevent diplomatic estrangement across the alliance. Reporting from Palestine, diplomatic and local observers noted that recent strategic shifts in Red Sea & Horn of Africa continue to dictate regional outcomes.",Diplomatic / Political,2026-01-08,UN News,Palestine,Red Sea & Horn of Africa
ART-11437,United Nations launches emergency humanitarian relief appeal for food aid and medical shelter,"Humanitarian coordinators formally issued a multilateral funding appeal seeking urgent donor contributions to support frontline field clinics and nutritional distribution hubs. Aid convoys reported severe logistical hurdles attempting to deliver relief supplies to isolated civilian corridors. Reporting from Poland, diplomatic and local observers noted that recent strategic shifts in North America continue to dictate regional outcomes.",Humanitarian Impact,2026-09-22,Associated Press,Poland,North America
ART-10695,OPEC+ convenes emergency production quota meeting as geopolitical supply risks mount,"Petroleum export ministers gathered for extraordinary consultations to review crude output allocations and export facility vulnerabilities. Analysts highlighted that potential localized transit choke point disruptions threaten to strain spare production capacity across export terminals. Reporting from Yemen, diplomatic and local observers noted that recent strategic shifts in Red Sea & Horn of Africa continue to dictate regional outcomes.",Energy Risk,2026-05-17,Reuters,Yemen,Red Sea & Horn of Africa
ART-11140,Stock exchange volatility index spikes as investors seek safe-haven sovereign bonds and gold,"Equities across regional bourses recorded broad sell-offs, with industrial, aviation, and consumer discretionary shares leading declines. Capital allocators rotated liquidity into sovereign treasury securities, bullion, and cash equivalents amid heightened geopolitical uncertainty. Reporting from Egypt, diplomatic and local observers noted that recent strategic shifts in Western Europe continue to dictate regional outcomes.",Economic Impact,2026-03-08,Bloomberg,Egypt,Western Europe
ART-10803,Bilateral tariff escalation and trade export controls enacted on critical components,"Commerce departments imposed sweeping customs tariffs and export license restrictions on key industrial raw materials and advanced components. Trade chambers expressed alarm over compliance costs and international supply chain fragmentation affecting bilateral trade volumes. Reporting from Poland, diplomatic and local observers noted that recent strategic shifts in Red Sea & Horn of Africa continue to dictate regional outcomes.",Trade & Shipping,2026-02-10,Wall Street Journal,Poland,Red Sea & Horn of Africa
ART-10250,Ballistic missile interceptor systems activated amid regional military escalation,"Air defense batteries engaged multiple incoming medium-range ballistic trajectories targeting military infrastructure. Defense ministries confirmed that surface-to-air missile batteries intercepted projectiles mid-course, placing joint task forces on maximum tactical readiness status. Reporting from United States, diplomatic and local observers noted that recent strategic shifts in Red Sea & Horn of Africa continue to dictate regional outcomes.",Military Conflict,2026-07-26,UN News,United States,Red Sea & Horn of Africa
ART-11170,Stock exchange volatility index spikes as investors seek safe-haven sovereign bonds and gold,"Equities across regional bourses recorded broad sell-offs, with industrial, aviation, and consumer discretionary shares leading declines. Capital allocators rotated liquidity into sovereign treasury securities, bullion, and cash equivalents amid heightened geopolitical uncertainty. Reporting from Sudan, diplomatic and local observers noted that recent strategic shifts in North America continue to dictate regional outcomes.",Economic Impact,2026-06-10,BBC News,Sudan,North America
ART-10986,Container shipping carriers divert cargo fleets around Cape of Good Hope amid maritime threats,"Major international ocean carriers announced sweeping rerouting orders, diverting container vessels around the African continent to bypass hazardous maritime corridors. The maritime diversion adds 10 to 14 days to standard transit times, tightening vessel capacity, delaying container turnaround times, and triggering sharp increases in global container spot freight rates. Reporting from Germany, diplomatic and local observers noted that recent strategic shifts in Western Europe continue to dictate regional outcomes.",Trade & Shipping,2026-05-25,Wall Street Journal,Germany,Western Europe
ART-10618,Strategic petroleum reserve release weighed as refinery feedstock prices surge,"Energy authorities initiated contingency consultations regarding synchronized drawdowns from strategic oil reserves following regional energy infrastructure disruptions. Brent crude spot rates surged as market participants priced in persistent refinery feedstock shortages and pipeline outages. Reporting from India, diplomatic and local observers noted that recent strategic shifts in East Asia continue to dictate regional outcomes.",Energy Risk,2026-09-24,Financial Times,India,East Asia
ART-10680,OPEC+ convenes emergency production quota meeting as geopolitical supply risks mount,"Petroleum export ministers gathered for extraordinary consultations to review crude output allocations and export facility vulnerabilities. Analysts highlighted that potential localized transit choke point disruptions threaten to strain spare production capacity across export terminals. Reporting from Taiwan, diplomatic and local observers noted that recent strategic shifts in Persian Gulf continue to dictate regional outcomes.",Energy Risk,2026-08-02,Associated Press,Taiwan,Persian Gulf
ART-11084,Manufacturing purchasing managers index drops into contraction territory,"National manufacturing indices slumped below the critical 50-point threshold, signaling industrial output contraction across export-oriented sectors. Factory managers reported elevated input acquisition costs, backlog accumulation, and declining international export orders. Reporting from Germany, diplomatic and local observers noted that recent strategic shifts in Middle East continue to dictate regional outcomes.",Economic Impact,2026-01-08,Al Jazeera,Germany,Middle East
ART-11104,Manufacturing purchasing managers index drops into contraction territory,"National manufacturing indices slumped below the critical 50-point threshold, signaling industrial output contraction across export-oriented sectors. Factory managers reported elevated input acquisition costs, backlog accumulation, and declining international export orders. Reporting from Taiwan, diplomatic and local observers noted that recent strategic shifts in East Asia continue to dictate regional outcomes.",,2026-03-28,Reuters,Taiwan,East Asia
ART-11013,Bilateral tariff escalation and trade export controls enacted on critical components,"Commerce departments imposed sweeping customs tariffs and export license restrictions on key industrial raw materials and advanced components. Trade chambers expressed alarm over compliance costs and international supply chain fragmentation affecting bilateral trade volumes. Reporting from Yemen, diplomatic and local observers noted that recent strategic shifts in Middle East continue to dictate regional outcomes.",Trade & Shipping,2026-05-24,BBC News,Yemen,Middle East
ART-11029,Manufacturing purchasing managers index drops into contraction territory,"National manufacturing indices slumped below the critical 50-point threshold, signaling industrial output contraction across export-oriented sectors. Factory managers reported elevated input acquisition costs, backlog accumulation, and declining international export orders. Reporting from Iran, diplomatic and local observers noted that recent strategic shifts in Eastern Europe continue to dictate regional outcomes.",Economic Impact,2026-09-09,BBC News,Iran,Eastern Europe
ART-11021,Central banks signal interest rate adjustments as geopolitical inflation pressures broaden,Monetary policy committees convened to evaluate persistent macroeconomic shocks stemming from import price inflation and commodity supply friction. Financial market analysts revised benchmark interest rate trajectories as headline consumer price indices reflected elevated freight and producer input expenses.,Economic Impact,2026-01-01,Wall Street Journal,China,South Asia
ART-11287,United Nations launches emergency humanitarian relief appeal for food aid and medical shelter,"Humanitarian coordinators formally issued a multilateral funding appeal seeking urgent donor contributions to support frontline field clinics and nutritional distribution hubs. Aid convoys reported severe logistical hurdles attempting to deliver relief supplies to isolated civilian corridors. Reporting from Iran, diplomatic and local observers noted that recent strategic shifts in South Asia continue to dictate regional outcomes.",Humanitarian Impact,2026-03-12,Al Jazeera,Iran,South Asia
ART-10614,Offshore drilling rig security heightened following regional maritime threat warnings,"Deepwater exploration platforms operating in disputed maritime basins instituted enhanced exclusion zones and emergency evacuation drills. Energy corporations reported heightened maritime surveillance to safeguard critical liquefied natural gas terminals and offshore pipeline pumping stations. Reporting from Sudan, diplomatic and local observers noted that recent strategic shifts in Eastern Europe continue to dictate regional outcomes.",Energy Risk,2026-05-20,Deutsche Welle,Sudan,Eastern Europe
ART-10973,Bilateral tariff escalation and trade export controls enacted on critical components,"Commerce departments imposed sweeping customs tariffs and export license restrictions on key industrial raw materials and advanced components. Trade chambers expressed alarm over compliance costs and international supply chain fragmentation affecting bilateral trade volumes. Reporting from Saudi Arabia, diplomatic and local observers noted that recent strategic shifts in Middle East continue to dictate regional outcomes.",Trade & Shipping,2026-01-12,Nikkei Asia,Saudi Arabia,Middle East
ART-10598,Strategic petroleum reserve release weighed as refinery feedstock prices surge,"Energy authorities initiated contingency consultations regarding synchronized drawdowns from strategic oil reserves following regional energy infrastructure disruptions. Brent crude spot rates surged as market participants priced in persistent refinery feedstock shortages and pipeline outages. Reporting from India, diplomatic and local observers noted that recent strategic shifts in Eastern Europe continue to dictate regional outcomes.",Energy Risk,2026-07-04,Deutsche Welle,India,Eastern Europe
ART-10197,Naval task force engages hostile drone boats near Germany territorial waters,"Naval destroyers deployed in international waters intercepted multiple unmanned explosive surface vessels attempting to strike maritime patrol assets. Military officials stated that defensive kinetic munitions neutralized the threat prior to vessel breach, sustaining combat deterrence across critical coastal zones. Reporting from Germany, diplomatic and local observers noted that recent strategic shifts in Western Europe continue to dictate regional outcomes.",Military Conflict,2026-08-01,Associated Press,Germany,Western Europe
ART-10588,Strategic petroleum reserve release weighed as refinery feedstock prices surge,"Energy authorities initiated contingency consultations regarding synchronized drawdowns from strategic oil reserves following regional energy infrastructure disruptions. Brent crude spot rates surged as market participants priced in persistent refinery feedstock shortages and pipeline outages. Reporting from Poland, diplomatic and local observers noted that recent strategic shifts in Persian Gulf continue to dictate regional outcomes.",Energy Risk,2026-06-22,Wall Street Journal,Poland,Persian Gulf
ART-11241,Central banks signal interest rate adjustments as geopolitical inflation pressures broaden,"Monetary policy committees convened to evaluate persistent macroeconomic shocks stemming from import price inflation and commodity supply friction. Financial market analysts revised benchmark interest rate trajectories as headline consumer price indices reflected elevated freight and producer input expenses. Reporting from Palestine, diplomatic and local observers noted that recent strategic shifts in North America continue to dictate regional outcomes.",Economic Impact,2026-05-25,Financial Times,Palestine,North America
ART-11405,Civilian evacuation corridors established under international red cross mediation,"Humanitarian organizations coordinated temporary civilian safe-passage corridors to evacuate vulnerable elderly, women, and pediatric patients from active hostility perimeters. International observers monitored compliance to ensure unhindered transit for humanitarian convoys. Reporting from Yemen, diplomatic and local observers noted that recent strategic shifts in East Asia continue to dictate regional outcomes.",Humanitarian Impact,2026-04-18,Deutsche Welle,Yemen,East Asia
ART-10236,Artillery and drone strikes intensify along East Asia frontline,"Heavy military bombardment and tactical drone warfare escalated across the East Asia border overnight. Military defense commands confirmed multiple interceptor missile launches and sustained counter-battery fire. Ground forces mobilized armored divisions in response to cross-border incursions, leading to heightened combat alert status throughout contested defensive perimeters. Reporting from Russia, diplomatic and local observers noted that recent strategic shifts in East Asia continue to dictate regional outcomes.",Military Conflict,2026-02-12,Bloomberg,Russia,East Asia
ART-10551,Strait of Hormuz transit tensions spark crude oil and LNG supply disruptions,"Heightened naval alerts near critical energy choke points triggered immediate volatility across global benchmark crude contracts. Tanker charter operators raised war risk insurance premiums as energy intelligence analysts cautioned that maritime route interdictions could constrain daily flows of crude oil, refined distillates, and liquefied natural gas (LNG). Reporting from Yemen, diplomatic and local observers noted that recent strategic shifts in Red Sea & Horn of Africa continue to dictate regional outcomes.",Energy Risk,2026-05-13,Wall Street Journal,Yemen,Red Sea & Horn of Africa
ART-10739,Offshore drilling rig security heightened following regional maritime threat warnings,"Deepwater exploration platforms operating in disputed maritime basins instituted enhanced exclusion zones and emergency evacuation drills. Energy corporations reported heightened maritime surveillance to safeguard critical liquefied natural gas terminals and offshore pipeline pumping stations. Reporting from Germany, diplomatic and local observers noted that recent strategic shifts in South Asia continue to dictate regional outcomes.",Energy Risk,2026-04-05,Bloomberg,Germany,South Asia
ART-10070,Ballistic missile interceptor systems activated amid regional military escalation,"Air defense batteries engaged multiple incoming medium-range ballistic trajectories targeting military infrastructure. Defense ministries confirmed that surface-to-air missile batteries intercepted projectiles mid-course, placing joint task forces on maximum tactical readiness status. Reporting from China, diplomatic and local observers noted that recent strategic shifts in Middle East continue to dictate regional outcomes.",Military Conflict,2026-07-14,Wall Street Journal,China,Middle East
ART-10132,Naval task force engages hostile drone boats near Israel territorial waters,"Naval destroyers deployed in international waters intercepted multiple unmanned explosive surface vessels attempting to strike maritime patrol assets. Military officials stated that defensive kinetic munitions neutralized the threat prior to vessel breach, sustaining combat deterrence across critical coastal zones. Reporting from Israel, diplomatic and local observers noted that recent strategic shifts in Western Europe continue to dictate regional outcomes.",Military Conflict,2026-06-20,Deutsche Welle,Israel,Western Europe
ART-10305,Parliamentary committee conducts emergency foreign policy debate on international accords,"Legislative leaders held intensive deliberations concerning diplomatic ratifications, treaty commitments, and international coalition partnerships. Government ministers reiterated diplomatic alignment while defending non-proliferation accords and diplomatic neutrality. Reporting from Iran, diplomatic and local observers noted that recent strategic shifts in South Asia continue to dictate regional outcomes.",Diplomatic / Political,2026-05-22,Reuters,Iran,South Asia
ART-11116,Central banks signal interest rate adjustments as geopolitical inflation pressures broaden,"Monetary policy committees convened to evaluate persistent macroeconomic shocks stemming from import price inflation and commodity supply friction. Financial market analysts revised benchmark interest rate trajectories as headline consumer price indices reflected elevated freight and producer input expenses. Reporting from India, diplomatic and local observers noted that recent strategic shifts in Persian Gulf continue to dictate regional outcomes.",Economic Impact,2026-06-12,Deutsche Welle,India,Persian Gulf
ART-10411,High-level bilateral diplomatic summit convenes in effort to de-escalate tensions,"Foreign ministers and strategic envoys met for emergency multilateral negotiations aimed at formulating a comprehensive ceasefire framework and de-escalation roadmap. Delegations engaged in protracted closed-door diplomatic talks regarding border demilitarization and treaty adherence. Reporting from Palestine, diplomatic and local observers noted that recent strategic shifts in South Asia continue to dictate regional outcomes.",Diplomatic / Political,2026-03-16,Deutsche Welle,Palestine,South Asia
ART-10309,Regional coalition signs comprehensive non-aggression and diplomatic mediation pact,"Leaders of member states finalized a multilateral framework establishing joint diplomatic mediation channels, diplomatic consultation corridors, and bilateral confidence-building measures to prevent diplomatic estrangement across the alliance. Reporting from Germany, diplomatic and local observers noted that recent strategic shifts in East Asia continue to dictate regional outcomes.",Diplomatic / Political,2026-09-26,Bloomberg,Germany,East Asia
ART-11521,Refugee displacement crisis deepens as civilian populations flee contested border zones,"International humanitarian relief agencies reported that over 250,000 civilians have been displaced from conflict-affected frontier zones over recent weeks. Overcrowded temporary resettlement shelters face severe shortages of potable water, emergency medical supplies, and sanitation infrastructure. Reporting from India, diplomatic and local observers noted that recent strategic shifts in Middle East continue to dictate regional outcomes.",Humanitarian Impact,2026-03-22,Associated Press,India,Middle East
ART-11327,United Nations launches emergency humanitarian relief appeal for food aid and medical shelter,"Humanitarian coordinators formally issued a multilateral funding appeal seeking urgent donor contributions to support frontline field clinics and nutritional distribution hubs. Aid convoys reported severe logistical hurdles attempting to deliver relief supplies to isolated civilian corridors. Reporting from Russia, diplomatic and local observers noted that recent strategic shifts in East Asia continue to dictate regional outcomes.",Humanitarian Impact,2026-07-24,Al Jazeera,Russia,East Asia
ART-11394,Disrupted municipal power grids and water filtration plants jeopardize civilian public health,"Public health authorities warned of escalating waterborne disease outbreaks after sustained infrastructure damage crippled municipal water purification networks and electrical sub-stations. Emergency relief teams deployed portable purification modules to mitigate sanitary hazards. Reporting from Saudi Arabia, diplomatic and local observers noted that recent strategic shifts in Middle East continue to dictate regional outcomes.",Humanitarian Impact,2026-02-07,Wall Street Journal,Saudi Arabia,Middle East
ART-10393,Ambassadorial recall and diplomatic protest notes delivered over treaty dispute,"Government officials formally summoned the resident ambassador and issued a stern diplomatic communique protesting recent policy shifts and border treaties. Ministry spokespersons emphasized diplomatic dialogue while recalling senior envoys for high-level foreign policy consultations. Reporting from Poland, diplomatic and local observers noted that recent strategic shifts in Red Sea & Horn of Africa continue to dictate regional outcomes.",Diplomatic / Political,2026-03-26,Associated Press,Poland,Red Sea & Horn of Africa
ART-10928,Bilateral tariff escalation and trade export controls enacted on critical components,"Commerce departments imposed sweeping customs tariffs and export license restrictions on key industrial raw materials and advanced components. Trade chambers expressed alarm over compliance costs and international supply chain fragmentation affecting bilateral trade volumes. Reporting from Sudan, diplomatic and local observers noted that recent strategic shifts in Eastern Europe continue to dictate regional outcomes.",Trade & Shipping,2026-01-23,Al Jazeera,Sudan,Eastern Europe
ART-11461,Refugee displacement crisis deepens as civilian populations flee contested border zones,"International humanitarian relief agencies reported that over 250,000 civilians have been displaced from conflict-affected frontier zones over recent weeks. Overcrowded temporary resettlement shelters face severe shortages of potable water, emergency medical supplies, and sanitation infrastructure. Reporting from United States, diplomatic and local observers noted that recent strategic shifts in Middle East continue to dictate regional outcomes.",Humanitarian Impact,2026-06-18,UN News,United States,Middle East
ART-10151,Artillery and drone strikes intensify along Middle East frontline,"Heavy military bombardment and tactical drone warfare escalated across the Middle East border overnight. Military defense commands confirmed multiple interceptor missile launches and sustained counter-battery fire. Ground forces mobilized armored divisions in response to cross-border incursions, leading to heightened combat alert status throughout contested defensive perimeters. Reporting from Ukraine, diplomatic and local observers noted that recent strategic shifts in Middle East continue to dictate regional outcomes.",Military Conflict,2026-07-11,UN News,Ukraine,Middle East
ART-11367,United Nations launches emergency humanitarian relief appeal for food aid and medical shelter,"Humanitarian coordinators formally issued a multilateral funding appeal seeking urgent donor contributions to support frontline field clinics and nutritional distribution hubs. Aid convoys reported severe logistical hurdles attempting to deliver relief supplies to isolated civilian corridors. Reporting from Ukraine, diplomatic and local observers noted that recent strategic shifts in North America continue to dictate regional outcomes.",Humanitarian Impact,2026-02-08,Deutsche Welle,Ukraine,North America
ART-10077,Naval task force engages hostile drone boats near United Kingdom territorial waters,"Naval destroyers deployed in international waters intercepted multiple unmanned explosive surface vessels attempting to strike maritime patrol assets. Military officials stated that defensive kinetic munitions neutralized the threat prior to vessel breach, sustaining combat deterrence across critical coastal zones. Reporting from United Kingdom, diplomatic and local observers noted that recent strategic shifts in South Asia continue to dictate regional outcomes.",Military Conflict,2026-05-21,UN News,United Kingdom,South Asia
ART-10683,Strategic petroleum reserve release weighed as refinery feedstock prices surge,"Energy authorities initiated contingency consultations regarding synchronized drawdowns from strategic oil reserves following regional energy infrastructure disruptions. Brent crude spot rates surged as market participants priced in persistent refinery feedstock shortages and pipeline outages. Reporting from Russia, diplomatic and local observers noted that recent strategic shifts in Persian Gulf continue to dictate regional outcomes.",Energy Risk,2026-02-05,Al Jazeera,Russia,Persian Gulf
ART-10170,Ballistic missile interceptor systems activated amid regional military escalation,"Air defense batteries engaged multiple incoming medium-range ballistic trajectories targeting military infrastructure. Defense ministries confirmed that surface-to-air missile batteries intercepted projectiles mid-course, placing joint task forces on maximum tactical readiness status. Reporting from Ukraine, diplomatic and local observers noted that recent strategic shifts in Western Europe continue to dictate regional outcomes.",Military Conflict,2026-08-02,Al Jazeera,Ukraine,Western Europe
ART-10627,Major natural gas pipeline flow throttled amid geopolitical transit disagreements,"Subsea pipeline monitoring stations recorded a sharp 35% reduction in natural gas transit volumes following regulatory and political disputes between transit nations. Energy ministers warned industrial consumers of potential supply rationing and power grid balancing interventions ahead of winter reserve replenishment. Reporting from Egypt, diplomatic and local observers noted that recent strategic shifts in South Asia continue to dictate regional outcomes.",Energy Risk,2026-09-05,Deutsche Welle,Egypt,South Asia
ART-10738,Strategic petroleum reserve release weighed as refinery feedstock prices surge,"Energy authorities initiated contingency consultations regarding synchronized drawdowns from strategic oil reserves following regional energy infrastructure disruptions. Brent crude spot rates surged as market participants priced in persistent refinery feedstock shortages and pipeline outages. Reporting from Ukraine, diplomatic and local observers noted that recent strategic shifts in South Asia continue to dictate regional outcomes.",Energy Risk,2026-03-04,Nikkei Asia,Ukraine,South Asia
ART-10981,Container shipping carriers divert cargo fleets around Cape of Good Hope amid maritime threats,"Major international ocean carriers announced sweeping rerouting orders, diverting container vessels around the African continent to bypass hazardous maritime corridors. The maritime diversion adds 10 to 14 days to standard transit times, tightening vessel capacity, delaying container turnaround times, and triggering sharp increases in global container spot freight rates. Reporting from Ukraine, diplomatic and local observers noted that recent strategic shifts in North America continue to dictate regional outcomes.",Trade & Shipping,2026-09-20,Al Jazeera,Ukraine,North America
ART-10317,United Nations Security Council debates draft resolution on sovereignty and border protocols,"Diplomats at the UN Headquarters convened an emergency session to deliberate a multilateral resolution addressing territorial sovereignty, diplomatic immunity, and international arbitration. Key permanent members presented competing revisions concerning compliance verification and peacekeeper mandates. Reporting from United States, diplomatic and local observers noted that recent strategic shifts in Persian Gulf continue to dictate regional outcomes.",Diplomatic / Political,2026-08-06,Al Jazeera,United States,Persian Gulf
ART-10066,Artillery and drone strikes intensify along Western Europe frontline,"Heavy military bombardment and tactical drone warfare escalated across the Western Europe border overnight. Military defense commands confirmed multiple interceptor missile launches and sustained counter-battery fire. Ground forces mobilized armored divisions in response to cross-border incursions, leading to heightened combat alert status throughout contested defensive perimeters. Reporting from India, diplomatic and local observers noted that recent strategic shifts in Western Europe continue to dictate regional outcomes.",Military Conflict,2026-03-10,Associated Press,India,Western Europe
ART-11139,Manufacturing purchasing managers index drops into contraction territory,"National manufacturing indices slumped below the critical 50-point threshold, signaling industrial output contraction across export-oriented sectors. Factory managers reported elevated input acquisition costs, backlog accumulation, and declining international export orders. Reporting from United Kingdom, diplomatic and local observers noted that recent strategic shifts in East Asia continue to dictate regional outcomes.",Economic Impact,2026-02-07,Wall Street Journal,United Kingdom,East Asia
ART-10991,Container shipping carriers divert cargo fleets around Cape of Good Hope amid maritime threats,"Major international ocean carriers announced sweeping rerouting orders, diverting container vessels around the African continent to bypass hazardous maritime corridors. The maritime diversion adds 10 to 14 days to standard transit times, tightening vessel capacity, delaying container turnaround times, and triggering sharp increases in global container spot freight rates. Reporting from Saudi Arabia, diplomatic and local observers noted that recent strategic shifts in North America continue to dictate regional outcomes.",Trade & Shipping,2026-01-02,BBC News,Saudi Arabia,North America
ART-11073,Foreign direct investment inflows contract sharply amid cross-border geopolitical instability,"Economic development ministries reported a significant deceleration in cross-border capital expenditures and joint venture investments. Corporate treasuries cited regulatory uncertainty, sovereign risk premia, and supply network vulnerabilities as key deterrents to long-term capital allocation. Reporting from Palestine, diplomatic and local observers noted that recent strategic shifts in Middle East continue to dictate regional outcomes.",Economic Impact,2026-08-25,BBC News,Palestine,Middle East
ART-10162,Naval task force engages hostile drone boats near China territorial waters,"Naval destroyers deployed in international waters intercepted multiple unmanned explosive surface vessels attempting to strike maritime patrol assets. Military officials stated that defensive kinetic munitions neutralized the threat prior to vessel breach, sustaining combat deterrence across critical coastal zones. Reporting from China, diplomatic and local observers noted that recent strategic shifts in South Asia continue to dictate regional outcomes.",Military Conflict,2026-09-22,BBC News,China,South Asia
ART-11224,Manufacturing purchasing managers index drops into contraction territory,"National manufacturing indices slumped below the critical 50-point threshold, signaling industrial output contraction across export-oriented sectors. Factory managers reported elevated input acquisition costs, backlog accumulation, and declining international export orders. Reporting from Germany, diplomatic and local observers noted that recent strategic shifts in Middle East continue to dictate regional outcomes.",Economic Impact,2026-06-08,Associated Press,Germany,Middle East
ART-10315,Parliamentary committee conducts emergency foreign policy debate on international accords,"Legislative leaders held intensive deliberations concerning diplomatic ratifications, treaty commitments, and international coalition partnerships. Government ministers reiterated diplomatic alignment while defending non-proliferation accords and diplomatic neutrality. Reporting from Iran, diplomatic and local observers noted that recent strategic shifts in Middle East continue to dictate regional outcomes.",Diplomatic / Political,2026-06-04,Wall Street Journal,Iran,Middle East
ART-10832,Port congestion and customs clearance bottlenecks escalate across major container terminals,"Logistics operators reported severe berthing delays and freight dwell times exceeding historical averages across maritime gateway hubs. Freight forwarders cited vessel bunching, rail intermodal backlogs, and maritime rerouting schedules as compounding drivers of supply chain gridlock. Reporting from Germany, diplomatic and local observers noted that recent strategic shifts in Middle East continue to dictate regional outcomes.",Trade & Shipping,2026-04-11,Associated Press,Germany,Middle East
ART-11067,Sovereign credit rating under review following capital flight and currency depreciation,,Economic Impact,2026-02-19,UN News,Germany,East Asia
ART-11132,Sovereign credit rating under review following capital flight and currency depreciation,"International credit rating agencies placed sovereign debt issuances on negative watch, citing widening fiscal deficits, rapid foreign reserve depletion, and heightened geopolitical risk premia. Domestic currency valuations experienced sharp depreciations against global reserve currencies. Reporting from Ukraine, diplomatic and local observers noted that recent strategic shifts in East Asia continue to dictate regional outcomes.",Economic Impact,2026-04-28,Financial Times,Ukraine,East Asia
ART-11271,Central banks signal interest rate adjustments as geopolitical inflation pressures broaden,"Monetary policy committees convened to evaluate persistent macroeconomic shocks stemming from import price inflation and commodity supply friction. Financial market analysts revised benchmark interest rate trajectories as headline consumer price indices reflected elevated freight and producer input expenses. Reporting from Poland, diplomatic and local observers noted that recent strategic shifts in East Asia continue to dictate regional outcomes.",Economic Impact,2026-08-27,Deutsche Welle,Poland,East Asia
ART-11342,United Nations launches emergency humanitarian relief appeal for food aid and medical shelter,"Humanitarian coordinators formally issued a multilateral funding appeal seeking urgent donor contributions to support frontline field clinics and nutritional distribution hubs. Aid convoys reported severe logistical hurdles attempting to deliver relief supplies to isolated civilian corridors. Reporting from Ukraine, diplomatic and local observers noted that recent strategic shifts in North America continue to dictate regional outcomes.",Humanitarian Impact,2026-04-11,Nikkei Asia,Ukraine,North America
ART-10205,Ballistic missile interceptor systems activated amid regional military escalation,"Air defense batteries engaged multiple incoming medium-range ballistic trajectories targeting military infrastructure. Defense ministries confirmed that surface-to-air missile batteries intercepted projectiles mid-course, placing joint task forces on maximum tactical readiness status. Reporting from United Kingdom, diplomatic and local observers noted that recent strategic shifts in Red Sea & Horn of Africa continue to dictate regional outcomes.",Military Conflict,2026-07-09,Wall Street Journal,United Kingdom,Red Sea & Horn of Africa
ART-10172,Naval task force engages hostile drone boats near China territorial waters,"Naval destroyers deployed in international waters intercepted multiple unmanned explosive surface vessels attempting to strike maritime patrol assets. Military officials stated that defensive kinetic munitions neutralized the threat prior to vessel breach, sustaining combat deterrence across critical coastal zones. Reporting from China, diplomatic and local observers noted that recent strategic shifts in Persian Gulf continue to dictate regional outcomes.",Military Conflict,2026-01-04,Financial Times,China,Persian Gulf
ART-10211,Artillery and drone strikes intensify along Middle East frontline,"Heavy military bombardment and tactical drone warfare escalated across the Middle East border overnight. Military defense commands confirmed multiple interceptor missile launches and sustained counter-battery fire. Ground forces mobilized armored divisions in response to cross-border incursions, leading to heightened combat alert status throughout contested defensive perimeters. Reporting from Taiwan, diplomatic and local observers noted that recent strategic shifts in Middle East continue to dictate regional outcomes.",Military Conflict,2026-04-15,Financial Times,Taiwan,Middle East
ART-10049,Border skirmish escalates with armor deployment and infantry engagements,"Tensions surged following armed skirmishes along the demarcation perimeter involving heavy mechanized infantry and mortar barrages. Both regional militaries issued conflicting claims regarding rules of engagement violations as reinforced defensive trenches exchanged active small arms and artillery fire. Reporting from Poland, diplomatic and local observers noted that recent strategic shifts in East Asia continue to dictate regional outcomes.",Military Conflict,2026-04-21,Al Jazeera,Poland,East Asia
ART-11378,"Field hospitals face critical shortages of surgical anesthetics, electricity, and clean water","Medical relief organizations operating inside crisis sectors issued urgent distress alerts regarding depleted pharmaceuticals, damaged municipal water treatment facilities, and erratic generator fuel supplies necessary to maintain life-saving intensive care facilities. Reporting from China, diplomatic and local observers noted that recent strategic shifts in Middle East continue to dictate regional outcomes.",Humanitarian Impact,2026-04-19,Al Jazeera,China,Middle East
ART-10320,Parliamentary committee conducts emergency foreign policy debate on international accords,,Diplomatic / Political,2026-02-09,Al Jazeera,Egypt,South Asia
ART-11266,Central banks signal interest rate adjustments as geopolitical inflation pressures broaden,"Monetary policy committees convened to evaluate persistent macroeconomic shocks stemming from import price inflation and commodity supply friction. Financial market analysts revised benchmark interest rate trajectories as headline consumer price indices reflected elevated freight and producer input expenses. Reporting from United Kingdom, diplomatic and local observers noted that recent strategic shifts in Red Sea & Horn of Africa continue to dictate regional outcomes.",Economic Impact,2026-03-22,BBC News,United Kingdom,Red Sea & Horn of Africa
ART-10168,Airstrikes strike strategic command centers and ammunition depots in Taiwan,"Fighter aircraft launched precision-guided ordnance targeting key military logistics hubs, radar installations, and tactical weapons caches near strategic sectors of Taiwan. Satellite reconnaissance verified structural destruction, while armed forces declared immediate airspace closure and defensive mobilization. Reporting from Taiwan, diplomatic and local observers noted that recent strategic shifts in North America continue to dictate regional outcomes.",Military Conflict,2026-06-28,UN News,Taiwan,North America
ART-11429,Disrupted municipal power grids and water filtration plants jeopardize civilian public health,"Public health authorities warned of escalating waterborne disease outbreaks after sustained infrastructure damage crippled municipal water purification networks and electrical sub-stations. Emergency relief teams deployed portable purification modules to mitigate sanitary hazards. Reporting from Germany, diplomatic and local observers noted that recent strategic shifts in Persian Gulf continue to dictate regional outcomes.",Humanitarian Impact,2026-01-14,Bloomberg,Germany,Persian Gulf
ART-10773,Bilateral tariff escalation and trade export controls enacted on critical components,"Commerce departments imposed sweeping customs tariffs and export license restrictions on key industrial raw materials and advanced components. Trade chambers expressed alarm over compliance costs and international supply chain fragmentation affecting bilateral trade volumes. Reporting from China, diplomatic and local observers noted that recent strategic shifts in North America continue to dictate regional outcomes.",Trade & Shipping,2026-08-08,Nikkei Asia,China,North America
ART-10938,Bilateral tariff escalation and trade export controls enacted on critical components,"Commerce departments imposed sweeping customs tariffs and export license restrictions on key industrial raw materials and advanced components. Trade chambers expressed alarm over compliance costs and international supply chain fragmentation affecting bilateral trade volumes. Reporting from United States, diplomatic and local observers noted that recent strategic shifts in Red Sea & Horn of Africa continue to dictate regional outcomes.",Trade & Shipping,2026-02-05,Reuters,United States,Red Sea & Horn of Africa
ART-10599,Offshore drilling rig security heightened following regional maritime threat warnings,"Deepwater exploration platforms operating in disputed maritime basins instituted enhanced exclusion zones and emergency evacuation drills. Energy corporations reported heightened maritime surveillance to safeguard critical liquefied natural gas terminals and offshore pipeline pumping stations. Reporting from Taiwan, diplomatic and local observers noted that recent strategic shifts in Western Europe continue to dictate regional outcomes.",Energy Risk,2026-08-05,Nikkei Asia,Taiwan,Western Europe
ART-11415,Civilian evacuation corridors established under international red cross mediation,"Humanitarian organizations coordinated temporary civilian safe-passage corridors to evacuate vulnerable elderly, women, and pediatric patients from active hostility perimeters. International observers monitored compliance to ensure unhindered transit for humanitarian convoys. Reporting from Germany, diplomatic and local observers noted that recent strategic shifts in Western Europe continue to dictate regional outcomes.",Humanitarian Impact,2026-05-28,Reuters,Germany,Western Europe
ART-10990,Air freight cargo rates spike as commercial shippers seek alternatives to ocean freight lanes,"Aviation logistics carriers reported an unprecedented surge in charter demand for urgent transcontinental air cargo, driven by persistent maritime shipping route disruptions. Freight indices registered double-digit increases in air cargo ton-mile rates for priority industrial freight. Reporting from China, diplomatic and local observers noted that recent strategic shifts in South Asia continue to dictate regional outcomes.",Trade & Shipping,2026-09-01,Al Jazeera,China,South Asia
ART-11063,Foreign direct investment inflows contract sharply amid cross-border geopolitical instability,"Economic development ministries reported a significant deceleration in cross-border capital expenditures and joint venture investments. Corporate treasuries cited regulatory uncertainty, sovereign risk premia, and supply network vulnerabilities as key deterrents to long-term capital allocation. Reporting from Ukraine, diplomatic and local observers noted that recent strategic shifts in South Asia continue to dictate regional outcomes.",Economic Impact,2026-07-15,Financial Times,Ukraine,South Asia
ART-10787,Port congestion and customs clearance bottlenecks escalate across major container terminals,"Logistics operators reported severe berthing delays and freight dwell times exceeding historical averages across maritime gateway hubs. Freight forwarders cited vessel bunching, rail intermodal backlogs, and maritime rerouting schedules as compounding drivers of supply chain gridlock. Reporting from Israel, diplomatic and local observers noted that recent strategic shifts in Eastern Europe continue to dictate regional outcomes.",Trade & Shipping,2026-04-22,Al Jazeera,Israel,Eastern Europe
ART-10711,Strait of Hormuz transit tensions spark crude oil and LNG supply disruptions,"Heightened naval alerts near critical energy choke points triggered immediate volatility across global benchmark crude contracts. Tanker charter operators raised war risk insurance premiums as energy intelligence analysts cautioned that maritime route interdictions could constrain daily flows of crude oil, refined distillates, and liquefied natural gas (LNG). Reporting from United States, diplomatic and local observers noted that recent strategic shifts in Eastern Europe continue to dictate regional outcomes.",Energy Risk,2026-03-05,Nikkei Asia,United States,Eastern Europe
ART-11178,Foreign direct investment inflows contract sharply amid cross-border geopolitical instability,"Economic development ministries reported a significant deceleration in cross-border capital expenditures and joint venture investments. Corporate treasuries cited regulatory uncertainty, sovereign risk premia, and supply network vulnerabilities as key deterrents to long-term capital allocation. Reporting from Saudi Arabia, diplomatic and local observers noted that recent strategic shifts in North America continue to dictate regional outcomes.",Economic Impact,2026-05-18,Deutsche Welle,Saudi Arabia,North America
ART-10783,Bilateral tariff escalation and trade export controls enacted on critical components,"Commerce departments imposed sweeping customs tariffs and export license restrictions on key industrial raw materials and advanced components. Trade chambers expressed alarm over compliance costs and international supply chain fragmentation affecting bilateral trade volumes. Reporting from Sudan, diplomatic and local observers noted that recent strategic shifts in Red Sea & Horn of Africa continue to dictate regional outcomes.",Trade & Shipping,2026-09-18,Associated Press,Sudan,Red Sea & Horn of Africa
ART-10718,Strategic petroleum reserve release weighed as refinery feedstock prices surge,"Energy authorities initiated contingency consultations regarding synchronized drawdowns from strategic oil reserves following regional energy infrastructure disruptions. Brent crude spot rates surged as market participants priced in persistent refinery feedstock shortages and pipeline outages. Reporting from Sudan, diplomatic and local observers noted that recent strategic shifts in East Asia continue to dictate regional outcomes.",Energy Risk,2026-01-12,Wall Street Journal,Sudan,East Asia
ART-10386,High-level bilateral diplomatic summit convenes in effort to de-escalate tensions,"Foreign ministers and strategic envoys met for emergency multilateral negotiations aimed at formulating a comprehensive ceasefire framework and de-escalation roadmap. Delegations engaged in protracted closed-door diplomatic talks regarding border demilitarization and treaty adherence. Reporting from Israel, diplomatic and local observers noted that recent strategic shifts in Middle East continue to dictate regional outcomes.",Diplomatic / Political,2026-05-19,Associated Press,Israel,Middle East
ART-10279,Regional coalition signs comprehensive non-aggression and diplomatic mediation pact,"Leaders of member states finalized a multilateral framework establishing joint diplomatic mediation channels, diplomatic consultation corridors, and bilateral confidence-building measures to prevent diplomatic estrangement across the alliance. Reporting from China, diplomatic and local observers noted that recent strategic shifts in Middle East continue to dictate regional outcomes.",Diplomatic / Political,2026-06-24,Wall Street Journal,China,Middle East
ART-10500,Parliamentary committee conducts emergency foreign policy debate on international accords,"Legislative leaders held intensive deliberations concerning diplomatic ratifications, treaty commitments, and international coalition partnerships. Government ministers reiterated diplomatic alignment while defending non-proliferation accords and diplomatic neutrality. Reporting from Germany, diplomatic and local observers noted that recent strategic shifts in Eastern Europe continue to dictate regional outcomes.",Diplomatic / Political,2026-02-21,Deutsche Welle,Germany,Eastern Europe
ART-10454,Regional coalition signs comprehensive non-aggression and diplomatic mediation pact,"Leaders of member states finalized a multilateral framework establishing joint diplomatic mediation channels, diplomatic consultation corridors, and bilateral confidence-building measures to prevent diplomatic estrangement across the alliance. Reporting from Saudi Arabia, diplomatic and local observers noted that recent strategic shifts in Eastern Europe continue to dictate regional outcomes.",Diplomatic / Political,2026-01-03,BBC News,Saudi Arabia,Eastern Europe
ART-10970,Air freight cargo rates spike as commercial shippers seek alternatives to ocean freight lanes,"Aviation logistics carriers reported an unprecedented surge in charter demand for urgent transcontinental air cargo, driven by persistent maritime shipping route disruptions. Freight indices registered double-digit increases in air cargo ton-mile rates for priority industrial freight. Reporting from Russia, diplomatic and local observers noted that recent strategic shifts in East Asia continue to dictate regional outcomes.",Trade & Shipping,2026-07-09,Financial Times,Russia,East Asia
ART-10835,Air freight cargo rates spike as commercial shippers seek alternatives to ocean freight lanes,"Aviation logistics carriers reported an unprecedented surge in charter demand for urgent transcontinental air cargo, driven by persistent maritime shipping route disruptions. Freight indices registered double-digit increases in air cargo ton-mile rates for priority industrial freight. Reporting from Poland, diplomatic and local observers noted that recent strategic shifts in Western Europe continue to dictate regional outcomes.",Trade & Shipping,2026-07-14,Wall Street Journal,Poland,Western Europe
ART-11145,Stock exchange volatility index spikes as investors seek safe-haven sovereign bonds and gold,"Equities across regional bourses recorded broad sell-offs, with industrial, aviation, and consumer discretionary shares leading declines. Capital allocators rotated liquidity into sovereign treasury securities, bullion, and cash equivalents amid heightened geopolitical uncertainty. Reporting from Germany, diplomatic and local observers noted that recent strategic shifts in Eastern Europe continue to dictate regional outcomes.",Economic Impact,2026-08-13,Reuters,Germany,Eastern Europe
ART-10953,Bilateral tariff escalation and trade export controls enacted on critical components,"Commerce departments imposed sweeping customs tariffs and export license restrictions on key industrial raw materials and advanced components. Trade chambers expressed alarm over compliance costs and international supply chain fragmentation affecting bilateral trade volumes. Reporting from United States, diplomatic and local observers noted that recent strategic shifts in East Asia continue to dictate regional outcomes.",Trade & Shipping,2026-08-20,BBC News,United States,East Asia
ART-10779,Bulk carrier grain vessels delayed as maritime safety inspection protocols expand,"Commercial maritime registries reported prolonged anchorage delays for dry bulk freighters awaiting safe passage clearances through designated maritime corridors. Insurers revised hull and cargo coverage stipulations, impacting export contract fulfillment for agricultural cargoes. Reporting from United States, diplomatic and local observers noted that recent strategic shifts in Persian Gulf continue to dictate regional outcomes.",Trade & Shipping,2026-05-14,Wall Street Journal,United States,Persian Gulf
ART-11097,Sovereign credit rating under review following capital flight and currency depreciation,"International credit rating agencies placed sovereign debt issuances on negative watch, citing widening fiscal deficits, rapid foreign reserve depletion, and heightened geopolitical risk premia. Domestic currency valuations experienced sharp depreciations against global reserve currencies. Reporting from Germany, diplomatic and local observers noted that recent strategic shifts in Red Sea & Horn of Africa continue to dictate regional outcomes.",Economic Impact,2026-05-21,Nikkei Asia,Germany,Red Sea & Horn of Africa
ART-11060,Stock exchange volatility index spikes as investors seek safe-haven sovereign bonds and gold,"Equities across regional bourses recorded broad sell-offs, with industrial, aviation, and consumer discretionary shares leading declines. Capital allocators rotated liquidity into sovereign treasury securities, bullion, and cash equivalents amid heightened geopolitical uncertainty. Reporting from Saudi Arabia, diplomatic and local observers noted that recent strategic shifts in Middle East continue to dictate regional outcomes.",Economic Impact,2026-04-12,Financial Times,Saudi Arabia,Middle East
ART-10389,Regional coalition signs comprehensive non-aggression and diplomatic mediation pact,"Leaders of member states finalized a multilateral framework establishing joint diplomatic mediation channels, diplomatic consultation corridors, and bilateral confidence-building measures to prevent diplomatic estrangement across the alliance. Reporting from Saudi Arabia, diplomatic and local observers noted that recent strategic shifts in Middle East continue to dictate regional outcomes.",Diplomatic / Political,2026-08-22,UN News,Saudi Arabia,Middle East
ART-10503,Ambassadorial recall and diplomatic protest notes delivered over treaty dispute,"Government officials formally summoned the resident ambassador and issued a stern diplomatic communique protesting recent policy shifts and border treaties. Ministry spokespersons emphasized diplomatic dialogue while recalling senior envoys for high-level foreign policy consultations. Reporting from Egypt, diplomatic and local observers noted that recent strategic shifts in Middle East continue to dictate regional outcomes.",Diplomatic / Political,2026-05-24,Nikkei Asia,Egypt,Middle East
ART-10277,United Nations Security Council debates draft resolution on sovereignty and border protocols,"Diplomats at the UN Headquarters convened an emergency session to deliberate a multilateral resolution addressing territorial sovereignty, diplomatic immunity, and international arbitration. Key permanent members presented competing revisions concerning compliance verification and peacekeeper mandates. Reporting from China, diplomatic and local observers noted that recent strategic shifts in East Asia continue to dictate regional outcomes.",Diplomatic / Political,2026-04-22,Al Jazeera,China,East Asia
ART-11372,United Nations launches emergency humanitarian relief appeal for food aid and medical shelter,"Humanitarian coordinators formally issued a multilateral funding appeal seeking urgent donor contributions to support frontline field clinics and nutritional distribution hubs. Aid convoys reported severe logistical hurdles attempting to deliver relief supplies to isolated civilian corridors. Reporting from Israel, diplomatic and local observers noted that recent strategic shifts in North America continue to dictate regional outcomes.",Humanitarian Impact,2026-07-13,BBC News,Israel,North America
ART-11164,Manufacturing purchasing managers index drops into contraction territory,"National manufacturing indices slumped below the critical 50-point threshold, signaling industrial output contraction across export-oriented sectors. Factory managers reported elevated input acquisition costs, backlog accumulation, and declining international export orders. Reporting from Poland, diplomatic and local observers noted that recent strategic shifts in Western Europe continue to dictate regional outcomes.",Economic Impact,2026-09-04,Nikkei Asia,Poland,Western Europe
ART-11498,"Field hospitals face critical shortages of surgical anesthetics, electricity, and clean water","Medical relief organizations operating inside crisis sectors issued urgent distress alerts regarding depleted pharmaceuticals, damaged municipal water treatment facilities, and erratic generator fuel supplies necessary to maintain life-saving intensive care facilities. Reporting from Poland, diplomatic and local observers noted that recent strategic shifts in East Asia continue to dictate regional outcomes.",Humanitarian Impact,2026-07-27,Nikkei Asia,Poland,East Asia
ART-11251,Central banks signal interest rate adjustments as geopolitical inflation pressures broaden,"Monetary policy committees convened to evaluate persistent macroeconomic shocks stemming from import price inflation and commodity supply friction. Financial market analysts revised benchmark interest rate trajectories as headline consumer price indices reflected elevated freight and producer input expenses. Reporting from Poland, diplomatic and local observers noted that recent strategic shifts in Persian Gulf continue to dictate regional outcomes.",,2026-06-07,BBC News,Poland,Persian Gulf
ART-10120,Ballistic missile interceptor systems activated amid regional military escalation,"Air defense batteries engaged multiple incoming medium-range ballistic trajectories targeting military infrastructure. Defense ministries confirmed that surface-to-air missile batteries intercepted projectiles mid-course, placing joint task forces on maximum tactical readiness status. Reporting from Sudan, diplomatic and local observers noted that recent strategic shifts in Red Sea & Horn of Africa continue to dictate regional outcomes.",Military Conflict,2026-03-08,Financial Times,Sudan,Red Sea & Horn of Africa
ART-11040,Stock exchange volatility index spikes as investors seek safe-haven sovereign bonds and gold,"Equities across regional bourses recorded broad sell-offs, with industrial, aviation, and consumer discretionary shares leading declines. Capital allocators rotated liquidity into sovereign treasury securities, bullion, and cash equivalents amid heightened geopolitical uncertainty. Reporting from Sudan, diplomatic and local observers noted that recent strategic shifts in East Asia continue to dictate regional outcomes.",Economic Impact,2026-02-20,Wall Street Journal,Sudan,East Asia
ART-10961,Container shipping carriers divert cargo fleets around Cape of Good Hope amid maritime threats,"Major international ocean carriers announced sweeping rerouting orders, diverting container vessels around the African continent to bypass hazardous maritime corridors. The maritime diversion adds 10 to 14 days to standard transit times, tightening vessel capacity, delaying container turnaround times, and triggering sharp increases in global container spot freight rates. Reporting from Palestine, diplomatic and local observers noted that recent strategic shifts in Red Sea & Horn of Africa continue to dictate regional outcomes.",Trade & Shipping,2026-07-28,Nikkei Asia,Palestine,Red Sea & Horn of Africa
ART-10996,Container shipping carriers divert cargo fleets around Cape of Good Hope amid maritime threats,"Major international ocean carriers announced sweeping rerouting orders, diverting container vessels around the African continent to bypass hazardous maritime corridors. The maritime diversion adds 10 to 14 days to standard transit times, tightening vessel capacity, delaying container turnaround times, and triggering sharp increases in global container spot freight rates. Reporting from United Kingdom, diplomatic and local observers noted that recent strategic shifts in Western Europe continue to dictate regional outcomes.",Trade & Shipping,2026-06-07,UN News,United Kingdom,Western Europe
ART-11051,Central banks signal interest rate adjustments as geopolitical inflation pressures broaden,"Monetary policy committees convened to evaluate persistent macroeconomic shocks stemming from import price inflation and commodity supply friction. Financial market analysts revised benchmark interest rate trajectories as headline consumer price indices reflected elevated freight and producer input expenses. Reporting from Iran, diplomatic and local observers noted that recent strategic shifts in North America continue to dictate regional outcomes.",Economic Impact,2026-04-03,Wall Street Journal,Iran,North America
ART-10449,Regional coalition signs comprehensive non-aggression and diplomatic mediation pact,"Leaders of member states finalized a multilateral framework establishing joint diplomatic mediation channels, diplomatic consultation corridors, and bilateral confidence-building measures to prevent diplomatic estrangement across the alliance. Reporting from United Kingdom, diplomatic and local observers noted that recent strategic shifts in Middle East continue to dictate regional outcomes.",Diplomatic / Political,2026-05-26,BBC News,United Kingdom,Middle East
ART-11152,Sovereign credit rating under review following capital flight and currency depreciation,"International credit rating agencies placed sovereign debt issuances on negative watch, citing widening fiscal deficits, rapid foreign reserve depletion, and heightened geopolitical risk premia. Domestic currency valuations experienced sharp depreciations against global reserve currencies. Reporting from Palestine, diplomatic and local observers noted that recent strategic shifts in Eastern Europe continue to dictate regional outcomes.",Economic Impact,2026-06-20,Nikkei Asia,Palestine,Eastern Europe
ART-10869,Bulk carrier grain vessels delayed as maritime safety inspection protocols expand,"Commercial maritime registries reported prolonged anchorage delays for dry bulk freighters awaiting safe passage clearances through designated maritime corridors. Insurers revised hull and cargo coverage stipulations, impacting export contract fulfillment for agricultural cargoes. Reporting from Poland, diplomatic and local observers noted that recent strategic shifts in East Asia continue to dictate regional outcomes.",Trade & Shipping,2026-05-20,Associated Press,Poland,East Asia
ART-11414,Disrupted municipal power grids and water filtration plants jeopardize civilian public health,"Public health authorities warned of escalating waterborne disease outbreaks after sustained infrastructure damage crippled municipal water purification networks and electrical sub-stations. Emergency relief teams deployed portable purification modules to mitigate sanitary hazards. Reporting from Ukraine, diplomatic and local observers noted that recent strategic shifts in North America continue to dictate regional outcomes.",Humanitarian Impact,2026-04-27,Nikkei Asia,Ukraine,North America
ART-10337,United Nations Security Council debates draft resolution on sovereignty and border protocols,"Diplomats at the UN Headquarters convened an emergency session to deliberate a multilateral resolution addressing territorial sovereignty, diplomatic immunity, and international arbitration. Key permanent members presented competing revisions concerning compliance verification and peacekeeper mandates. Reporting from Palestine, diplomatic and local observers noted that recent strategic shifts in Persian Gulf continue to dictate regional outcomes.",Diplomatic / Political,2026-01-26,BBC News,Palestine,Persian Gulf
ART-11370,Civilian evacuation corridors established under international red cross mediation,"Humanitarian organizations coordinated temporary civilian safe-passage corridors to evacuate vulnerable elderly, women, and pediatric patients from active hostility perimeters. International observers monitored compliance to ensure unhindered transit for humanitarian convoys. Reporting from Egypt, diplomatic and local observers noted that recent strategic shifts in North America continue to dictate regional outcomes.",Humanitarian Impact,2026-05-11,Financial Times,Egypt,North America
ART-10997,Port congestion and customs clearance bottlenecks escalate across major container terminals,"Logistics operators reported severe berthing delays and freight dwell times exceeding historical averages across maritime gateway hubs. Freight forwarders cited vessel bunching, rail intermodal backlogs, and maritime rerouting schedules as compounding drivers of supply chain gridlock. Reporting from Palestine, diplomatic and local observers noted that recent strategic shifts in Western Europe continue to dictate regional outcomes.",Trade & Shipping,2026-07-08,Financial Times,Palestine,Western Europe
ART-11362,United Nations launches emergency humanitarian relief appeal for food aid and medical shelter,"Humanitarian coordinators formally issued a multilateral funding appeal seeking urgent donor contributions to support frontline field clinics and nutritional distribution hubs. Aid convoys reported severe logistical hurdles attempting to deliver relief supplies to isolated civilian corridors. Reporting from Sudan, diplomatic and local observers noted that recent strategic shifts in Persian Gulf continue to dictate regional outcomes.",Humanitarian Impact,2026-06-03,Nikkei Asia,Sudan,Persian Gulf
ART-11285,Civilian evacuation corridors established under international red cross mediation,"Humanitarian organizations coordinated temporary civilian safe-passage corridors to evacuate vulnerable elderly, women, and pediatric patients from active hostility perimeters. International observers monitored compliance to ensure unhindered transit for humanitarian convoys. Reporting from India, diplomatic and local observers noted that recent strategic shifts in East Asia continue to dictate regional outcomes.",Humanitarian Impact,2026-01-10,Reuters,India,East Asia
ART-10157,Naval task force engages hostile drone boats near Germany territorial waters,"Naval destroyers deployed in international waters intercepted multiple unmanned explosive surface vessels attempting to strike maritime patrol assets. Military officials stated that defensive kinetic munitions neutralized the threat prior to vessel breach, sustaining combat deterrence across critical coastal zones. Reporting from Germany, diplomatic and local observers noted that recent strategic shifts in Persian Gulf continue to dictate regional outcomes.",Military Conflict,2026-04-17,Bloomberg,Germany,Persian Gulf
ART-10458,Ambassadorial recall and diplomatic protest notes delivered over treaty dispute,"Government officials formally summoned the resident ambassador and issued a stern diplomatic communique protesting recent policy shifts and border treaties. Ministry spokespersons emphasized diplomatic dialogue while recalling senior envoys for high-level foreign policy consultations. Reporting from Yemen, diplomatic and local observers noted that recent strategic shifts in Western Europe continue to dictate regional outcomes.",Diplomatic / Political,2026-05-07,Al Jazeera,Yemen,Western Europe
ART-10253,Airstrikes strike strategic command centers and ammunition depots in Russia,"Fighter aircraft launched precision-guided ordnance targeting key military logistics hubs, radar installations, and tactical weapons caches near strategic sectors of Russia. Satellite reconnaissance verified structural destruction, while armed forces declared immediate airspace closure and defensive mobilization. Reporting from Russia, diplomatic and local observers noted that recent strategic shifts in East Asia continue to dictate regional outcomes.",Military Conflict,2026-01-01,Al Jazeera,Russia,East Asia
ART-10910,Air freight cargo rates spike as commercial shippers seek alternatives to ocean freight lanes,"Aviation logistics carriers reported an unprecedented surge in charter demand for urgent transcontinental air cargo, driven by persistent maritime shipping route disruptions. Freight indices registered double-digit increases in air cargo ton-mile rates for priority industrial freight. Reporting from Israel, diplomatic and local observers noted that recent strategic shifts in Middle East continue to dictate regional outcomes.",Trade & Shipping,2026-01-05,Reuters,Israel,Middle East
ART-11226,Central banks signal interest rate adjustments as geopolitical inflation pressures broaden,"Monetary policy committees convened to evaluate persistent macroeconomic shocks stemming from import price inflation and commodity supply friction. Financial market analysts revised benchmark interest rate trajectories as headline consumer price indices reflected elevated freight and producer input expenses. Reporting from Iran, diplomatic and local observers noted that recent strategic shifts in Western Europe continue to dictate regional outcomes.",Economic Impact,2026-08-10,BBC News,Iran,Western Europe
ART-11420,Civilian evacuation corridors established under international red cross mediation,"Humanitarian organizations coordinated temporary civilian safe-passage corridors to evacuate vulnerable elderly, women, and pediatric patients from active hostility perimeters. International observers monitored compliance to ensure unhindered transit for humanitarian convoys. Reporting from Israel, diplomatic and local observers noted that recent strategic shifts in South Asia continue to dictate regional outcomes.",Humanitarian Impact,2026-01-05,Deutsche Welle,Israel,South Asia
ART-10810,Air freight cargo rates spike as commercial shippers seek alternatives to ocean freight lanes,"Aviation logistics carriers reported an unprecedented surge in charter demand for urgent transcontinental air cargo, driven by persistent maritime shipping route disruptions. Freight indices registered double-digit increases in air cargo ton-mile rates for priority industrial freight. Reporting from Iran, diplomatic and local observers noted that recent strategic shifts in North America continue to dictate regional outcomes.",Trade & Shipping,2026-09-17,BBC News,Iran,North America
ART-11011,Container shipping carriers divert cargo fleets around Cape of Good Hope amid maritime threats,"Major international ocean carriers announced sweeping rerouting orders, diverting container vessels around the African continent to bypass hazardous maritime corridors. The maritime diversion adds 10 to 14 days to standard transit times, tightening vessel capacity, delaying container turnaround times, and triggering sharp increases in global container spot freight rates. Reporting from United States, diplomatic and local observers noted that recent strategic shifts in Middle East continue to dictate regional outcomes.",Trade & Shipping,2026-03-22,Reuters,United States,Middle East
ART-10655,OPEC+ convenes emergency production quota meeting as geopolitical supply risks mount,"Petroleum export ministers gathered for extraordinary consultations to review crude output allocations and export facility vulnerabilities. Analysts highlighted that potential localized transit choke point disruptions threaten to strain spare production capacity across export terminals. Reporting from Palestine, diplomatic and local observers noted that recent strategic shifts in Western Europe continue to dictate regional outcomes.",Energy Risk,2026-01-05,Bloomberg,Palestine,Western Europe
ART-10861,Container shipping carriers divert cargo fleets around Cape of Good Hope amid maritime threats,"Major international ocean carriers announced sweeping rerouting orders, diverting container vessels around the African continent to bypass hazardous maritime corridors. The maritime diversion adds 10 to 14 days to standard transit times, tightening vessel capacity, delaying container turnaround times, and triggering sharp increases in global container spot freight rates. Reporting from Iran, diplomatic and local observers noted that recent strategic shifts in Persian Gulf continue to dictate regional outcomes.",Trade & Shipping,2026-06-12,Nikkei Asia,Iran,Persian Gulf
ART-11030,Stock exchange volatility index spikes as investors seek safe-haven sovereign bonds and gold,"Equities across regional bourses recorded broad sell-offs, with industrial, aviation, and consumer discretionary shares leading declines. Capital allocators rotated liquidity into sovereign treasury securities, bullion, and cash equivalents amid heightened geopolitical uncertainty. Reporting from China, diplomatic and local observers noted that recent strategic shifts in Eastern Europe continue to dictate regional outcomes.",Economic Impact,2026-01-10,Al Jazeera,China,Eastern Europe
ART-10929,Bulk carrier grain vessels delayed as maritime safety inspection protocols expand,"Commercial maritime registries reported prolonged anchorage delays for dry bulk freighters awaiting safe passage clearances through designated maritime corridors. Insurers revised hull and cargo coverage stipulations, impacting export contract fulfillment for agricultural cargoes. Reporting from Taiwan, diplomatic and local observers noted that recent strategic shifts in Red Sea & Horn of Africa continue to dictate regional outcomes.",Trade & Shipping,2026-02-24,UN News,Taiwan,Red Sea & Horn of Africa
ART-10716,Strait of Hormuz transit tensions spark crude oil and LNG supply disruptions,"Heightened naval alerts near critical energy choke points triggered immediate volatility across global benchmark crude contracts. Tanker charter operators raised war risk insurance premiums as energy intelligence analysts cautioned that maritime route interdictions could constrain daily flows of crude oil, refined distillates, and liquefied natural gas (LNG). Reporting from India, diplomatic and local observers noted that recent strategic shifts in East Asia continue to dictate regional outcomes.",Energy Risk,2026-08-10,Nikkei Asia,India,East Asia
ART-11124,Manufacturing purchasing managers index drops into contraction territory,"National manufacturing indices slumped below the critical 50-point threshold, signaling industrial output contraction across export-oriented sectors. Factory managers reported elevated input acquisition costs, backlog accumulation, and declining international export orders. Reporting from Palestine, diplomatic and local observers noted that recent strategic shifts in Red Sea & Horn of Africa continue to dictate regional outcomes.",Economic Impact,2026-05-20,Bloomberg,Palestine,Red Sea & Horn of Africa
ART-11483,"Field hospitals face critical shortages of surgical anesthetics, electricity, and clean water","Medical relief organizations operating inside crisis sectors issued urgent distress alerts regarding depleted pharmaceuticals, damaged municipal water treatment facilities, and erratic generator fuel supplies necessary to maintain life-saving intensive care facilities. Reporting from United Kingdom, diplomatic and local observers noted that recent strategic shifts in Western Europe continue to dictate regional outcomes.",Humanitarian Impact,2026-01-12,Reuters,United Kingdom,Western Europe
ART-10967,Port congestion and customs clearance bottlenecks escalate across major container terminals,"Logistics operators reported severe berthing delays and freight dwell times exceeding historical averages across maritime gateway hubs. Freight forwarders cited vessel bunching, rail intermodal backlogs, and maritime rerouting schedules as compounding drivers of supply chain gridlock. Reporting from China, diplomatic and local observers noted that recent strategic shifts in North America continue to dictate regional outcomes.",Trade & Shipping,2026-04-06,BBC News,China,North America
ART-10871,Container shipping carriers divert cargo fleets around Cape of Good Hope amid maritime threats,"Major international ocean carriers announced sweeping rerouting orders, diverting container vessels around the African continent to bypass hazardous maritime corridors. The maritime diversion adds 10 to 14 days to standard transit times, tightening vessel capacity, delaying container turnaround times, and triggering sharp increases in global container spot freight rates. Reporting from Russia, diplomatic and local observers noted that recent strategic shifts in South Asia continue to dictate regional outcomes.",Trade & Shipping,2026-07-22,Financial Times,Russia,South Asia
ART-10422,United Nations Security Council debates draft resolution on sovereignty and border protocols,"Diplomats at the UN Headquarters convened an emergency session to deliberate a multilateral resolution addressing territorial sovereignty, diplomatic immunity, and international arbitration. Key permanent members presented competing revisions concerning compliance verification and peacekeeper mandates. Reporting from United Kingdom, diplomatic and local observers noted that recent strategic shifts in Middle East continue to dictate regional outcomes.",Diplomatic / Political,2026-05-27,BBC News,United Kingdom,Middle East
ART-10382,United Nations Security Council debates draft resolution on sovereignty and border protocols,"Diplomats at the UN Headquarters convened an emergency session to deliberate a multilateral resolution addressing territorial sovereignty, diplomatic immunity, and international arbitration. Key permanent members presented competing revisions concerning compliance verification and peacekeeper mandates. Reporting from United Kingdom, diplomatic and local observers noted that recent strategic shifts in North America continue to dictate regional outcomes.",Diplomatic / Political,2026-01-15,UN News,United Kingdom,North America
ART-11331,Refugee displacement crisis deepens as civilian populations flee contested border zones,"International humanitarian relief agencies reported that over 250,000 civilians have been displaced from conflict-affected frontier zones over recent weeks. Overcrowded temporary resettlement shelters face severe shortages of potable water, emergency medical supplies, and sanitation infrastructure. Reporting from Ukraine, diplomatic and local observers noted that recent strategic shifts in North America continue to dictate regional outcomes.",Humanitarian Impact,2026-02-28,Associated Press,Ukraine,North America
ART-11310,Civilian evacuation corridors established under international red cross mediation,"Humanitarian organizations coordinated temporary civilian safe-passage corridors to evacuate vulnerable elderly, women, and pediatric patients from active hostility perimeters. International observers monitored compliance to ensure unhindered transit for humanitarian convoys. Reporting from China, diplomatic and local observers noted that recent strategic shifts in Red Sea & Horn of Africa continue to dictate regional outcomes.",Humanitarian Impact,2026-08-07,BBC News,China,Red Sea & Horn of Africa
ART-10570,OPEC+ convenes emergency production quota meeting as geopolitical supply risks mount,"Petroleum export ministers gathered for extraordinary consultations to review crude output allocations and export facility vulnerabilities. Analysts highlighted that potential localized transit choke point disruptions threaten to strain spare production capacity across export terminals. Reporting from Israel, diplomatic and local observers noted that recent strategic shifts in Eastern Europe continue to dictate regional outcomes.",Energy Risk,2026-06-04,Deutsche Welle,Israel,Eastern Europe
ART-11122,Sovereign credit rating under review following capital flight and currency depreciation,"International credit rating agencies placed sovereign debt issuances on negative watch, citing widening fiscal deficits, rapid foreign reserve depletion, and heightened geopolitical risk premia. Domestic currency valuations experienced sharp depreciations against global reserve currencies. Reporting from Ukraine, diplomatic and local observers noted that recent strategic shifts in Western Europe continue to dictate regional outcomes.",Economic Impact,2026-03-18,Al Jazeera,Ukraine,Western Europe
ART-10117,Naval task force engages hostile drone boats near Iran territorial waters,"Naval destroyers deployed in international waters intercepted multiple unmanned explosive surface vessels attempting to strike maritime patrol assets. Military officials stated that defensive kinetic munitions neutralized the threat prior to vessel breach, sustaining combat deterrence across critical coastal zones. Reporting from Iran, diplomatic and local observers noted that recent strategic shifts in Middle East continue to dictate regional outcomes.",Military Conflict,2026-09-05,UN News,Iran,Middle East
ART-10648,Strategic petroleum reserve release weighed as refinery feedstock prices surge,"Energy authorities initiated contingency consultations regarding synchronized drawdowns from strategic oil reserves following regional energy infrastructure disruptions. Brent crude spot rates surged as market participants priced in persistent refinery feedstock shortages and pipeline outages. Reporting from Russia, diplomatic and local observers noted that recent strategic shifts in East Asia continue to dictate regional outcomes.",Energy Risk,2026-03-26,UN News,Russia,East Asia
ART-10601,Strait of Hormuz transit tensions spark crude oil and LNG supply disruptions,"Heightened naval alerts near critical energy choke points triggered immediate volatility across global benchmark crude contracts. Tanker charter operators raised war risk insurance premiums as energy intelligence analysts cautioned that maritime route interdictions could constrain daily flows of crude oil, refined distillates, and liquefied natural gas (LNG). Reporting from United Kingdom, diplomatic and local observers noted that recent strategic shifts in South Asia continue to dictate regional outcomes.",Energy Risk,2026-01-07,Deutsche Welle,United Kingdom,South Asia
ART-11162,Sovereign credit rating under review following capital flight and currency depreciation,"International credit rating agencies placed sovereign debt issuances on negative watch, citing widening fiscal deficits, rapid foreign reserve depletion, and heightened geopolitical risk premia. Domestic currency valuations experienced sharp depreciations against global reserve currencies. Reporting from India, diplomatic and local observers noted that recent strategic shifts in Eastern Europe continue to dictate regional outcomes.",Economic Impact,2026-07-02,Deutsche Welle,India,Eastern Europe
ART-10851,Container shipping carriers divert cargo fleets around Cape of Good Hope amid maritime threats,"Major international ocean carriers announced sweeping rerouting orders, diverting container vessels around the African continent to bypass hazardous maritime corridors. The maritime diversion adds 10 to 14 days to standard transit times, tightening vessel capacity, delaying container turnaround times, and triggering sharp increases in global container spot freight rates. Reporting from United States, diplomatic and local observers noted that recent strategic shifts in Persian Gulf continue to dictate regional outcomes.",Trade & Shipping,2026-05-02,Nikkei Asia,United States,Persian Gulf
ART-11242,Sovereign credit rating under review following capital flight and currency depreciation,"International credit rating agencies placed sovereign debt issuances on negative watch, citing widening fiscal deficits, rapid foreign reserve depletion, and heightened geopolitical risk premia. Domestic currency valuations experienced sharp depreciations against global reserve currencies. Reporting from Poland, diplomatic and local observers noted that recent strategic shifts in Western Europe continue to dictate regional outcomes.",Economic Impact,2026-06-26,UN News,Poland,Western Europe
ART-10948,Bilateral tariff escalation and trade export controls enacted on critical components,"Commerce departments imposed sweeping customs tariffs and export license restrictions on key industrial raw materials and advanced components. Trade chambers expressed alarm over compliance costs and international supply chain fragmentation affecting bilateral trade volumes. Reporting from Israel, diplomatic and local observers noted that recent strategic shifts in North America continue to dictate regional outcomes.",Trade & Shipping,2026-03-15,Associated Press,Israel,North America
ART-10434,Regional coalition signs comprehensive non-aggression and diplomatic mediation pact,"Leaders of member states finalized a multilateral framework establishing joint diplomatic mediation channels, diplomatic consultation corridors, and bilateral confidence-building measures to prevent diplomatic estrangement across the alliance. Reporting from Palestine, diplomatic and local observers noted that recent strategic shifts in East Asia continue to dictate regional outcomes.",Diplomatic / Political,2026-08-11,Al Jazeera,Palestine,East Asia
ART-11493,,"Medical relief organizations operating inside crisis sectors issued urgent distress alerts regarding depleted pharmaceuticals, damaged municipal water treatment facilities, and erratic generator fuel supplies necessary to maintain life-saving intensive care facilities. Reporting from Yemen, diplomatic and local observers noted that recent strategic shifts in Red Sea & Horn of Africa continue to dictate regional outcomes.",Humanitarian Impact,2026-02-22,Associated Press,Yemen,Red Sea & Horn of Africa
ART-10173,Airstrikes strike strategic command centers and ammunition depots in United States,"Fighter aircraft launched precision-guided ordnance targeting key military logistics hubs, radar installations, and tactical weapons caches near strategic sectors of United States. Satellite reconnaissance verified structural destruction, while armed forces declared immediate airspace closure and defensive mobilization. Reporting from United States, diplomatic and local observers noted that recent strategic shifts in North America continue to dictate regional outcomes.",Military Conflict,2026-02-05,Wall Street Journal,United States,North America
ART-10723,Strategic petroleum reserve release weighed as refinery feedstock prices surge,"Energy authorities initiated contingency consultations regarding synchronized drawdowns from strategic oil reserves following regional energy infrastructure disruptions. Brent crude spot rates surged as market participants priced in persistent refinery feedstock shortages and pipeline outages. Reporting from Israel, diplomatic and local observers noted that recent strategic shifts in Red Sea & Horn of Africa continue to dictate regional outcomes.",Energy Risk,2026-06-17,Reuters,Israel,Red Sea & Horn of Africa
ART-10276,High-level bilateral diplomatic summit convenes in effort to de-escalate tensions,"Foreign ministers and strategic envoys met for emergency multilateral negotiations aimed at formulating a comprehensive ceasefire framework and de-escalation roadmap. Delegations engaged in protracted closed-door diplomatic talks regarding border demilitarization and treaty adherence. Reporting from Poland, diplomatic and local observers noted that recent strategic shifts in Middle East continue to dictate regional outcomes.",Diplomatic / Political,2026-03-21,Reuters,Poland,Middle East
ART-11214,Manufacturing purchasing managers index drops into contraction territory,"National manufacturing indices slumped below the critical 50-point threshold, signaling industrial output contraction across export-oriented sectors. Factory managers reported elevated input acquisition costs, backlog accumulation, and declining international export orders. Reporting from Sudan, diplomatic and local observers noted that recent strategic shifts in East Asia continue to dictate regional outcomes.",Economic Impact,2026-05-26,Reuters,Sudan,East Asia
ART-10729,Offshore drilling rig security heightened following regional maritime threat warnings,"Deepwater exploration platforms operating in disputed maritime basins instituted enhanced exclusion zones and emergency evacuation drills. Energy corporations reported heightened maritime surveillance to safeguard critical liquefied natural gas terminals and offshore pipeline pumping stations. Reporting from Poland, diplomatic and local observers noted that recent strategic shifts in Red Sea & Horn of Africa continue to dictate regional outcomes.",Energy Risk,2026-03-23,Deutsche Welle,Poland,Red Sea & Horn of Africa
ART-10836,Container shipping carriers divert cargo fleets around Cape of Good Hope amid maritime threats,"Major international ocean carriers announced sweeping rerouting orders, diverting container vessels around the African continent to bypass hazardous maritime corridors. The maritime diversion adds 10 to 14 days to standard transit times, tightening vessel capacity, delaying container turnaround times, and triggering sharp increases in global container spot freight rates. Reporting from Palestine, diplomatic and local observers noted that recent strategic shifts in Persian Gulf continue to dictate regional outcomes.",Trade & Shipping,2026-08-15,Wall Street Journal,Palestine,Persian Gulf
ART-10697,Major natural gas pipeline flow throttled amid geopolitical transit disagreements,"Subsea pipeline monitoring stations recorded a sharp 35% reduction in natural gas transit volumes following regulatory and political disputes between transit nations. Energy ministers warned industrial consumers of potential supply rationing and power grid balancing interventions ahead of winter reserve replenishment. Reporting from Germany, diplomatic and local observers noted that recent strategic shifts in North America continue to dictate regional outcomes.",Energy Risk,2026-07-19,Financial Times,Germany,North America
ART-10821,Container shipping carriers divert cargo fleets around Cape of Good Hope amid maritime threats,"Major international ocean carriers announced sweeping rerouting orders, diverting container vessels around the African continent to bypass hazardous maritime corridors. The maritime diversion adds 10 to 14 days to standard transit times, tightening vessel capacity, delaying container turnaround times, and triggering sharp increases in global container spot freight rates. Reporting from Poland, diplomatic and local observers noted that recent strategic shifts in North America continue to dictate regional outcomes.",Trade & Shipping,2026-02-28,Nikkei Asia,Poland,North America
ART-11230,Stock exchange volatility index spikes as investors seek safe-haven sovereign bonds and gold,"Equities across regional bourses recorded broad sell-offs, with industrial, aviation, and consumer discretionary shares leading declines. Capital allocators rotated liquidity into sovereign treasury securities, bullion, and cash equivalents amid heightened geopolitical uncertainty. Reporting from United Kingdom, diplomatic and local observers noted that recent strategic shifts in South Asia continue to dictate regional outcomes.",Economic Impact,2026-03-14,UN News,United Kingdom,South Asia
ART-10189,Border skirmish escalates with armor deployment and infantry engagements,"Tensions surged following armed skirmishes along the demarcation perimeter involving heavy mechanized infantry and mortar barrages. Both regional militaries issued conflicting claims regarding rules of engagement violations as reinforced defensive trenches exchanged active small arms and artillery fire. Reporting from Taiwan, diplomatic and local observers noted that recent strategic shifts in Persian Gulf continue to dictate regional outcomes.",Military Conflict,2026-09-21,Al Jazeera,Taiwan,Persian Gulf
ART-11146,Central banks signal interest rate adjustments as geopolitical inflation pressures broaden,"Monetary policy committees convened to evaluate persistent macroeconomic shocks stemming from import price inflation and commodity supply friction. Financial market analysts revised benchmark interest rate trajectories as headline consumer price indices reflected elevated freight and producer input expenses. Reporting from Poland, diplomatic and local observers noted that recent strategic shifts in East Asia continue to dictate regional outcomes.",Economic Impact,2026-09-14,Bloomberg,Poland,East Asia
ART-10600,OPEC+ convenes emergency production quota meeting as geopolitical supply risks mount,"Petroleum export ministers gathered for extraordinary consultations to review crude output allocations and export facility vulnerabilities. Analysts highlighted that potential localized transit choke point disruptions threaten to strain spare production capacity across export terminals. Reporting from Sudan, diplomatic and local observers noted that recent strategic shifts in Middle East continue to dictate regional outcomes.",Energy Risk,2026-09-06,UN News,Sudan,Middle East
ART-10283,Ambassadorial recall and diplomatic protest notes delivered over treaty dispute,"Government officials formally summoned the resident ambassador and issued a stern diplomatic communique protesting recent policy shifts and border treaties. Ministry spokespersons emphasized diplomatic dialogue while recalling senior envoys for high-level foreign policy consultations. Reporting from United Kingdom, diplomatic and local observers noted that recent strategic shifts in East Asia continue to dictate regional outcomes.",Diplomatic / Political,2026-01-28,UN News,United Kingdom,East Asia
ART-10878,Bilateral tariff escalation and trade export controls enacted on critical components,"Commerce departments imposed sweeping customs tariffs and export license restrictions on key industrial raw materials and advanced components. Trade chambers expressed alarm over compliance costs and international supply chain fragmentation affecting bilateral trade volumes. Reporting from United Kingdom, diplomatic and local observers noted that recent strategic shifts in South Asia continue to dictate regional outcomes.",Trade & Shipping,2026-05-01,BBC News,United Kingdom,South Asia
ART-10349,Regional coalition signs comprehensive non-aggression and diplomatic mediation pact,"Leaders of member states finalized a multilateral framework establishing joint diplomatic mediation channels, diplomatic consultation corridors, and bilateral confidence-building measures to prevent diplomatic estrangement across the alliance. Reporting from Poland, diplomatic and local observers noted that recent strategic shifts in North America continue to dictate regional outcomes.",Diplomatic / Political,2026-04-10,Al Jazeera,Poland,North America
ART-10085,Ballistic missile interceptor systems activated amid regional military escalation,"Air defense batteries engaged multiple incoming medium-range ballistic trajectories targeting military infrastructure. Defense ministries confirmed that surface-to-air missile batteries intercepted projectiles mid-course, placing joint task forces on maximum tactical readiness status. Reporting from Palestine, diplomatic and local observers noted that recent strategic shifts in Red Sea & Horn of Africa continue to dictate regional outcomes.",Military Conflict,2026-04-01,Deutsche Welle,Palestine,Red Sea & Horn of Africa
ART-10759,Offshore drilling rig security heightened following regional maritime threat warnings,"Deepwater exploration platforms operating in disputed maritime basins instituted enhanced exclusion zones and emergency evacuation drills. Energy corporations reported heightened maritime surveillance to safeguard critical liquefied natural gas terminals and offshore pipeline pumping stations. Reporting from Egypt, diplomatic and local observers noted that recent strategic shifts in North America continue to dictate regional outcomes.",Energy Risk,2026-06-25,Wall Street Journal,Egypt,North America
ART-11022,Sovereign credit rating under review following capital flight and currency depreciation,"International credit rating agencies placed sovereign debt issuances on negative watch, citing widening fiscal deficits, rapid foreign reserve depletion, and heightened geopolitical risk premia. Domestic currency valuations experienced sharp depreciations against global reserve currencies.",Economic Impact,2026-02-02,Reuters,Germany,Persian Gulf
ART-11472,United Nations launches emergency humanitarian relief appeal for food aid and medical shelter,"Humanitarian coordinators formally issued a multilateral funding appeal seeking urgent donor contributions to support frontline field clinics and nutritional distribution hubs. Aid convoys reported severe logistical hurdles attempting to deliver relief supplies to isolated civilian corridors. Reporting from China, diplomatic and local observers noted that recent strategic shifts in Red Sea & Horn of Africa continue to dictate regional outcomes.",Humanitarian Impact,2026-08-01,Financial Times,China,Red Sea & Horn of Africa
ART-10142,Naval task force engages hostile drone boats near United Kingdom territorial waters,"Naval destroyers deployed in international waters intercepted multiple unmanned explosive surface vessels attempting to strike maritime patrol assets. Military officials stated that defensive kinetic munitions neutralized the threat prior to vessel breach, sustaining combat deterrence across critical coastal zones. Reporting from United Kingdom, diplomatic and local observers noted that recent strategic shifts in Red Sea & Horn of Africa continue to dictate regional outcomes.",Military Conflict,2026-07-02,Nikkei Asia,United Kingdom,Red Sea & Horn of Africa
ART-10467,United Nations Security Council debates draft resolution on sovereignty and border protocols,"Diplomats at the UN Headquarters convened an emergency session to deliberate a multilateral resolution addressing territorial sovereignty, diplomatic immunity, and international arbitration. Key permanent members presented competing revisions concerning compliance verification and peacekeeper mandates. Reporting from Israel, diplomatic and local observers noted that recent strategic shifts in South Asia continue to dictate regional outcomes.",Diplomatic / Political,2026-05-16,Associated Press,Israel,South Asia
ART-10143,Airstrikes strike strategic command centers and ammunition depots in Poland,"Fighter aircraft launched precision-guided ordnance targeting key military logistics hubs, radar installations, and tactical weapons caches near strategic sectors of Poland. Satellite reconnaissance verified structural destruction, while armed forces declared immediate airspace closure and defensive mobilization. Reporting from Poland, diplomatic and local observers noted that recent strategic shifts in East Asia continue to dictate regional outcomes.",Military Conflict,2026-08-03,Associated Press,Poland,East Asia
ART-11248,Foreign direct investment inflows contract sharply amid cross-border geopolitical instability,"Economic development ministries reported a significant deceleration in cross-border capital expenditures and joint venture investments. Corporate treasuries cited regulatory uncertainty, sovereign risk premia, and supply network vulnerabilities as key deterrents to long-term capital allocation. Reporting from China, diplomatic and local observers noted that recent strategic shifts in North America continue to dictate regional outcomes.",Economic Impact,2026-03-04,UN News,China,North America
ART-10583,Strategic petroleum reserve release weighed as refinery feedstock prices surge,"Energy authorities initiated contingency consultations regarding synchronized drawdowns from strategic oil reserves following regional energy infrastructure disruptions. Brent crude spot rates surged as market participants priced in persistent refinery feedstock shortages and pipeline outages. Reporting from United Kingdom, diplomatic and local observers noted that recent strategic shifts in Red Sea & Horn of Africa continue to dictate regional outcomes.",Energy Risk,2026-01-17,Bloomberg,United Kingdom,Red Sea & Horn of Africa
ART-11024,Manufacturing purchasing managers index drops into contraction territory,"National manufacturing indices slumped below the critical 50-point threshold, signaling industrial output contraction across export-oriented sectors. Factory managers reported elevated input acquisition costs, backlog accumulation, and declining international export orders.",Economic Impact,2026-04-04,Financial Times,Yemen,North America
ART-10829,Bulk carrier grain vessels delayed as maritime safety inspection protocols expand,,Trade & Shipping,2026-01-08,Deutsche Welle,India,Persian Gulf
ART-10849,Bulk carrier grain vessels delayed as maritime safety inspection protocols expand,"Commercial maritime registries reported prolonged anchorage delays for dry bulk freighters awaiting safe passage clearances through designated maritime corridors. Insurers revised hull and cargo coverage stipulations, impacting export contract fulfillment for agricultural cargoes. Reporting from Iran, diplomatic and local observers noted that recent strategic shifts in Western Europe continue to dictate regional outcomes.",Trade & Shipping,2026-03-28,BBC News,Iran,Western Europe
ART-11216,Central banks signal interest rate adjustments as geopolitical inflation pressures broaden,"Monetary policy committees convened to evaluate persistent macroeconomic shocks stemming from import price inflation and commodity supply friction. Financial market analysts revised benchmark interest rate trajectories as headline consumer price indices reflected elevated freight and producer input expenses. Reporting from Saudi Arabia, diplomatic and local observers noted that recent strategic shifts in Red Sea & Horn of Africa continue to dictate regional outcomes.",Economic Impact,2026-07-28,Reuters,Saudi Arabia,Red Sea & Horn of Africa
ART-11117,Sovereign credit rating under review following capital flight and currency depreciation,"International credit rating agencies placed sovereign debt issuances on negative watch, citing widening fiscal deficits, rapid foreign reserve depletion, and heightened geopolitical risk premia. Domestic currency valuations experienced sharp depreciations against global reserve currencies. Reporting from Poland, diplomatic and local observers noted that recent strategic shifts in Eastern Europe continue to dictate regional outcomes.",Economic Impact,2026-07-13,Bloomberg,Poland,Eastern Europe
ART-10945,Air freight cargo rates spike as commercial shippers seek alternatives to ocean freight lanes,"Aviation logistics carriers reported an unprecedented surge in charter demand for urgent transcontinental air cargo, driven by persistent maritime shipping route disruptions. Freight indices registered double-digit increases in air cargo ton-mile rates for priority industrial freight. Reporting from Saudi Arabia, diplomatic and local observers noted that recent strategic shifts in North America continue to dictate regional outcomes.",Trade & Shipping,2026-09-12,Deutsche Welle,Saudi Arabia,North America
ART-11314,Disrupted municipal power grids and water filtration plants jeopardize civilian public health,"Public health authorities warned of escalating waterborne disease outbreaks after sustained infrastructure damage crippled municipal water purification networks and electrical sub-stations. Emergency relief teams deployed portable purification modules to mitigate sanitary hazards. Reporting from United Kingdom, diplomatic and local observers noted that recent strategic shifts in Red Sea & Horn of Africa continue to dictate regional outcomes.",Humanitarian Impact,2026-03-11,Deutsche Welle,United Kingdom,Red Sea & Horn of Africa
ART-10098,Airstrikes strike strategic command centers and ammunition depots in Yemen,"Fighter aircraft launched precision-guided ordnance targeting key military logistics hubs, radar installations, and tactical weapons caches near strategic sectors of Yemen. Satellite reconnaissance verified structural destruction, while armed forces declared immediate airspace closure and defensive mobilization. Reporting from Yemen, diplomatic and local observers noted that recent strategic shifts in South Asia continue to dictate regional outcomes.",Military Conflict,2026-08-14,Associated Press,Yemen,South Asia
ART-11100,Stock exchange volatility index spikes as investors seek safe-haven sovereign bonds and gold,"Equities across regional bourses recorded broad sell-offs, with industrial, aviation, and consumer discretionary shares leading declines. Capital allocators rotated liquidity into sovereign treasury securities, bullion, and cash equivalents amid heightened geopolitical uncertainty. Reporting from China, diplomatic and local observers noted that recent strategic shifts in Persian Gulf continue to dictate regional outcomes.",Economic Impact,2026-08-24,Al Jazeera,China,Persian Gulf
ART-10303,Ambassadorial recall and diplomatic protest notes delivered over treaty dispute,"Government officials formally summoned the resident ambassador and issued a stern diplomatic communique protesting recent policy shifts and border treaties. Ministry spokespersons emphasized diplomatic dialogue while recalling senior envoys for high-level foreign policy consultations. Reporting from China, diplomatic and local observers noted that recent strategic shifts in Middle East continue to dictate regional outcomes.",Diplomatic / Political,2026-03-20,UN News,China,Middle East
ART-11377,United Nations launches emergency humanitarian relief appeal for food aid and medical shelter,"Humanitarian coordinators formally issued a multilateral funding appeal seeking urgent donor contributions to support frontline field clinics and nutritional distribution hubs. Aid convoys reported severe logistical hurdles attempting to deliver relief supplies to isolated civilian corridors. Reporting from Russia, diplomatic and local observers noted that recent strategic shifts in Red Sea & Horn of Africa continue to dictate regional outcomes.",Humanitarian Impact,2026-03-18,Wall Street Journal,Russia,Red Sea & Horn of Africa
ART-11359,Disrupted municipal power grids and water filtration plants jeopardize civilian public health,"Public health authorities warned of escalating waterborne disease outbreaks after sustained infrastructure damage crippled municipal water purification networks and electrical sub-stations. Emergency relief teams deployed portable purification modules to mitigate sanitary hazards. Reporting from Germany, diplomatic and local observers noted that recent strategic shifts in South Asia continue to dictate regional outcomes.",Humanitarian Impact,2026-03-28,BBC News,Germany,South Asia
ART-10785,Air freight cargo rates spike as commercial shippers seek alternatives to ocean freight lanes,"Aviation logistics carriers reported an unprecedented surge in charter demand for urgent transcontinental air cargo, driven by persistent maritime shipping route disruptions. Freight indices registered double-digit increases in air cargo ton-mile rates for priority industrial freight. Reporting from India, diplomatic and local observers noted that recent strategic shifts in East Asia continue to dictate regional outcomes.",Trade & Shipping,2026-02-20,UN News,India,East Asia
ART-10044,Border skirmish escalates with armor deployment and infantry engagements,"Tensions surged following armed skirmishes along the demarcation perimeter involving heavy mechanized infantry and mortar barrages. Both regional militaries issued conflicting claims regarding rules of engagement violations as reinforced defensive trenches exchanged active small arms and artillery fire. Reporting from Saudi Arabia, diplomatic and local observers noted that recent strategic shifts in Persian Gulf continue to dictate regional outcomes.",Military Conflict,2026-08-16,Reuters,Saudi Arabia,Persian Gulf
ART-10099,Border skirmish escalates with armor deployment and infantry engagements,"Tensions surged following armed skirmishes along the demarcation perimeter involving heavy mechanized infantry and mortar barrages. Both regional militaries issued conflicting claims regarding rules of engagement violations as reinforced defensive trenches exchanged active small arms and artillery fire. Reporting from Palestine, diplomatic and local observers noted that recent strategic shifts in East Asia continue to dictate regional outcomes.",Military Conflict,2026-09-15,Al Jazeera,Palestine,East Asia
ART-11159,Manufacturing purchasing managers index drops into contraction territory,"National manufacturing indices slumped below the critical 50-point threshold, signaling industrial output contraction across export-oriented sectors. Factory managers reported elevated input acquisition costs, backlog accumulation, and declining international export orders. Reporting from India, diplomatic and local observers noted that recent strategic shifts in Western Europe continue to dictate regional outcomes.",Economic Impact,2026-04-27,Bloomberg,India,Western Europe
ART-10087,Naval task force engages hostile drone boats near Saudi Arabia territorial waters,"Naval destroyers deployed in international waters intercepted multiple unmanned explosive surface vessels attempting to strike maritime patrol assets. Military officials stated that defensive kinetic munitions neutralized the threat prior to vessel breach, sustaining combat deterrence across critical coastal zones. Reporting from Saudi Arabia, diplomatic and local observers noted that recent strategic shifts in South Asia continue to dictate regional outcomes.",Military Conflict,2026-06-03,Financial Times,Saudi Arabia,South Asia
ART-10565,OPEC+ convenes emergency production quota meeting as geopolitical supply risks mount,"Petroleum export ministers gathered for extraordinary consultations to review crude output allocations and export facility vulnerabilities. Analysts highlighted that potential localized transit choke point disruptions threaten to strain spare production capacity across export terminals. Reporting from United States, diplomatic and local observers noted that recent strategic shifts in Red Sea & Horn of Africa continue to dictate regional outcomes.",Energy Risk,2026-01-27,Nikkei Asia,United States,Red Sea & Horn of Africa
ART-10611,Strait of Hormuz transit tensions spark crude oil and LNG supply disruptions,"Heightened naval alerts near critical energy choke points triggered immediate volatility across global benchmark crude contracts. Tanker charter operators raised war risk insurance premiums as energy intelligence analysts cautioned that maritime route interdictions could constrain daily flows of crude oil, refined distillates, and liquefied natural gas (LNG). Reporting from Poland, diplomatic and local observers noted that recent strategic shifts in South Asia continue to dictate regional outcomes.",Energy Risk,2026-02-17,Wall Street Journal,Poland,South Asia
ART-10155,Ballistic missile interceptor systems activated amid regional military escalation,"Air defense batteries engaged multiple incoming medium-range ballistic trajectories targeting military infrastructure. Defense ministries confirmed that surface-to-air missile batteries intercepted projectiles mid-course, placing joint task forces on maximum tactical readiness status. Reporting from Yemen, diplomatic and local observers noted that recent strategic shifts in Persian Gulf continue to dictate regional outcomes.",Military Conflict,2026-02-15,Nikkei Asia,Yemen,Persian Gulf
ART-10251,Artillery and drone strikes intensify along Red Sea & Horn of Africa frontline,"Heavy military bombardment and tactical drone warfare escalated across the Red Sea & Horn of Africa border overnight. Military defense commands confirmed multiple interceptor missile launches and sustained counter-battery fire. Ground forces mobilized armored divisions in response to cross-border incursions, leading to heightened combat alert status throughout contested defensive perimeters. Reporting from Palestine, diplomatic and local observers noted that recent strategic shifts in Red Sea & Horn of Africa continue to dictate regional outcomes.",Military Conflict,2026-08-27,Bloomberg,Palestine,Red Sea & Horn of Africa
ART-11263,Foreign direct investment inflows contract sharply amid cross-border geopolitical instability,"Economic development ministries reported a significant deceleration in cross-border capital expenditures and joint venture investments. Corporate treasuries cited regulatory uncertainty, sovereign risk premia, and supply network vulnerabilities as key deterrents to long-term capital allocation. Reporting from Yemen, diplomatic and local observers noted that recent strategic shifts in North America continue to dictate regional outcomes.",Economic Impact,2026-09-19,Associated Press,Yemen,North America
ART-11015,Air freight cargo rates spike as commercial shippers seek alternatives to ocean freight lanes,"Aviation logistics carriers reported an unprecedented surge in charter demand for urgent transcontinental air cargo, driven by persistent maritime shipping route disruptions. Freight indices registered double-digit increases in air cargo ton-mile rates for priority industrial freight. Reporting from Russia, diplomatic and local observers noted that recent strategic shifts in East Asia continue to dictate regional outcomes.",Trade & Shipping,2026-07-26,Deutsche Welle,Russia,East Asia
ART-10706,Strait of Hormuz transit tensions spark crude oil and LNG supply disruptions,"Heightened naval alerts near critical energy choke points triggered immediate volatility across global benchmark crude contracts. Tanker charter operators raised war risk insurance premiums as energy intelligence analysts cautioned that maritime route interdictions could constrain daily flows of crude oil, refined distillates, and liquefied natural gas (LNG). Reporting from Taiwan, diplomatic and local observers noted that recent strategic shifts in Eastern Europe continue to dictate regional outcomes.",Energy Risk,2026-07-28,Bloomberg,Taiwan,Eastern Europe
ART-11457,United Nations launches emergency humanitarian relief appeal for food aid and medical shelter,"Humanitarian coordinators formally issued a multilateral funding appeal seeking urgent donor contributions to support frontline field clinics and nutritional distribution hubs. Aid convoys reported severe logistical hurdles attempting to deliver relief supplies to isolated civilian corridors. Reporting from United States, diplomatic and local observers noted that recent strategic shifts in South Asia continue to dictate regional outcomes.",Humanitarian Impact,2026-02-14,Wall Street Journal,United States,South Asia
ART-11125,Stock exchange volatility index spikes as investors seek safe-haven sovereign bonds and gold,"Equities across regional bourses recorded broad sell-offs, with industrial, aviation, and consumer discretionary shares leading declines. Capital allocators rotated liquidity into sovereign treasury securities, bullion, and cash equivalents amid heightened geopolitical uncertainty. Reporting from Sudan, diplomatic and local observers noted that recent strategic shifts in Persian Gulf continue to dictate regional outcomes.",Economic Impact,2026-06-21,BBC News,Sudan,Persian Gulf
ART-10655,OPEC+ convenes emergency production quota meeting as geopolitical supply risks mount,"Petroleum export ministers gathered for extraordinary consultations to review crude output allocations and export facility vulnerabilities. Analysts highlighted that potential localized transit choke point disruptions threaten to strain spare production capacity across export terminals. Reporting from Palestine, diplomatic and local observers noted that recent strategic shifts in Western Europe continue to dictate regional outcomes.",Energy Risk,2026-01-05,Bloomberg,Palestine,Western Europe
ART-10931,Container shipping carriers divert cargo fleets around Cape of Good Hope amid maritime threats,"Major international ocean carriers announced sweeping rerouting orders, diverting container vessels around the African continent to bypass hazardous maritime corridors. The maritime diversion adds 10 to 14 days to standard transit times, tightening vessel capacity, delaying container turnaround times, and triggering sharp increases in global container spot freight rates. Reporting from Poland, diplomatic and local observers noted that recent strategic shifts in North America continue to dictate regional outcomes.",Trade & Shipping,2026-04-26,Associated Press,Poland,North America
ART-10915,Air freight cargo rates spike as commercial shippers seek alternatives to ocean freight lanes,"Aviation logistics carriers reported an unprecedented surge in charter demand for urgent transcontinental air cargo, driven by persistent maritime shipping route disruptions. Freight indices registered double-digit increases in air cargo ton-mile rates for priority industrial freight. Reporting from Yemen, diplomatic and local observers noted that recent strategic shifts in Persian Gulf continue to dictate regional outcomes.",Trade & Shipping,2026-06-10,Associated Press,Yemen,Persian Gulf
ART-10453,Ambassadorial recall and diplomatic protest notes delivered over treaty dispute,"Government officials formally summoned the resident ambassador and issued a stern diplomatic communique protesting recent policy shifts and border treaties. Ministry spokespersons emphasized diplomatic dialogue while recalling senior envoys for high-level foreign policy consultations. Reporting from Sudan, diplomatic and local observers noted that recent strategic shifts in North America continue to dictate regional outcomes.",Diplomatic / Political,2026-09-02,UN News,Sudan,North America
ART-10267,United Nations Security Council debates draft resolution on sovereignty and border protocols,"Diplomats at the UN Headquarters convened an emergency session to deliberate a multilateral resolution addressing territorial sovereignty, diplomatic immunity, and international arbitration. Key permanent members presented competing revisions concerning compliance verification and peacekeeper mandates. Reporting from Poland, diplomatic and local observers noted that recent strategic shifts in South Asia continue to dictate regional outcomes.",Diplomatic / Political,2026-03-12,UN News,Poland,South Asia
ART-10139,Border skirmish escalates with armor deployment and infantry engagements,"Tensions surged following armed skirmishes along the demarcation perimeter involving heavy mechanized infantry and mortar barrages. Both regional militaries issued conflicting claims regarding rules of engagement violations as reinforced defensive trenches exchanged active small arms and artillery fire. Reporting from Ukraine, diplomatic and local observers noted that recent strategic shifts in South Asia continue to dictate regional outcomes.",Military Conflict,2026-04-27,Al Jazeera,Ukraine,South Asia
ART-10518,Strategic petroleum reserve release weighed as refinery feedstock prices surge,"Energy authorities initiated contingency consultations regarding synchronized drawdowns from strategic oil reserves following regional energy infrastructure disruptions. Brent crude spot rates surged as market participants priced in persistent refinery feedstock shortages and pipeline outages. Reporting from Russia, diplomatic and local observers noted that recent strategic shifts in Western Europe continue to dictate regional outcomes.",Energy Risk,2026-08-08,Al Jazeera,Russia,Western Europe
ART-11452,United Nations launches emergency humanitarian relief appeal for food aid and medical shelter,"Humanitarian coordinators formally issued a multilateral funding appeal seeking urgent donor contributions to support frontline field clinics and nutritional distribution hubs. Aid convoys reported severe logistical hurdles attempting to deliver relief supplies to isolated civilian corridors. Reporting from China, diplomatic and local observers noted that recent strategic shifts in Red Sea & Horn of Africa continue to dictate regional outcomes.",Humanitarian Impact,2026-06-09,Wall Street Journal,China,Red Sea & Horn of Africa
ART-10459,Regional coalition signs comprehensive non-aggression and diplomatic mediation pact,"Leaders of member states finalized a multilateral framework establishing joint diplomatic mediation channels, diplomatic consultation corridors, and bilateral confidence-building measures to prevent diplomatic estrangement across the alliance. Reporting from India, diplomatic and local observers noted that recent strategic shifts in East Asia continue to dictate regional outcomes.",Diplomatic / Political,2026-06-08,Deutsche Welle,India,East Asia
ART-10777,Port congestion and customs clearance bottlenecks escalate across major container terminals,"Logistics operators reported severe berthing delays and freight dwell times exceeding historical averages across maritime gateway hubs. Freight forwarders cited vessel bunching, rail intermodal backlogs, and maritime rerouting schedules as compounding drivers of supply chain gridlock. Reporting from Israel, diplomatic and local observers noted that recent strategic shifts in Western Europe continue to dictate regional outcomes.",Trade & Shipping,2026-03-12,Deutsche Welle,Israel,Western Europe
ART-10046,Artillery and drone strikes intensify along Eastern Europe frontline,"Heavy military bombardment and tactical drone warfare escalated across the Eastern Europe border overnight. Military defense commands confirmed multiple interceptor missile launches and sustained counter-battery fire. Ground forces mobilized armored divisions in response to cross-border incursions, leading to heightened combat alert status throughout contested defensive perimeters. Reporting from China, diplomatic and local observers noted that recent strategic shifts in Eastern Europe continue to dictate regional outcomes.",Military Conflict,2026-01-18,Financial Times,China,Eastern Europe
ART-10587,Major natural gas pipeline flow throttled amid geopolitical transit disagreements,"Subsea pipeline monitoring stations recorded a sharp 35% reduction in natural gas transit volumes following regulatory and political disputes between transit nations. Energy ministers warned industrial consumers of potential supply rationing and power grid balancing interventions ahead of winter reserve replenishment. Reporting from Saudi Arabia, diplomatic and local observers noted that recent strategic shifts in Red Sea & Horn of Africa continue to dictate regional outcomes.",Energy Risk,2026-05-21,Bloomberg,Saudi Arabia,Red Sea & Horn of Africa
ART-10430,Parliamentary committee conducts emergency foreign policy debate on international accords,"Legislative leaders held intensive deliberations concerning diplomatic ratifications, treaty commitments, and international coalition partnerships. Government ministers reiterated diplomatic alignment while defending non-proliferation accords and diplomatic neutrality. Reporting from Saudi Arabia, diplomatic and local observers noted that recent strategic shifts in Red Sea & Horn of Africa continue to dictate regional outcomes.",Diplomatic / Political,2026-04-07,BBC News,Saudi Arabia,Red Sea & Horn of Africa
ART-10544,Offshore drilling rig security heightened following regional maritime threat warnings,"Deepwater exploration platforms operating in disputed maritime basins instituted enhanced exclusion zones and emergency evacuation drills. Energy corporations reported heightened maritime surveillance to safeguard critical liquefied natural gas terminals and offshore pipeline pumping stations. Reporting from Sudan, diplomatic and local observers noted that recent strategic shifts in Persian Gulf continue to dictate regional outcomes.",Energy Risk,2026-07-06,Financial Times,Sudan,Persian Gulf
ART-10259,Regional coalition signs comprehensive non-aggression and diplomatic mediation pact,"Leaders of member states finalized a multilateral framework establishing joint diplomatic mediation channels, diplomatic consultation corridors, and bilateral confidence-building measures to prevent diplomatic estrangement across the alliance.",Diplomatic / Political,2026-04-04,Deutsche Welle,Israel,Red Sea & Horn of Africa
ART-11258,Foreign direct investment inflows contract sharply amid cross-border geopolitical instability,"Economic development ministries reported a significant deceleration in cross-border capital expenditures and joint venture investments. Corporate treasuries cited regulatory uncertainty, sovereign risk premia, and supply network vulnerabilities as key deterrents to long-term capital allocation. Reporting from Poland, diplomatic and local observers noted that recent strategic shifts in Western Europe continue to dictate regional outcomes.",Economic Impact,2026-04-14,Wall Street Journal,Poland,Western Europe
ART-10475,Parliamentary committee conducts emergency foreign policy debate on international accords,"Legislative leaders held intensive deliberations concerning diplomatic ratifications, treaty commitments, and international coalition partnerships. Government ministers reiterated diplomatic alignment while defending non-proliferation accords and diplomatic neutrality. Reporting from Poland, diplomatic and local observers noted that recent strategic shifts in Red Sea & Horn of Africa continue to dictate regional outcomes.",Diplomatic / Political,2026-04-24,BBC News,Poland,Red Sea & Horn of Africa
ART-10153,Airstrikes strike strategic command centers and ammunition depots in United Kingdom,"Fighter aircraft launched precision-guided ordnance targeting key military logistics hubs, radar installations, and tactical weapons caches near strategic sectors of United Kingdom. Satellite reconnaissance verified structural destruction, while armed forces declared immediate airspace closure and defensive mobilization. Reporting from United Kingdom, diplomatic and local observers noted that recent strategic shifts in Eastern Europe continue to dictate regional outcomes.",Military Conflict,2026-09-13,Nikkei Asia,United Kingdom,Eastern Europe
ART-10823,Bilateral tariff escalation and trade export controls enacted on critical components,"Commerce departments imposed sweeping customs tariffs and export license restrictions on key industrial raw materials and advanced components. Trade chambers expressed alarm over compliance costs and international supply chain fragmentation affecting bilateral trade volumes. Reporting from Israel, diplomatic and local observers noted that recent strategic shifts in Middle East continue to dictate regional outcomes.",Trade & Shipping,2026-04-02,Financial Times,Israel,Middle East
ART-10111,Artillery and drone strikes intensify along Western Europe frontline,"Heavy military bombardment and tactical drone warfare escalated across the Western Europe border overnight. Military defense commands confirmed multiple interceptor missile launches and sustained counter-battery fire. Ground forces mobilized armored divisions in response to cross-border incursions, leading to heightened combat alert status throughout contested defensive perimeters. Reporting from Russia, diplomatic and local observers noted that recent strategic shifts in Western Europe continue to dictate regional outcomes.",Military Conflict,2026-03-27,Financial Times,Russia,Western Europe
ART-11297,United Nations launches emergency humanitarian relief appeal for food aid and medical shelter,"Humanitarian coordinators formally issued a multilateral funding appeal seeking urgent donor contributions to support frontline field clinics and nutritional distribution hubs. Aid convoys reported severe logistical hurdles attempting to deliver relief supplies to isolated civilian corridors. Reporting from Sudan, diplomatic and local observers noted that recent strategic shifts in Persian Gulf continue to dictate regional outcomes.",Humanitarian Impact,2026-04-22,Bloomberg,Sudan,Persian Gulf
ART-10995,Air freight cargo rates spike as commercial shippers seek alternatives to ocean freight lanes,"Aviation logistics carriers reported an unprecedented surge in charter demand for urgent transcontinental air cargo, driven by persistent maritime shipping route disruptions. Freight indices registered double-digit increases in air cargo ton-mile rates for priority industrial freight. Reporting from Palestine, diplomatic and local observers noted that recent strategic shifts in East Asia continue to dictate regional outcomes.",Trade & Shipping,2026-05-06,Wall Street Journal,Palestine,East Asia
ART-10395,Parliamentary committee conducts emergency foreign policy debate on international accords,"Legislative leaders held intensive deliberations concerning diplomatic ratifications, treaty commitments, and international coalition partnerships. Government ministers reiterated diplomatic alignment while defending non-proliferation accords and diplomatic neutrality. Reporting from United States, diplomatic and local observers noted that recent strategic shifts in Red Sea & Horn of Africa continue to dictate regional outcomes.",Diplomatic / Political,2026-05-28,UN News,United States,Red Sea & Horn of Africa
ART-10671,Strait of Hormuz transit tensions spark crude oil and LNG supply disruptions,"Heightened naval alerts near critical energy choke points triggered immediate volatility across global benchmark crude contracts. Tanker charter operators raised war risk insurance premiums as energy intelligence analysts cautioned that maritime route interdictions could constrain daily flows of crude oil, refined distillates, and liquefied natural gas (LNG). Reporting from China, diplomatic and local observers noted that recent strategic shifts in Red Sea & Horn of Africa continue to dictate regional outcomes.",Energy Risk,2026-08-21,Bloomberg,China,Red Sea & Horn of Africa
ART-11261,Central banks signal interest rate adjustments as geopolitical inflation pressures broaden,"Monetary policy committees convened to evaluate persistent macroeconomic shocks stemming from import price inflation and commodity supply friction. Financial market analysts revised benchmark interest rate trajectories as headline consumer price indices reflected elevated freight and producer input expenses. Reporting from Sudan, diplomatic and local observers noted that recent strategic shifts in Western Europe continue to dictate regional outcomes.",Economic Impact,2026-07-17,Associated Press,Sudan,Western Europe
ART-10848,Bilateral tariff escalation and trade export controls enacted on critical components,"Commerce departments imposed sweeping customs tariffs and export license restrictions on key industrial raw materials and advanced components. Trade chambers expressed alarm over compliance costs and international supply chain fragmentation affecting bilateral trade volumes. Reporting from Israel, diplomatic and local observers noted that recent strategic shifts in Middle East continue to dictate regional outcomes.",Trade & Shipping,2026-02-27,Nikkei Asia,Israel,Middle East
ART-11527,United Nations launches emergency humanitarian relief appeal for food aid and medical shelter,"Humanitarian coordinators formally issued a multilateral funding appeal seeking urgent donor contributions to support frontline field clinics and nutritional distribution hubs. Aid convoys reported severe logistical hurdles attempting to deliver relief supplies to isolated civilian corridors. Reporting from Sudan, diplomatic and local observers noted that recent strategic shifts in Persian Gulf continue to dictate regional outcomes.",Humanitarian Impact,2026-09-28,Bloomberg,Sudan,Persian Gulf
ART-11339,Disrupted municipal power grids and water filtration plants jeopardize civilian public health,"Public health authorities warned of escalating waterborne disease outbreaks after sustained infrastructure damage crippled municipal water purification networks and electrical sub-stations. Emergency relief teams deployed portable purification modules to mitigate sanitary hazards. Reporting from Sudan, diplomatic and local observers noted that recent strategic shifts in East Asia continue to dictate regional outcomes.",Humanitarian Impact,2026-01-08,Al Jazeera,Sudan,East Asia
ART-10164,Border skirmish escalates with armor deployment and infantry engagements,"Tensions surged following armed skirmishes along the demarcation perimeter involving heavy mechanized infantry and mortar barrages. Both regional militaries issued conflicting claims regarding rules of engagement violations as reinforced defensive trenches exchanged active small arms and artillery fire. Reporting from Yemen, diplomatic and local observers noted that recent strategic shifts in Red Sea & Horn of Africa continue to dictate regional outcomes.",Military Conflict,2026-02-24,UN News,Yemen,Red Sea & Horn of Africa
ART-11338,"Field hospitals face critical shortages of surgical anesthetics, electricity, and clean water","Medical relief organizations operating inside crisis sectors issued urgent distress alerts regarding depleted pharmaceuticals, damaged municipal water treatment facilities, and erratic generator fuel supplies necessary to maintain life-saving intensive care facilities. Reporting from China, diplomatic and local observers noted that recent strategic shifts in East Asia continue to dictate regional outcomes.",Humanitarian Impact,2026-09-07,UN News,China,East Asia
ART-10271,High-level bilateral diplomatic summit convenes in effort to de-escalate tensions,"Foreign ministers and strategic envoys met for emergency multilateral negotiations aimed at formulating a comprehensive ceasefire framework and de-escalation roadmap. Delegations engaged in protracted closed-door diplomatic talks regarding border demilitarization and treaty adherence. Reporting from Ukraine, diplomatic and local observers noted that recent strategic shifts in Persian Gulf continue to dictate regional outcomes.",Diplomatic / Political,2026-07-16,UN News,Ukraine,Persian Gulf
ART-10906,Container shipping carriers divert cargo fleets around Cape of Good Hope amid maritime threats,"Major international ocean carriers announced sweeping rerouting orders, diverting container vessels around the African continent to bypass hazardous maritime corridors. The maritime diversion adds 10 to 14 days to standard transit times, tightening vessel capacity, delaying container turnaround times, and triggering sharp increases in global container spot freight rates. Reporting from United States, diplomatic and local observers noted that recent strategic shifts in Middle East continue to dictate regional outcomes.",Trade & Shipping,2026-06-01,BBC News,United States,Middle East
ART-11020,Air freight cargo rates spike as commercial shippers seek alternatives to ocean freight lanes,"Aviation logistics carriers reported an unprecedented surge in charter demand for urgent transcontinental air cargo, driven by persistent maritime shipping route disruptions. Freight indices registered double-digit increases in air cargo ton-mile rates for priority industrial freight. Reporting from United Kingdom, diplomatic and local observers noted that recent strategic shifts in East Asia continue to dictate regional outcomes.",Trade & Shipping,2026-03-03,Reuters,United Kingdom,East Asia
ART-11280,Civilian evacuation corridors established under international red cross mediation,"Humanitarian organizations coordinated temporary civilian safe-passage corridors to evacuate vulnerable elderly, women, and pediatric patients from active hostility perimeters. International observers monitored compliance to ensure unhindered transit for humanitarian convoys.",Humanitarian Impact,2026-05-05,Bloomberg,Sudan,Western Europe
ART-11334,Disrupted municipal power grids and water filtration plants jeopardize civilian public health,"Public health authorities warned of escalating waterborne disease outbreaks after sustained infrastructure damage crippled municipal water purification networks and electrical sub-stations. Emergency relief teams deployed portable purification modules to mitigate sanitary hazards. Reporting from Palestine, diplomatic and local observers noted that recent strategic shifts in South Asia continue to dictate regional outcomes.",Humanitarian Impact,2026-05-03,Al Jazeera,Palestine,South Asia
ART-10034,Border skirmish escalates with armor deployment and infantry engagements,"Tensions surged following armed skirmishes along the demarcation perimeter involving heavy mechanized infantry and mortar barrages. Both regional militaries issued conflicting claims regarding rules of engagement violations as reinforced defensive trenches exchanged active small arms and artillery fire. Reporting from Palestine, diplomatic and local observers noted that recent strategic shifts in East Asia continue to dictate regional outcomes.",Military Conflict,2026-07-06,Bloomberg,Palestine,East Asia
ART-10525,OPEC+ convenes emergency production quota meeting as geopolitical supply risks mount,"Petroleum export ministers gathered for extraordinary consultations to review crude output allocations and export facility vulnerabilities. Analysts highlighted that potential localized transit choke point disruptions threaten to strain spare production capacity across export terminals. Reporting from Iran, diplomatic and local observers noted that recent strategic shifts in South Asia continue to dictate regional outcomes.",Energy Risk,2026-06-15,BBC News,Iran,South Asia
ART-10684,Offshore drilling rig security heightened following regional maritime threat warnings,"Deepwater exploration platforms operating in disputed maritime basins instituted enhanced exclusion zones and emergency evacuation drills. Energy corporations reported heightened maritime surveillance to safeguard critical liquefied natural gas terminals and offshore pipeline pumping stations. Reporting from Ukraine, diplomatic and local observers noted that recent strategic shifts in North America continue to dictate regional outcomes.",Energy Risk,2026-03-06,Al Jazeera,Ukraine,North America
ART-11322,United Nations launches emergency humanitarian relief appeal for food aid and medical shelter,"Humanitarian coordinators formally issued a multilateral funding appeal seeking urgent donor contributions to support frontline field clinics and nutritional distribution hubs. Aid convoys reported severe logistical hurdles attempting to deliver relief supplies to isolated civilian corridors. Reporting from Taiwan, diplomatic and local observers noted that recent strategic shifts in Red Sea & Horn of Africa continue to dictate regional outcomes.",Humanitarian Impact,2026-02-19,UN News,Taiwan,Red Sea & Horn of Africa
ART-10536,Strait of Hormuz transit tensions spark crude oil and LNG supply disruptions,"Heightened naval alerts near critical energy choke points triggered immediate volatility across global benchmark crude contracts. Tanker charter operators raised war risk insurance premiums as energy intelligence analysts cautioned that maritime route interdictions could constrain daily flows of crude oil, refined distillates, and liquefied natural gas (LNG). Reporting from Russia, diplomatic and local observers noted that recent strategic shifts in East Asia continue to dictate regional outcomes.",Energy Risk,2026-08-26,Wall Street Journal,Russia,East Asia
ART-10559,Offshore drilling rig security heightened following regional maritime threat warnings,"Deepwater exploration platforms operating in disputed maritime basins instituted enhanced exclusion zones and emergency evacuation drills. Energy corporations reported heightened maritime surveillance to safeguard critical liquefied natural gas terminals and offshore pipeline pumping stations. Reporting from Egypt, diplomatic and local observers noted that recent strategic shifts in East Asia continue to dictate regional outcomes.",Energy Risk,2026-04-21,Nikkei Asia,Egypt,East Asia
ART-10347,United Nations Security Council debates draft resolution on sovereignty and border protocols,"Diplomats at the UN Headquarters convened an emergency session to deliberate a multilateral resolution addressing territorial sovereignty, diplomatic immunity, and international arbitration. Key permanent members presented competing revisions concerning compliance verification and peacekeeper mandates. Reporting from Egypt, diplomatic and local observers noted that recent strategic shifts in North America continue to dictate regional outcomes.",Diplomatic / Political,2026-02-08,Deutsche Welle,Egypt,North America
ART-10883,Bilateral tariff escalation and trade export controls enacted on critical components,"Commerce departments imposed sweeping customs tariffs and export license restrictions on key industrial raw materials and advanced components. Trade chambers expressed alarm over compliance costs and international supply chain fragmentation affecting bilateral trade volumes. Reporting from Russia, diplomatic and local observers noted that recent strategic shifts in Western Europe continue to dictate regional outcomes.",Trade & Shipping,2026-01-06,Nikkei Asia,Russia,Western Europe
ART-11115,Stock exchange volatility index spikes as investors seek safe-haven sovereign bonds and gold,"Equities across regional bourses recorded broad sell-offs, with industrial, aviation, and consumer discretionary shares leading declines. Capital allocators rotated liquidity into sovereign treasury securities, bullion, and cash equivalents amid heightened geopolitical uncertainty. Reporting from Egypt, diplomatic and local observers noted that recent strategic shifts in North America continue to dictate regional outcomes.",Economic Impact,2026-05-11,Al Jazeera,Egypt,North America
ART-10631,Strait of Hormuz transit tensions spark crude oil and LNG supply disruptions,"Heightened naval alerts near critical energy choke points triggered immediate volatility across global benchmark crude contracts. Tanker charter operators raised war risk insurance premiums as energy intelligence analysts cautioned that maritime route interdictions could constrain daily flows of crude oil, refined distillates, and liquefied natural gas (LNG). Reporting from Poland, diplomatic and local observers noted that recent strategic shifts in Western Europe continue to dictate regional outcomes.",Energy Risk,2026-04-09,Wall Street Journal,Poland,Western Europe
ART-10699,Offshore drilling rig security heightened following regional maritime threat warnings,"Deepwater exploration platforms operating in disputed maritime basins instituted enhanced exclusion zones and emergency evacuation drills. Energy corporations reported heightened maritime surveillance to safeguard critical liquefied natural gas terminals and offshore pipeline pumping stations. Reporting from Yemen, diplomatic and local observers noted that recent strategic shifts in South Asia continue to dictate regional outcomes.",Energy Risk,2026-09-21,Financial Times,Yemen,South Asia
ART-10919,Bulk carrier grain vessels delayed as maritime safety inspection protocols expand,"Commercial maritime registries reported prolonged anchorage delays for dry bulk freighters awaiting safe passage clearances through designated maritime corridors. Insurers revised hull and cargo coverage stipulations, impacting export contract fulfillment for agricultural cargoes. Reporting from India, diplomatic and local observers noted that recent strategic shifts in East Asia continue to dictate regional outcomes.",Trade & Shipping,2026-01-14,Bloomberg,India,East Asia
ART-10016,Artillery and drone strikes intensify along Middle East frontline,"Heavy military bombardment and tactical drone warfare escalated across the Middle East border overnight. Military defense commands confirmed multiple interceptor missile launches and sustained counter-battery fire. Ground forces mobilized armored divisions in response to cross-border incursions, leading to heightened combat alert status throughout contested defensive perimeters. Reporting from Taiwan, diplomatic and local observers noted that recent strategic shifts in Middle East continue to dictate regional outcomes.",Military Conflict,2026-07-16,Reuters,Taiwan,Middle East
ART-11038,Foreign direct investment inflows contract sharply amid cross-border geopolitical instability,"Economic development ministries reported a significant deceleration in cross-border capital expenditures and joint venture investments. Corporate treasuries cited regulatory uncertainty, sovereign risk premia, and supply network vulnerabilities as key deterrents to long-term capital allocation. Reporting from Ukraine, diplomatic and local observers noted that recent strategic shifts in Western Europe continue to dictate regional outcomes.",Economic Impact,2026-09-18,Deutsche Welle,Ukraine,Western Europe
ART-10606,Strait of Hormuz transit tensions spark crude oil and LNG supply disruptions,"Heightened naval alerts near critical energy choke points triggered immediate volatility across global benchmark crude contracts. Tanker charter operators raised war risk insurance premiums as energy intelligence analysts cautioned that maritime route interdictions could constrain daily flows of crude oil, refined distillates, and liquefied natural gas (LNG). Reporting from Russia, diplomatic and local observers noted that recent strategic shifts in East Asia continue to dictate regional outcomes.",Energy Risk,2026-06-12,BBC News,Russia,East Asia
ART-10657,Major natural gas pipeline flow throttled amid geopolitical transit disagreements,"Subsea pipeline monitoring stations recorded a sharp 35% reduction in natural gas transit volumes following regulatory and political disputes between transit nations. Energy ministers warned industrial consumers of potential supply rationing and power grid balancing interventions ahead of winter reserve replenishment. Reporting from Ukraine, diplomatic and local observers noted that recent strategic shifts in Western Europe continue to dictate regional outcomes.",Energy Risk,2026-03-07,Al Jazeera,Ukraine,Western Europe
ART-10328,Ambassadorial recall and diplomatic protest notes delivered over treaty dispute,"Government officials formally summoned the resident ambassador and issued a stern diplomatic communique protesting recent policy shifts and border treaties. Ministry spokespersons emphasized diplomatic dialogue while recalling senior envoys for high-level foreign policy consultations. Reporting from Israel, diplomatic and local observers noted that recent strategic shifts in South Asia continue to dictate regional outcomes.",Diplomatic / Political,2026-01-17,BBC News,Israel,South Asia
ART-10096,Artillery and drone strikes intensify along South Asia frontline,"Heavy military bombardment and tactical drone warfare escalated across the South Asia border overnight. Military defense commands confirmed multiple interceptor missile launches and sustained counter-battery fire. Ground forces mobilized armored divisions in response to cross-border incursions, leading to heightened combat alert status throughout contested defensive perimeters. Reporting from United Kingdom, diplomatic and local observers noted that recent strategic shifts in South Asia continue to dictate regional outcomes.",Military Conflict,2026-06-12,Deutsche Welle,United Kingdom,South Asia
ART-10581,Strait of Hormuz transit tensions spark crude oil and LNG supply disruptions,"Heightened naval alerts near critical energy choke points triggered immediate volatility across global benchmark crude contracts. Tanker charter operators raised war risk insurance premiums as energy intelligence analysts cautioned that maritime route interdictions could constrain daily flows of crude oil, refined distillates, and liquefied natural gas (LNG). Reporting from Palestine, diplomatic and local observers noted that recent strategic shifts in Western Europe continue to dictate regional outcomes.",Energy Risk,2026-08-15,Financial Times,Palestine,Western Europe
ART-11058,Foreign direct investment inflows contract sharply amid cross-border geopolitical instability,"Economic development ministries reported a significant deceleration in cross-border capital expenditures and joint venture investments. Corporate treasuries cited regulatory uncertainty, sovereign risk premia, and supply network vulnerabilities as key deterrents to long-term capital allocation. Reporting from Saudi Arabia, diplomatic and local observers noted that recent strategic shifts in Red Sea & Horn of Africa continue to dictate regional outcomes.",Economic Impact,2026-02-10,Deutsche Welle,Saudi Arabia,Red Sea & Horn of Africa
ART-11228,Foreign direct investment inflows contract sharply amid cross-border geopolitical instability,"Economic development ministries reported a significant deceleration in cross-border capital expenditures and joint venture investments. Corporate treasuries cited regulatory uncertainty, sovereign risk premia, and supply network vulnerabilities as key deterrents to long-term capital allocation. Reporting from Egypt, diplomatic and local observers noted that recent strategic shifts in Western Europe continue to dictate regional outcomes.",Economic Impact,2026-01-12,Bloomberg,Egypt,Western Europe
ART-10709,Offshore drilling rig security heightened following regional maritime threat warnings,"Deepwater exploration platforms operating in disputed maritime basins instituted enhanced exclusion zones and emergency evacuation drills. Energy corporations reported heightened maritime surveillance to safeguard critical liquefied natural gas terminals and offshore pipeline pumping stations. Reporting from Sudan, diplomatic and local observers noted that recent strategic shifts in East Asia continue to dictate regional outcomes.",Energy Risk,2026-01-03,Nikkei Asia,Sudan,East Asia
ART-11061,Central banks signal interest rate adjustments as geopolitical inflation pressures broaden,"Monetary policy committees convened to evaluate persistent macroeconomic shocks stemming from import price inflation and commodity supply friction. Financial market analysts revised benchmark interest rate trajectories as headline consumer price indices reflected elevated freight and producer input expenses. Reporting from Egypt, diplomatic and local observers noted that recent strategic shifts in Western Europe continue to dictate regional outcomes.",Economic Impact,2026-05-13,Bloomberg,Egypt,Western Europe
ART-11346,Refugee displacement crisis deepens as civilian populations flee contested border zones,"International humanitarian relief agencies reported that over 250,000 civilians have been displaced from conflict-affected frontier zones over recent weeks. Overcrowded temporary resettlement shelters face severe shortages of potable water, emergency medical supplies, and sanitation infrastructure. Reporting from China, diplomatic and local observers noted that recent strategic shifts in South Asia continue to dictate regional outcomes.",Humanitarian Impact,2026-08-15,Financial Times,China,South Asia
ART-11299,Disrupted municipal power grids and water filtration plants jeopardize civilian public health,"Public health authorities warned of escalating waterborne disease outbreaks after sustained infrastructure damage crippled municipal water purification networks and electrical sub-stations. Emergency relief teams deployed portable purification modules to mitigate sanitary hazards. Reporting from Palestine, diplomatic and local observers noted that recent strategic shifts in North America continue to dictate regional outcomes.",Humanitarian Impact,2026-06-24,Reuters,Palestine,North America
ART-10781,Container shipping carriers divert cargo fleets around Cape of Good Hope amid maritime threats,"Major international ocean carriers announced sweeping rerouting orders, diverting container vessels around the African continent to bypass hazardous maritime corridors. The maritime diversion adds 10 to 14 days to standard transit times, tightening vessel capacity, delaying container turnaround times, and triggering sharp increases in global container spot freight rates. Reporting from India, diplomatic and local observers noted that recent strategic shifts in North America continue to dictate regional outcomes.",Trade & Shipping,2026-07-16,Bloomberg,India,North America
ART-10079,Border skirmish escalates with armor deployment and infantry engagements,"Tensions surged following armed skirmishes along the demarcation perimeter involving heavy mechanized infantry and mortar barrages. Both regional militaries issued conflicting claims regarding rules of engagement violations as reinforced defensive trenches exchanged active small arms and artillery fire. Reporting from Sudan, diplomatic and local observers noted that recent strategic shifts in Red Sea & Horn of Africa continue to dictate regional outcomes.",Military Conflict,2026-07-23,Reuters,Sudan,Red Sea & Horn of Africa
ART-10432,United Nations Security Council debates draft resolution on sovereignty and border protocols,"Diplomats at the UN Headquarters convened an emergency session to deliberate a multilateral resolution addressing territorial sovereignty, diplomatic immunity, and international arbitration. Key permanent members presented competing revisions concerning compliance verification and peacekeeper mandates. Reporting from Palestine, diplomatic and local observers noted that recent strategic shifts in Red Sea & Horn of Africa continue to dictate regional outcomes.",Diplomatic / Political,2026-06-09,BBC News,Palestine,Red Sea & Horn of Africa
ART-11348,"Field hospitals face critical shortages of surgical anesthetics, electricity, and clean water","Medical relief organizations operating inside crisis sectors issued urgent distress alerts regarding depleted pharmaceuticals, damaged municipal water treatment facilities, and erratic generator fuel supplies necessary to maintain life-saving intensive care facilities. Reporting from Russia, diplomatic and local observers noted that recent strategic shifts in Persian Gulf continue to dictate regional outcomes.",Humanitarian Impact,2026-01-17,Nikkei Asia,Russia,Persian Gulf
ART-10006,Artillery and drone strikes intensify along Red Sea & Horn of Africa frontline,"Heavy military bombardment and tactical drone warfare escalated across the Red Sea & Horn of Africa border overnight. Military defense commands confirmed multiple interceptor missile launches and sustained counter-battery fire. Ground forces mobilized armored divisions in response to cross-border incursions, leading to heightened combat alert status throughout contested defensive perimeters. Reporting from Ukraine, diplomatic and local observers noted that recent strategic shifts in Red Sea & Horn of Africa continue to dictate regional outcomes.",Military Conflict,2026-06-06,Nikkei Asia,Ukraine,Red Sea & Horn of Africa
ART-10586,Strait of Hormuz transit tensions spark crude oil and LNG supply disruptions,"Heightened naval alerts near critical energy choke points triggered immediate volatility across global benchmark crude contracts. Tanker charter operators raised war risk insurance premiums as energy intelligence analysts cautioned that maritime route interdictions could constrain daily flows of crude oil, refined distillates, and liquefied natural gas (LNG). Reporting from Iran, diplomatic and local observers noted that recent strategic shifts in Western Europe continue to dictate regional outcomes.",Energy Risk,2026-04-20,Deutsche Welle,Iran,Western Europe
ART-11335,Civilian evacuation corridors established under international red cross mediation,"Humanitarian organizations coordinated temporary civilian safe-passage corridors to evacuate vulnerable elderly, women, and pediatric patients from active hostility perimeters. International observers monitored compliance to ensure unhindered transit for humanitarian convoys. Reporting from Israel, diplomatic and local observers noted that recent strategic shifts in South Asia continue to dictate regional outcomes.",Humanitarian Impact,2026-06-04,Wall Street Journal,Israel,South Asia
ART-10949,Bulk carrier grain vessels delayed as maritime safety inspection protocols expand,"Commercial maritime registries reported prolonged anchorage delays for dry bulk freighters awaiting safe passage clearances through designated maritime corridors. Insurers revised hull and cargo coverage stipulations, impacting export contract fulfillment for agricultural cargoes. Reporting from United Kingdom, diplomatic and local observers noted that recent strategic shifts in Eastern Europe continue to dictate regional outcomes.",Trade & Shipping,2026-04-16,Al Jazeera,United Kingdom,Eastern Europe
ART-10490,Parliamentary committee conducts emergency foreign policy debate on international accords,"Legislative leaders held intensive deliberations concerning diplomatic ratifications, treaty commitments, and international coalition partnerships. Government ministers reiterated diplomatic alignment while defending non-proliferation accords and diplomatic neutrality. Reporting from Russia, diplomatic and local observers noted that recent strategic shifts in South Asia continue to dictate regional outcomes.",Diplomatic / Political,2026-01-11,Wall Street Journal,Russia,South Asia
ART-11313,"Field hospitals face critical shortages of surgical anesthetics, electricity, and clean water","Medical relief organizations operating inside crisis sectors issued urgent distress alerts regarding depleted pharmaceuticals, damaged municipal water treatment facilities, and erratic generator fuel supplies necessary to maintain life-saving intensive care facilities. Reporting from Ukraine, diplomatic and local observers noted that recent strategic shifts in Middle East continue to dictate regional outcomes.",Humanitarian Impact,2026-02-10,BBC News,Ukraine,Middle East
ART-10958,Bilateral tariff escalation and trade export controls enacted on critical components,"Commerce departments imposed sweeping customs tariffs and export license restrictions on key industrial raw materials and advanced components. Trade chambers expressed alarm over compliance costs and international supply chain fragmentation affecting bilateral trade volumes. Reporting from Egypt, diplomatic and local observers noted that recent strategic shifts in Eastern Europe continue to dictate regional outcomes.",Trade & Shipping,2026-04-25,Wall Street Journal,Egypt,Eastern Europe
ART-11474,Disrupted municipal power grids and water filtration plants jeopardize civilian public health,"Public health authorities warned of escalating waterborne disease outbreaks after sustained infrastructure damage crippled municipal water purification networks and electrical sub-stations. Emergency relief teams deployed portable purification modules to mitigate sanitary hazards. Reporting from Palestine, diplomatic and local observers noted that recent strategic shifts in Middle East continue to dictate regional outcomes.",Humanitarian Impact,2026-01-03,Wall Street Journal,Palestine,Middle East
ART-10086,Artillery and drone strikes intensify along Middle East frontline,"Heavy military bombardment and tactical drone warfare escalated across the Middle East border overnight. Military defense commands confirmed multiple interceptor missile launches and sustained counter-battery fire. Ground forces mobilized armored divisions in response to cross-border incursions, leading to heightened combat alert status throughout contested defensive perimeters. Reporting from Russia, diplomatic and local observers noted that recent strategic shifts in Middle East continue to dictate regional outcomes.",Military Conflict,2026-05-02,UN News,Russia,Middle East
ART-11135,Stock exchange volatility index spikes as investors seek safe-haven sovereign bonds and gold,"Equities across regional bourses recorded broad sell-offs, with industrial, aviation, and consumer discretionary shares leading declines. Capital allocators rotated liquidity into sovereign treasury securities, bullion, and cash equivalents amid heightened geopolitical uncertainty. Reporting from Egypt, diplomatic and local observers noted that recent strategic shifts in Red Sea & Horn of Africa continue to dictate regional outcomes.",Economic Impact,2026-07-03,Al Jazeera,Egypt,Red Sea & Horn of Africa
ART-11127,Sovereign credit rating under review following capital flight and currency depreciation,"International credit rating agencies placed sovereign debt issuances on negative watch, citing widening fiscal deficits, rapid foreign reserve depletion, and heightened geopolitical risk premia. Domestic currency valuations experienced sharp depreciations against global reserve currencies. Reporting from Israel, diplomatic and local observers noted that recent strategic shifts in Red Sea & Horn of Africa continue to dictate regional outcomes.",Economic Impact,2026-08-23,Wall Street Journal,Israel,Red Sea & Horn of Africa
ART-10377,United Nations Security Council debates draft resolution on sovereignty and border protocols,"Diplomats at the UN Headquarters convened an emergency session to deliberate a multilateral resolution addressing territorial sovereignty, diplomatic immunity, and international arbitration. Key permanent members presented competing revisions concerning compliance verification and peacekeeper mandates. Reporting from Saudi Arabia, diplomatic and local observers noted that recent strategic shifts in North America continue to dictate regional outcomes.",Diplomatic / Political,2026-05-10,Deutsche Welle,Saudi Arabia,North America
ART-11018,Bilateral tariff escalation and trade export controls enacted on critical components,"Commerce departments imposed sweeping customs tariffs and export license restrictions on key industrial raw materials and advanced components. Trade chambers expressed alarm over compliance costs and international supply chain fragmentation affecting bilateral trade volumes. Reporting from Iran, diplomatic and local observers noted that recent strategic shifts in Western Europe continue to dictate regional outcomes.",Trade & Shipping,2026-01-01,Financial Times,Iran,Western Europe
ART-10985,Air freight cargo rates spike as commercial shippers seek alternatives to ocean freight lanes,"Aviation logistics carriers reported an unprecedented surge in charter demand for urgent transcontinental air cargo, driven by persistent maritime shipping route disruptions. Freight indices registered double-digit increases in air cargo ton-mile rates for priority industrial freight. Reporting from Israel, diplomatic and local observers noted that recent strategic shifts in Eastern Europe continue to dictate regional outcomes.",Trade & Shipping,2026-04-24,Financial Times,Israel,Eastern Europe
ART-11079,Manufacturing purchasing managers index drops into contraction territory,"National manufacturing indices slumped below the critical 50-point threshold, signaling industrial output contraction across export-oriented sectors. Factory managers reported elevated input acquisition costs, backlog accumulation, and declining international export orders. Reporting from Taiwan, diplomatic and local observers noted that recent strategic shifts in Red Sea & Horn of Africa continue to dictate regional outcomes.",Economic Impact,2026-05-03,UN News,Taiwan,Red Sea & Horn of Africa
ART-10353,Ambassadorial recall and diplomatic protest notes delivered over treaty dispute,"Government officials formally summoned the resident ambassador and issued a stern diplomatic communique protesting recent policy shifts and border treaties. Ministry spokespersons emphasized diplomatic dialogue while recalling senior envoys for high-level foreign policy consultations. Reporting from Egypt, diplomatic and local observers noted that recent strategic shifts in Eastern Europe continue to dictate regional outcomes.",Diplomatic / Political,2026-08-14,UN News,Egypt,Eastern Europe
ART-11422,United Nations launches emergency humanitarian relief appeal for food aid and medical shelter,"Humanitarian coordinators formally issued a multilateral funding appeal seeking urgent donor contributions to support frontline field clinics and nutritional distribution hubs. Aid convoys reported severe logistical hurdles attempting to deliver relief supplies to isolated civilian corridors. Reporting from Ukraine, diplomatic and local observers noted that recent strategic shifts in Eastern Europe continue to dictate regional outcomes.",Humanitarian Impact,2026-03-07,Deutsche Welle,Ukraine,Eastern Europe
ART-10667,Major natural gas pipeline flow throttled amid geopolitical transit disagreements,"Subsea pipeline monitoring stations recorded a sharp 35% reduction in natural gas transit volumes following regulatory and political disputes between transit nations. Energy ministers warned industrial consumers of potential supply rationing and power grid balancing interventions ahead of winter reserve replenishment. Reporting from China, diplomatic and local observers noted that recent strategic shifts in Eastern Europe continue to dictate regional outcomes.",Energy Risk,2026-04-17,Associated Press,China,Eastern Europe
ART-10982,Port congestion and customs clearance bottlenecks escalate across major container terminals,"Logistics operators reported severe berthing delays and freight dwell times exceeding historical averages across maritime gateway hubs. Freight forwarders cited vessel bunching, rail intermodal backlogs, and maritime rerouting schedules as compounding drivers of supply chain gridlock. Reporting from Palestine, diplomatic and local observers noted that recent strategic shifts in Red Sea & Horn of Africa continue to dictate regional outcomes.",Trade & Shipping,2026-01-21,Nikkei Asia,Palestine,Red Sea & Horn of Africa
ART-10799,Bulk carrier grain vessels delayed as maritime safety inspection protocols expand,"Commercial maritime registries reported prolonged anchorage delays for dry bulk freighters awaiting safe passage clearances through designated maritime corridors. Insurers revised hull and cargo coverage stipulations, impacting export contract fulfillment for agricultural cargoes. Reporting from Yemen, diplomatic and local observers noted that recent strategic shifts in Middle East continue to dictate regional outcomes.",Trade & Shipping,2026-07-06,Bloomberg,Yemen,Middle East
ART-11118,Foreign direct investment inflows contract sharply amid cross-border geopolitical instability,"Economic development ministries reported a significant deceleration in cross-border capital expenditures and joint venture investments. Corporate treasuries cited regulatory uncertainty, sovereign risk premia, and supply network vulnerabilities as key deterrents to long-term capital allocation. Reporting from United States, diplomatic and local observers noted that recent strategic shifts in North America continue to dictate regional outcomes.",Economic Impact,2026-08-14,Bloomberg,United States,North America
ART-11012,Port congestion and customs clearance bottlenecks escalate across major container terminals,"Logistics operators reported severe berthing delays and freight dwell times exceeding historical averages across maritime gateway hubs. Freight forwarders cited vessel bunching, rail intermodal backlogs, and maritime rerouting schedules as compounding drivers of supply chain gridlock. Reporting from Israel, diplomatic and local observers noted that recent strategic shifts in Red Sea & Horn of Africa continue to dictate regional outcomes.",Trade & Shipping,2026-04-23,Wall Street Journal,Israel,Red Sea & Horn of Africa
ART-11043,Foreign direct investment inflows contract sharply amid cross-border geopolitical instability,"Economic development ministries reported a significant deceleration in cross-border capital expenditures and joint venture investments. Corporate treasuries cited regulatory uncertainty, sovereign risk premia, and supply network vulnerabilities as key deterrents to long-term capital allocation. Reporting from Poland, diplomatic and local observers noted that recent strategic shifts in Eastern Europe continue to dictate regional outcomes.",Economic Impact,2026-05-23,BBC News,Poland,Eastern Europe
ART-11397,United Nations launches emergency humanitarian relief appeal for food aid and medical shelter,"Humanitarian coordinators formally issued a multilateral funding appeal seeking urgent donor contributions to support frontline field clinics and nutritional distribution hubs. Aid convoys reported severe logistical hurdles attempting to deliver relief supplies to isolated civilian corridors. Reporting from China, diplomatic and local observers noted that recent strategic shifts in Eastern Europe continue to dictate regional outcomes.",Humanitarian Impact,2026-05-10,Bloomberg,China,Eastern Europe
ART-10966,Container shipping carriers divert cargo fleets around Cape of Good Hope amid maritime threats,"Major international ocean carriers announced sweeping rerouting orders, diverting container vessels around the African continent to bypass hazardous maritime corridors. The maritime diversion adds 10 to 14 days to standard transit times, tightening vessel capacity, delaying container turnaround times, and triggering sharp increases in global container spot freight rates. Reporting from Germany, diplomatic and local observers noted that recent strategic shifts in Red Sea & Horn of Africa continue to dictate regional outcomes.",Trade & Shipping,2026-03-05,BBC News,Germany,Red Sea & Horn of Africa
ART-11358,"Field hospitals face critical shortages of surgical anesthetics, electricity, and clean water","Medical relief organizations operating inside crisis sectors issued urgent distress alerts regarding depleted pharmaceuticals, damaged municipal water treatment facilities, and erratic generator fuel supplies necessary to maintain life-saving intensive care facilities. Reporting from Saudi Arabia, diplomatic and local observers noted that recent strategic shifts in Red Sea & Horn of Africa continue to dictate regional outcomes.",Humanitarian Impact,2026-02-27,Financial Times,Saudi Arabia,Red Sea & Horn of Africa
ART-11076,Central banks signal interest rate adjustments as geopolitical inflation pressures broaden,"Monetary policy committees convened to evaluate persistent macroeconomic shocks stemming from import price inflation and commodity supply friction. Financial market analysts revised benchmark interest rate trajectories as headline consumer price indices reflected elevated freight and producer input expenses. Reporting from Poland, diplomatic and local observers noted that recent strategic shifts in Eastern Europe continue to dictate regional outcomes.",Economic Impact,2026-02-28,UN News,Poland,Eastern Europe
ART-11208,Foreign direct investment inflows contract sharply amid cross-border geopolitical instability,"Economic development ministries reported a significant deceleration in cross-border capital expenditures and joint venture investments. Corporate treasuries cited regulatory uncertainty, sovereign risk premia, and supply network vulnerabilities as key deterrents to long-term capital allocation. Reporting from Germany, diplomatic and local observers noted that recent strategic shifts in Middle East continue to dictate regional outcomes.",Economic Impact,2026-08-20,Nikkei Asia,Germany,Middle East
ART-10512,Major natural gas pipeline flow throttled amid geopolitical transit disagreements,Subsea pipeline monitoring stations recorded a sharp 35% reduction in natural gas transit volumes following regulatory and political disputes between transit nations. Energy ministers warned industrial consumers of potential supply rationing and power grid balancing interventions ahead of winter reserve replenishment.,Energy Risk,2026-02-02,Reuters,Israel,Persian Gulf
ART-10135,Ballistic missile interceptor systems activated amid regional military escalation,"Air defense batteries engaged multiple incoming medium-range ballistic trajectories targeting military infrastructure. Defense ministries confirmed that surface-to-air missile batteries intercepted projectiles mid-course, placing joint task forces on maximum tactical readiness status. Reporting from India, diplomatic and local observers noted that recent strategic shifts in South Asia continue to dictate regional outcomes.",Military Conflict,2026-09-23,Nikkei Asia,India,South Asia
ART-10513,Strategic petroleum reserve release weighed as refinery feedstock prices surge,Energy authorities initiated contingency consultations regarding synchronized drawdowns from strategic oil reserves following regional energy infrastructure disruptions. Brent crude spot rates surged as market participants priced in persistent refinery feedstock shortages and pipeline outages.,Energy Risk,2026-03-03,Reuters,Sudan,Red Sea & Horn of Africa
ART-10020,Ballistic missile interceptor systems activated amid regional military escalation,"Air defense batteries engaged multiple incoming medium-range ballistic trajectories targeting military infrastructure. Defense ministries confirmed that surface-to-air missile batteries intercepted projectiles mid-course, placing joint task forces on maximum tactical readiness status. Reporting from Iran, diplomatic and local observers noted that recent strategic shifts in Western Europe continue to dictate regional outcomes.",Military Conflict,2026-02-20,BBC News,Iran,Western Europe
ART-10749,Offshore drilling rig security heightened following regional maritime threat warnings,"Deepwater exploration platforms operating in disputed maritime basins instituted enhanced exclusion zones and emergency evacuation drills. Energy corporations reported heightened maritime surveillance to safeguard critical liquefied natural gas terminals and offshore pipeline pumping stations. Reporting from Yemen, diplomatic and local observers noted that recent strategic shifts in Eastern Europe continue to dictate regional outcomes.",Energy Risk,2026-05-15,Financial Times,Yemen,Eastern Europe
ART-10073,Airstrikes strike strategic command centers and ammunition depots in Iran,"Fighter aircraft launched precision-guided ordnance targeting key military logistics hubs, radar installations, and tactical weapons caches near strategic sectors of Iran. Satellite reconnaissance verified structural destruction, while armed forces declared immediate airspace closure and defensive mobilization. Reporting from Iran, diplomatic and local observers noted that recent strategic shifts in North America continue to dictate regional outcomes.",Military Conflict,2026-01-17,Wall Street Journal,Iran,North America
ART-10307,United Nations Security Council debates draft resolution on sovereignty and border protocols,"Diplomats at the UN Headquarters convened an emergency session to deliberate a multilateral resolution addressing territorial sovereignty, diplomatic immunity, and international arbitration. Key permanent members presented competing revisions concerning compliance verification and peacekeeper mandates. Reporting from Sudan, diplomatic and local observers noted that recent strategic shifts in Western Europe continue to dictate regional outcomes.",Diplomatic / Political,2026-07-24,BBC News,Sudan,Western Europe
ART-11298,"Field hospitals face critical shortages of surgical anesthetics, electricity, and clean water","Medical relief organizations operating inside crisis sectors issued urgent distress alerts regarding depleted pharmaceuticals, damaged municipal water treatment facilities, and erratic generator fuel supplies necessary to maintain life-saving intensive care facilities. Reporting from Israel, diplomatic and local observers noted that recent strategic shifts in East Asia continue to dictate regional outcomes.",Humanitarian Impact,2026-05-23,Bloomberg,Israel,East Asia
ART-10185,Ballistic missile interceptor systems activated amid regional military escalation,"Air defense batteries engaged multiple incoming medium-range ballistic trajectories targeting military infrastructure. Defense ministries confirmed that surface-to-air missile batteries intercepted projectiles mid-course, placing joint task forces on maximum tactical readiness status. Reporting from Israel, diplomatic and local observers noted that recent strategic shifts in Eastern Europe continue to dictate regional outcomes.",Military Conflict,2026-05-17,Reuters,Israel,Eastern Europe
ART-10616,Strait of Hormuz transit tensions spark crude oil and LNG supply disruptions,"Heightened naval alerts near critical energy choke points triggered immediate volatility across global benchmark crude contracts. Tanker charter operators raised war risk insurance premiums as energy intelligence analysts cautioned that maritime route interdictions could constrain daily flows of crude oil, refined distillates, and liquefied natural gas (LNG). Reporting from China, diplomatic and local observers noted that recent strategic shifts in Eastern Europe continue to dictate regional outcomes.",Energy Risk,2026-07-22,Deutsche Welle,China,Eastern Europe
ART-10304,Regional coalition signs comprehensive non-aggression and diplomatic mediation pact,"Leaders of member states finalized a multilateral framework establishing joint diplomatic mediation channels, diplomatic consultation corridors, and bilateral confidence-building measures to prevent diplomatic estrangement across the alliance. Reporting from Palestine, diplomatic and local observers noted that recent strategic shifts in Middle East continue to dictate regional outcomes.",Diplomatic / Political,2026-04-21,Wall Street Journal,Palestine,Middle East
ART-10404,Regional coalition signs comprehensive non-aggression and diplomatic mediation pact,"Leaders of member states finalized a multilateral framework establishing joint diplomatic mediation channels, diplomatic consultation corridors, and bilateral confidence-building measures to prevent diplomatic estrangement across the alliance. Reporting from Egypt, diplomatic and local observers noted that recent strategic shifts in South Asia continue to dictate regional outcomes.",Diplomatic / Political,2026-05-09,BBC News,Egypt,South Asia
ART-10858,Bilateral tariff escalation and trade export controls enacted on critical components,"Commerce departments imposed sweeping customs tariffs and export license restrictions on key industrial raw materials and advanced components. Trade chambers expressed alarm over compliance costs and international supply chain fragmentation affecting bilateral trade volumes. Reporting from Palestine, diplomatic and local observers noted that recent strategic shifts in East Asia continue to dictate regional outcomes.",Trade & Shipping,2026-03-09,BBC News,Palestine,East Asia
ART-10801,Container shipping carriers divert cargo fleets around Cape of Good Hope amid maritime threats,"Major international ocean carriers announced sweeping rerouting orders, diverting container vessels around the African continent to bypass hazardous maritime corridors. The maritime diversion adds 10 to 14 days to standard transit times, tightening vessel capacity, delaying container turnaround times, and triggering sharp increases in global container spot freight rates. Reporting from Sudan, diplomatic and local observers noted that recent strategic shifts in Persian Gulf continue to dictate regional outcomes.",Trade & Shipping,2026-09-08,Associated Press,Sudan,Persian Gulf
ART-10210,Ballistic missile interceptor systems activated amid regional military escalation,"Air defense batteries engaged multiple incoming medium-range ballistic trajectories targeting military infrastructure. Defense ministries confirmed that surface-to-air missile batteries intercepted projectiles mid-course, placing joint task forces on maximum tactical readiness status. Reporting from United States, diplomatic and local observers noted that recent strategic shifts in Eastern Europe continue to dictate regional outcomes.",Military Conflict,2026-03-14,Nikkei Asia,United States,Eastern Europe
ART-11281,Refugee displacement crisis deepens as civilian populations flee contested border zones,"International humanitarian relief agencies reported that over 250,000 civilians have been displaced from conflict-affected frontier zones over recent weeks. Overcrowded temporary resettlement shelters face severe shortages of potable water, emergency medical supplies, and sanitation infrastructure. Reporting from Iran, diplomatic and local observers noted that recent strategic shifts in Western Europe continue to dictate regional outcomes.",Humanitarian Impact,2026-06-06,Associated Press,Iran,Western Europe
ART-10547,Major natural gas pipeline flow throttled amid geopolitical transit disagreements,"Subsea pipeline monitoring stations recorded a sharp 35% reduction in natural gas transit volumes following regulatory and political disputes between transit nations. Energy ministers warned industrial consumers of potential supply rationing and power grid balancing interventions ahead of winter reserve replenishment. Reporting from Israel, diplomatic and local observers noted that recent strategic shifts in Western Europe continue to dictate regional outcomes.",Energy Risk,2026-01-09,BBC News,Israel,Western Europe
ART-10410,Parliamentary committee conducts emergency foreign policy debate on international accords,"Legislative leaders held intensive deliberations concerning diplomatic ratifications, treaty commitments, and international coalition partnerships. Government ministers reiterated diplomatic alignment while defending non-proliferation accords and diplomatic neutrality. Reporting from Palestine, diplomatic and local observers noted that recent strategic shifts in Western Europe continue to dictate regional outcomes.",Diplomatic / Political,2026-02-15,UN News,Palestine,Western Europe
ART-10492,United Nations Security Council debates draft resolution on sovereignty and border protocols,"Diplomats at the UN Headquarters convened an emergency session to deliberate a multilateral resolution addressing territorial sovereignty, diplomatic immunity, and international arbitration. Key permanent members presented competing revisions concerning compliance verification and peacekeeper mandates. Reporting from Ukraine, diplomatic and local observers noted that recent strategic shifts in Middle East continue to dictate regional outcomes.",Diplomatic / Political,2026-03-13,Reuters,Ukraine,Middle East
ART-10794,Bulk carrier grain vessels delayed as maritime safety inspection protocols expand,"Commercial maritime registries reported prolonged anchorage delays for dry bulk freighters awaiting safe passage clearances through designated maritime corridors. Insurers revised hull and cargo coverage stipulations, impacting export contract fulfillment for agricultural cargoes. Reporting from Ukraine, diplomatic and local observers noted that recent strategic shifts in South Asia continue to dictate regional outcomes.",Trade & Shipping,2026-02-01,UN News,Ukraine,South Asia
ART-11102,Sovereign credit rating under review following capital flight and currency depreciation,"International credit rating agencies placed sovereign debt issuances on negative watch, citing widening fiscal deficits, rapid foreign reserve depletion, and heightened geopolitical risk premia. Domestic currency valuations experienced sharp depreciations against global reserve currencies. Reporting from Yemen, diplomatic and local observers noted that recent strategic shifts in Middle East continue to dictate regional outcomes.",Economic Impact,2026-01-26,Wall Street Journal,Yemen,Middle East
ART-11530,Civilian evacuation corridors established under international red cross mediation,"Humanitarian organizations coordinated temporary civilian safe-passage corridors to evacuate vulnerable elderly, women, and pediatric patients from active hostility perimeters. International observers monitored compliance to ensure unhindered transit for humanitarian convoys. Reporting from Poland, diplomatic and local observers noted that recent strategic shifts in Persian Gulf continue to dictate regional outcomes.",Humanitarian Impact,2026-03-03,Nikkei Asia,Poland,Persian Gulf
ART-10908,Bilateral tariff escalation and trade export controls enacted on critical components,"Commerce departments imposed sweeping customs tariffs and export license restrictions on key industrial raw materials and advanced components. Trade chambers expressed alarm over compliance costs and international supply chain fragmentation affecting bilateral trade volumes. Reporting from Iran, diplomatic and local observers noted that recent strategic shifts in Eastern Europe continue to dictate regional outcomes.",Trade & Shipping,2026-08-03,UN News,Iran,Eastern Europe
ART-11084,Manufacturing purchasing managers index drops into contraction territory,"National manufacturing indices slumped below the critical 50-point threshold, signaling industrial output contraction across export-oriented sectors. Factory managers reported elevated input acquisition costs, backlog accumulation, and declining international export orders. Reporting from Germany, diplomatic and local observers noted that recent strategic shifts in Middle East continue to dictate regional outcomes.",Economic Impact,2026-01-08,Al Jazeera,Germany,Middle East
ART-10146,Artillery and drone strikes intensify along East Asia frontline,"Heavy military bombardment and tactical drone warfare escalated across the East Asia border overnight. Military defense commands confirmed multiple interceptor missile launches and sustained counter-battery fire. Ground forces mobilized armored divisions in response to cross-border incursions, leading to heightened combat alert status throughout contested defensive perimeters. Reporting from Taiwan, diplomatic and local observers noted that recent strategic shifts in East Asia continue to dictate regional outcomes.",Military Conflict,2026-02-06,Reuters,Taiwan,East Asia
ART-10137,Naval task force engages hostile drone boats near India territorial waters,"Naval destroyers deployed in international waters intercepted multiple unmanned explosive surface vessels attempting to strike maritime patrol assets. Military officials stated that defensive kinetic munitions neutralized the threat prior to vessel breach, sustaining combat deterrence across critical coastal zones. Reporting from India, diplomatic and local observers noted that recent strategic shifts in East Asia continue to dictate regional outcomes.",Military Conflict,2026-02-25,Deutsche Welle,India,East Asia
ART-10376,High-level bilateral diplomatic summit convenes in effort to de-escalate tensions,"Foreign ministers and strategic envoys met for emergency multilateral negotiations aimed at formulating a comprehensive ceasefire framework and de-escalation roadmap. Delegations engaged in protracted closed-door diplomatic talks regarding border demilitarization and treaty adherence. Reporting from Yemen, diplomatic and local observers noted that recent strategic shifts in South Asia continue to dictate regional outcomes.",Diplomatic / Political,2026-04-09,Deutsche Welle,Yemen,South Asia
ART-10879,Bulk carrier grain vessels delayed as maritime safety inspection protocols expand,"Commercial maritime registries reported prolonged anchorage delays for dry bulk freighters awaiting safe passage clearances through designated maritime corridors. Insurers revised hull and cargo coverage stipulations, impacting export contract fulfillment for agricultural cargoes. Reporting from Israel, diplomatic and local observers noted that recent strategic shifts in Persian Gulf continue to dictate regional outcomes.",Trade & Shipping,2026-06-02,Associated Press,Israel,Persian Gulf
ART-10179,Border skirmish escalates with armor deployment and infantry engagements,"Tensions surged following armed skirmishes along the demarcation perimeter involving heavy mechanized infantry and mortar barrages. Both regional militaries issued conflicting claims regarding rules of engagement violations as reinforced defensive trenches exchanged active small arms and artillery fire. Reporting from Russia, diplomatic and local observers noted that recent strategic shifts in South Asia continue to dictate regional outcomes.",Military Conflict,2026-08-11,UN News,Russia,South Asia
ART-10131,Artillery and drone strikes intensify along Western Europe frontline,"Heavy military bombardment and tactical drone warfare escalated across the Western Europe border overnight. Military defense commands confirmed multiple interceptor missile launches and sustained counter-battery fire. Ground forces mobilized armored divisions in response to cross-border incursions, leading to heightened combat alert status throughout contested defensive perimeters. Reporting from Taiwan, diplomatic and local observers noted that recent strategic shifts in Western Europe continue to dictate regional outcomes.",Military Conflict,2026-05-19,UN News,Taiwan,Western Europe
ART-10762,Major natural gas pipeline flow throttled amid geopolitical transit disagreements,"Subsea pipeline monitoring stations recorded a sharp 35% reduction in natural gas transit volumes following regulatory and political disputes between transit nations. Energy ministers warned industrial consumers of potential supply rationing and power grid balancing interventions ahead of winter reserve replenishment. Reporting from India, diplomatic and local observers noted that recent strategic shifts in North America continue to dictate regional outcomes.",Energy Risk,2026-09-28,UN News,India,North America
ART-11192,Sovereign credit rating under review following capital flight and currency depreciation,"International credit rating agencies placed sovereign debt issuances on negative watch, citing widening fiscal deficits, rapid foreign reserve depletion, and heightened geopolitical risk premia. Domestic currency valuations experienced sharp depreciations against global reserve currencies. Reporting from Palestine, diplomatic and local observers noted that recent strategic shifts in North America continue to dictate regional outcomes.",Economic Impact,2026-01-04,Nikkei Asia,Palestine,North America
ART-11026,Central banks signal interest rate adjustments as geopolitical inflation pressures broaden,"Monetary policy committees convened to evaluate persistent macroeconomic shocks stemming from import price inflation and commodity supply friction. Financial market analysts revised benchmark interest rate trajectories as headline consumer price indices reflected elevated freight and producer input expenses. Reporting from Egypt, diplomatic and local observers noted that recent strategic shifts in Persian Gulf continue to dictate regional outcomes.",Economic Impact,2026-06-06,Nikkei Asia,Egypt,Persian Gulf
ART-11375,Civilian evacuation corridors established under international red cross mediation,"Humanitarian organizations coordinated temporary civilian safe-passage corridors to evacuate vulnerable elderly, women, and pediatric patients from active hostility perimeters. International observers monitored compliance to ensure unhindered transit for humanitarian convoys. Reporting from Iran, diplomatic and local observers noted that recent strategic shifts in East Asia continue to dictate regional outcomes.",Humanitarian Impact,2026-01-16,Deutsche Welle,Iran,East Asia
ART-10445,Parliamentary committee conducts emergency foreign policy debate on international accords,"Legislative leaders held intensive deliberations concerning diplomatic ratifications, treaty commitments, and international coalition partnerships. Government ministers reiterated diplomatic alignment while defending non-proliferation accords and diplomatic neutrality. Reporting from Israel, diplomatic and local observers noted that recent strategic shifts in North America continue to dictate regional outcomes.",Diplomatic / Political,2026-01-22,Wall Street Journal,Israel,North America
ART-10811,Container shipping carriers divert cargo fleets around Cape of Good Hope amid maritime threats,"Major international ocean carriers announced sweeping rerouting orders, diverting container vessels around the African continent to bypass hazardous maritime corridors. The maritime diversion adds 10 to 14 days to standard transit times, tightening vessel capacity, delaying container turnaround times, and triggering sharp increases in global container spot freight rates. Reporting from Sudan, diplomatic and local observers noted that recent strategic shifts in Persian Gulf continue to dictate regional outcomes.",Trade & Shipping,2026-01-18,Deutsche Welle,Sudan,Persian Gulf
ART-11352,United Nations launches emergency humanitarian relief appeal for food aid and medical shelter,"Humanitarian coordinators formally issued a multilateral funding appeal seeking urgent donor contributions to support frontline field clinics and nutritional distribution hubs. Aid convoys reported severe logistical hurdles attempting to deliver relief supplies to isolated civilian corridors. Reporting from Yemen, diplomatic and local observers noted that recent strategic shifts in Red Sea & Horn of Africa continue to dictate regional outcomes.",Humanitarian Impact,2026-05-21,Associated Press,Yemen,Red Sea & Horn of Africa
ART-10548,Strategic petroleum reserve release weighed as refinery feedstock prices surge,"Energy authorities initiated contingency consultations regarding synchronized drawdowns from strategic oil reserves following regional energy infrastructure disruptions. Brent crude spot rates surged as market participants priced in persistent refinery feedstock shortages and pipeline outages. Reporting from Israel, diplomatic and local observers noted that recent strategic shifts in South Asia continue to dictate regional outcomes.",Energy Risk,2026-02-10,Al Jazeera,Israel,South Asia
ART-10385,Parliamentary committee conducts emergency foreign policy debate on international accords,"Legislative leaders held intensive deliberations concerning diplomatic ratifications, treaty commitments, and international coalition partnerships. Government ministers reiterated diplomatic alignment while defending non-proliferation accords and diplomatic neutrality. Reporting from Yemen, diplomatic and local observers noted that recent strategic shifts in Persian Gulf continue to dictate regional outcomes.",Diplomatic / Political,2026-04-18,Associated Press,Yemen,Persian Gulf
ART-11056,Central banks signal interest rate adjustments as geopolitical inflation pressures broaden,"Monetary policy committees convened to evaluate persistent macroeconomic shocks stemming from import price inflation and commodity supply friction. Financial market analysts revised benchmark interest rate trajectories as headline consumer price indices reflected elevated freight and producer input expenses. Reporting from Ukraine, diplomatic and local observers noted that recent strategic shifts in North America continue to dictate regional outcomes.",Economic Impact,2026-09-08,Deutsche Welle,Ukraine,North America
ART-10634,Offshore drilling rig security heightened following regional maritime threat warnings,"Deepwater exploration platforms operating in disputed maritime basins instituted enhanced exclusion zones and emergency evacuation drills. Energy corporations reported heightened maritime surveillance to safeguard critical liquefied natural gas terminals and offshore pipeline pumping stations. Reporting from Egypt, diplomatic and local observers noted that recent strategic shifts in East Asia continue to dictate regional outcomes.",Energy Risk,2026-07-12,Al Jazeera,Egypt,East Asia
ART-10747,Major natural gas pipeline flow throttled amid geopolitical transit disagreements,"Subsea pipeline monitoring stations recorded a sharp 35% reduction in natural gas transit volumes following regulatory and political disputes between transit nations. Energy ministers warned industrial consumers of potential supply rationing and power grid balancing interventions ahead of winter reserve replenishment. Reporting from Russia, diplomatic and local observers noted that recent strategic shifts in Eastern Europe continue to dictate regional outcomes.",Energy Risk,2026-03-13,UN News,Russia,Eastern Europe
ART-10669,Offshore drilling rig security heightened following regional maritime threat warnings,"Deepwater exploration platforms operating in disputed maritime basins instituted enhanced exclusion zones and emergency evacuation drills. Energy corporations reported heightened maritime surveillance to safeguard critical liquefied natural gas terminals and offshore pipeline pumping stations. Reporting from India, diplomatic and local observers noted that recent strategic shifts in South Asia continue to dictate regional outcomes.",Energy Risk,2026-06-19,Associated Press,India,South Asia
ART-10329,Regional coalition signs comprehensive non-aggression and diplomatic mediation pact,"Leaders of member states finalized a multilateral framework establishing joint diplomatic mediation channels, diplomatic consultation corridors, and bilateral confidence-building measures to prevent diplomatic estrangement across the alliance. Reporting from Germany, diplomatic and local observers noted that recent strategic shifts in East Asia continue to dictate regional outcomes.",Diplomatic / Political,2026-02-18,Financial Times,Germany,East Asia
ART-10438,Ambassadorial recall and diplomatic protest notes delivered over treaty dispute,"Government officials formally summoned the resident ambassador and issued a stern diplomatic communique protesting recent policy shifts and border treaties. Ministry spokespersons emphasized diplomatic dialogue while recalling senior envoys for high-level foreign policy consultations. Reporting from United Kingdom, diplomatic and local observers noted that recent strategic shifts in Western Europe continue to dictate regional outcomes.",Diplomatic / Political,2026-03-15,BBC News,United Kingdom,Western Europe
ART-10757,Major natural gas pipeline flow throttled amid geopolitical transit disagreements,"Subsea pipeline monitoring stations recorded a sharp 35% reduction in natural gas transit volumes following regulatory and political disputes between transit nations. Energy ministers warned industrial consumers of potential supply rationing and power grid balancing interventions ahead of winter reserve replenishment. Reporting from Taiwan, diplomatic and local observers noted that recent strategic shifts in South Asia continue to dictate regional outcomes.",Energy Risk,2026-04-23,BBC News,Taiwan,South Asia
ART-10067,Naval task force engages hostile drone boats near China territorial waters,"Naval destroyers deployed in international waters intercepted multiple unmanned explosive surface vessels attempting to strike maritime patrol assets. Military officials stated that defensive kinetic munitions neutralized the threat prior to vessel breach, sustaining combat deterrence across critical coastal zones. Reporting from China, diplomatic and local observers noted that recent strategic shifts in Red Sea & Horn of Africa continue to dictate regional outcomes.",Military Conflict,2026-04-11,Financial Times,China,Red Sea & Horn of Africa
ART-11301,Refugee displacement crisis deepens as civilian populations flee contested border zones,"International humanitarian relief agencies reported that over 250,000 civilians have been displaced from conflict-affected frontier zones over recent weeks. Overcrowded temporary resettlement shelters face severe shortages of potable water, emergency medical supplies, and sanitation infrastructure. Reporting from United States, diplomatic and local observers noted that recent strategic shifts in East Asia continue to dictate regional outcomes.",Humanitarian Impact,2026-08-26,Bloomberg,United States,East Asia
ART-10894,Bulk carrier grain vessels delayed as maritime safety inspection protocols expand,"Commercial maritime registries reported prolonged anchorage delays for dry bulk freighters awaiting safe passage clearances through designated maritime corridors. Insurers revised hull and cargo coverage stipulations, impacting export contract fulfillment for agricultural cargoes. Reporting from United Kingdom, diplomatic and local observers noted that recent strategic shifts in Persian Gulf continue to dictate regional outcomes.",Trade & Shipping,2026-03-17,BBC News,United Kingdom,Persian Gulf
ART-10241,Artillery and drone strikes intensify along South Asia frontline,"Heavy military bombardment and tactical drone warfare escalated across the South Asia border overnight. Military defense commands confirmed multiple interceptor missile launches and sustained counter-battery fire. Ground forces mobilized armored divisions in response to cross-border incursions, leading to heightened combat alert status throughout contested defensive perimeters. Reporting from Germany, diplomatic and local observers noted that recent strategic shifts in South Asia continue to dictate regional outcomes.",Military Conflict,2026-07-17,Deutsche Welle,Germany,South Asia
ART-10247,Naval task force engages hostile drone boats near Poland territorial waters,"Naval destroyers deployed in international waters intercepted multiple unmanned explosive surface vessels attempting to strike maritime patrol assets. Military officials stated that defensive kinetic munitions neutralized the threat prior to vessel breach, sustaining combat deterrence across critical coastal zones. Reporting from Poland, diplomatic and local observers noted that recent strategic shifts in South Asia continue to dictate regional outcomes.",Military Conflict,2026-04-23,Reuters,Poland,South Asia
ART-10082,Naval task force engages hostile drone boats near Iran territorial waters,"Naval destroyers deployed in international waters intercepted multiple unmanned explosive surface vessels attempting to strike maritime patrol assets. Military officials stated that defensive kinetic munitions neutralized the threat prior to vessel breach, sustaining combat deterrence across critical coastal zones. Reporting from Iran, diplomatic and local observers noted that recent strategic shifts in Eastern Europe continue to dictate regional outcomes.",Military Conflict,2026-01-26,Nikkei Asia,Iran,Eastern Europe
ART-10121,Artillery and drone strikes intensify along Red Sea & Horn of Africa frontline,"Heavy military bombardment and tactical drone warfare escalated across the Red Sea & Horn of Africa border overnight. Military defense commands confirmed multiple interceptor missile launches and sustained counter-battery fire. Ground forces mobilized armored divisions in response to cross-border incursions, leading to heightened combat alert status throughout contested defensive perimeters. Reporting from Ukraine, diplomatic and local observers noted that recent strategic shifts in Red Sea & Horn of Africa continue to dictate regional outcomes.",Military Conflict,2026-04-09,UN News,Ukraine,Red Sea & Horn of Africa
ART-11336,Refugee displacement crisis deepens as civilian populations flee contested border zones,"International humanitarian relief agencies reported that over 250,000 civilians have been displaced from conflict-affected frontier zones over recent weeks. Overcrowded temporary resettlement shelters face severe shortages of potable water, emergency medical supplies, and sanitation infrastructure. Reporting from India, diplomatic and local observers noted that recent strategic shifts in North America continue to dictate regional outcomes.",Humanitarian Impact,2026-07-05,Reuters,India,North America
ART-10275,Parliamentary committee conducts emergency foreign policy debate on international accords,"Legislative leaders held intensive deliberations concerning diplomatic ratifications, treaty commitments, and international coalition partnerships. Government ministers reiterated diplomatic alignment while defending non-proliferation accords and diplomatic neutrality. Reporting from Yemen, diplomatic and local observers noted that recent strategic shifts in South Asia continue to dictate regional outcomes.",Diplomatic / Political,2026-02-20,Wall Street Journal,Yemen,South Asia
ART-10672,Major natural gas pipeline flow throttled amid geopolitical transit disagreements,"Subsea pipeline monitoring stations recorded a sharp 35% reduction in natural gas transit volumes following regulatory and political disputes between transit nations. Energy ministers warned industrial consumers of potential supply rationing and power grid balancing interventions ahead of winter reserve replenishment. Reporting from Poland, diplomatic and local observers noted that recent strategic shifts in East Asia continue to dictate regional outcomes.",Energy Risk,2026-09-22,Wall Street Journal,Poland,East Asia
ART-10733,Strategic petroleum reserve release weighed as refinery feedstock prices surge,"Energy authorities initiated contingency consultations regarding synchronized drawdowns from strategic oil reserves following regional energy infrastructure disruptions. Brent crude spot rates surged as market participants priced in persistent refinery feedstock shortages and pipeline outages. Reporting from United States, diplomatic and local observers noted that recent strategic shifts in Western Europe continue to dictate regional outcomes.",Energy Risk,2026-07-27,Nikkei Asia,United States,Western Europe
ART-11488,"Field hospitals face critical shortages of surgical anesthetics, electricity, and clean water","Medical relief organizations operating inside crisis sectors issued urgent distress alerts regarding depleted pharmaceuticals, damaged municipal water treatment facilities, and erratic generator fuel supplies necessary to maintain life-saving intensive care facilities. Reporting from Poland, diplomatic and local observers noted that recent strategic shifts in Western Europe continue to dictate regional outcomes.",Humanitarian Impact,2026-06-17,BBC News,Poland,Western Europe
ART-10056,Artillery and drone strikes intensify along Eastern Europe frontline,"Heavy military bombardment and tactical drone warfare escalated across the Eastern Europe border overnight. Military defense commands confirmed multiple interceptor missile launches and sustained counter-battery fire. Ground forces mobilized armored divisions in response to cross-border incursions, leading to heightened combat alert status throughout contested defensive perimeters. Reporting from China, diplomatic and local observers noted that recent strategic shifts in Eastern Europe continue to dictate regional outcomes.",Military Conflict,2026-02-28,Associated Press,China,Eastern Europe
ART-10726,Strait of Hormuz transit tensions spark crude oil and LNG supply disruptions,"Heightened naval alerts near critical energy choke points triggered immediate volatility across global benchmark crude contracts. Tanker charter operators raised war risk insurance premiums as energy intelligence analysts cautioned that maritime route interdictions could constrain daily flows of crude oil, refined distillates, and liquefied natural gas (LNG). Reporting from Taiwan, diplomatic and local observers noted that recent strategic shifts in Persian Gulf continue to dictate regional outcomes.",Energy Risk,2026-09-20,Financial Times,Taiwan,Persian Gulf
ART-10778,Bilateral tariff escalation and trade export controls enacted on critical components,"Commerce departments imposed sweeping customs tariffs and export license restrictions on key industrial raw materials and advanced components. Trade chambers expressed alarm over compliance costs and international supply chain fragmentation affecting bilateral trade volumes. Reporting from India, diplomatic and local observers noted that recent strategic shifts in Western Europe continue to dictate regional outcomes.",Trade & Shipping,2026-04-13,Reuters,India,Western Europe
ART-11302,United Nations launches emergency humanitarian relief appeal for food aid and medical shelter,"Humanitarian coordinators formally issued a multilateral funding appeal seeking urgent donor contributions to support frontline field clinics and nutritional distribution hubs. Aid convoys reported severe logistical hurdles attempting to deliver relief supplies to isolated civilian corridors. Reporting from United States, diplomatic and local observers noted that recent strategic shifts in Eastern Europe continue to dictate regional outcomes.",Humanitarian Impact,2026-09-27,BBC News,United States,Eastern Europe
ART-11206,Central banks signal interest rate adjustments as geopolitical inflation pressures broaden,"Monetary policy committees convened to evaluate persistent macroeconomic shocks stemming from import price inflation and commodity supply friction. Financial market analysts revised benchmark interest rate trajectories as headline consumer price indices reflected elevated freight and producer input expenses. Reporting from United States, diplomatic and local observers noted that recent strategic shifts in Persian Gulf continue to dictate regional outcomes.",Economic Impact,2026-06-18,Bloomberg,United States,Persian Gulf
ART-11308,"Field hospitals face critical shortages of surgical anesthetics, electricity, and clean water","Medical relief organizations operating inside crisis sectors issued urgent distress alerts regarding depleted pharmaceuticals, damaged municipal water treatment facilities, and erratic generator fuel supplies necessary to maintain life-saving intensive care facilities. Reporting from Israel, diplomatic and local observers noted that recent strategic shifts in East Asia continue to dictate regional outcomes.",Humanitarian Impact,2026-06-05,UN News,Israel,East Asia
ART-10187,Naval task force engages hostile drone boats near Yemen territorial waters,"Naval destroyers deployed in international waters intercepted multiple unmanned explosive surface vessels attempting to strike maritime patrol assets. Military officials stated that defensive kinetic munitions neutralized the threat prior to vessel breach, sustaining combat deterrence across critical coastal zones. Reporting from Yemen, diplomatic and local observers noted that recent strategic shifts in Red Sea & Horn of Africa continue to dictate regional outcomes.",Military Conflict,2026-07-19,Bloomberg,Yemen,Red Sea & Horn of Africa
ART-10843,Bilateral tariff escalation and trade export controls enacted on critical components,"Commerce departments imposed sweeping customs tariffs and export license restrictions on key industrial raw materials and advanced components. Trade chambers expressed alarm over compliance costs and international supply chain fragmentation affecting bilateral trade volumes. Reporting from India, diplomatic and local observers noted that recent strategic shifts in East Asia continue to dictate regional outcomes.",Trade & Shipping,2026-06-22,Bloomberg,India,East Asia
ART-10418,Ambassadorial recall and diplomatic protest notes delivered over treaty dispute,"Government officials formally summoned the resident ambassador and issued a stern diplomatic communique protesting recent policy shifts and border treaties. Ministry spokespersons emphasized diplomatic dialogue while recalling senior envoys for high-level foreign policy consultations. Reporting from Germany, diplomatic and local observers noted that recent strategic shifts in East Asia continue to dictate regional outcomes.",Diplomatic / Political,2026-01-23,Bloomberg,Germany,East Asia
ART-11083,Foreign direct investment inflows contract sharply amid cross-border geopolitical instability,"Economic development ministries reported a significant deceleration in cross-border capital expenditures and joint venture investments. Corporate treasuries cited regulatory uncertainty, sovereign risk premia, and supply network vulnerabilities as key deterrents to long-term capital allocation. Reporting from Russia, diplomatic and local observers noted that recent strategic shifts in Western Europe continue to dictate regional outcomes.",Economic Impact,2026-09-07,Reuters,Russia,Western Europe
ART-10068,Airstrikes strike strategic command centers and ammunition depots in United Kingdom,"Fighter aircraft launched precision-guided ordnance targeting key military logistics hubs, radar installations, and tactical weapons caches near strategic sectors of United Kingdom. Satellite reconnaissance verified structural destruction, while armed forces declared immediate airspace closure and defensive mobilization. Reporting from United Kingdom, diplomatic and local observers noted that recent strategic shifts in East Asia continue to dictate regional outcomes.",Military Conflict,2026-05-12,UN News,United Kingdom,East Asia
ART-11504,Disrupted municipal power grids and water filtration plants jeopardize civilian public health,"Public health authorities warned of escalating waterborne disease outbreaks after sustained infrastructure damage crippled municipal water purification networks and electrical sub-stations. Emergency relief teams deployed portable purification modules to mitigate sanitary hazards. Reporting from United States, diplomatic and local observers noted that recent strategic shifts in Western Europe continue to dictate regional outcomes.",Humanitarian Impact,2026-04-05,BBC News,United States,Western Europe
ART-11082,Sovereign credit rating under review following capital flight and currency depreciation,"International credit rating agencies placed sovereign debt issuances on negative watch, citing widening fiscal deficits, rapid foreign reserve depletion, and heightened geopolitical risk premia. Domestic currency valuations experienced sharp depreciations against global reserve currencies. Reporting from India, diplomatic and local observers noted that recent strategic shifts in Persian Gulf continue to dictate regional outcomes.",Economic Impact,2026-08-06,Bloomberg,India,Persian Gulf
ART-10524,Offshore drilling rig security heightened following regional maritime threat warnings,"Deepwater exploration platforms operating in disputed maritime basins instituted enhanced exclusion zones and emergency evacuation drills. Energy corporations reported heightened maritime surveillance to safeguard critical liquefied natural gas terminals and offshore pipeline pumping stations. Reporting from Israel, diplomatic and local observers noted that recent strategic shifts in North America continue to dictate regional outcomes.",Energy Risk,2026-05-14,Deutsche Welle,Israel,North America
ART-10677,Major natural gas pipeline flow throttled amid geopolitical transit disagreements,"Subsea pipeline monitoring stations recorded a sharp 35% reduction in natural gas transit volumes following regulatory and political disputes between transit nations. Energy ministers warned industrial consumers of potential supply rationing and power grid balancing interventions ahead of winter reserve replenishment. Reporting from Palestine, diplomatic and local observers noted that recent strategic shifts in Eastern Europe continue to dictate regional outcomes.",Energy Risk,2026-05-27,Nikkei Asia,Palestine,Eastern Europe
ART-11351,Refugee displacement crisis deepens as civilian populations flee contested border zones,"International humanitarian relief agencies reported that over 250,000 civilians have been displaced from conflict-affected frontier zones over recent weeks. Overcrowded temporary resettlement shelters face severe shortages of potable water, emergency medical supplies, and sanitation infrastructure. Reporting from Poland, diplomatic and local observers noted that recent strategic shifts in Western Europe continue to dictate regional outcomes.",Humanitarian Impact,2026-04-20,BBC News,Poland,Western Europe
ART-10207,Naval task force engages hostile drone boats near Poland territorial waters,"Naval destroyers deployed in international waters intercepted multiple unmanned explosive surface vessels attempting to strike maritime patrol assets. Military officials stated that defensive kinetic munitions neutralized the threat prior to vessel breach, sustaining combat deterrence across critical coastal zones. Reporting from Poland, diplomatic and local observers noted that recent strategic shifts in Western Europe continue to dictate regional outcomes.",Military Conflict,2026-09-11,Bloomberg,Poland,Western Europe
ART-11350,Civilian evacuation corridors established under international red cross mediation,"Humanitarian organizations coordinated temporary civilian safe-passage corridors to evacuate vulnerable elderly, women, and pediatric patients from active hostility perimeters. International observers monitored compliance to ensure unhindered transit for humanitarian convoys. Reporting from United States, diplomatic and local observers noted that recent strategic shifts in Middle East continue to dictate regional outcomes.",Humanitarian Impact,2026-03-19,Financial Times,United States,Middle East
ART-10158,Airstrikes strike strategic command centers and ammunition depots in Poland,"Fighter aircraft launched precision-guided ordnance targeting key military logistics hubs, radar installations, and tactical weapons caches near strategic sectors of Poland. Satellite reconnaissance verified structural destruction, while armed forces declared immediate airspace closure and defensive mobilization. Reporting from Poland, diplomatic and local observers noted that recent strategic shifts in Persian Gulf continue to dictate regional outcomes.",Military Conflict,2026-05-18,Al Jazeera,Poland,Persian Gulf
ART-11077,Sovereign credit rating under review following capital flight and currency depreciation,"International credit rating agencies placed sovereign debt issuances on negative watch, citing widening fiscal deficits, rapid foreign reserve depletion, and heightened geopolitical risk premia. Domestic currency valuations experienced sharp depreciations against global reserve currencies. Reporting from Iran, diplomatic and local observers noted that recent strategic shifts in North America continue to dictate regional outcomes.",Economic Impact,2026-03-01,Bloomberg,Iran,North America
ART-10217,Naval task force engages hostile drone boats near Egypt territorial waters,"Naval destroyers deployed in international waters intercepted multiple unmanned explosive surface vessels attempting to strike maritime patrol assets. Military officials stated that defensive kinetic munitions neutralized the threat prior to vessel breach, sustaining combat deterrence across critical coastal zones. Reporting from Egypt, diplomatic and local observers noted that recent strategic shifts in Persian Gulf continue to dictate regional outcomes.",Military Conflict,2026-01-21,Nikkei Asia,Egypt,Persian Gulf
ART-10441,High-level bilateral diplomatic summit convenes in effort to de-escalate tensions,"Foreign ministers and strategic envoys met for emergency multilateral negotiations aimed at formulating a comprehensive ceasefire framework and de-escalation roadmap. Delegations engaged in protracted closed-door diplomatic talks regarding border demilitarization and treaty adherence. Reporting from United States, diplomatic and local observers noted that recent strategic shifts in Eastern Europe continue to dictate regional outcomes.",Diplomatic / Political,2026-06-18,BBC News,United States,Eastern Europe
ART-11053,Foreign direct investment inflows contract sharply amid cross-border geopolitical instability,"Economic development ministries reported a significant deceleration in cross-border capital expenditures and joint venture investments. Corporate treasuries cited regulatory uncertainty, sovereign risk premia, and supply network vulnerabilities as key deterrents to long-term capital allocation. Reporting from Egypt, diplomatic and local observers noted that recent strategic shifts in Red Sea & Horn of Africa continue to dictate regional outcomes.",Economic Impact,2026-06-05,Deutsche Welle,Egypt,Red Sea & Horn of Africa
ART-11427,United Nations launches emergency humanitarian relief appeal for food aid and medical shelter,"Humanitarian coordinators formally issued a multilateral funding appeal seeking urgent donor contributions to support frontline field clinics and nutritional distribution hubs. Aid convoys reported severe logistical hurdles attempting to deliver relief supplies to isolated civilian corridors. Reporting from Germany, diplomatic and local observers noted that recent strategic shifts in Western Europe continue to dictate regional outcomes.",Humanitarian Impact,2026-08-12,Deutsche Welle,Germany,Western Europe
ART-10428,Ambassadorial recall and diplomatic protest notes delivered over treaty dispute,"Government officials formally summoned the resident ambassador and issued a stern diplomatic communique protesting recent policy shifts and border treaties. Ministry spokespersons emphasized diplomatic dialogue while recalling senior envoys for high-level foreign policy consultations. Reporting from Germany, diplomatic and local observers noted that recent strategic shifts in North America continue to dictate regional outcomes.",Diplomatic / Political,2026-02-05,Nikkei Asia,Germany,North America
ART-10681,Strait of Hormuz transit tensions spark crude oil and LNG supply disruptions,"Heightened naval alerts near critical energy choke points triggered immediate volatility across global benchmark crude contracts. Tanker charter operators raised war risk insurance premiums as energy intelligence analysts cautioned that maritime route interdictions could constrain daily flows of crude oil, refined distillates, and liquefied natural gas (LNG). Reporting from United Kingdom, diplomatic and local observers noted that recent strategic shifts in Eastern Europe continue to dictate regional outcomes.",Energy Risk,2026-09-03,Wall Street Journal,United Kingdom,Eastern Europe
ART-10230,Ballistic missile interceptor systems activated amid regional military escalation,"Air defense batteries engaged multiple incoming medium-range ballistic trajectories targeting military infrastructure. Defense ministries confirmed that surface-to-air missile batteries intercepted projectiles mid-course, placing joint task forces on maximum tactical readiness status. Reporting from Poland, diplomatic and local observers noted that recent strategic shifts in Middle East continue to dictate regional outcomes.",Military Conflict,2026-05-06,Reuters,Poland,Middle East
ART-10595,OPEC+ convenes emergency production quota meeting as geopolitical supply risks mount,"Petroleum export ministers gathered for extraordinary consultations to review crude output allocations and export facility vulnerabilities. Analysts highlighted that potential localized transit choke point disruptions threaten to strain spare production capacity across export terminals. Reporting from Ukraine, diplomatic and local observers noted that recent strategic shifts in Middle East continue to dictate regional outcomes.",Energy Risk,2026-04-01,UN News,Ukraine,Middle East
ART-10178,Airstrikes strike strategic command centers and ammunition depots in Yemen,"Fighter aircraft launched precision-guided ordnance targeting key military logistics hubs, radar installations, and tactical weapons caches near strategic sectors of Yemen. Satellite reconnaissance verified structural destruction, while armed forces declared immediate airspace closure and defensive mobilization. Reporting from Yemen, diplomatic and local observers noted that recent strategic shifts in Persian Gulf continue to dictate regional outcomes.",Military Conflict,2026-07-10,Bloomberg,Yemen,Persian Gulf
ART-10387,United Nations Security Council debates draft resolution on sovereignty and border protocols,"Diplomats at the UN Headquarters convened an emergency session to deliberate a multilateral resolution addressing territorial sovereignty, diplomatic immunity, and international arbitration. Key permanent members presented competing revisions concerning compliance verification and peacekeeper mandates. Reporting from Germany, diplomatic and local observers noted that recent strategic shifts in Middle East continue to dictate regional outcomes.",Diplomatic / Political,2026-06-20,BBC News,Germany,Middle East
ART-10808,Bilateral tariff escalation and trade export controls enacted on critical components,"Commerce departments imposed sweeping customs tariffs and export license restrictions on key industrial raw materials and advanced components. Trade chambers expressed alarm over compliance costs and international supply chain fragmentation affecting bilateral trade volumes. Reporting from Yemen, diplomatic and local observers noted that recent strategic shifts in South Asia continue to dictate regional outcomes.",Trade & Shipping,2026-07-15,BBC News,Yemen,South Asia
ART-10768,Bilateral tariff escalation and trade export controls enacted on critical components,Commerce departments imposed sweeping customs tariffs and export license restrictions on key industrial raw materials and advanced components. Trade chambers expressed alarm over compliance costs and international supply chain fragmentation affecting bilateral trade volumes.,Trade & Shipping,2026-03-03,Al Jazeera,Russia,Middle East
ART-11312,United Nations launches emergency humanitarian relief appeal for food aid and medical shelter,"Humanitarian coordinators formally issued a multilateral funding appeal seeking urgent donor contributions to support frontline field clinics and nutritional distribution hubs. Aid convoys reported severe logistical hurdles attempting to deliver relief supplies to isolated civilian corridors. Reporting from Taiwan, diplomatic and local observers noted that recent strategic shifts in Persian Gulf continue to dictate regional outcomes.",Humanitarian Impact,2026-01-09,Nikkei Asia,Taiwan,Persian Gulf
ART-11105,Stock exchange volatility index spikes as investors seek safe-haven sovereign bonds and gold,"Equities across regional bourses recorded broad sell-offs, with industrial, aviation, and consumer discretionary shares leading declines. Capital allocators rotated liquidity into sovereign treasury securities, bullion, and cash equivalents amid heightened geopolitical uncertainty. Reporting from Germany, diplomatic and local observers noted that recent strategic shifts in Middle East continue to dictate regional outcomes.",Economic Impact,2026-04-01,UN News,Germany,Middle East
ART-11424,Disrupted municipal power grids and water filtration plants jeopardize civilian public health,"Public health authorities warned of escalating waterborne disease outbreaks after sustained infrastructure damage crippled municipal water purification networks and electrical sub-stations. Emergency relief teams deployed portable purification modules to mitigate sanitary hazards. Reporting from Taiwan, diplomatic and local observers noted that recent strategic shifts in Western Europe continue to dictate regional outcomes.",Humanitarian Impact,2026-05-09,UN News,Taiwan,Western Europe
ART-11448,"Field hospitals face critical shortages of surgical anesthetics, electricity, and clean water","Medical relief organizations operating inside crisis sectors issued urgent distress alerts regarding depleted pharmaceuticals, damaged municipal water treatment facilities, and erratic generator fuel supplies necessary to maintain life-saving intensive care facilities. Reporting from Egypt, diplomatic and local observers noted that recent strategic shifts in North America continue to dictate regional outcomes.",Humanitarian Impact,2026-02-05,UN News,Egypt,North America
ART-10335,Parliamentary committee conducts emergency foreign policy debate on international accords,"Legislative leaders held intensive deliberations concerning diplomatic ratifications, treaty commitments, and international coalition partnerships. Government ministers reiterated diplomatic alignment while defending non-proliferation accords and diplomatic neutrality. Reporting from Egypt, diplomatic and local observers noted that recent strategic shifts in Middle East continue to dictate regional outcomes.",Diplomatic / Political,2026-08-24,UN News,Egypt,Middle East
ART-10451,High-level bilateral diplomatic summit convenes in effort to de-escalate tensions,"Foreign ministers and strategic envoys met for emergency multilateral negotiations aimed at formulating a comprehensive ceasefire framework and de-escalation roadmap. Delegations engaged in protracted closed-door diplomatic talks regarding border demilitarization and treaty adherence. Reporting from China, diplomatic and local observers noted that recent strategic shifts in Persian Gulf continue to dictate regional outcomes.",Diplomatic / Political,2026-07-28,Wall Street Journal,China,Persian Gulf
ART-10235,Ballistic missile interceptor systems activated amid regional military escalation,"Air defense batteries engaged multiple incoming medium-range ballistic trajectories targeting military infrastructure. Defense ministries confirmed that surface-to-air missile batteries intercepted projectiles mid-course, placing joint task forces on maximum tactical readiness status. Reporting from Poland, diplomatic and local observers noted that recent strategic shifts in Middle East continue to dictate regional outcomes.",Military Conflict,2026-01-11,Deutsche Welle,Poland,Middle East
ART-11144,Manufacturing purchasing managers index drops into contraction territory,"National manufacturing indices slumped below the critical 50-point threshold, signaling industrial output contraction across export-oriented sectors. Factory managers reported elevated input acquisition costs, backlog accumulation, and declining international export orders. Reporting from China, diplomatic and local observers noted that recent strategic shifts in Red Sea & Horn of Africa continue to dictate regional outcomes.",Economic Impact,2026-07-12,Al Jazeera,China,Red Sea & Horn of Africa
ART-11273,Foreign direct investment inflows contract sharply amid cross-border geopolitical instability,"Economic development ministries reported a significant deceleration in cross-border capital expenditures and joint venture investments. Corporate treasuries cited regulatory uncertainty, sovereign risk premia, and supply network vulnerabilities as key deterrents to long-term capital allocation. Reporting from India, diplomatic and local observers noted that recent strategic shifts in Western Europe continue to dictate regional outcomes.",Economic Impact,2026-01-01,Nikkei Asia,India,Western Europe
ART-11431,Refugee displacement crisis deepens as civilian populations flee contested border zones,"International humanitarian relief agencies reported that over 250,000 civilians have been displaced from conflict-affected frontier zones over recent weeks. Overcrowded temporary resettlement shelters face severe shortages of potable water, emergency medical supplies, and sanitation infrastructure. Reporting from Sudan, diplomatic and local observers noted that recent strategic shifts in Western Europe continue to dictate regional outcomes.",Humanitarian Impact,2026-03-16,UN News,Sudan,Western Europe
ART-10526,Strait of Hormuz transit tensions spark crude oil and LNG supply disruptions,"Heightened naval alerts near critical energy choke points triggered immediate volatility across global benchmark crude contracts. Tanker charter operators raised war risk insurance premiums as energy intelligence analysts cautioned that maritime route interdictions could constrain daily flows of crude oil, refined distillates, and liquefied natural gas (LNG). Reporting from Palestine, diplomatic and local observers noted that recent strategic shifts in Middle East continue to dictate regional outcomes.",Energy Risk,2026-07-16,BBC News,Palestine,Middle East
ART-10971,Container shipping carriers divert cargo fleets around Cape of Good Hope amid maritime threats,"Major international ocean carriers announced sweeping rerouting orders, diverting container vessels around the African continent to bypass hazardous maritime corridors. The maritime diversion adds 10 to 14 days to standard transit times, tightening vessel capacity, delaying container turnaround times, and triggering sharp increases in global container spot freight rates. Reporting from Russia, diplomatic and local observers noted that recent strategic shifts in North America continue to dictate regional outcomes.",Trade & Shipping,2026-08-10,Associated Press,Russia,North America
ART-11275,Stock exchange volatility index spikes as investors seek safe-haven sovereign bonds and gold,"Equities across regional bourses recorded broad sell-offs, with industrial, aviation, and consumer discretionary shares leading declines. Capital allocators rotated liquidity into sovereign treasury securities, bullion, and cash equivalents amid heightened geopolitical uncertainty. Reporting from China, diplomatic and local observers noted that recent strategic shifts in South Asia continue to dictate regional outcomes.",Economic Impact,2026-03-03,UN News,China,South Asia
ART-10368,Ambassadorial recall and diplomatic protest notes delivered over treaty dispute,"Government officials formally summoned the resident ambassador and issued a stern diplomatic communique protesting recent policy shifts and border treaties. Ministry spokespersons emphasized diplomatic dialogue while recalling senior envoys for high-level foreign policy consultations. Reporting from Poland, diplomatic and local observers noted that recent strategic shifts in Persian Gulf continue to dictate regional outcomes.",Diplomatic / Political,2026-05-01,BBC News,Poland,Persian Gulf
ART-10416,High-level bilateral diplomatic summit convenes in effort to de-escalate tensions,"Foreign ministers and strategic envoys met for emergency multilateral negotiations aimed at formulating a comprehensive ceasefire framework and de-escalation roadmap. Delegations engaged in protracted closed-door diplomatic talks regarding border demilitarization and treaty adherence. Reporting from United States, diplomatic and local observers noted that recent strategic shifts in South Asia continue to dictate regional outcomes.",Diplomatic / Political,2026-08-21,BBC News,United States,South Asia
ART-11028,Foreign direct investment inflows contract sharply amid cross-border geopolitical instability,"Economic development ministries reported a significant deceleration in cross-border capital expenditures and joint venture investments. Corporate treasuries cited regulatory uncertainty, sovereign risk premia, and supply network vulnerabilities as key deterrents to long-term capital allocation. Reporting from Saudi Arabia, diplomatic and local observers noted that recent strategic shifts in North America continue to dictate regional outcomes.",Economic Impact,2026-08-08,Al Jazeera,Saudi Arabia,North America
ART-10429,Regional coalition signs comprehensive non-aggression and diplomatic mediation pact,"Leaders of member states finalized a multilateral framework establishing joint diplomatic mediation channels, diplomatic consultation corridors, and bilateral confidence-building measures to prevent diplomatic estrangement across the alliance. Reporting from Israel, diplomatic and local observers noted that recent strategic shifts in North America continue to dictate regional outcomes.",Diplomatic / Political,2026-03-06,Al Jazeera,Israel,North America
ART-10084,Border skirmish escalates with armor deployment and infantry engagements,"Tensions surged following armed skirmishes along the demarcation perimeter involving heavy mechanized infantry and mortar barrages. Both regional militaries issued conflicting claims regarding rules of engagement violations as reinforced defensive trenches exchanged active small arms and artillery fire. Reporting from Israel, diplomatic and local observers noted that recent strategic shifts in Red Sea & Horn of Africa continue to dictate regional outcomes.",Military Conflict,2026-03-28,UN News,Israel,Red Sea & Horn of Africa
ART-11265,Stock exchange volatility index spikes as investors seek safe-haven sovereign bonds and gold,"Equities across regional bourses recorded broad sell-offs, with industrial, aviation, and consumer discretionary shares leading declines. Capital allocators rotated liquidity into sovereign treasury securities, bullion, and cash equivalents amid heightened geopolitical uncertainty. Reporting from Palestine, diplomatic and local observers noted that recent strategic shifts in North America continue to dictate regional outcomes.",Economic Impact,2026-02-21,Financial Times,Palestine,North America
ART-11089,Manufacturing purchasing managers index drops into contraction territory,"National manufacturing indices slumped below the critical 50-point threshold, signaling industrial output contraction across export-oriented sectors. Factory managers reported elevated input acquisition costs, backlog accumulation, and declining international export orders. Reporting from Poland, diplomatic and local observers noted that recent strategic shifts in Persian Gulf continue to dictate regional outcomes.",Economic Impact,2026-06-13,Al Jazeera,Poland,Persian Gulf
ART-11524,Disrupted municipal power grids and water filtration plants jeopardize civilian public health,"Public health authorities warned of escalating waterborne disease outbreaks after sustained infrastructure damage crippled municipal water purification networks and electrical sub-stations. Emergency relief teams deployed portable purification modules to mitigate sanitary hazards. Reporting from Israel, diplomatic and local observers noted that recent strategic shifts in Middle East continue to dictate regional outcomes.",Humanitarian Impact,2026-06-25,Al Jazeera,Israel,Middle East
ART-11409,Disrupted municipal power grids and water filtration plants jeopardize civilian public health,"Public health authorities warned of escalating waterborne disease outbreaks after sustained infrastructure damage crippled municipal water purification networks and electrical sub-stations. Emergency relief teams deployed portable purification modules to mitigate sanitary hazards. Reporting from Palestine, diplomatic and local observers noted that recent strategic shifts in Eastern Europe continue to dictate regional outcomes.",Humanitarian Impact,2026-08-22,Financial Times,Palestine,Eastern Europe
ART-11207,Sovereign credit rating under review following capital flight and currency depreciation,"International credit rating agencies placed sovereign debt issuances on negative watch, citing widening fiscal deficits, rapid foreign reserve depletion, and heightened geopolitical risk premia. Domestic currency valuations experienced sharp depreciations against global reserve currencies. Reporting from Taiwan, diplomatic and local observers noted that recent strategic shifts in Eastern Europe continue to dictate regional outcomes.",Economic Impact,2026-07-19,Al Jazeera,Taiwan,Eastern Europe
ART-10201,Artillery and drone strikes intensify along East Asia frontline,"Heavy military bombardment and tactical drone warfare escalated across the East Asia border overnight. Military defense commands confirmed multiple interceptor missile launches and sustained counter-battery fire. Ground forces mobilized armored divisions in response to cross-border incursions, leading to heightened combat alert status throughout contested defensive perimeters. Reporting from Germany, diplomatic and local observers noted that recent strategic shifts in East Asia continue to dictate regional outcomes.",Military Conflict,2026-03-05,Nikkei Asia,Germany,East Asia
ART-10692,Major natural gas pipeline flow throttled amid geopolitical transit disagreements,"Subsea pipeline monitoring stations recorded a sharp 35% reduction in natural gas transit volumes following regulatory and political disputes between transit nations. Energy ministers warned industrial consumers of potential supply rationing and power grid balancing interventions ahead of winter reserve replenishment. Reporting from India, diplomatic and local observers noted that recent strategic shifts in North America continue to dictate regional outcomes.",Energy Risk,2026-02-14,Associated Press,India,North America
ART-11245,Stock exchange volatility index spikes as investors seek safe-haven sovereign bonds and gold,"Equities across regional bourses recorded broad sell-offs, with industrial, aviation, and consumer discretionary shares leading declines. Capital allocators rotated liquidity into sovereign treasury securities, bullion, and cash equivalents amid heightened geopolitical uncertainty. Reporting from Iran, diplomatic and local observers noted that recent strategic shifts in Middle East continue to dictate regional outcomes.",Economic Impact,2026-09-01,Wall Street Journal,Iran,Middle East
ART-10392,United Nations Security Council debates draft resolution on sovereignty and border protocols,"Diplomats at the UN Headquarters convened an emergency session to deliberate a multilateral resolution addressing territorial sovereignty, diplomatic immunity, and international arbitration. Key permanent members presented competing revisions concerning compliance verification and peacekeeper mandates. Reporting from Palestine, diplomatic and local observers noted that recent strategic shifts in Red Sea & Horn of Africa continue to dictate regional outcomes.",Diplomatic / Political,2026-02-25,Bloomberg,Palestine,Red Sea & Horn of Africa
ART-10069,Border skirmish escalates with armor deployment and infantry engagements,"Tensions surged following armed skirmishes along the demarcation perimeter involving heavy mechanized infantry and mortar barrages. Both regional militaries issued conflicting claims regarding rules of engagement violations as reinforced defensive trenches exchanged active small arms and artillery fire. Reporting from Iran, diplomatic and local observers noted that recent strategic shifts in South Asia continue to dictate regional outcomes.",Military Conflict,2026-06-13,Wall Street Journal,Iran,South Asia
ART-10975,Air freight cargo rates spike as commercial shippers seek alternatives to ocean freight lanes,"Aviation logistics carriers reported an unprecedented surge in charter demand for urgent transcontinental air cargo, driven by persistent maritime shipping route disruptions. Freight indices registered double-digit increases in air cargo ton-mile rates for priority industrial freight. Reporting from Taiwan, diplomatic and local observers noted that recent strategic shifts in South Asia continue to dictate regional outcomes.",Trade & Shipping,2026-03-14,Deutsche Welle,Taiwan,South Asia
ART-10021,Artillery and drone strikes intensify along South Asia frontline,"Heavy military bombardment and tactical drone warfare escalated across the South Asia border overnight. Military defense commands confirmed multiple interceptor missile launches and sustained counter-battery fire. Ground forces mobilized armored divisions in response to cross-border incursions, leading to heightened combat alert status throughout contested defensive perimeters. Reporting from Taiwan, diplomatic and local observers noted that recent strategic shifts in South Asia continue to dictate regional outcomes.",Military Conflict,2026-03-21,Associated Press,Taiwan,South Asia
ART-10487,United Nations Security Council debates draft resolution on sovereignty and border protocols,"Diplomats at the UN Headquarters convened an emergency session to deliberate a multilateral resolution addressing territorial sovereignty, diplomatic immunity, and international arbitration. Key permanent members presented competing revisions concerning compliance verification and peacekeeper mandates. Reporting from Israel, diplomatic and local observers noted that recent strategic shifts in Western Europe continue to dictate regional outcomes.",Diplomatic / Political,2026-07-08,Financial Times,Israel,Western Europe
ART-10280,Parliamentary committee conducts emergency foreign policy debate on international accords,"Legislative leaders held intensive deliberations concerning diplomatic ratifications, treaty commitments, and international coalition partnerships. Government ministers reiterated diplomatic alignment while defending non-proliferation accords and diplomatic neutrality. Reporting from Palestine, diplomatic and local observers noted that recent strategic shifts in East Asia continue to dictate regional outcomes.",Diplomatic / Political,2026-07-25,Wall Street Journal,Palestine,East Asia
ART-10125,Ballistic missile interceptor systems activated amid regional military escalation,"Air defense batteries engaged multiple incoming medium-range ballistic trajectories targeting military infrastructure. Defense ministries confirmed that surface-to-air missile batteries intercepted projectiles mid-course, placing joint task forces on maximum tactical readiness status. Reporting from Palestine, diplomatic and local observers noted that recent strategic shifts in South Asia continue to dictate regional outcomes.",Military Conflict,2026-08-13,Bloomberg,Palestine,South Asia
ART-10530,OPEC+ convenes emergency production quota meeting as geopolitical supply risks mount,"Petroleum export ministers gathered for extraordinary consultations to review crude output allocations and export facility vulnerabilities. Analysts highlighted that potential localized transit choke point disruptions threaten to strain spare production capacity across export terminals. Reporting from Egypt, diplomatic and local observers noted that recent strategic shifts in North America continue to dictate regional outcomes.",Energy Risk,2026-02-20,Al Jazeera,Egypt,North America
ART-10229,Border skirmish escalates with armor deployment and infantry engagements,"Tensions surged following armed skirmishes along the demarcation perimeter involving heavy mechanized infantry and mortar barrages. Both regional militaries issued conflicting claims regarding rules of engagement violations as reinforced defensive trenches exchanged active small arms and artillery fire. Reporting from Russia, diplomatic and local observers noted that recent strategic shifts in South Asia continue to dictate regional outcomes.",Military Conflict,2026-04-05,Bloomberg,Russia,South Asia
ART-10041,Artillery and drone strikes intensify along Middle East frontline,"Heavy military bombardment and tactical drone warfare escalated across the Middle East border overnight. Military defense commands confirmed multiple interceptor missile launches and sustained counter-battery fire. Ground forces mobilized armored divisions in response to cross-border incursions, leading to heightened combat alert status throughout contested defensive perimeters. Reporting from Iran, diplomatic and local observers noted that recent strategic shifts in Middle East continue to dictate regional outcomes.",Military Conflict,2026-05-13,Al Jazeera,Iran,Middle East
ART-10580,OPEC+ convenes emergency production quota meeting as geopolitical supply risks mount,"Petroleum export ministers gathered for extraordinary consultations to review crude output allocations and export facility vulnerabilities. Analysts highlighted that potential localized transit choke point disruptions threaten to strain spare production capacity across export terminals. Reporting from Yemen, diplomatic and local observers noted that recent strategic shifts in Western Europe continue to dictate regional outcomes.",Energy Risk,2026-07-14,Nikkei Asia,Yemen,Western Europe
ART-10031,Artillery and drone strikes intensify along North America frontline,"Heavy military bombardment and tactical drone warfare escalated across the North America border overnight. Military defense commands confirmed multiple interceptor missile launches and sustained counter-battery fire. Ground forces mobilized armored divisions in response to cross-border incursions, leading to heightened combat alert status throughout contested defensive perimeters. Reporting from Germany, diplomatic and local observers noted that recent strategic shifts in North America continue to dictate regional outcomes.",Military Conflict,2026-04-03,BBC News,Germany,North America
ART-10954,Bulk carrier grain vessels delayed as maritime safety inspection protocols expand,"Commercial maritime registries reported prolonged anchorage delays for dry bulk freighters awaiting safe passage clearances through designated maritime corridors. Insurers revised hull and cargo coverage stipulations, impacting export contract fulfillment for agricultural cargoes. Reporting from Yemen, diplomatic and local observers noted that recent strategic shifts in South Asia continue to dictate regional outcomes.",Trade & Shipping,2026-09-21,Associated Press,Yemen,South Asia
ART-11204,Manufacturing purchasing managers index drops into contraction territory,"National manufacturing indices slumped below the critical 50-point threshold, signaling industrial output contraction across export-oriented sectors. Factory managers reported elevated input acquisition costs, backlog accumulation, and declining international export orders. Reporting from Russia, diplomatic and local observers noted that recent strategic shifts in Middle East continue to dictate regional outcomes.",Economic Impact,2026-04-16,UN News,Russia,Middle East
ART-10318,Ambassadorial recall and diplomatic protest notes delivered over treaty dispute,"Government officials formally summoned the resident ambassador and issued a stern diplomatic communique protesting recent policy shifts and border treaties. Ministry spokespersons emphasized diplomatic dialogue while recalling senior envoys for high-level foreign policy consultations. Reporting from Taiwan, diplomatic and local observers noted that recent strategic shifts in North America continue to dictate regional outcomes.",Diplomatic / Political,2026-09-07,Wall Street Journal,Taiwan,North America
ART-10477,United Nations Security Council debates draft resolution on sovereignty and border protocols,"Diplomats at the UN Headquarters convened an emergency session to deliberate a multilateral resolution addressing territorial sovereignty, diplomatic immunity, and international arbitration. Key permanent members presented competing revisions concerning compliance verification and peacekeeper mandates. Reporting from India, diplomatic and local observers noted that recent strategic shifts in North America continue to dictate regional outcomes.",Diplomatic / Political,2026-06-26,Bloomberg,India,North America
ART-10713,Strategic petroleum reserve release weighed as refinery feedstock prices surge,"Energy authorities initiated contingency consultations regarding synchronized drawdowns from strategic oil reserves following regional energy infrastructure disruptions. Brent crude spot rates surged as market participants priced in persistent refinery feedstock shortages and pipeline outages. Reporting from Poland, diplomatic and local observers noted that recent strategic shifts in Eastern Europe continue to dictate regional outcomes.",Energy Risk,2026-05-07,BBC News,Poland,Eastern Europe
ART-11305,Civilian evacuation corridors established under international red cross mediation,"Humanitarian organizations coordinated temporary civilian safe-passage corridors to evacuate vulnerable elderly, women, and pediatric patients from active hostility perimeters. International observers monitored compliance to ensure unhindered transit for humanitarian convoys. Reporting from Russia, diplomatic and local observers noted that recent strategic shifts in South Asia continue to dictate regional outcomes.",Humanitarian Impact,2026-03-02,Wall Street Journal,Russia,South Asia
ART-11519,Disrupted municipal power grids and water filtration plants jeopardize civilian public health,"Public health authorities warned of escalating waterborne disease outbreaks after sustained infrastructure damage crippled municipal water purification networks and electrical sub-stations. Emergency relief teams deployed portable purification modules to mitigate sanitary hazards. Reporting from Yemen, diplomatic and local observers noted that recent strategic shifts in Red Sea & Horn of Africa continue to dictate regional outcomes.",Humanitarian Impact,2026-01-20,Al Jazeera,Yemen,Red Sea & Horn of Africa
ART-10008,Airstrikes strike strategic command centers and ammunition depots in United States,"Fighter aircraft launched precision-guided ordnance targeting key military logistics hubs, radar installations, and tactical weapons caches near strategic sectors of United States. Satellite reconnaissance verified structural destruction, while armed forces declared immediate airspace closure and defensive mobilization. Reporting from United States, diplomatic and local observers noted that recent strategic shifts in Eastern Europe continue to dictate regional outcomes.",Military Conflict,2026-08-08,Bloomberg,United States,Eastern Europe
ART-10188,Airstrikes strike strategic command centers and ammunition depots in Poland,"Fighter aircraft launched precision-guided ordnance targeting key military logistics hubs, radar installations, and tactical weapons caches near strategic sectors of Poland. Satellite reconnaissance verified structural destruction, while armed forces declared immediate airspace closure and defensive mobilization. Reporting from Poland, diplomatic and local observers noted that recent strategic shifts in Middle East continue to dictate regional outcomes.",Military Conflict,2026-08-20,Deutsche Welle,Poland,Middle East
ART-10625,OPEC+ convenes emergency production quota meeting as geopolitical supply risks mount,"Petroleum export ministers gathered for extraordinary consultations to review crude output allocations and export facility vulnerabilities. Analysts highlighted that potential localized transit choke point disruptions threaten to strain spare production capacity across export terminals. Reporting from India, diplomatic and local observers noted that recent strategic shifts in Western Europe continue to dictate regional outcomes.",Energy Risk,2026-07-03,Bloomberg,India,Western Europe
ART-10859,Bulk carrier grain vessels delayed as maritime safety inspection protocols expand,"Commercial maritime registries reported prolonged anchorage delays for dry bulk freighters awaiting safe passage clearances through designated maritime corridors. Insurers revised hull and cargo coverage stipulations, impacting export contract fulfillment for agricultural cargoes. Reporting from Yemen, diplomatic and local observers noted that recent strategic shifts in North America continue to dictate regional outcomes.",Trade & Shipping,2026-04-10,UN News,Yemen,North America
ART-11142,Sovereign credit rating under review following capital flight and currency depreciation,"International credit rating agencies placed sovereign debt issuances on negative watch, citing widening fiscal deficits, rapid foreign reserve depletion, and heightened geopolitical risk premia. Domestic currency valuations experienced sharp depreciations against global reserve currencies. Reporting from Ukraine, diplomatic and local observers noted that recent strategic shifts in North America continue to dictate regional outcomes.",Economic Impact,2026-05-10,Reuters,Ukraine,North America
ART-11508,"Field hospitals face critical shortages of surgical anesthetics, electricity, and clean water","Medical relief organizations operating inside crisis sectors issued urgent distress alerts regarding depleted pharmaceuticals, damaged municipal water treatment facilities, and erratic generator fuel supplies necessary to maintain life-saving intensive care facilities. Reporting from Egypt, diplomatic and local observers noted that recent strategic shifts in Western Europe continue to dictate regional outcomes.",Humanitarian Impact,2026-08-09,Nikkei Asia,Egypt,Western Europe
ART-10397,United Nations Security Council debates draft resolution on sovereignty and border protocols,"Diplomats at the UN Headquarters convened an emergency session to deliberate a multilateral resolution addressing territorial sovereignty, diplomatic immunity, and international arbitration. Key permanent members presented competing revisions concerning compliance verification and peacekeeper mandates. Reporting from Iran, diplomatic and local observers noted that recent strategic shifts in South Asia continue to dictate regional outcomes.",Diplomatic / Political,2026-07-02,Al Jazeera,Iran,South Asia
ART-10281,High-level bilateral diplomatic summit convenes in effort to de-escalate tensions,"Foreign ministers and strategic envoys met for emergency multilateral negotiations aimed at formulating a comprehensive ceasefire framework and de-escalation roadmap. Delegations engaged in protracted closed-door diplomatic talks regarding border demilitarization and treaty adherence. Reporting from Sudan, diplomatic and local observers noted that recent strategic shifts in South Asia continue to dictate regional outcomes.",Diplomatic / Political,2026-08-26,UN News,Sudan,South Asia
ART-11475,Civilian evacuation corridors established under international red cross mediation,"Humanitarian organizations coordinated temporary civilian safe-passage corridors to evacuate vulnerable elderly, women, and pediatric patients from active hostility perimeters. International observers monitored compliance to ensure unhindered transit for humanitarian convoys. Reporting from Ukraine, diplomatic and local observers noted that recent strategic shifts in Eastern Europe continue to dictate regional outcomes.",Humanitarian Impact,2026-02-04,Wall Street Journal,Ukraine,Eastern Europe
ART-10645,OPEC+ convenes emergency production quota meeting as geopolitical supply risks mount,"Petroleum export ministers gathered for extraordinary consultations to review crude output allocations and export facility vulnerabilities. Analysts highlighted that potential localized transit choke point disruptions threaten to strain spare production capacity across export terminals. Reporting from Poland, diplomatic and local observers noted that recent strategic shifts in Red Sea & Horn of Africa continue to dictate regional outcomes.",Energy Risk,2026-09-23,Al Jazeera,Poland,Red Sea & Horn of Africa
ART-10246,Artillery and drone strikes intensify along Persian Gulf frontline,"Heavy military bombardment and tactical drone warfare escalated across the Persian Gulf border overnight. Military defense commands confirmed multiple interceptor missile launches and sustained counter-battery fire. Ground forces mobilized armored divisions in response to cross-border incursions, leading to heightened combat alert status throughout contested defensive perimeters. Reporting from Germany, diplomatic and local observers noted that recent strategic shifts in Persian Gulf continue to dictate regional outcomes.",Military Conflict,2026-03-22,Deutsche Welle,Germany,Persian Gulf
ART-10911,Container shipping carriers divert cargo fleets around Cape of Good Hope amid maritime threats,"Major international ocean carriers announced sweeping rerouting orders, diverting container vessels around the African continent to bypass hazardous maritime corridors. The maritime diversion adds 10 to 14 days to standard transit times, tightening vessel capacity, delaying container turnaround times, and triggering sharp increases in global container spot freight rates. Reporting from Taiwan, diplomatic and local observers noted that recent strategic shifts in Persian Gulf continue to dictate regional outcomes.",Trade & Shipping,2026-02-06,Associated Press,Taiwan,Persian Gulf
ART-10866,Container shipping carriers divert cargo fleets around Cape of Good Hope amid maritime threats,"Major international ocean carriers announced sweeping rerouting orders, diverting container vessels around the African continent to bypass hazardous maritime corridors. The maritime diversion adds 10 to 14 days to standard transit times, tightening vessel capacity, delaying container turnaround times, and triggering sharp increases in global container spot freight rates. Reporting from Poland, diplomatic and local observers noted that recent strategic shifts in East Asia continue to dictate regional outcomes.",Trade & Shipping,2026-02-17,Financial Times,Poland,East Asia
ART-10834,Bulk carrier grain vessels delayed as maritime safety inspection protocols expand,"Commercial maritime registries reported prolonged anchorage delays for dry bulk freighters awaiting safe passage clearances through designated maritime corridors. Insurers revised hull and cargo coverage stipulations, impacting export contract fulfillment for agricultural cargoes. Reporting from Saudi Arabia, diplomatic and local observers noted that recent strategic shifts in Persian Gulf continue to dictate regional outcomes.",Trade & Shipping,2026-06-13,Financial Times,Saudi Arabia,Persian Gulf
ART-10567,Major natural gas pipeline flow throttled amid geopolitical transit disagreements,"Subsea pipeline monitoring stations recorded a sharp 35% reduction in natural gas transit volumes following regulatory and political disputes between transit nations. Energy ministers warned industrial consumers of potential supply rationing and power grid balancing interventions ahead of winter reserve replenishment. Reporting from Israel, diplomatic and local observers noted that recent strategic shifts in East Asia continue to dictate regional outcomes.",Energy Risk,2026-03-01,Deutsche Welle,Israel,East Asia
ART-10652,Major natural gas pipeline flow throttled amid geopolitical transit disagreements,"Subsea pipeline monitoring stations recorded a sharp 35% reduction in natural gas transit volumes following regulatory and political disputes between transit nations. Energy ministers warned industrial consumers of potential supply rationing and power grid balancing interventions ahead of winter reserve replenishment. Reporting from Palestine, diplomatic and local observers noted that recent strategic shifts in Western Europe continue to dictate regional outcomes.",Energy Risk,2026-07-02,Al Jazeera,Palestine,Western Europe
ART-10502,United Nations Security Council debates draft resolution on sovereignty and border protocols,"Diplomats at the UN Headquarters convened an emergency session to deliberate a multilateral resolution addressing territorial sovereignty, diplomatic immunity, and international arbitration. Key permanent members presented competing revisions concerning compliance verification and peacekeeper mandates. Reporting from Germany, diplomatic and local observers noted that recent strategic shifts in East Asia continue to dictate regional outcomes.",Diplomatic / Political,2026-04-23,Associated Press,Germany,East Asia
ART-11034,Manufacturing purchasing managers index drops into contraction territory,"National manufacturing indices slumped below the critical 50-point threshold, signaling industrial output contraction across export-oriented sectors. Factory managers reported elevated input acquisition costs, backlog accumulation, and declining international export orders. Reporting from United States, diplomatic and local observers noted that recent strategic shifts in Eastern Europe continue to dictate regional outcomes.",Economic Impact,2026-05-14,Financial Times,United States,Eastern Europe
ART-11143,Foreign direct investment inflows contract sharply amid cross-border geopolitical instability,"Economic development ministries reported a significant deceleration in cross-border capital expenditures and joint venture investments. Corporate treasuries cited regulatory uncertainty, sovereign risk premia, and supply network vulnerabilities as key deterrents to long-term capital allocation. Reporting from Iran, diplomatic and local observers noted that recent strategic shifts in Red Sea & Horn of Africa continue to dictate regional outcomes.",Economic Impact,2026-06-11,Financial Times,Iran,Red Sea & Horn of Africa
ART-10815,Air freight cargo rates spike as commercial shippers seek alternatives to ocean freight lanes,"Aviation logistics carriers reported an unprecedented surge in charter demand for urgent transcontinental air cargo, driven by persistent maritime shipping route disruptions. Freight indices registered double-digit increases in air cargo ton-mile rates for priority industrial freight. Reporting from Iran, diplomatic and local observers noted that recent strategic shifts in Eastern Europe continue to dictate regional outcomes.",Trade & Shipping,2026-05-22,Wall Street Journal,Iran,Eastern Europe
ART-10708,Strategic petroleum reserve release weighed as refinery feedstock prices surge,"Energy authorities initiated contingency consultations regarding synchronized drawdowns from strategic oil reserves following regional energy infrastructure disruptions. Brent crude spot rates surged as market participants priced in persistent refinery feedstock shortages and pipeline outages. Reporting from Saudi Arabia, diplomatic and local observers noted that recent strategic shifts in Western Europe continue to dictate regional outcomes.",Energy Risk,2026-09-02,Financial Times,Saudi Arabia,Western Europe
ART-10501,High-level bilateral diplomatic summit convenes in effort to de-escalate tensions,"Foreign ministers and strategic envoys met for emergency multilateral negotiations aimed at formulating a comprehensive ceasefire framework and de-escalation roadmap. Delegations engaged in protracted closed-door diplomatic talks regarding border demilitarization and treaty adherence. Reporting from Egypt, diplomatic and local observers noted that recent strategic shifts in Red Sea & Horn of Africa continue to dictate regional outcomes.",Diplomatic / Political,2026-03-22,Deutsche Welle,Egypt,Red Sea & Horn of Africa
ART-10252,Naval task force engages hostile drone boats near United States territorial waters,"Naval destroyers deployed in international waters intercepted multiple unmanned explosive surface vessels attempting to strike maritime patrol assets. Military officials stated that defensive kinetic munitions neutralized the threat prior to vessel breach, sustaining combat deterrence across critical coastal zones. Reporting from United States, diplomatic and local observers noted that recent strategic shifts in East Asia continue to dictate regional outcomes.",Military Conflict,2026-09-28,Associated Press,United States,East Asia
ART-10457,United Nations Security Council debates draft resolution on sovereignty and border protocols,"Diplomats at the UN Headquarters convened an emergency session to deliberate a multilateral resolution addressing territorial sovereignty, diplomatic immunity, and international arbitration. Key permanent members presented competing revisions concerning compliance verification and peacekeeper mandates. Reporting from Yemen, diplomatic and local observers noted that recent strategic shifts in Western Europe continue to dictate regional outcomes.",Diplomatic / Political,2026-04-06,Associated Press,Yemen,Western Europe
ART-10918,Bilateral tariff escalation and trade export controls enacted on critical components,"Commerce departments imposed sweeping customs tariffs and export license restrictions on key industrial raw materials and advanced components. Trade chambers expressed alarm over compliance costs and international supply chain fragmentation affecting bilateral trade volumes. Reporting from Egypt, diplomatic and local observers noted that recent strategic shifts in South Asia continue to dictate regional outcomes.",Trade & Shipping,2026-09-13,Bloomberg,Egypt,South Asia
ART-10199,Border skirmish escalates with armor deployment and infantry engagements,"Tensions surged following armed skirmishes along the demarcation perimeter involving heavy mechanized infantry and mortar barrages. Both regional militaries issued conflicting claims regarding rules of engagement violations as reinforced defensive trenches exchanged active small arms and artillery fire. Reporting from Poland, diplomatic and local observers noted that recent strategic shifts in Middle East continue to dictate regional outcomes.",Military Conflict,2026-01-03,UN News,Poland,Middle East
ART-10817,Port congestion and customs clearance bottlenecks escalate across major container terminals,"Logistics operators reported severe berthing delays and freight dwell times exceeding historical averages across maritime gateway hubs. Freight forwarders cited vessel bunching, rail intermodal backlogs, and maritime rerouting schedules as compounding drivers of supply chain gridlock. Reporting from Israel, diplomatic and local observers noted that recent strategic shifts in North America continue to dictate regional outcomes.",Trade & Shipping,2026-07-24,Wall Street Journal,Israel,North America
ART-10103,Airstrikes strike strategic command centers and ammunition depots in Israel,"Fighter aircraft launched precision-guided ordnance targeting key military logistics hubs, radar installations, and tactical weapons caches near strategic sectors of Israel. Satellite reconnaissance verified structural destruction, while armed forces declared immediate airspace closure and defensive mobilization. Reporting from Israel, diplomatic and local observers noted that recent strategic shifts in North America continue to dictate regional outcomes.",Military Conflict,2026-04-19,Al Jazeera,Israel,North America
ART-11396,Refugee displacement crisis deepens as civilian populations flee contested border zones,"International humanitarian relief agencies reported that over 250,000 civilians have been displaced from conflict-affected frontier zones over recent weeks. Overcrowded temporary resettlement shelters face severe shortages of potable water, emergency medical supplies, and sanitation infrastructure. Reporting from Iran, diplomatic and local observers noted that recent strategic shifts in North America continue to dictate regional outcomes.",Humanitarian Impact,2026-04-09,Reuters,Iran,North America
ART-11114,Manufacturing purchasing managers index drops into contraction territory,"National manufacturing indices slumped below the critical 50-point threshold, signaling industrial output contraction across export-oriented sectors. Factory managers reported elevated input acquisition costs, backlog accumulation, and declining international export orders. Reporting from Palestine, diplomatic and local observers noted that recent strategic shifts in South Asia continue to dictate regional outcomes.",Economic Impact,2026-04-10,Nikkei Asia,Palestine,South Asia
ART-10934,Bulk carrier grain vessels delayed as maritime safety inspection protocols expand,"Commercial maritime registries reported prolonged anchorage delays for dry bulk freighters awaiting safe passage clearances through designated maritime corridors. Insurers revised hull and cargo coverage stipulations, impacting export contract fulfillment for agricultural cargoes. Reporting from Saudi Arabia, diplomatic and local observers noted that recent strategic shifts in East Asia continue to dictate regional outcomes.",Trade & Shipping,2026-07-01,UN News,Saudi Arabia,East Asia
ART-10290,Parliamentary committee conducts emergency foreign policy debate on international accords,"Legislative leaders held intensive deliberations concerning diplomatic ratifications, treaty commitments, and international coalition partnerships. Government ministers reiterated diplomatic alignment while defending non-proliferation accords and diplomatic neutrality. Reporting from Saudi Arabia, diplomatic and local observers noted that recent strategic shifts in Red Sea & Horn of Africa continue to dictate regional outcomes.",Diplomatic / Political,2026-08-07,Financial Times,Saudi Arabia,Red Sea & Horn of Africa
ART-10654,Offshore drilling rig security heightened following regional maritime threat warnings,"Deepwater exploration platforms operating in disputed maritime basins instituted enhanced exclusion zones and emergency evacuation drills. Energy corporations reported heightened maritime surveillance to safeguard critical liquefied natural gas terminals and offshore pipeline pumping stations. Reporting from United Kingdom, diplomatic and local observers noted that recent strategic shifts in South Asia continue to dictate regional outcomes.",Energy Risk,2026-09-04,Financial Times,United Kingdom,South Asia
ART-10045,Ballistic missile interceptor systems activated amid regional military escalation,"Air defense batteries engaged multiple incoming medium-range ballistic trajectories targeting military infrastructure. Defense ministries confirmed that surface-to-air missile batteries intercepted projectiles mid-course, placing joint task forces on maximum tactical readiness status. Reporting from Palestine, diplomatic and local observers noted that recent strategic shifts in Western Europe continue to dictate regional outcomes.",Military Conflict,2026-09-17,Al Jazeera,Palestine,Western Europe
ART-11120,Stock exchange volatility index spikes as investors seek safe-haven sovereign bonds and gold,"Equities across regional bourses recorded broad sell-offs, with industrial, aviation, and consumer discretionary shares leading declines. Capital allocators rotated liquidity into sovereign treasury securities, bullion, and cash equivalents amid heightened geopolitical uncertainty. Reporting from Saudi Arabia, diplomatic and local observers noted that recent strategic shifts in Red Sea & Horn of Africa continue to dictate regional outcomes.",Economic Impact,2026-01-16,Reuters,Saudi Arabia,Red Sea & Horn of Africa
ART-10213,Airstrikes strike strategic command centers and ammunition depots in China,"Fighter aircraft launched precision-guided ordnance targeting key military logistics hubs, radar installations, and tactical weapons caches near strategic sectors of China. Satellite reconnaissance verified structural destruction, while armed forces declared immediate airspace closure and defensive mobilization. Reporting from China, diplomatic and local observers noted that recent strategic shifts in Persian Gulf continue to dictate regional outcomes.",Military Conflict,2026-06-17,Wall Street Journal,China,Persian Gulf
ART-11469,Disrupted municipal power grids and water filtration plants jeopardize civilian public health,"Public health authorities warned of escalating waterborne disease outbreaks after sustained infrastructure damage crippled municipal water purification networks and electrical sub-stations. Emergency relief teams deployed portable purification modules to mitigate sanitary hazards. Reporting from United States, diplomatic and local observers noted that recent strategic shifts in East Asia continue to dictate regional outcomes.",Humanitarian Impact,2026-05-26,Financial Times,United States,East Asia
ART-10633,Strategic petroleum reserve release weighed as refinery feedstock prices surge,"Energy authorities initiated contingency consultations regarding synchronized drawdowns from strategic oil reserves following regional energy infrastructure disruptions. Brent crude spot rates surged as market participants priced in persistent refinery feedstock shortages and pipeline outages. Reporting from Palestine, diplomatic and local observers noted that recent strategic shifts in North America continue to dictate regional outcomes.",Energy Risk,2026-06-11,UN News,Palestine,North America
ART-10129,Border skirmish escalates with armor deployment and infantry engagements,"Tensions surged following armed skirmishes along the demarcation perimeter involving heavy mechanized infantry and mortar barrages. Both regional militaries issued conflicting claims regarding rules of engagement violations as reinforced defensive trenches exchanged active small arms and artillery fire. Reporting from Taiwan, diplomatic and local observers noted that recent strategic shifts in South Asia continue to dictate regional outcomes.",Military Conflict,2026-03-17,Reuters,Taiwan,South Asia
ART-11229,Manufacturing purchasing managers index drops into contraction territory,"National manufacturing indices slumped below the critical 50-point threshold, signaling industrial output contraction across export-oriented sectors. Factory managers reported elevated input acquisition costs, backlog accumulation, and declining international export orders. Reporting from Palestine, diplomatic and local observers noted that recent strategic shifts in North America continue to dictate regional outcomes.",Economic Impact,2026-02-13,UN News,Palestine,North America
ART-10913,Bilateral tariff escalation and trade export controls enacted on critical components,"Commerce departments imposed sweeping customs tariffs and export license restrictions on key industrial raw materials and advanced components. Trade chambers expressed alarm over compliance costs and international supply chain fragmentation affecting bilateral trade volumes. Reporting from United Kingdom, diplomatic and local observers noted that recent strategic shifts in Eastern Europe continue to dictate regional outcomes.",Trade & Shipping,2026-04-08,Reuters,United Kingdom,Eastern Europe
ART-11473,"Field hospitals face critical shortages of surgical anesthetics, electricity, and clean water","Medical relief organizations operating inside crisis sectors issued urgent distress alerts regarding depleted pharmaceuticals, damaged municipal water treatment facilities, and erratic generator fuel supplies necessary to maintain life-saving intensive care facilities. Reporting from Egypt, diplomatic and local observers noted that recent strategic shifts in East Asia continue to dictate regional outcomes.",Humanitarian Impact,2026-09-02,Associated Press,Egypt,East Asia
ART-11491,Refugee displacement crisis deepens as civilian populations flee contested border zones,"International humanitarian relief agencies reported that over 250,000 civilians have been displaced from conflict-affected frontier zones over recent weeks. Overcrowded temporary resettlement shelters face severe shortages of potable water, emergency medical supplies, and sanitation infrastructure. Reporting from Egypt, diplomatic and local observers noted that recent strategic shifts in North America continue to dictate regional outcomes.",Humanitarian Impact,2026-09-20,Al Jazeera,Egypt,North America
ART-10295,Parliamentary committee conducts emergency foreign policy debate on international accords,"Legislative leaders held intensive deliberations concerning diplomatic ratifications, treaty commitments, and international coalition partnerships. Government ministers reiterated diplomatic alignment while defending non-proliferation accords and diplomatic neutrality. Reporting from Saudi Arabia, diplomatic and local observers noted that recent strategic shifts in Middle East continue to dictate regional outcomes.",Diplomatic / Political,2026-04-12,Wall Street Journal,Saudi Arabia,Middle East
ART-11304,Disrupted municipal power grids and water filtration plants jeopardize civilian public health,"Public health authorities warned of escalating waterborne disease outbreaks after sustained infrastructure damage crippled municipal water purification networks and electrical sub-stations. Emergency relief teams deployed portable purification modules to mitigate sanitary hazards. Reporting from Yemen, diplomatic and local observers noted that recent strategic shifts in Western Europe continue to dictate regional outcomes.",Humanitarian Impact,2026-02-01,Deutsche Welle,Yemen,Western Europe
ART-10647,Major natural gas pipeline flow throttled amid geopolitical transit disagreements,"Subsea pipeline monitoring stations recorded a sharp 35% reduction in natural gas transit volumes following regulatory and political disputes between transit nations. Energy ministers warned industrial consumers of potential supply rationing and power grid balancing interventions ahead of winter reserve replenishment. Reporting from Israel, diplomatic and local observers noted that recent strategic shifts in Red Sea & Horn of Africa continue to dictate regional outcomes.",Energy Risk,2026-02-25,Nikkei Asia,Israel,Red Sea & Horn of Africa
ART-11002,Port congestion and customs clearance bottlenecks escalate across major container terminals,"Logistics operators reported severe berthing delays and freight dwell times exceeding historical averages across maritime gateway hubs. Freight forwarders cited vessel bunching, rail intermodal backlogs, and maritime rerouting schedules as compounding drivers of supply chain gridlock. Reporting from Yemen, diplomatic and local observers noted that recent strategic shifts in Middle East continue to dictate regional outcomes.",Trade & Shipping,2026-03-13,Financial Times,Yemen,Middle East
ART-10604,Offshore drilling rig security heightened following regional maritime threat warnings,"Deepwater exploration platforms operating in disputed maritime basins instituted enhanced exclusion zones and emergency evacuation drills. Energy corporations reported heightened maritime surveillance to safeguard critical liquefied natural gas terminals and offshore pipeline pumping stations. Reporting from Egypt, diplomatic and local observers noted that recent strategic shifts in East Asia continue to dictate regional outcomes.",Energy Risk,2026-04-10,Financial Times,Egypt,East Asia
ART-10734,Offshore drilling rig security heightened following regional maritime threat warnings,"Deepwater exploration platforms operating in disputed maritime basins instituted enhanced exclusion zones and emergency evacuation drills. Energy corporations reported heightened maritime surveillance to safeguard critical liquefied natural gas terminals and offshore pipeline pumping stations. Reporting from Poland, diplomatic and local observers noted that recent strategic shifts in Persian Gulf continue to dictate regional outcomes.",Energy Risk,2026-08-28,Associated Press,Poland,Persian Gulf
ART-11435,Civilian evacuation corridors established under international red cross mediation,"Humanitarian organizations coordinated temporary civilian safe-passage corridors to evacuate vulnerable elderly, women, and pediatric patients from active hostility perimeters. International observers monitored compliance to ensure unhindered transit for humanitarian convoys. Reporting from Russia, diplomatic and local observers noted that recent strategic shifts in East Asia continue to dictate regional outcomes.",Humanitarian Impact,2026-07-20,UN News,Russia,East Asia
ART-10314,Regional coalition signs comprehensive non-aggression and diplomatic mediation pact,"Leaders of member states finalized a multilateral framework establishing joint diplomatic mediation channels, diplomatic consultation corridors, and bilateral confidence-building measures to prevent diplomatic estrangement across the alliance. Reporting from Ukraine, diplomatic and local observers noted that recent strategic shifts in Persian Gulf continue to dictate regional outcomes.",Diplomatic / Political,2026-05-03,Al Jazeera,Ukraine,Persian Gulf
ART-10840,Air freight cargo rates spike as commercial shippers seek alternatives to ocean freight lanes,"Aviation logistics carriers reported an unprecedented surge in charter demand for urgent transcontinental air cargo, driven by persistent maritime shipping route disruptions. Freight indices registered double-digit increases in air cargo ton-mile rates for priority industrial freight. Reporting from China, diplomatic and local observers noted that recent strategic shifts in East Asia continue to dictate regional outcomes.",Trade & Shipping,2026-03-19,Nikkei Asia,China,East Asia
ART-10725,OPEC+ convenes emergency production quota meeting as geopolitical supply risks mount,"Petroleum export ministers gathered for extraordinary consultations to review crude output allocations and export facility vulnerabilities. Analysts highlighted that potential localized transit choke point disruptions threaten to strain spare production capacity across export terminals. Reporting from Russia, diplomatic and local observers noted that recent strategic shifts in Middle East continue to dictate regional outcomes.",Energy Risk,2026-08-19,Financial Times,Russia,Middle East
ART-10415,Parliamentary committee conducts emergency foreign policy debate on international accords,"Legislative leaders held intensive deliberations concerning diplomatic ratifications, treaty commitments, and international coalition partnerships. Government ministers reiterated diplomatic alignment while defending non-proliferation accords and diplomatic neutrality. Reporting from Sudan, diplomatic and local observers noted that recent strategic shifts in Red Sea & Horn of Africa continue to dictate regional outcomes.",Diplomatic / Political,2026-07-20,Bloomberg,Sudan,Red Sea & Horn of Africa
ART-10736,Strait of Hormuz transit tensions spark crude oil and LNG supply disruptions,"Heightened naval alerts near critical energy choke points triggered immediate volatility across global benchmark crude contracts. Tanker charter operators raised war risk insurance premiums as energy intelligence analysts cautioned that maritime route interdictions could constrain daily flows of crude oil, refined distillates, and liquefied natural gas (LNG). Reporting from Egypt, diplomatic and local observers noted that recent strategic shifts in Western Europe continue to dictate regional outcomes.",Energy Risk,2026-01-02,UN News,Egypt,Western Europe
ART-10498,Ambassadorial recall and diplomatic protest notes delivered over treaty dispute,"Government officials formally summoned the resident ambassador and issued a stern diplomatic communique protesting recent policy shifts and border treaties. Ministry spokespersons emphasized diplomatic dialogue while recalling senior envoys for high-level foreign policy consultations. Reporting from Poland, diplomatic and local observers noted that recent strategic shifts in Eastern Europe continue to dictate regional outcomes.",Diplomatic / Political,2026-09-19,Nikkei Asia,Poland,Eastern Europe
ART-11481,Refugee displacement crisis deepens as civilian populations flee contested border zones,"International humanitarian relief agencies reported that over 250,000 civilians have been displaced from conflict-affected frontier zones over recent weeks. Overcrowded temporary resettlement shelters face severe shortages of potable water, emergency medical supplies, and sanitation infrastructure. Reporting from Russia, diplomatic and local observers noted that recent strategic shifts in Western Europe continue to dictate regional outcomes.",Humanitarian Impact,2026-08-10,UN News,Russia,Western Europe
ART-10301,High-level bilateral diplomatic summit convenes in effort to de-escalate tensions,"Foreign ministers and strategic envoys met for emergency multilateral negotiations aimed at formulating a comprehensive ceasefire framework and de-escalation roadmap. Delegations engaged in protracted closed-door diplomatic talks regarding border demilitarization and treaty adherence. Reporting from Poland, diplomatic and local observers noted that recent strategic shifts in Eastern Europe continue to dictate regional outcomes.",Diplomatic / Political,2026-01-18,Deutsche Welle,Poland,Eastern Europe
ART-10830,Air freight cargo rates spike as commercial shippers seek alternatives to ocean freight lanes,"Aviation logistics carriers reported an unprecedented surge in charter demand for urgent transcontinental air cargo, driven by persistent maritime shipping route disruptions. Freight indices registered double-digit increases in air cargo ton-mile rates for priority industrial freight. Reporting from Yemen, diplomatic and local observers noted that recent strategic shifts in Western Europe continue to dictate regional outcomes.",Trade & Shipping,2026-02-09,Reuters,Yemen,Western Europe
ART-11502,United Nations launches emergency humanitarian relief appeal for food aid and medical shelter,"Humanitarian coordinators formally issued a multilateral funding appeal seeking urgent donor contributions to support frontline field clinics and nutritional distribution hubs. Aid convoys reported severe logistical hurdles attempting to deliver relief supplies to isolated civilian corridors. Reporting from Taiwan, diplomatic and local observers noted that recent strategic shifts in South Asia continue to dictate regional outcomes.",Humanitarian Impact,2026-02-03,Wall Street Journal,Taiwan,South Asia
ART-11380,Civilian evacuation corridors established under international red cross mediation,"Humanitarian organizations coordinated temporary civilian safe-passage corridors to evacuate vulnerable elderly, women, and pediatric patients from active hostility perimeters. International observers monitored compliance to ensure unhindered transit for humanitarian convoys. Reporting from Taiwan, diplomatic and local observers noted that recent strategic shifts in Western Europe continue to dictate regional outcomes.",Humanitarian Impact,2026-06-21,UN News,Taiwan,Western Europe
ART-11001,Container shipping carriers divert cargo fleets around Cape of Good Hope amid maritime threats,"Major international ocean carriers announced sweeping rerouting orders, diverting container vessels around the African continent to bypass hazardous maritime corridors. The maritime diversion adds 10 to 14 days to standard transit times, tightening vessel capacity, delaying container turnaround times, and triggering sharp increases in global container spot freight rates. Reporting from Russia, diplomatic and local observers noted that recent strategic shifts in Red Sea & Horn of Africa continue to dictate regional outcomes.",Trade & Shipping,2026-02-12,BBC News,Russia,Red Sea & Horn of Africa
ART-10374,Regional coalition signs comprehensive non-aggression and diplomatic mediation pact,"Leaders of member states finalized a multilateral framework establishing joint diplomatic mediation channels, diplomatic consultation corridors, and bilateral confidence-building measures to prevent diplomatic estrangement across the alliance. Reporting from United Kingdom, diplomatic and local observers noted that recent strategic shifts in Middle East continue to dictate regional outcomes.",Diplomatic / Political,2026-02-07,Associated Press,United Kingdom,Middle East
ART-10300,Parliamentary committee conducts emergency foreign policy debate on international accords,"Legislative leaders held intensive deliberations concerning diplomatic ratifications, treaty commitments, and international coalition partnerships. Government ministers reiterated diplomatic alignment while defending non-proliferation accords and diplomatic neutrality. Reporting from Saudi Arabia, diplomatic and local observers noted that recent strategic shifts in North America continue to dictate regional outcomes.",Diplomatic / Political,2026-09-17,BBC News,Saudi Arabia,North America
ART-11496,Refugee displacement crisis deepens as civilian populations flee contested border zones,"International humanitarian relief agencies reported that over 250,000 civilians have been displaced from conflict-affected frontier zones over recent weeks. Overcrowded temporary resettlement shelters face severe shortages of potable water, emergency medical supplies, and sanitation infrastructure. Reporting from Yemen, diplomatic and local observers noted that recent strategic shifts in East Asia continue to dictate regional outcomes.",Humanitarian Impact,2026-05-25,Wall Street Journal,Yemen,East Asia
ART-10743,Strategic petroleum reserve release weighed as refinery feedstock prices surge,"Energy authorities initiated contingency consultations regarding synchronized drawdowns from strategic oil reserves following regional energy infrastructure disruptions. Brent crude spot rates surged as market participants priced in persistent refinery feedstock shortages and pipeline outages. Reporting from Poland, diplomatic and local observers noted that recent strategic shifts in Persian Gulf continue to dictate regional outcomes.",Energy Risk,2026-08-09,Bloomberg,Poland,Persian Gulf
ART-11225,Stock exchange volatility index spikes as investors seek safe-haven sovereign bonds and gold,"Equities across regional bourses recorded broad sell-offs, with industrial, aviation, and consumer discretionary shares leading declines. Capital allocators rotated liquidity into sovereign treasury securities, bullion, and cash equivalents amid heightened geopolitical uncertainty. Reporting from Russia, diplomatic and local observers noted that recent strategic shifts in Eastern Europe continue to dictate regional outcomes.",Economic Impact,2026-07-09,Bloomberg,Russia,Eastern Europe
ART-10658,Strategic petroleum reserve release weighed as refinery feedstock prices surge,"Energy authorities initiated contingency consultations regarding synchronized drawdowns from strategic oil reserves following regional energy infrastructure disruptions. Brent crude spot rates surged as market participants priced in persistent refinery feedstock shortages and pipeline outages. Reporting from Taiwan, diplomatic and local observers noted that recent strategic shifts in East Asia continue to dictate regional outcomes.",Energy Risk,2026-04-08,Deutsche Welle,Taiwan,East Asia
ART-10177,Naval task force engages hostile drone boats near Ukraine territorial waters,"Naval destroyers deployed in international waters intercepted multiple unmanned explosive surface vessels attempting to strike maritime patrol assets. Military officials stated that defensive kinetic munitions neutralized the threat prior to vessel breach, sustaining combat deterrence across critical coastal zones. Reporting from Ukraine, diplomatic and local observers noted that recent strategic shifts in Middle East continue to dictate regional outcomes.",Military Conflict,2026-06-09,UN News,Ukraine,Middle East
ART-10109,Border skirmish escalates with armor deployment and infantry engagements,"Tensions surged following armed skirmishes along the demarcation perimeter involving heavy mechanized infantry and mortar barrages. Both regional militaries issued conflicting claims regarding rules of engagement violations as reinforced defensive trenches exchanged active small arms and artillery fire. Reporting from Yemen, diplomatic and local observers noted that recent strategic shifts in North America continue to dictate regional outcomes.",Military Conflict,2026-01-25,Bloomberg,Yemen,North America
ART-11279,Disrupted municipal power grids and water filtration plants jeopardize civilian public health,Public health authorities warned of escalating waterborne disease outbreaks after sustained infrastructure damage crippled municipal water purification networks and electrical sub-stations. Emergency relief teams deployed portable purification modules to mitigate sanitary hazards.,Humanitarian Impact,2026-04-04,Financial Times,Taiwan,Red Sea & Horn of Africa
ART-11009,Bulk carrier grain vessels delayed as maritime safety inspection protocols expand,"Commercial maritime registries reported prolonged anchorage delays for dry bulk freighters awaiting safe passage clearances through designated maritime corridors. Insurers revised hull and cargo coverage stipulations, impacting export contract fulfillment for agricultural cargoes. Reporting from China, diplomatic and local observers noted that recent strategic shifts in East Asia continue to dictate regional outcomes.",Trade & Shipping,2026-01-20,Financial Times,China,East Asia
ART-10617,Major natural gas pipeline flow throttled amid geopolitical transit disagreements,"Subsea pipeline monitoring stations recorded a sharp 35% reduction in natural gas transit volumes following regulatory and political disputes between transit nations. Energy ministers warned industrial consumers of potential supply rationing and power grid balancing interventions ahead of winter reserve replenishment. Reporting from Poland, diplomatic and local observers noted that recent strategic shifts in East Asia continue to dictate regional outcomes.",Energy Risk,2026-08-23,Nikkei Asia,Poland,East Asia
ART-11046,Central banks signal interest rate adjustments as geopolitical inflation pressures broaden,"Monetary policy committees convened to evaluate persistent macroeconomic shocks stemming from import price inflation and commodity supply friction. Financial market analysts revised benchmark interest rate trajectories as headline consumer price indices reflected elevated freight and producer input expenses. Reporting from Ukraine, diplomatic and local observers noted that recent strategic shifts in East Asia continue to dictate regional outcomes.",Economic Impact,2026-08-26,Deutsche Welle,Ukraine,East Asia
ART-11463,"Field hospitals face critical shortages of surgical anesthetics, electricity, and clean water","Medical relief organizations operating inside crisis sectors issued urgent distress alerts regarding depleted pharmaceuticals, damaged municipal water treatment facilities, and erratic generator fuel supplies necessary to maintain life-saving intensive care facilities. Reporting from Germany, diplomatic and local observers noted that recent strategic shifts in Western Europe continue to dictate regional outcomes.",Humanitarian Impact,2026-08-20,Nikkei Asia,Germany,Western Europe
ART-11172,Sovereign credit rating under review following capital flight and currency depreciation,"International credit rating agencies placed sovereign debt issuances on negative watch, citing widening fiscal deficits, rapid foreign reserve depletion, and heightened geopolitical risk premia. Domestic currency valuations experienced sharp depreciations against global reserve currencies. Reporting from Sudan, diplomatic and local observers noted that recent strategic shifts in Persian Gulf continue to dictate regional outcomes.",Economic Impact,2026-08-12,Associated Press,Sudan,Persian Gulf
ART-10806,Container shipping carriers divert cargo fleets around Cape of Good Hope amid maritime threats,"Major international ocean carriers announced sweeping rerouting orders, diverting container vessels around the African continent to bypass hazardous maritime corridors. The maritime diversion adds 10 to 14 days to standard transit times, tightening vessel capacity, delaying container turnaround times, and triggering sharp increases in global container spot freight rates. Reporting from India, diplomatic and local observers noted that recent strategic shifts in Western Europe continue to dictate regional outcomes.",Trade & Shipping,2026-05-13,Wall Street Journal,India,Western Europe
ART-11188,Foreign direct investment inflows contract sharply amid cross-border geopolitical instability,"Economic development ministries reported a significant deceleration in cross-border capital expenditures and joint venture investments. Corporate treasuries cited regulatory uncertainty, sovereign risk premia, and supply network vulnerabilities as key deterrents to long-term capital allocation. Reporting from Taiwan, diplomatic and local observers noted that recent strategic shifts in Western Europe continue to dictate regional outcomes.",Economic Impact,2026-06-28,Reuters,Taiwan,Western Europe
ART-11041,Central banks signal interest rate adjustments as geopolitical inflation pressures broaden,"Monetary policy committees convened to evaluate persistent macroeconomic shocks stemming from import price inflation and commodity supply friction. Financial market analysts revised benchmark interest rate trajectories as headline consumer price indices reflected elevated freight and producer input expenses. Reporting from Russia, diplomatic and local observers noted that recent strategic shifts in Middle East continue to dictate regional outcomes.",Economic Impact,2026-03-21,Reuters,Russia,Middle East
ART-10569,Offshore drilling rig security heightened following regional maritime threat warnings,"Deepwater exploration platforms operating in disputed maritime basins instituted enhanced exclusion zones and emergency evacuation drills. Energy corporations reported heightened maritime surveillance to safeguard critical liquefied natural gas terminals and offshore pipeline pumping stations. Reporting from Saudi Arabia, diplomatic and local observers noted that recent strategic shifts in Eastern Europe continue to dictate regional outcomes.",Energy Risk,2026-05-03,Reuters,Saudi Arabia,Eastern Europe
ART-10884,Bulk carrier grain vessels delayed as maritime safety inspection protocols expand,"Commercial maritime registries reported prolonged anchorage delays for dry bulk freighters awaiting safe passage clearances through designated maritime corridors. Insurers revised hull and cargo coverage stipulations, impacting export contract fulfillment for agricultural cargoes. Reporting from United States, diplomatic and local observers noted that recent strategic shifts in East Asia continue to dictate regional outcomes.",Trade & Shipping,2026-02-07,BBC News,United States,East Asia
ART-10363,Ambassadorial recall and diplomatic protest notes delivered over treaty dispute,"Government officials formally summoned the resident ambassador and issued a stern diplomatic communique protesting recent policy shifts and border treaties. Ministry spokespersons emphasized diplomatic dialogue while recalling senior envoys for high-level foreign policy consultations. Reporting from Palestine, diplomatic and local observers noted that recent strategic shifts in Eastern Europe continue to dictate regional outcomes.",Diplomatic / Political,2026-09-24,Bloomberg,Palestine,Eastern Europe
ART-10245,Ballistic missile interceptor systems activated amid regional military escalation,"Air defense batteries engaged multiple incoming medium-range ballistic trajectories targeting military infrastructure. Defense ministries confirmed that surface-to-air missile batteries intercepted projectiles mid-course, placing joint task forces on maximum tactical readiness status. Reporting from Israel, diplomatic and local observers noted that recent strategic shifts in East Asia continue to dictate regional outcomes.",Military Conflict,2026-02-21,Reuters,Israel,East Asia
ART-10419,Regional coalition signs comprehensive non-aggression and diplomatic mediation pact,"Leaders of member states finalized a multilateral framework establishing joint diplomatic mediation channels, diplomatic consultation corridors, and bilateral confidence-building measures to prevent diplomatic estrangement across the alliance. Reporting from India, diplomatic and local observers noted that recent strategic shifts in Red Sea & Horn of Africa continue to dictate regional outcomes.",Diplomatic / Political,2026-02-24,Nikkei Asia,India,Red Sea & Horn of Africa
ART-10268,Ambassadorial recall and diplomatic protest notes delivered over treaty dispute,"Government officials formally summoned the resident ambassador and issued a stern diplomatic communique protesting recent policy shifts and border treaties. Ministry spokespersons emphasized diplomatic dialogue while recalling senior envoys for high-level foreign policy consultations. Reporting from Russia, diplomatic and local observers noted that recent strategic shifts in Persian Gulf continue to dictate regional outcomes.",Diplomatic / Political,2026-04-13,Associated Press,Russia,Persian Gulf
ART-10110,Ballistic missile interceptor systems activated amid regional military escalation,"Air defense batteries engaged multiple incoming medium-range ballistic trajectories targeting military infrastructure. Defense ministries confirmed that surface-to-air missile batteries intercepted projectiles mid-course, placing joint task forces on maximum tactical readiness status. Reporting from Russia, diplomatic and local observers noted that recent strategic shifts in South Asia continue to dictate regional outcomes.",Military Conflict,2026-02-26,BBC News,Russia,South Asia
ART-10400,Parliamentary committee conducts emergency foreign policy debate on international accords,"Legislative leaders held intensive deliberations concerning diplomatic ratifications, treaty commitments, and international coalition partnerships. Government ministers reiterated diplomatic alignment while defending non-proliferation accords and diplomatic neutrality. Reporting from India, diplomatic and local observers noted that recent strategic shifts in Middle East continue to dictate regional outcomes.",Diplomatic / Political,2026-01-05,Bloomberg,India,Middle East
ART-11295,Civilian evacuation corridors established under international red cross mediation,"Humanitarian organizations coordinated temporary civilian safe-passage corridors to evacuate vulnerable elderly, women, and pediatric patients from active hostility perimeters. International observers monitored compliance to ensure unhindered transit for humanitarian convoys. Reporting from Taiwan, diplomatic and local observers noted that recent strategic shifts in Persian Gulf continue to dictate regional outcomes.",Humanitarian Impact,2026-02-20,Financial Times,Taiwan,Persian Gulf
ART-10081,Artillery and drone strikes intensify along Persian Gulf frontline,"Heavy military bombardment and tactical drone warfare escalated across the Persian Gulf border overnight. Military defense commands confirmed multiple interceptor missile launches and sustained counter-battery fire. Ground forces mobilized armored divisions in response to cross-border incursions, leading to heightened combat alert status throughout contested defensive perimeters. Reporting from Russia, diplomatic and local observers noted that recent strategic shifts in Persian Gulf continue to dictate regional outcomes.",Military Conflict,2026-09-25,Nikkei Asia,Russia,Persian Gulf
ART-10010,Ballistic missile interceptor systems activated amid regional military escalation,"Air defense batteries engaged multiple incoming medium-range ballistic trajectories targeting military infrastructure. Defense ministries confirmed that surface-to-air missile batteries intercepted projectiles mid-course, placing joint task forces on maximum tactical readiness status. Reporting from Yemen, diplomatic and local observers noted that recent strategic shifts in Red Sea & Horn of Africa continue to dictate regional outcomes.",Military Conflict,2026-01-10,BBC News,Yemen,Red Sea & Horn of Africa
ART-10904,Bulk carrier grain vessels delayed as maritime safety inspection protocols expand,"Commercial maritime registries reported prolonged anchorage delays for dry bulk freighters awaiting safe passage clearances through designated maritime corridors. Insurers revised hull and cargo coverage stipulations, impacting export contract fulfillment for agricultural cargoes. Reporting from Ukraine, diplomatic and local observers noted that recent strategic shifts in North America continue to dictate regional outcomes.",Trade & Shipping,2026-04-27,Financial Times,Ukraine,North America
ART-10977,Port congestion and customs clearance bottlenecks escalate across major container terminals,"Logistics operators reported severe berthing delays and freight dwell times exceeding historical averages across maritime gateway hubs. Freight forwarders cited vessel bunching, rail intermodal backlogs, and maritime rerouting schedules as compounding drivers of supply chain gridlock. Reporting from Egypt, diplomatic and local observers noted that recent strategic shifts in Persian Gulf continue to dictate regional outcomes.",Trade & Shipping,2026-05-16,Financial Times,Egypt,Persian Gulf
ART-11176,Central banks signal interest rate adjustments as geopolitical inflation pressures broaden,"Monetary policy committees convened to evaluate persistent macroeconomic shocks stemming from import price inflation and commodity supply friction. Financial market analysts revised benchmark interest rate trajectories as headline consumer price indices reflected elevated freight and producer input expenses. Reporting from Sudan, diplomatic and local observers noted that recent strategic shifts in North America continue to dictate regional outcomes.",Economic Impact,2026-03-16,Reuters,Sudan,North America
ART-10191,Artillery and drone strikes intensify along East Asia frontline,"Heavy military bombardment and tactical drone warfare escalated across the East Asia border overnight. Military defense commands confirmed multiple interceptor missile launches and sustained counter-battery fire. Ground forces mobilized armored divisions in response to cross-border incursions, leading to heightened combat alert status throughout contested defensive perimeters. Reporting from Palestine, diplomatic and local observers noted that recent strategic shifts in East Asia continue to dictate regional outcomes.",Military Conflict,2026-02-23,Al Jazeera,Palestine,East Asia
ART-10373,Ambassadorial recall and diplomatic protest notes delivered over treaty dispute,"Government officials formally summoned the resident ambassador and issued a stern diplomatic communique protesting recent policy shifts and border treaties. Ministry spokespersons emphasized diplomatic dialogue while recalling senior envoys for high-level foreign policy consultations. Reporting from Germany, diplomatic and local observers noted that recent strategic shifts in Middle East continue to dictate regional outcomes.",Diplomatic / Political,2026-01-06,Wall Street Journal,Germany,Middle East
ART-10244,Border skirmish escalates with armor deployment and infantry engagements,"Tensions surged following armed skirmishes along the demarcation perimeter involving heavy mechanized infantry and mortar barrages. Both regional militaries issued conflicting claims regarding rules of engagement violations as reinforced defensive trenches exchanged active small arms and artillery fire. Reporting from Iran, diplomatic and local observers noted that recent strategic shifts in Red Sea & Horn of Africa continue to dictate regional outcomes.",Military Conflict,2026-01-20,Bloomberg,Iran,Red Sea & Horn of Africa
ART-10651,Strait of Hormuz transit tensions spark crude oil and LNG supply disruptions,"Heightened naval alerts near critical energy choke points triggered immediate volatility across global benchmark crude contracts. Tanker charter operators raised war risk insurance premiums as energy intelligence analysts cautioned that maritime route interdictions could constrain daily flows of crude oil, refined distillates, and liquefied natural gas (LNG). Reporting from Russia, diplomatic and local observers noted that recent strategic shifts in Eastern Europe continue to dictate regional outcomes.",Energy Risk,2026-06-01,Al Jazeera,Russia,Eastern Europe
ART-10535,OPEC+ convenes emergency production quota meeting as geopolitical supply risks mount,"Petroleum export ministers gathered for extraordinary consultations to review crude output allocations and export facility vulnerabilities. Analysts highlighted that potential localized transit choke point disruptions threaten to strain spare production capacity across export terminals. Reporting from Egypt, diplomatic and local observers noted that recent strategic shifts in Western Europe continue to dictate regional outcomes.",Energy Risk,2026-07-25,UN News,Egypt,Western Europe
ART-11319,Disrupted municipal power grids and water filtration plants jeopardize civilian public health,"Public health authorities warned of escalating waterborne disease outbreaks after sustained infrastructure damage crippled municipal water purification networks and electrical sub-stations. Emergency relief teams deployed portable purification modules to mitigate sanitary hazards. Reporting from Russia, diplomatic and local observers noted that recent strategic shifts in South Asia continue to dictate regional outcomes.",Humanitarian Impact,2026-08-16,Financial Times,Russia,South Asia
ART-10113,Airstrikes strike strategic command centers and ammunition depots in Germany,"Fighter aircraft launched precision-guided ordnance targeting key military logistics hubs, radar installations, and tactical weapons caches near strategic sectors of Germany. Satellite reconnaissance verified structural destruction, while armed forces declared immediate airspace closure and defensive mobilization. Reporting from Germany, diplomatic and local observers noted that recent strategic shifts in East Asia continue to dictate regional outcomes.",Military Conflict,2026-05-01,Financial Times,Germany,East Asia
ART-10202,Naval task force engages hostile drone boats near United States territorial waters,"Naval destroyers deployed in international waters intercepted multiple unmanned explosive surface vessels attempting to strike maritime patrol assets. Military officials stated that defensive kinetic munitions neutralized the threat prior to vessel breach, sustaining combat deterrence across critical coastal zones. Reporting from United States, diplomatic and local observers noted that recent strategic shifts in Persian Gulf continue to dictate regional outcomes.",Military Conflict,2026-04-06,Wall Street Journal,United States,Persian Gulf
ART-11529,Disrupted municipal power grids and water filtration plants jeopardize civilian public health,"Public health authorities warned of escalating waterborne disease outbreaks after sustained infrastructure damage crippled municipal water purification networks and electrical sub-stations. Emergency relief teams deployed portable purification modules to mitigate sanitary hazards. Reporting from Russia, diplomatic and local observers noted that recent strategic shifts in Western Europe continue to dictate regional outcomes.",Humanitarian Impact,2026-02-02,BBC News,Russia,Western Europe
ART-10644,Offshore drilling rig security heightened following regional maritime threat warnings,"Deepwater exploration platforms operating in disputed maritime basins instituted enhanced exclusion zones and emergency evacuation drills. Energy corporations reported heightened maritime surveillance to safeguard critical liquefied natural gas terminals and offshore pipeline pumping stations. Reporting from Iran, diplomatic and local observers noted that recent strategic shifts in North America continue to dictate regional outcomes.",Energy Risk,2026-08-22,Wall Street Journal,Iran,North America
ART-11165,Stock exchange volatility index spikes as investors seek safe-haven sovereign bonds and gold,"Equities across regional bourses recorded broad sell-offs, with industrial, aviation, and consumer discretionary shares leading declines. Capital allocators rotated liquidity into sovereign treasury securities, bullion, and cash equivalents amid heightened geopolitical uncertainty. Reporting from Sudan, diplomatic and local observers noted that recent strategic shifts in East Asia continue to dictate regional outcomes.",Economic Impact,2026-01-05,Nikkei Asia,Sudan,East Asia
ART-10165,Ballistic missile interceptor systems activated amid regional military escalation,"Air defense batteries engaged multiple incoming medium-range ballistic trajectories targeting military infrastructure. Defense ministries confirmed that surface-to-air missile batteries intercepted projectiles mid-course, placing joint task forces on maximum tactical readiness status. Reporting from Yemen, diplomatic and local observers noted that recent strategic shifts in Red Sea & Horn of Africa continue to dictate regional outcomes.",Military Conflict,2026-03-25,Associated Press,Yemen,Red Sea & Horn of Africa
ART-10992,Port congestion and customs clearance bottlenecks escalate across major container terminals,"Logistics operators reported severe berthing delays and freight dwell times exceeding historical averages across maritime gateway hubs. Freight forwarders cited vessel bunching, rail intermodal backlogs, and maritime rerouting schedules as compounding drivers of supply chain gridlock. Reporting from Saudi Arabia, diplomatic and local observers noted that recent strategic shifts in Persian Gulf continue to dictate regional outcomes.",Trade & Shipping,2026-02-03,Al Jazeera,Saudi Arabia,Persian Gulf
ART-10511,Strait of Hormuz transit tensions spark crude oil and LNG supply disruptions,"Heightened naval alerts near critical energy choke points triggered immediate volatility across global benchmark crude contracts. Tanker charter operators raised war risk insurance premiums as energy intelligence analysts cautioned that maritime route interdictions could constrain daily flows of crude oil, refined distillates, and liquefied natural gas (LNG).",Energy Risk,2026-01-01,Bloomberg,Poland,East Asia
ART-10508,Ambassadorial recall and diplomatic protest notes delivered over treaty dispute,"Government officials formally summoned the resident ambassador and issued a stern diplomatic communique protesting recent policy shifts and border treaties. Ministry spokespersons emphasized diplomatic dialogue while recalling senior envoys for high-level foreign policy consultations. Reporting from Palestine, diplomatic and local observers noted that recent strategic shifts in Western Europe continue to dictate regional outcomes.",Diplomatic / Political,2026-01-01,Bloomberg,Palestine,Western Europe
ART-11403,"Field hospitals face critical shortages of surgical anesthetics, electricity, and clean water","Medical relief organizations operating inside crisis sectors issued urgent distress alerts regarding depleted pharmaceuticals, damaged municipal water treatment facilities, and erratic generator fuel supplies necessary to maintain life-saving intensive care facilities. Reporting from Poland, diplomatic and local observers noted that recent strategic shifts in Persian Gulf continue to dictate regional outcomes.",Humanitarian Impact,2026-02-16,Bloomberg,Poland,Persian Gulf
ART-10306,High-level bilateral diplomatic summit convenes in effort to de-escalate tensions,"Foreign ministers and strategic envoys met for emergency multilateral negotiations aimed at formulating a comprehensive ceasefire framework and de-escalation roadmap. Delegations engaged in protracted closed-door diplomatic talks regarding border demilitarization and treaty adherence. Reporting from Russia, diplomatic and local observers noted that recent strategic shifts in Western Europe continue to dictate regional outcomes.",Diplomatic / Political,2026-06-23,Reuters,Russia,Western Europe
ART-10521,Strait of Hormuz transit tensions spark crude oil and LNG supply disruptions,"Heightened naval alerts near critical energy choke points triggered immediate volatility across global benchmark crude contracts. Tanker charter operators raised war risk insurance premiums as energy intelligence analysts cautioned that maritime route interdictions could constrain daily flows of crude oil, refined distillates, and liquefied natural gas (LNG). Reporting from Saudi Arabia, diplomatic and local observers noted that recent strategic shifts in East Asia continue to dictate regional outcomes.",Energy Risk,2026-02-11,Wall Street Journal,Saudi Arabia,East Asia
ART-10946,Container shipping carriers divert cargo fleets around Cape of Good Hope amid maritime threats,"Major international ocean carriers announced sweeping rerouting orders, diverting container vessels around the African continent to bypass hazardous maritime corridors. The maritime diversion adds 10 to 14 days to standard transit times, tightening vessel capacity, delaying container turnaround times, and triggering sharp increases in global container spot freight rates. Reporting from Israel, diplomatic and local observers noted that recent strategic shifts in South Asia continue to dictate regional outcomes.",Trade & Shipping,2026-01-13,UN News,Israel,South Asia
ART-10038,Airstrikes strike strategic command centers and ammunition depots in United States,"Fighter aircraft launched precision-guided ordnance targeting key military logistics hubs, radar installations, and tactical weapons caches near strategic sectors of United States. Satellite reconnaissance verified structural destruction, while armed forces declared immediate airspace closure and defensive mobilization. Reporting from United States, diplomatic and local observers noted that recent strategic shifts in Western Europe continue to dictate regional outcomes.",Military Conflict,2026-02-10,Associated Press,United States,Western Europe
ART-11341,Refugee displacement crisis deepens as civilian populations flee contested border zones,"International humanitarian relief agencies reported that over 250,000 civilians have been displaced from conflict-affected frontier zones over recent weeks. Overcrowded temporary resettlement shelters face severe shortages of potable water, emergency medical supplies, and sanitation infrastructure. Reporting from Yemen, diplomatic and local observers noted that recent strategic shifts in Middle East continue to dictate regional outcomes.",Humanitarian Impact,2026-03-10,Reuters,Yemen,Middle East
ART-11292,United Nations launches emergency humanitarian relief appeal for food aid and medical shelter,"Humanitarian coordinators formally issued a multilateral funding appeal seeking urgent donor contributions to support frontline field clinics and nutritional distribution hubs. Aid convoys reported severe logistical hurdles attempting to deliver relief supplies to isolated civilian corridors. Reporting from Sudan, diplomatic and local observers noted that recent strategic shifts in Eastern Europe continue to dictate regional outcomes.",Humanitarian Impact,2026-08-17,UN News,Sudan,Eastern Europe
ART-11091,Central banks signal interest rate adjustments as geopolitical inflation pressures broaden,"Monetary policy committees convened to evaluate persistent macroeconomic shocks stemming from import price inflation and commodity supply friction. Financial market analysts revised benchmark interest rate trajectories as headline consumer price indices reflected elevated freight and producer input expenses. Reporting from Egypt, diplomatic and local observers noted that recent strategic shifts in North America continue to dictate regional outcomes.",Economic Impact,2026-08-15,BBC News,Egypt,North America
ART-10707,Major natural gas pipeline flow throttled amid geopolitical transit disagreements,"Subsea pipeline monitoring stations recorded a sharp 35% reduction in natural gas transit volumes following regulatory and political disputes between transit nations. Energy ministers warned industrial consumers of potential supply rationing and power grid balancing interventions ahead of winter reserve replenishment. Reporting from Sudan, diplomatic and local observers noted that recent strategic shifts in Red Sea & Horn of Africa continue to dictate regional outcomes.",Energy Risk,2026-08-01,Deutsche Welle,Sudan,Red Sea & Horn of Africa
ART-11238,Foreign direct investment inflows contract sharply amid cross-border geopolitical instability,"Economic development ministries reported a significant deceleration in cross-border capital expenditures and joint venture investments. Corporate treasuries cited regulatory uncertainty, sovereign risk premia, and supply network vulnerabilities as key deterrents to long-term capital allocation. Reporting from United Kingdom, diplomatic and local observers noted that recent strategic shifts in Eastern Europe continue to dictate regional outcomes.",Economic Impact,2026-02-22,Associated Press,United Kingdom,Eastern Europe
ART-10437,United Nations Security Council debates draft resolution on sovereignty and border protocols,"Diplomats at the UN Headquarters convened an emergency session to deliberate a multilateral resolution addressing territorial sovereignty, diplomatic immunity, and international arbitration. Key permanent members presented competing revisions concerning compliance verification and peacekeeper mandates. Reporting from Poland, diplomatic and local observers noted that recent strategic shifts in Persian Gulf continue to dictate regional outcomes.",Diplomatic / Political,2026-02-14,Deutsche Welle,Poland,Persian Gulf
ART-10529,Offshore drilling rig security heightened following regional maritime threat warnings,"Deepwater exploration platforms operating in disputed maritime basins instituted enhanced exclusion zones and emergency evacuation drills. Energy corporations reported heightened maritime surveillance to safeguard critical liquefied natural gas terminals and offshore pipeline pumping stations. Reporting from Egypt, diplomatic and local observers noted that recent strategic shifts in Persian Gulf continue to dictate regional outcomes.",Energy Risk,2026-01-19,Reuters,Egypt,Persian Gulf
ART-10345,Parliamentary committee conducts emergency foreign policy debate on international accords,"Legislative leaders held intensive deliberations concerning diplomatic ratifications, treaty commitments, and international coalition partnerships. Government ministers reiterated diplomatic alignment while defending non-proliferation accords and diplomatic neutrality. Reporting from Palestine, diplomatic and local observers noted that recent strategic shifts in Red Sea & Horn of Africa continue to dictate regional outcomes.",Diplomatic / Political,2026-09-06,Nikkei Asia,Palestine,Red Sea & Horn of Africa
ART-10091,Artillery and drone strikes intensify along Persian Gulf frontline,"Heavy military bombardment and tactical drone warfare escalated across the Persian Gulf border overnight. Military defense commands confirmed multiple interceptor missile launches and sustained counter-battery fire. Ground forces mobilized armored divisions in response to cross-border incursions, leading to heightened combat alert status throughout contested defensive perimeters. Reporting from Ukraine, diplomatic and local observers noted that recent strategic shifts in Persian Gulf continue to dictate regional outcomes.",Military Conflict,2026-01-07,Deutsche Welle,Ukraine,Persian Gulf
ART-10479,Regional coalition signs comprehensive non-aggression and diplomatic mediation pact,"Leaders of member states finalized a multilateral framework establishing joint diplomatic mediation channels, diplomatic consultation corridors, and bilateral confidence-building measures to prevent diplomatic estrangement across the alliance. Reporting from Russia, diplomatic and local observers noted that recent strategic shifts in Persian Gulf continue to dictate regional outcomes.",Diplomatic / Political,2026-08-28,BBC News,Russia,Persian Gulf
ART-10327,United Nations Security Council debates draft resolution on sovereignty and border protocols,"Diplomats at the UN Headquarters convened an emergency session to deliberate a multilateral resolution addressing territorial sovereignty, diplomatic immunity, and international arbitration. Key permanent members presented competing revisions concerning compliance verification and peacekeeper mandates. Reporting from Russia, diplomatic and local observers noted that recent strategic shifts in Western Europe continue to dictate regional outcomes.",Diplomatic / Political,2026-09-16,Bloomberg,Russia,Western Europe
ART-10063,Airstrikes strike strategic command centers and ammunition depots in Palestine,"Fighter aircraft launched precision-guided ordnance targeting key military logistics hubs, radar installations, and tactical weapons caches near strategic sectors of Palestine. Satellite reconnaissance verified structural destruction, while armed forces declared immediate airspace closure and defensive mobilization. Reporting from Palestine, diplomatic and local observers noted that recent strategic shifts in North America continue to dictate regional outcomes.",Military Conflict,2026-09-07,BBC News,Palestine,North America
ART-10058,,"Fighter aircraft launched precision-guided ordnance targeting key military logistics hubs, radar installations, and tactical weapons caches near strategic sectors of Russia. Satellite reconnaissance verified structural destruction, while armed forces declared immediate airspace closure and defensive mobilization. Reporting from Russia, diplomatic and local observers noted that recent strategic shifts in Western Europe continue to dictate regional outcomes.",Military Conflict,2026-04-02,Associated Press,Russia,Western Europe
ART-11019,Bulk carrier grain vessels delayed as maritime safety inspection protocols expand,"Commercial maritime registries reported prolonged anchorage delays for dry bulk freighters awaiting safe passage clearances through designated maritime corridors. Insurers revised hull and cargo coverage stipulations, impacting export contract fulfillment for agricultural cargoes. Reporting from Iran, diplomatic and local observers noted that recent strategic shifts in South Asia continue to dictate regional outcomes.",Trade & Shipping,2026-02-02,Al Jazeera,Iran,South Asia
ART-10293,Ambassadorial recall and diplomatic protest notes delivered over treaty dispute,"Government officials formally summoned the resident ambassador and issued a stern diplomatic communique protesting recent policy shifts and border treaties. Ministry spokespersons emphasized diplomatic dialogue while recalling senior envoys for high-level foreign policy consultations. Reporting from India, diplomatic and local observers noted that recent strategic shifts in North America continue to dictate regional outcomes.",Diplomatic / Political,2026-02-10,Bloomberg,India,North America
ART-11249,Manufacturing purchasing managers index drops into contraction territory,"National manufacturing indices slumped below the critical 50-point threshold, signaling industrial output contraction across export-oriented sectors. Factory managers reported elevated input acquisition costs, backlog accumulation, and declining international export orders. Reporting from China, diplomatic and local observers noted that recent strategic shifts in Middle East continue to dictate regional outcomes.",Economic Impact,2026-04-05,Wall Street Journal,China,Middle East
ART-11446,Refugee displacement crisis deepens as civilian populations flee contested border zones,"International humanitarian relief agencies reported that over 250,000 civilians have been displaced from conflict-affected frontier zones over recent weeks. Overcrowded temporary resettlement shelters face severe shortages of potable water, emergency medical supplies, and sanitation infrastructure. Reporting from China, diplomatic and local observers noted that recent strategic shifts in Eastern Europe continue to dictate regional outcomes.",Humanitarian Impact,2026-09-03,Bloomberg,China,Eastern Europe
ART-10463,Ambassadorial recall and diplomatic protest notes delivered over treaty dispute,"Government officials formally summoned the resident ambassador and issued a stern diplomatic communique protesting recent policy shifts and border treaties. Ministry spokespersons emphasized diplomatic dialogue while recalling senior envoys for high-level foreign policy consultations. Reporting from Egypt, diplomatic and local observers noted that recent strategic shifts in Eastern Europe continue to dictate regional outcomes.",Diplomatic / Political,2026-01-12,BBC News,Egypt,Eastern Europe
ART-10388,Ambassadorial recall and diplomatic protest notes delivered over treaty dispute,"Government officials formally summoned the resident ambassador and issued a stern diplomatic communique protesting recent policy shifts and border treaties. Ministry spokespersons emphasized diplomatic dialogue while recalling senior envoys for high-level foreign policy consultations. Reporting from Yemen, diplomatic and local observers noted that recent strategic shifts in Eastern Europe continue to dictate regional outcomes.",Diplomatic / Political,2026-07-21,Deutsche Welle,Yemen,Eastern Europe
ART-11027,Sovereign credit rating under review following capital flight and currency depreciation,"International credit rating agencies placed sovereign debt issuances on negative watch, citing widening fiscal deficits, rapid foreign reserve depletion, and heightened geopolitical risk premia. Domestic currency valuations experienced sharp depreciations against global reserve currencies. Reporting from Poland, diplomatic and local observers noted that recent strategic shifts in Western Europe continue to dictate regional outcomes.",Economic Impact,2026-07-07,Deutsche Welle,Poland,Western Europe
ART-10022,Naval task force engages hostile drone boats near Iran territorial waters,"Naval destroyers deployed in international waters intercepted multiple unmanned explosive surface vessels attempting to strike maritime patrol assets. Military officials stated that defensive kinetic munitions neutralized the threat prior to vessel breach, sustaining combat deterrence across critical coastal zones. Reporting from Iran, diplomatic and local observers noted that recent strategic shifts in Red Sea & Horn of Africa continue to dictate regional outcomes.",Military Conflict,2026-04-22,Bloomberg,Iran,Red Sea & Horn of Africa
ART-10963,Bilateral tariff escalation and trade export controls enacted on critical components,"Commerce departments imposed sweeping customs tariffs and export license restrictions on key industrial raw materials and advanced components. Trade chambers expressed alarm over compliance costs and international supply chain fragmentation affecting bilateral trade volumes. Reporting from China, diplomatic and local observers noted that recent strategic shifts in Eastern Europe continue to dictate regional outcomes.",Trade & Shipping,2026-09-02,Wall Street Journal,China,Eastern Europe
ART-10643,Strategic petroleum reserve release weighed as refinery feedstock prices surge,"Energy authorities initiated contingency consultations regarding synchronized drawdowns from strategic oil reserves following regional energy infrastructure disruptions. Brent crude spot rates surged as market participants priced in persistent refinery feedstock shortages and pipeline outages. Reporting from Yemen, diplomatic and local observers noted that recent strategic shifts in Eastern Europe continue to dictate regional outcomes.",Energy Risk,2026-07-21,Nikkei Asia,Yemen,Eastern Europe
ART-10994,Bulk carrier grain vessels delayed as maritime safety inspection protocols expand,"Commercial maritime registries reported prolonged anchorage delays for dry bulk freighters awaiting safe passage clearances through designated maritime corridors. Insurers revised hull and cargo coverage stipulations, impacting export contract fulfillment for agricultural cargoes. Reporting from Yemen, diplomatic and local observers noted that recent strategic shifts in Middle East continue to dictate regional outcomes.",Trade & Shipping,2026-04-05,Bloomberg,Yemen,Middle East
ART-11316,Refugee displacement crisis deepens as civilian populations flee contested border zones,"International humanitarian relief agencies reported that over 250,000 civilians have been displaced from conflict-affected frontier zones over recent weeks. Overcrowded temporary resettlement shelters face severe shortages of potable water, emergency medical supplies, and sanitation infrastructure. Reporting from India, diplomatic and local observers noted that recent strategic shifts in Middle East continue to dictate regional outcomes.",Humanitarian Impact,2026-05-13,UN News,India,Middle East
ART-10964,Bulk carrier grain vessels delayed as maritime safety inspection protocols expand,"Commercial maritime registries reported prolonged anchorage delays for dry bulk freighters awaiting safe passage clearances through designated maritime corridors. Insurers revised hull and cargo coverage stipulations, impacting export contract fulfillment for agricultural cargoes. Reporting from Egypt, diplomatic and local observers noted that recent strategic shifts in North America continue to dictate regional outcomes.",Trade & Shipping,2026-01-03,Bloomberg,Egypt,North America
ART-10976,Container shipping carriers divert cargo fleets around Cape of Good Hope amid maritime threats,"Major international ocean carriers announced sweeping rerouting orders, diverting container vessels around the African continent to bypass hazardous maritime corridors. The maritime diversion adds 10 to 14 days to standard transit times, tightening vessel capacity, delaying container turnaround times, and triggering sharp increases in global container spot freight rates. Reporting from Sudan, diplomatic and local observers noted that recent strategic shifts in Red Sea & Horn of Africa continue to dictate regional outcomes.",Trade & Shipping,2026-04-15,Wall Street Journal,Sudan,Red Sea & Horn of Africa
ART-10755,OPEC+ convenes emergency production quota meeting as geopolitical supply risks mount,"Petroleum export ministers gathered for extraordinary consultations to review crude output allocations and export facility vulnerabilities. Analysts highlighted that potential localized transit choke point disruptions threaten to strain spare production capacity across export terminals. Reporting from Germany, diplomatic and local observers noted that recent strategic shifts in East Asia continue to dictate regional outcomes.",Energy Risk,2026-02-21,Associated Press,Germany,East Asia
ART-10209,Border skirmish escalates with armor deployment and infantry engagements,"Tensions surged following armed skirmishes along the demarcation perimeter involving heavy mechanized infantry and mortar barrages. Both regional militaries issued conflicting claims regarding rules of engagement violations as reinforced defensive trenches exchanged active small arms and artillery fire. Reporting from United States, diplomatic and local observers noted that recent strategic shifts in Western Europe continue to dictate regional outcomes.",Military Conflict,2026-02-13,Al Jazeera,United States,Western Europe
ART-10115,Ballistic missile interceptor systems activated amid regional military escalation,"Air defense batteries engaged multiple incoming medium-range ballistic trajectories targeting military infrastructure. Defense ministries confirmed that surface-to-air missile batteries intercepted projectiles mid-course, placing joint task forces on maximum tactical readiness status. Reporting from Ukraine, diplomatic and local observers noted that recent strategic shifts in East Asia continue to dictate regional outcomes.",Military Conflict,2026-07-03,BBC News,Ukraine,East Asia
ART-10123,Airstrikes strike strategic command centers and ammunition depots in United States,"Fighter aircraft launched precision-guided ordnance targeting key military logistics hubs, radar installations, and tactical weapons caches near strategic sectors of United States. Satellite reconnaissance verified structural destruction, while armed forces declared immediate airspace closure and defensive mobilization. Reporting from United States, diplomatic and local observers noted that recent strategic shifts in Western Europe continue to dictate regional outcomes.",Military Conflict,2026-06-11,Nikkei Asia,United States,Western Europe
ART-11194,Manufacturing purchasing managers index drops into contraction territory,"National manufacturing indices slumped below the critical 50-point threshold, signaling industrial output contraction across export-oriented sectors. Factory managers reported elevated input acquisition costs, backlog accumulation, and declining international export orders. Reporting from Russia, diplomatic and local observers noted that recent strategic shifts in South Asia continue to dictate regional outcomes.",Economic Impact,2026-03-06,Al Jazeera,Russia,South Asia
ART-10701,Strait of Hormuz transit tensions spark crude oil and LNG supply disruptions,"Heightened naval alerts near critical energy choke points triggered immediate volatility across global benchmark crude contracts. Tanker charter operators raised war risk insurance premiums as energy intelligence analysts cautioned that maritime route interdictions could constrain daily flows of crude oil, refined distillates, and liquefied natural gas (LNG). Reporting from Ukraine, diplomatic and local observers noted that recent strategic shifts in Red Sea & Horn of Africa continue to dictate regional outcomes.",Energy Risk,2026-02-23,Financial Times,Ukraine,Red Sea & Horn of Africa
ART-10750,OPEC+ convenes emergency production quota meeting as geopolitical supply risks mount,"Petroleum export ministers gathered for extraordinary consultations to review crude output allocations and export facility vulnerabilities. Analysts highlighted that potential localized transit choke point disruptions threaten to strain spare production capacity across export terminals. Reporting from United Kingdom, diplomatic and local observers noted that recent strategic shifts in Western Europe continue to dictate regional outcomes.",Energy Risk,2026-06-16,Reuters,United Kingdom,Western Europe
ART-10053,Airstrikes strike strategic command centers and ammunition depots in United Kingdom,"Fighter aircraft launched precision-guided ordnance targeting key military logistics hubs, radar installations, and tactical weapons caches near strategic sectors of United Kingdom. Satellite reconnaissance verified structural destruction, while armed forces declared immediate airspace closure and defensive mobilization. Reporting from United Kingdom, diplomatic and local observers noted that recent strategic shifts in Middle East continue to dictate regional outcomes.",Military Conflict,2026-08-25,Financial Times,United Kingdom,Middle East
ART-11467,United Nations launches emergency humanitarian relief appeal for food aid and medical shelter,"Humanitarian coordinators formally issued a multilateral funding appeal seeking urgent donor contributions to support frontline field clinics and nutritional distribution hubs. Aid convoys reported severe logistical hurdles attempting to deliver relief supplies to isolated civilian corridors. Reporting from Iran, diplomatic and local observers noted that recent strategic shifts in Persian Gulf continue to dictate regional outcomes.",Humanitarian Impact,2026-03-24,BBC News,Iran,Persian Gulf
ART-10152,Naval task force engages hostile drone boats near China territorial waters,"Naval destroyers deployed in international waters intercepted multiple unmanned explosive surface vessels attempting to strike maritime patrol assets. Military officials stated that defensive kinetic munitions neutralized the threat prior to vessel breach, sustaining combat deterrence across critical coastal zones. Reporting from China, diplomatic and local observers noted that recent strategic shifts in East Asia continue to dictate regional outcomes.",Military Conflict,2026-08-12,Nikkei Asia,China,East Asia
ART-10042,Naval task force engages hostile drone boats near Taiwan territorial waters,"Naval destroyers deployed in international waters intercepted multiple unmanned explosive surface vessels attempting to strike maritime patrol assets. Military officials stated that defensive kinetic munitions neutralized the threat prior to vessel breach, sustaining combat deterrence across critical coastal zones. Reporting from Taiwan, diplomatic and local observers noted that recent strategic shifts in East Asia continue to dictate regional outcomes.",Military Conflict,2026-06-14,BBC News,Taiwan,East Asia
ART-10876,Container shipping carriers divert cargo fleets around Cape of Good Hope amid maritime threats,"Major international ocean carriers announced sweeping rerouting orders, diverting container vessels around the African continent to bypass hazardous maritime corridors. The maritime diversion adds 10 to 14 days to standard transit times, tightening vessel capacity, delaying container turnaround times, and triggering sharp increases in global container spot freight rates. Reporting from Taiwan, diplomatic and local observers noted that recent strategic shifts in North America continue to dictate regional outcomes.",Trade & Shipping,2026-03-27,Associated Press,Taiwan,North America
ART-10727,Major natural gas pipeline flow throttled amid geopolitical transit disagreements,"Subsea pipeline monitoring stations recorded a sharp 35% reduction in natural gas transit volumes following regulatory and political disputes between transit nations. Energy ministers warned industrial consumers of potential supply rationing and power grid balancing interventions ahead of winter reserve replenishment. Reporting from Saudi Arabia, diplomatic and local observers noted that recent strategic shifts in South Asia continue to dictate regional outcomes.",Energy Risk,2026-01-21,Reuters,Saudi Arabia,South Asia
ART-11381,Refugee displacement crisis deepens as civilian populations flee contested border zones,"International humanitarian relief agencies reported that over 250,000 civilians have been displaced from conflict-affected frontier zones over recent weeks. Overcrowded temporary resettlement shelters face severe shortages of potable water, emergency medical supplies, and sanitation infrastructure. Reporting from Poland, diplomatic and local observers noted that recent strategic shifts in Persian Gulf continue to dictate regional outcomes.",Humanitarian Impact,2026-07-22,Reuters,Poland,Persian Gulf
ART-10786,Container shipping carriers divert cargo fleets around Cape of Good Hope amid maritime threats,"Major international ocean carriers announced sweeping rerouting orders, diverting container vessels around the African continent to bypass hazardous maritime corridors. The maritime diversion adds 10 to 14 days to standard transit times, tightening vessel capacity, delaying container turnaround times, and triggering sharp increases in global container spot freight rates. Reporting from Saudi Arabia, diplomatic and local observers noted that recent strategic shifts in Western Europe continue to dictate regional outcomes.",Trade & Shipping,2026-03-21,Associated Press,Saudi Arabia,Western Europe
ART-10316,High-level bilateral diplomatic summit convenes in effort to de-escalate tensions,"Foreign ministers and strategic envoys met for emergency multilateral negotiations aimed at formulating a comprehensive ceasefire framework and de-escalation roadmap. Delegations engaged in protracted closed-door diplomatic talks regarding border demilitarization and treaty adherence. Reporting from Egypt, diplomatic and local observers noted that recent strategic shifts in South Asia continue to dictate regional outcomes.",Diplomatic / Political,2026-07-05,UN News,Egypt,South Asia
ART-10950,Air freight cargo rates spike as commercial shippers seek alternatives to ocean freight lanes,"Aviation logistics carriers reported an unprecedented surge in charter demand for urgent transcontinental air cargo, driven by persistent maritime shipping route disruptions. Freight indices registered double-digit increases in air cargo ton-mile rates for priority industrial freight. Reporting from Iran, diplomatic and local observers noted that recent strategic shifts in Middle East continue to dictate regional outcomes.",Trade & Shipping,2026-05-17,Reuters,Iran,Middle East
ART-11016,Container shipping carriers divert cargo fleets around Cape of Good Hope amid maritime threats,"Major international ocean carriers announced sweeping rerouting orders, diverting container vessels around the African continent to bypass hazardous maritime corridors. The maritime diversion adds 10 to 14 days to standard transit times, tightening vessel capacity, delaying container turnaround times, and triggering sharp increases in global container spot freight rates. Reporting from Germany, diplomatic and local observers noted that recent strategic shifts in North America continue to dictate regional outcomes.",Trade & Shipping,2026-08-27,Wall Street Journal,Germany,North America
ART-10562,Major natural gas pipeline flow throttled amid geopolitical transit disagreements,"Subsea pipeline monitoring stations recorded a sharp 35% reduction in natural gas transit volumes following regulatory and political disputes between transit nations. Energy ministers warned industrial consumers of potential supply rationing and power grid balancing interventions ahead of winter reserve replenishment. Reporting from Yemen, diplomatic and local observers noted that recent strategic shifts in South Asia continue to dictate regional outcomes.",Energy Risk,2026-07-24,Bloomberg,Yemen,South Asia
ART-10543,Strategic petroleum reserve release weighed as refinery feedstock prices surge,"Energy authorities initiated contingency consultations regarding synchronized drawdowns from strategic oil reserves following regional energy infrastructure disruptions. Brent crude spot rates surged as market participants priced in persistent refinery feedstock shortages and pipeline outages. Reporting from United States, diplomatic and local observers noted that recent strategic shifts in Persian Gulf continue to dictate regional outcomes.",Energy Risk,2026-06-05,Financial Times,United States,Persian Gulf
ART-10784,Bulk carrier grain vessels delayed as maritime safety inspection protocols expand,"Commercial maritime registries reported prolonged anchorage delays for dry bulk freighters awaiting safe passage clearances through designated maritime corridors. Insurers revised hull and cargo coverage stipulations, impacting export contract fulfillment for agricultural cargoes. Reporting from Israel, diplomatic and local observers noted that recent strategic shifts in South Asia continue to dictate regional outcomes.",Trade & Shipping,2026-01-19,Bloomberg,Israel,South Asia
ART-11078,Foreign direct investment inflows contract sharply amid cross-border geopolitical instability,"Economic development ministries reported a significant deceleration in cross-border capital expenditures and joint venture investments. Corporate treasuries cited regulatory uncertainty, sovereign risk premia, and supply network vulnerabilities as key deterrents to long-term capital allocation. Reporting from Russia, diplomatic and local observers noted that recent strategic shifts in Middle East continue to dictate regional outcomes.",Economic Impact,2026-04-02,BBC News,Russia,Middle East
ART-10220,Ballistic missile interceptor systems activated amid regional military escalation,"Air defense batteries engaged multiple incoming medium-range ballistic trajectories targeting military infrastructure. Defense ministries confirmed that surface-to-air missile batteries intercepted projectiles mid-course, placing joint task forces on maximum tactical readiness status. Reporting from United States, diplomatic and local observers noted that recent strategic shifts in South Asia continue to dictate regional outcomes.",Military Conflict,2026-04-24,Al Jazeera,United States,South Asia
ART-11399,Disrupted municipal power grids and water filtration plants jeopardize civilian public health,"Public health authorities warned of escalating waterborne disease outbreaks after sustained infrastructure damage crippled municipal water purification networks and electrical sub-stations. Emergency relief teams deployed portable purification modules to mitigate sanitary hazards. Reporting from Russia, diplomatic and local observers noted that recent strategic shifts in East Asia continue to dictate regional outcomes.",Humanitarian Impact,2026-07-12,Reuters,Russia,East Asia
ART-11471,Refugee displacement crisis deepens as civilian populations flee contested border zones,"International humanitarian relief agencies reported that over 250,000 civilians have been displaced from conflict-affected frontier zones over recent weeks. Overcrowded temporary resettlement shelters face severe shortages of potable water, emergency medical supplies, and sanitation infrastructure. Reporting from China, diplomatic and local observers noted that recent strategic shifts in South Asia continue to dictate regional outcomes.",Humanitarian Impact,2026-07-28,Financial Times,China,South Asia
ART-10383,Ambassadorial recall and diplomatic protest notes delivered over treaty dispute,"Government officials formally summoned the resident ambassador and issued a stern diplomatic communique protesting recent policy shifts and border treaties. Ministry spokespersons emphasized diplomatic dialogue while recalling senior envoys for high-level foreign policy consultations. Reporting from Palestine, diplomatic and local observers noted that recent strategic shifts in Western Europe continue to dictate regional outcomes.",Diplomatic / Political,2026-02-16,UN News,Palestine,Western Europe
ART-11385,Civilian evacuation corridors established under international red cross mediation,"Humanitarian organizations coordinated temporary civilian safe-passage corridors to evacuate vulnerable elderly, women, and pediatric patients from active hostility perimeters. International observers monitored compliance to ensure unhindered transit for humanitarian convoys. Reporting from Egypt, diplomatic and local observers noted that recent strategic shifts in Middle East continue to dictate regional outcomes.",Humanitarian Impact,2026-02-26,Nikkei Asia,Egypt,Middle East
ART-11080,Stock exchange volatility index spikes as investors seek safe-haven sovereign bonds and gold,"Equities across regional bourses recorded broad sell-offs, with industrial, aviation, and consumer discretionary shares leading declines. Capital allocators rotated liquidity into sovereign treasury securities, bullion, and cash equivalents amid heightened geopolitical uncertainty. Reporting from United States, diplomatic and local observers noted that recent strategic shifts in South Asia continue to dictate regional outcomes.",Economic Impact,2026-06-04,Al Jazeera,United States,South Asia
ART-10872,Port congestion and customs clearance bottlenecks escalate across major container terminals,"Logistics operators reported severe berthing delays and freight dwell times exceeding historical averages across maritime gateway hubs. Freight forwarders cited vessel bunching, rail intermodal backlogs, and maritime rerouting schedules as compounding drivers of supply chain gridlock. Reporting from Sudan, diplomatic and local observers noted that recent strategic shifts in East Asia continue to dictate regional outcomes.",Trade & Shipping,2026-08-23,Wall Street Journal,Sudan,East Asia
ART-10292,United Nations Security Council debates draft resolution on sovereignty and border protocols,"Diplomats at the UN Headquarters convened an emergency session to deliberate a multilateral resolution addressing territorial sovereignty, diplomatic immunity, and international arbitration. Key permanent members presented competing revisions concerning compliance verification and peacekeeper mandates. Reporting from Russia, diplomatic and local observers noted that recent strategic shifts in Western Europe continue to dictate regional outcomes.",Diplomatic / Political,2026-01-09,Wall Street Journal,Russia,Western Europe
ART-11289,Disrupted municipal power grids and water filtration plants jeopardize civilian public health,"Public health authorities warned of escalating waterborne disease outbreaks after sustained infrastructure damage crippled municipal water purification networks and electrical sub-stations. Emergency relief teams deployed portable purification modules to mitigate sanitary hazards. Reporting from Taiwan, diplomatic and local observers noted that recent strategic shifts in Eastern Europe continue to dictate regional outcomes.",Humanitarian Impact,2026-05-14,BBC News,Taiwan,Eastern Europe
ART-11099,Manufacturing purchasing managers index drops into contraction territory,"National manufacturing indices slumped below the critical 50-point threshold, signaling industrial output contraction across export-oriented sectors. Factory managers reported elevated input acquisition costs, backlog accumulation, and declining international export orders. Reporting from Germany, diplomatic and local observers noted that recent strategic shifts in Persian Gulf continue to dictate regional outcomes.",Economic Impact,2026-07-23,Deutsche Welle,Germany,Persian Gulf
ART-10561,Strait of Hormuz transit tensions spark crude oil and LNG supply disruptions,"Heightened naval alerts near critical energy choke points triggered immediate volatility across global benchmark crude contracts. Tanker charter operators raised war risk insurance premiums as energy intelligence analysts cautioned that maritime route interdictions could constrain daily flows of crude oil, refined distillates, and liquefied natural gas (LNG). Reporting from Russia, diplomatic and local observers noted that recent strategic shifts in Middle East continue to dictate regional outcomes.",Energy Risk,2026-06-23,Nikkei Asia,Russia,Middle East
ART-10571,Strait of Hormuz transit tensions spark crude oil and LNG supply disruptions,"Heightened naval alerts near critical energy choke points triggered immediate volatility across global benchmark crude contracts. Tanker charter operators raised war risk insurance premiums as energy intelligence analysts cautioned that maritime route interdictions could constrain daily flows of crude oil, refined distillates, and liquefied natural gas (LNG). Reporting from United States, diplomatic and local observers noted that recent strategic shifts in Red Sea & Horn of Africa continue to dictate regional outcomes.",Energy Risk,2026-07-05,Deutsche Welle,United States,Red Sea & Horn of Africa
ART-10206,Artillery and drone strikes intensify along Western Europe frontline,"Heavy military bombardment and tactical drone warfare escalated across the Western Europe border overnight. Military defense commands confirmed multiple interceptor missile launches and sustained counter-battery fire. Ground forces mobilized armored divisions in response to cross-border incursions, leading to heightened combat alert status throughout contested defensive perimeters. Reporting from India, diplomatic and local observers noted that recent strategic shifts in Western Europe continue to dictate regional outcomes.",Military Conflict,2026-08-10,Reuters,India,Western Europe
ART-11432,United Nations launches emergency humanitarian relief appeal for food aid and medical shelter,"Humanitarian coordinators formally issued a multilateral funding appeal seeking urgent donor contributions to support frontline field clinics and nutritional distribution hubs. Aid convoys reported severe logistical hurdles attempting to deliver relief supplies to isolated civilian corridors. Reporting from Yemen, diplomatic and local observers noted that recent strategic shifts in Middle East continue to dictate regional outcomes.",Humanitarian Impact,2026-04-17,Financial Times,Yemen,Middle East
ART-10891,Container shipping carriers divert cargo fleets around Cape of Good Hope amid maritime threats,"Major international ocean carriers announced sweeping rerouting orders, diverting container vessels around the African continent to bypass hazardous maritime corridors. The maritime diversion adds 10 to 14 days to standard transit times, tightening vessel capacity, delaying container turnaround times, and triggering sharp increases in global container spot freight rates. Reporting from United States, diplomatic and local observers noted that recent strategic shifts in North America continue to dictate regional outcomes.",Trade & Shipping,2026-09-14,UN News,United States,North America
ART-10346,High-level bilateral diplomatic summit convenes in effort to de-escalate tensions,"Foreign ministers and strategic envoys met for emergency multilateral negotiations aimed at formulating a comprehensive ceasefire framework and de-escalation roadmap. Delegations engaged in protracted closed-door diplomatic talks regarding border demilitarization and treaty adherence. Reporting from Yemen, diplomatic and local observers noted that recent strategic shifts in North America continue to dictate regional outcomes.",Diplomatic / Political,2026-01-07,Wall Street Journal,Yemen,North America
ART-10804,Bulk carrier grain vessels delayed as maritime safety inspection protocols expand,"Commercial maritime registries reported prolonged anchorage delays for dry bulk freighters awaiting safe passage clearances through designated maritime corridors. Insurers revised hull and cargo coverage stipulations, impacting export contract fulfillment for agricultural cargoes. Reporting from Palestine, diplomatic and local observers noted that recent strategic shifts in East Asia continue to dictate regional outcomes.",Trade & Shipping,2026-03-11,Al Jazeera,Palestine,East Asia
ART-11109,Manufacturing purchasing managers index drops into contraction territory,"National manufacturing indices slumped below the critical 50-point threshold, signaling industrial output contraction across export-oriented sectors. Factory managers reported elevated input acquisition costs, backlog accumulation, and declining international export orders. Reporting from India, diplomatic and local observers noted that recent strategic shifts in Western Europe continue to dictate regional outcomes.",Economic Impact,2026-08-05,Al Jazeera,India,Western Europe
ART-10826,Container shipping carriers divert cargo fleets around Cape of Good Hope amid maritime threats,"Major international ocean carriers announced sweeping rerouting orders, diverting container vessels around the African continent to bypass hazardous maritime corridors. The maritime diversion adds 10 to 14 days to standard transit times, tightening vessel capacity, delaying container turnaround times, and triggering sharp increases in global container spot freight rates. Reporting from Germany, diplomatic and local observers noted that recent strategic shifts in Middle East continue to dictate regional outcomes.",Trade & Shipping,2026-07-05,Reuters,Germany,Middle East
ART-10877,Port congestion and customs clearance bottlenecks escalate across major container terminals,"Logistics operators reported severe berthing delays and freight dwell times exceeding historical averages across maritime gateway hubs. Freight forwarders cited vessel bunching, rail intermodal backlogs, and maritime rerouting schedules as compounding drivers of supply chain gridlock. Reporting from China, diplomatic and local observers noted that recent strategic shifts in South Asia continue to dictate regional outcomes.",Trade & Shipping,2026-04-28,Reuters,China,South Asia
ART-10615,OPEC+ convenes emergency production quota meeting as geopolitical supply risks mount,"Petroleum export ministers gathered for extraordinary consultations to review crude output allocations and export facility vulnerabilities. Analysts highlighted that potential localized transit choke point disruptions threaten to strain spare production capacity across export terminals. Reporting from Poland, diplomatic and local observers noted that recent strategic shifts in South Asia continue to dictate regional outcomes.",Energy Risk,2026-06-21,Deutsche Welle,Poland,South Asia
ART-11354,Disrupted municipal power grids and water filtration plants jeopardize civilian public health,"Public health authorities warned of escalating waterborne disease outbreaks after sustained infrastructure damage crippled municipal water purification networks and electrical sub-stations. Emergency relief teams deployed portable purification modules to mitigate sanitary hazards. Reporting from Saudi Arabia, diplomatic and local observers noted that recent strategic shifts in Persian Gulf continue to dictate regional outcomes.",Humanitarian Impact,2026-07-23,Wall Street Journal,Saudi Arabia,Persian Gulf
ART-10005,Ballistic missile interceptor systems activated amid regional military escalation,"Air defense batteries engaged multiple incoming medium-range ballistic trajectories targeting military infrastructure. Defense ministries confirmed that surface-to-air missile batteries intercepted projectiles mid-course, placing joint task forces on maximum tactical readiness status.",Military Conflict,2026-05-05,Financial Times,Israel,Red Sea & Horn of Africa
ART-10024,Border skirmish escalates with armor deployment and infantry engagements,"Tensions surged following armed skirmishes along the demarcation perimeter involving heavy mechanized infantry and mortar barrages. Both regional militaries issued conflicting claims regarding rules of engagement violations as reinforced defensive trenches exchanged active small arms and artillery fire. Reporting from China, diplomatic and local observers noted that recent strategic shifts in Western Europe continue to dictate regional outcomes.",Military Conflict,2026-06-24,Reuters,China,Western Europe
ART-10302,United Nations Security Council debates draft resolution on sovereignty and border protocols,"Diplomats at the UN Headquarters convened an emergency session to deliberate a multilateral resolution addressing territorial sovereignty, diplomatic immunity, and international arbitration. Key permanent members presented competing revisions concerning compliance verification and peacekeeper mandates. Reporting from Israel, diplomatic and local observers noted that recent strategic shifts in Red Sea & Horn of Africa continue to dictate regional outcomes.",Diplomatic / Political,2026-02-19,Al Jazeera,Israel,Red Sea & Horn of Africa
ART-10737,Major natural gas pipeline flow throttled amid geopolitical transit disagreements,"Subsea pipeline monitoring stations recorded a sharp 35% reduction in natural gas transit volumes following regulatory and political disputes between transit nations. Energy ministers warned industrial consumers of potential supply rationing and power grid balancing interventions ahead of winter reserve replenishment. Reporting from Russia, diplomatic and local observers noted that recent strategic shifts in Red Sea & Horn of Africa continue to dictate regional outcomes.",Energy Risk,2026-02-03,Bloomberg,Russia,Red Sea & Horn of Africa
ART-10299,Regional coalition signs comprehensive non-aggression and diplomatic mediation pact,"Leaders of member states finalized a multilateral framework establishing joint diplomatic mediation channels, diplomatic consultation corridors, and bilateral confidence-building measures to prevent diplomatic estrangement across the alliance. Reporting from Saudi Arabia, diplomatic and local observers noted that recent strategic shifts in North America continue to dictate regional outcomes.",Diplomatic / Political,2026-08-16,Associated Press,Saudi Arabia,North America
ART-10050,Ballistic missile interceptor systems activated amid regional military escalation,"Air defense batteries engaged multiple incoming medium-range ballistic trajectories targeting military infrastructure. Defense ministries confirmed that surface-to-air missile batteries intercepted projectiles mid-course, placing joint task forces on maximum tactical readiness status. Reporting from Germany, diplomatic and local observers noted that recent strategic shifts in Red Sea & Horn of Africa continue to dictate regional outcomes.",Military Conflict,2026-05-22,Nikkei Asia,Germany,Red Sea & Horn of Africa
ART-10274,Regional coalition signs comprehensive non-aggression and diplomatic mediation pact,"Leaders of member states finalized a multilateral framework establishing joint diplomatic mediation channels, diplomatic consultation corridors, and bilateral confidence-building measures to prevent diplomatic estrangement across the alliance. Reporting from Russia, diplomatic and local observers noted that recent strategic shifts in Red Sea & Horn of Africa continue to dictate regional outcomes.",Diplomatic / Political,2026-01-19,Al Jazeera,Russia,Red Sea & Horn of Africa
ART-10989,Bulk carrier grain vessels delayed as maritime safety inspection protocols expand,"Commercial maritime registries reported prolonged anchorage delays for dry bulk freighters awaiting safe passage clearances through designated maritime corridors. Insurers revised hull and cargo coverage stipulations, impacting export contract fulfillment for agricultural cargoes. Reporting from Russia, diplomatic and local observers noted that recent strategic shifts in North America continue to dictate regional outcomes.",Trade & Shipping,2026-08-28,Bloomberg,Russia,North America
ART-10854,Bulk carrier grain vessels delayed as maritime safety inspection protocols expand,"Commercial maritime registries reported prolonged anchorage delays for dry bulk freighters awaiting safe passage clearances through designated maritime corridors. Insurers revised hull and cargo coverage stipulations, impacting export contract fulfillment for agricultural cargoes. Reporting from Egypt, diplomatic and local observers noted that recent strategic shifts in Persian Gulf continue to dictate regional outcomes.",Trade & Shipping,2026-08-05,Deutsche Welle,Egypt,Persian Gulf
ART-11510,Civilian evacuation corridors established under international red cross mediation,"Humanitarian organizations coordinated temporary civilian safe-passage corridors to evacuate vulnerable elderly, women, and pediatric patients from active hostility perimeters. International observers monitored compliance to ensure unhindered transit for humanitarian convoys. Reporting from India, diplomatic and local observers noted that recent strategic shifts in South Asia continue to dictate regional outcomes.",Humanitarian Impact,2026-01-11,Wall Street Journal,India,South Asia
ART-10621,Strait of Hormuz transit tensions spark crude oil and LNG supply disruptions,"Heightened naval alerts near critical energy choke points triggered immediate volatility across global benchmark crude contracts. Tanker charter operators raised war risk insurance premiums as energy intelligence analysts cautioned that maritime route interdictions could constrain daily flows of crude oil, refined distillates, and liquefied natural gas (LNG). Reporting from Germany, diplomatic and local observers noted that recent strategic shifts in East Asia continue to dictate regional outcomes.",Energy Risk,2026-03-27,UN News,Germany,East Asia
ART-10028,Airstrikes strike strategic command centers and ammunition depots in Poland,"Fighter aircraft launched precision-guided ordnance targeting key military logistics hubs, radar installations, and tactical weapons caches near strategic sectors of Poland. Satellite reconnaissance verified structural destruction, while armed forces declared immediate airspace closure and defensive mobilization. Reporting from Poland, diplomatic and local observers noted that recent strategic shifts in North America continue to dictate regional outcomes.",Military Conflict,2026-01-28,Wall Street Journal,Poland,North America
ART-10825,Air freight cargo rates spike as commercial shippers seek alternatives to ocean freight lanes,"Aviation logistics carriers reported an unprecedented surge in charter demand for urgent transcontinental air cargo, driven by persistent maritime shipping route disruptions. Freight indices registered double-digit increases in air cargo ton-mile rates for priority industrial freight. Reporting from Russia, diplomatic and local observers noted that recent strategic shifts in North America continue to dictate regional outcomes.",Trade & Shipping,2026-06-04,BBC News,Russia,North America
ART-11119,Manufacturing purchasing managers index drops into contraction territory,"National manufacturing indices slumped below the critical 50-point threshold, signaling industrial output contraction across export-oriented sectors. Factory managers reported elevated input acquisition costs, backlog accumulation, and declining international export orders. Reporting from India, diplomatic and local observers noted that recent strategic shifts in Eastern Europe continue to dictate regional outcomes.",Economic Impact,2026-09-15,UN News,India,Eastern Europe
ART-11365,Civilian evacuation corridors established under international red cross mediation,"Humanitarian organizations coordinated temporary civilian safe-passage corridors to evacuate vulnerable elderly, women, and pediatric patients from active hostility perimeters. International observers monitored compliance to ensure unhindered transit for humanitarian convoys. Reporting from Taiwan, diplomatic and local observers noted that recent strategic shifts in South Asia continue to dictate regional outcomes.",Humanitarian Impact,2026-09-06,Associated Press,Taiwan,South Asia
ART-11036,Central banks signal interest rate adjustments as geopolitical inflation pressures broaden,"Monetary policy committees convened to evaluate persistent macroeconomic shocks stemming from import price inflation and commodity supply friction. Financial market analysts revised benchmark interest rate trajectories as headline consumer price indices reflected elevated freight and producer input expenses. Reporting from Iran, diplomatic and local observers noted that recent strategic shifts in Red Sea & Horn of Africa continue to dictate regional outcomes.",Economic Impact,2026-07-16,Deutsche Welle,Iran,Red Sea & Horn of Africa
ART-10579,Offshore drilling rig security heightened following regional maritime threat warnings,"Deepwater exploration platforms operating in disputed maritime basins instituted enhanced exclusion zones and emergency evacuation drills. Energy corporations reported heightened maritime surveillance to safeguard critical liquefied natural gas terminals and offshore pipeline pumping stations. Reporting from Saudi Arabia, diplomatic and local observers noted that recent strategic shifts in Western Europe continue to dictate regional outcomes.",Energy Risk,2026-06-13,UN News,Saudi Arabia,Western Europe
ART-10176,Artillery and drone strikes intensify along Eastern Europe frontline,"Heavy military bombardment and tactical drone warfare escalated across the Eastern Europe border overnight. Military defense commands confirmed multiple interceptor missile launches and sustained counter-battery fire. Ground forces mobilized armored divisions in response to cross-border incursions, leading to heightened combat alert status throughout contested defensive perimeters. Reporting from Yemen, diplomatic and local observers noted that recent strategic shifts in Eastern Europe continue to dictate regional outcomes.",Military Conflict,2026-05-08,UN News,Yemen,Eastern Europe
ART-11492,United Nations launches emergency humanitarian relief appeal for food aid and medical shelter,"Humanitarian coordinators formally issued a multilateral funding appeal seeking urgent donor contributions to support frontline field clinics and nutritional distribution hubs. Aid convoys reported severe logistical hurdles attempting to deliver relief supplies to isolated civilian corridors. Reporting from United Kingdom, diplomatic and local observers noted that recent strategic shifts in East Asia continue to dictate regional outcomes.",Humanitarian Impact,2026-01-21,Deutsche Welle,United Kingdom,East Asia
ART-10568,Strategic petroleum reserve release weighed as refinery feedstock prices surge,"Energy authorities initiated contingency consultations regarding synchronized drawdowns from strategic oil reserves following regional energy infrastructure disruptions. Brent crude spot rates surged as market participants priced in persistent refinery feedstock shortages and pipeline outages. Reporting from Yemen, diplomatic and local observers noted that recent strategic shifts in East Asia continue to dictate regional outcomes.",Energy Risk,2026-04-02,Deutsche Welle,Yemen,East Asia
ART-11005,Air freight cargo rates spike as commercial shippers seek alternatives to ocean freight lanes,"Aviation logistics carriers reported an unprecedented surge in charter demand for urgent transcontinental air cargo, driven by persistent maritime shipping route disruptions. Freight indices registered double-digit increases in air cargo ton-mile rates for priority industrial freight. Reporting from Iran, diplomatic and local observers noted that recent strategic shifts in Eastern Europe continue to dictate regional outcomes.",Trade & Shipping,2026-06-16,UN News,Iran,Eastern Europe
ART-11175,Stock exchange volatility index spikes as investors seek safe-haven sovereign bonds and gold,"Equities across regional bourses recorded broad sell-offs, with industrial, aviation, and consumer discretionary shares leading declines. Capital allocators rotated liquidity into sovereign treasury securities, bullion, and cash equivalents amid heightened geopolitical uncertainty. Reporting from Palestine, diplomatic and local observers noted that recent strategic shifts in North America continue to dictate regional outcomes.",Economic Impact,2026-02-15,Nikkei Asia,Palestine,North America
ART-10167,Naval task force engages hostile drone boats near United Kingdom territorial waters,"Naval destroyers deployed in international waters intercepted multiple unmanned explosive surface vessels attempting to strike maritime patrol assets. Military officials stated that defensive kinetic munitions neutralized the threat prior to vessel breach, sustaining combat deterrence across critical coastal zones. Reporting from United Kingdom, diplomatic and local observers noted that recent strategic shifts in North America continue to dictate regional outcomes.",Military Conflict,2026-05-27,Reuters,United Kingdom,North America
ART-10369,Regional coalition signs comprehensive non-aggression and diplomatic mediation pact,"Leaders of member states finalized a multilateral framework establishing joint diplomatic mediation channels, diplomatic consultation corridors, and bilateral confidence-building measures to prevent diplomatic estrangement across the alliance. Reporting from Palestine, diplomatic and local observers noted that recent strategic shifts in Persian Gulf continue to dictate regional outcomes.",Diplomatic / Political,2026-06-02,Nikkei Asia,Palestine,Persian Gulf
ART-10464,Regional coalition signs comprehensive non-aggression and diplomatic mediation pact,"Leaders of member states finalized a multilateral framework establishing joint diplomatic mediation channels, diplomatic consultation corridors, and bilateral confidence-building measures to prevent diplomatic estrangement across the alliance. Reporting from Sudan, diplomatic and local observers noted that recent strategic shifts in East Asia continue to dictate regional outcomes.",Diplomatic / Political,2026-02-13,Financial Times,Sudan,East Asia
ART-11158,Foreign direct investment inflows contract sharply amid cross-border geopolitical instability,"Economic development ministries reported a significant deceleration in cross-border capital expenditures and joint venture investments. Corporate treasuries cited regulatory uncertainty, sovereign risk premia, and supply network vulnerabilities as key deterrents to long-term capital allocation. Reporting from China, diplomatic and local observers noted that recent strategic shifts in Eastern Europe continue to dictate regional outcomes.",Economic Impact,2026-03-26,Deutsche Welle,China,Eastern Europe
ART-10693,Strategic petroleum reserve release weighed as refinery feedstock prices surge,"Energy authorities initiated contingency consultations regarding synchronized drawdowns from strategic oil reserves following regional energy infrastructure disruptions. Brent crude spot rates surged as market participants priced in persistent refinery feedstock shortages and pipeline outages. Reporting from Yemen, diplomatic and local observers noted that recent strategic shifts in Western Europe continue to dictate regional outcomes.",Energy Risk,2026-03-15,Associated Press,Yemen,Western Europe
ART-10286,High-level bilateral diplomatic summit convenes in effort to de-escalate tensions,"Foreign ministers and strategic envoys met for emergency multilateral negotiations aimed at formulating a comprehensive ceasefire framework and de-escalation roadmap. Delegations engaged in protracted closed-door diplomatic talks regarding border demilitarization and treaty adherence. Reporting from United States, diplomatic and local observers noted that recent strategic shifts in Eastern Europe continue to dictate regional outcomes.",Diplomatic / Political,2026-04-03,Al Jazeera,United States,Eastern Europe
ART-11220,Stock exchange volatility index spikes as investors seek safe-haven sovereign bonds and gold,"Equities across regional bourses recorded broad sell-offs, with industrial, aviation, and consumer discretionary shares leading declines. Capital allocators rotated liquidity into sovereign treasury securities, bullion, and cash equivalents amid heightened geopolitical uncertainty. Reporting from China, diplomatic and local observers noted that recent strategic shifts in Persian Gulf continue to dictate regional outcomes.",Economic Impact,2026-02-04,Al Jazeera,China,Persian Gulf
ART-10055,Ballistic missile interceptor systems activated amid regional military escalation,"Air defense batteries engaged multiple incoming medium-range ballistic trajectories targeting military infrastructure. Defense ministries confirmed that surface-to-air missile batteries intercepted projectiles mid-course, placing joint task forces on maximum tactical readiness status. Reporting from Ukraine, diplomatic and local observers noted that recent strategic shifts in Red Sea & Horn of Africa continue to dictate regional outcomes.",Military Conflict,2026-01-27,Deutsche Welle,Ukraine,Red Sea & Horn of Africa
ART-10118,Airstrikes strike strategic command centers and ammunition depots in Russia,"Fighter aircraft launched precision-guided ordnance targeting key military logistics hubs, radar installations, and tactical weapons caches near strategic sectors of Russia. Satellite reconnaissance verified structural destruction, while armed forces declared immediate airspace closure and defensive mobilization. Reporting from Russia, diplomatic and local observers noted that recent strategic shifts in Persian Gulf continue to dictate regional outcomes.",Military Conflict,2026-01-06,Financial Times,Russia,Persian Gulf
ART-10534,Offshore drilling rig security heightened following regional maritime threat warnings,"Deepwater exploration platforms operating in disputed maritime basins instituted enhanced exclusion zones and emergency evacuation drills. Energy corporations reported heightened maritime surveillance to safeguard critical liquefied natural gas terminals and offshore pipeline pumping stations. Reporting from Yemen, diplomatic and local observers noted that recent strategic shifts in Middle East continue to dictate regional outcomes.",Energy Risk,2026-06-24,Financial Times,Yemen,Middle East
ART-10174,Border skirmish escalates with armor deployment and infantry engagements,"Tensions surged following armed skirmishes along the demarcation perimeter involving heavy mechanized infantry and mortar barrages. Both regional militaries issued conflicting claims regarding rules of engagement violations as reinforced defensive trenches exchanged active small arms and artillery fire. Reporting from Ukraine, diplomatic and local observers noted that recent strategic shifts in North America continue to dictate regional outcomes.",Military Conflict,2026-03-06,BBC News,Ukraine,North America
ART-10124,Border skirmish escalates with armor deployment and infantry engagements,"Tensions surged following armed skirmishes along the demarcation perimeter involving heavy mechanized infantry and mortar barrages. Both regional militaries issued conflicting claims regarding rules of engagement violations as reinforced defensive trenches exchanged active small arms and artillery fire. Reporting from India, diplomatic and local observers noted that recent strategic shifts in Western Europe continue to dictate regional outcomes.",Military Conflict,2026-07-12,Reuters,India,Western Europe
ART-11444,Disrupted municipal power grids and water filtration plants jeopardize civilian public health,"Public health authorities warned of escalating waterborne disease outbreaks after sustained infrastructure damage crippled municipal water purification networks and electrical sub-stations. Emergency relief teams deployed portable purification modules to mitigate sanitary hazards. Reporting from Russia, diplomatic and local observers noted that recent strategic shifts in Red Sea & Horn of Africa continue to dictate regional outcomes.",Humanitarian Impact,2026-07-01,Deutsche Welle,Russia,Red Sea & Horn of Africa
ART-11274,Manufacturing purchasing managers index drops into contraction territory,"National manufacturing indices slumped below the critical 50-point threshold, signaling industrial output contraction across export-oriented sectors. Factory managers reported elevated input acquisition costs, backlog accumulation, and declining international export orders. Reporting from India, diplomatic and local observers noted that recent strategic shifts in North America continue to dictate regional outcomes.",Economic Impact,2026-02-02,Deutsche Welle,India,North America
ART-10011,Artillery and drone strikes intensify along Middle East frontline,"Heavy military bombardment and tactical drone warfare escalated across the Middle East border overnight. Military defense commands confirmed multiple interceptor missile launches and sustained counter-battery fire. Ground forces mobilized armored divisions in response to cross-border incursions, leading to heightened combat alert status throughout contested defensive perimeters. Reporting from Palestine, diplomatic and local observers noted that recent strategic shifts in Middle East continue to dictate regional outcomes.",Military Conflict,2026-02-11,UN News,Palestine,Middle East
ART-10730,OPEC+ convenes emergency production quota meeting as geopolitical supply risks mount,"Petroleum export ministers gathered for extraordinary consultations to review crude output allocations and export facility vulnerabilities. Analysts highlighted that potential localized transit choke point disruptions threaten to strain spare production capacity across export terminals. Reporting from Taiwan, diplomatic and local observers noted that recent strategic shifts in North America continue to dictate regional outcomes.",Energy Risk,2026-04-24,Financial Times,Taiwan,North America
ART-10542,Major natural gas pipeline flow throttled amid geopolitical transit disagreements,"Subsea pipeline monitoring stations recorded a sharp 35% reduction in natural gas transit volumes following regulatory and political disputes between transit nations. Energy ministers warned industrial consumers of potential supply rationing and power grid balancing interventions ahead of winter reserve replenishment. Reporting from India, diplomatic and local observers noted that recent strategic shifts in Middle East continue to dictate regional outcomes.",Energy Risk,2026-05-04,Al Jazeera,India,Middle East
ART-10240,Ballistic missile interceptor systems activated amid regional military escalation,"Air defense batteries engaged multiple incoming medium-range ballistic trajectories targeting military infrastructure. Defense ministries confirmed that surface-to-air missile batteries intercepted projectiles mid-course, placing joint task forces on maximum tactical readiness status. Reporting from United Kingdom, diplomatic and local observers noted that recent strategic shifts in South Asia continue to dictate regional outcomes.",Military Conflict,2026-06-16,Deutsche Welle,United Kingdom,South Asia
ART-10549,Offshore drilling rig security heightened following regional maritime threat warnings,"Deepwater exploration platforms operating in disputed maritime basins instituted enhanced exclusion zones and emergency evacuation drills. Energy corporations reported heightened maritime surveillance to safeguard critical liquefied natural gas terminals and offshore pipeline pumping stations. Reporting from Iran, diplomatic and local observers noted that recent strategic shifts in East Asia continue to dictate regional outcomes.",Energy Risk,2026-03-11,BBC News,Iran,East Asia
ART-10163,Airstrikes strike strategic command centers and ammunition depots in Saudi Arabia,"Fighter aircraft launched precision-guided ordnance targeting key military logistics hubs, radar installations, and tactical weapons caches near strategic sectors of Saudi Arabia. Satellite reconnaissance verified structural destruction, while armed forces declared immediate airspace closure and defensive mobilization. Reporting from Saudi Arabia, diplomatic and local observers noted that recent strategic shifts in Middle East continue to dictate regional outcomes.",Military Conflict,2026-01-23,Bloomberg,Saudi Arabia,Middle East
ART-10396,High-level bilateral diplomatic summit convenes in effort to de-escalate tensions,"Foreign ministers and strategic envoys met for emergency multilateral negotiations aimed at formulating a comprehensive ceasefire framework and de-escalation roadmap. Delegations engaged in protracted closed-door diplomatic talks regarding border demilitarization and treaty adherence. Reporting from Ukraine, diplomatic and local observers noted that recent strategic shifts in South Asia continue to dictate regional outcomes.",Diplomatic / Political,2026-06-01,Reuters,Ukraine,South Asia
ART-11480,Civilian evacuation corridors established under international red cross mediation,"Humanitarian organizations coordinated temporary civilian safe-passage corridors to evacuate vulnerable elderly, women, and pediatric patients from active hostility perimeters. International observers monitored compliance to ensure unhindered transit for humanitarian convoys. Reporting from Germany, diplomatic and local observers noted that recent strategic shifts in Persian Gulf continue to dictate regional outcomes.",Humanitarian Impact,2026-07-09,Nikkei Asia,Germany,Persian Gulf
ART-10798,Bilateral tariff escalation and trade export controls enacted on critical components,"Commerce departments imposed sweeping customs tariffs and export license restrictions on key industrial raw materials and advanced components. Trade chambers expressed alarm over compliance costs and international supply chain fragmentation affecting bilateral trade volumes. Reporting from Sudan, diplomatic and local observers noted that recent strategic shifts in South Asia continue to dictate regional outcomes.",Trade & Shipping,2026-06-05,Wall Street Journal,Sudan,South Asia
ART-10224,Border skirmish escalates with armor deployment and infantry engagements,"Tensions surged following armed skirmishes along the demarcation perimeter involving heavy mechanized infantry and mortar barrages. Both regional militaries issued conflicting claims regarding rules of engagement violations as reinforced defensive trenches exchanged active small arms and artillery fire. Reporting from Poland, diplomatic and local observers noted that recent strategic shifts in South Asia continue to dictate regional outcomes.",Military Conflict,2026-08-28,Deutsche Welle,Poland,South Asia
ART-10161,Artillery and drone strikes intensify along Middle East frontline,"Heavy military bombardment and tactical drone warfare escalated across the Middle East border overnight. Military defense commands confirmed multiple interceptor missile launches and sustained counter-battery fire. Ground forces mobilized armored divisions in response to cross-border incursions, leading to heightened combat alert status throughout contested defensive perimeters. Reporting from United Kingdom, diplomatic and local observers noted that recent strategic shifts in Middle East continue to dictate regional outcomes.",Military Conflict,2026-08-21,Al Jazeera,United Kingdom,Middle East
ART-11023,Foreign direct investment inflows contract sharply amid cross-border geopolitical instability,"Economic development ministries reported a significant deceleration in cross-border capital expenditures and joint venture investments. Corporate treasuries cited regulatory uncertainty, sovereign risk premia, and supply network vulnerabilities as key deterrents to long-term capital allocation.",Economic Impact,2026-03-03,UN News,Israel,South Asia
ART-10101,Artillery and drone strikes intensify along South Asia frontline,"Heavy military bombardment and tactical drone warfare escalated across the South Asia border overnight. Military defense commands confirmed multiple interceptor missile launches and sustained counter-battery fire. Ground forces mobilized armored divisions in response to cross-border incursions, leading to heightened combat alert status throughout contested defensive perimeters. Reporting from Taiwan, diplomatic and local observers noted that recent strategic shifts in South Asia continue to dictate regional outcomes.",Military Conflict,2026-02-17,Nikkei Asia,Taiwan,South Asia
ART-11071,Central banks signal interest rate adjustments as geopolitical inflation pressures broaden,"Monetary policy committees convened to evaluate persistent macroeconomic shocks stemming from import price inflation and commodity supply friction. Financial market analysts revised benchmark interest rate trajectories as headline consumer price indices reflected elevated freight and producer input expenses. Reporting from Israel, diplomatic and local observers noted that recent strategic shifts in Eastern Europe continue to dictate regional outcomes.",Economic Impact,2026-06-23,Al Jazeera,Israel,Eastern Europe
ART-10698,Strategic petroleum reserve release weighed as refinery feedstock prices surge,"Energy authorities initiated contingency consultations regarding synchronized drawdowns from strategic oil reserves following regional energy infrastructure disruptions. Brent crude spot rates surged as market participants priced in persistent refinery feedstock shortages and pipeline outages. Reporting from China, diplomatic and local observers noted that recent strategic shifts in Persian Gulf continue to dictate regional outcomes.",Energy Risk,2026-08-20,BBC News,China,Persian Gulf
ART-11098,Foreign direct investment inflows contract sharply amid cross-border geopolitical instability,"Economic development ministries reported a significant deceleration in cross-border capital expenditures and joint venture investments. Corporate treasuries cited regulatory uncertainty, sovereign risk premia, and supply network vulnerabilities as key deterrents to long-term capital allocation. Reporting from Russia, diplomatic and local observers noted that recent strategic shifts in North America continue to dictate regional outcomes.",Economic Impact,2026-06-22,Nikkei Asia,Russia,North America
ART-10724,Offshore drilling rig security heightened following regional maritime threat warnings,"Deepwater exploration platforms operating in disputed maritime basins instituted enhanced exclusion zones and emergency evacuation drills. Energy corporations reported heightened maritime surveillance to safeguard critical liquefied natural gas terminals and offshore pipeline pumping stations. Reporting from United States, diplomatic and local observers noted that recent strategic shifts in North America continue to dictate regional outcomes.",Energy Risk,2026-07-18,Deutsche Welle,United States,North America
ART-10664,Offshore drilling rig security heightened following regional maritime threat warnings,"Deepwater exploration platforms operating in disputed maritime basins instituted enhanced exclusion zones and emergency evacuation drills. Energy corporations reported heightened maritime surveillance to safeguard critical liquefied natural gas terminals and offshore pipeline pumping stations. Reporting from China, diplomatic and local observers noted that recent strategic shifts in Persian Gulf continue to dictate regional outcomes.",Energy Risk,2026-01-14,Al Jazeera,China,Persian Gulf
ART-10656,Strait of Hormuz transit tensions spark crude oil and LNG supply disruptions,"Heightened naval alerts near critical energy choke points triggered immediate volatility across global benchmark crude contracts. Tanker charter operators raised war risk insurance premiums as energy intelligence analysts cautioned that maritime route interdictions could constrain daily flows of crude oil, refined distillates, and liquefied natural gas (LNG). Reporting from United Kingdom, diplomatic and local observers noted that recent strategic shifts in South Asia continue to dictate regional outcomes.",Energy Risk,2026-02-06,Bloomberg,United Kingdom,South Asia
ART-11259,Manufacturing purchasing managers index drops into contraction territory,"National manufacturing indices slumped below the critical 50-point threshold, signaling industrial output contraction across export-oriented sectors. Factory managers reported elevated input acquisition costs, backlog accumulation, and declining international export orders. Reporting from Palestine, diplomatic and local observers noted that recent strategic shifts in Middle East continue to dictate regional outcomes.",Economic Impact,2026-05-15,Financial Times,Palestine,Middle East
ART-11418,"Field hospitals face critical shortages of surgical anesthetics, electricity, and clean water","Medical relief organizations operating inside crisis sectors issued urgent distress alerts regarding depleted pharmaceuticals, damaged municipal water treatment facilities, and erratic generator fuel supplies necessary to maintain life-saving intensive care facilities. Reporting from Palestine, diplomatic and local observers noted that recent strategic shifts in North America continue to dictate regional outcomes.",Humanitarian Impact,2026-08-03,Bloomberg,Palestine,North America
ART-10596,Strait of Hormuz transit tensions spark crude oil and LNG supply disruptions,"Heightened naval alerts near critical energy choke points triggered immediate volatility across global benchmark crude contracts. Tanker charter operators raised war risk insurance premiums as energy intelligence analysts cautioned that maritime route interdictions could constrain daily flows of crude oil, refined distillates, and liquefied natural gas (LNG). Reporting from Yemen, diplomatic and local observers noted that recent strategic shifts in South Asia continue to dictate regional outcomes.",Energy Risk,2026-05-02,BBC News,Yemen,South Asia
ART-10339,Regional coalition signs comprehensive non-aggression and diplomatic mediation pact,"Leaders of member states finalized a multilateral framework establishing joint diplomatic mediation channels, diplomatic consultation corridors, and bilateral confidence-building measures to prevent diplomatic estrangement across the alliance. Reporting from Palestine, diplomatic and local observers noted that recent strategic shifts in Red Sea & Horn of Africa continue to dictate regional outcomes.",Diplomatic / Political,2026-03-28,Wall Street Journal,Palestine,Red Sea & Horn of Africa
ART-10370,Parliamentary committee conducts emergency foreign policy debate on international accords,"Legislative leaders held intensive deliberations concerning diplomatic ratifications, treaty commitments, and international coalition partnerships. Government ministers reiterated diplomatic alignment while defending non-proliferation accords and diplomatic neutrality. Reporting from China, diplomatic and local observers noted that recent strategic shifts in Eastern Europe continue to dictate regional outcomes.",Diplomatic / Political,2026-07-03,Nikkei Asia,China,Eastern Europe
ART-10566,Strait of Hormuz transit tensions spark crude oil and LNG supply disruptions,"Heightened naval alerts near critical energy choke points triggered immediate volatility across global benchmark crude contracts. Tanker charter operators raised war risk insurance premiums as energy intelligence analysts cautioned that maritime route interdictions could constrain daily flows of crude oil, refined distillates, and liquefied natural gas (LNG). Reporting from United States, diplomatic and local observers noted that recent strategic shifts in East Asia continue to dictate regional outcomes.",Energy Risk,2026-02-28,Al Jazeera,United States,East Asia
ART-11500,Civilian evacuation corridors established under international red cross mediation,"Humanitarian organizations coordinated temporary civilian safe-passage corridors to evacuate vulnerable elderly, women, and pediatric patients from active hostility perimeters. International observers monitored compliance to ensure unhindered transit for humanitarian convoys. Reporting from United States, diplomatic and local observers noted that recent strategic shifts in Eastern Europe continue to dictate regional outcomes.",Humanitarian Impact,2026-09-01,UN News,United States,Eastern Europe
ART-11361,Refugee displacement crisis deepens as civilian populations flee contested border zones,"International humanitarian relief agencies reported that over 250,000 civilians have been displaced from conflict-affected frontier zones over recent weeks. Overcrowded temporary resettlement shelters face severe shortages of potable water, emergency medical supplies, and sanitation infrastructure. Reporting from United Kingdom, diplomatic and local observers noted that recent strategic shifts in Persian Gulf continue to dictate regional outcomes.",Humanitarian Impact,2026-05-02,BBC News,United Kingdom,Persian Gulf
ART-10427,United Nations Security Council debates draft resolution on sovereignty and border protocols,"Diplomats at the UN Headquarters convened an emergency session to deliberate a multilateral resolution addressing territorial sovereignty, diplomatic immunity, and international arbitration. Key permanent members presented competing revisions concerning compliance verification and peacekeeper mandates. Reporting from Germany, diplomatic and local observers noted that recent strategic shifts in Middle East continue to dictate regional outcomes.",Diplomatic / Political,2026-01-04,Financial Times,Germany,Middle East
ART-10145,Ballistic missile interceptor systems activated amid regional military escalation,"Air defense batteries engaged multiple incoming medium-range ballistic trajectories targeting military infrastructure. Defense ministries confirmed that surface-to-air missile batteries intercepted projectiles mid-course, placing joint task forces on maximum tactical readiness status. Reporting from China, diplomatic and local observers noted that recent strategic shifts in South Asia continue to dictate regional outcomes.",Military Conflict,2026-01-05,Financial Times,China,South Asia
ART-10128,Airstrikes strike strategic command centers and ammunition depots in Germany,"Fighter aircraft launched precision-guided ordnance targeting key military logistics hubs, radar installations, and tactical weapons caches near strategic sectors of Germany. Satellite reconnaissance verified structural destruction, while armed forces declared immediate airspace closure and defensive mobilization. Reporting from Germany, diplomatic and local observers noted that recent strategic shifts in Middle East continue to dictate regional outcomes.",Military Conflict,2026-02-16,UN News,Germany,Middle East
ART-10591,Strait of Hormuz transit tensions spark crude oil and LNG supply disruptions,"Heightened naval alerts near critical energy choke points triggered immediate volatility across global benchmark crude contracts. Tanker charter operators raised war risk insurance premiums as energy intelligence analysts cautioned that maritime route interdictions could constrain daily flows of crude oil, refined distillates, and liquefied natural gas (LNG). Reporting from United Kingdom, diplomatic and local observers noted that recent strategic shifts in Red Sea & Horn of Africa continue to dictate regional outcomes.",Energy Risk,2026-09-25,Financial Times,United Kingdom,Red Sea & Horn of Africa
ART-10001,Artillery and drone strikes intensify along Eastern Europe frontline,"Heavy military bombardment and tactical drone warfare escalated across the Eastern Europe border overnight. Military defense commands confirmed multiple interceptor missile launches and sustained counter-battery fire. Ground forces mobilized armored divisions in response to cross-border incursions, leading to heightened combat alert status throughout contested defensive perimeters.",Military Conflict,2026-01-01,Al Jazeera,Palestine,Eastern Europe
ART-10761,Strait of Hormuz transit tensions spark crude oil and LNG supply disruptions,"Heightened naval alerts near critical energy choke points triggered immediate volatility across global benchmark crude contracts. Tanker charter operators raised war risk insurance premiums as energy intelligence analysts cautioned that maritime route interdictions could constrain daily flows of crude oil, refined distillates, and liquefied natural gas (LNG). Reporting from Israel, diplomatic and local observers noted that recent strategic shifts in Eastern Europe continue to dictate regional outcomes.",Energy Risk,2026-08-27,Associated Press,Israel,Eastern Europe
ART-11049,Manufacturing purchasing managers index drops into contraction territory,"National manufacturing indices slumped below the critical 50-point threshold, signaling industrial output contraction across export-oriented sectors. Factory managers reported elevated input acquisition costs, backlog accumulation, and declining international export orders. Reporting from India, diplomatic and local observers noted that recent strategic shifts in Middle East continue to dictate regional outcomes.",Economic Impact,2026-02-01,BBC News,India,Middle East
ART-10196,Artillery and drone strikes intensify along Western Europe frontline,"Heavy military bombardment and tactical drone warfare escalated across the Western Europe border overnight. Military defense commands confirmed multiple interceptor missile launches and sustained counter-battery fire. Ground forces mobilized armored divisions in response to cross-border incursions, leading to heightened combat alert status throughout contested defensive perimeters. Reporting from Russia, diplomatic and local observers noted that recent strategic shifts in Western Europe continue to dictate regional outcomes.",Military Conflict,2026-07-28,Nikkei Asia,Russia,Western Europe
ART-10080,Ballistic missile interceptor systems activated amid regional military escalation,"Air defense batteries engaged multiple incoming medium-range ballistic trajectories targeting military infrastructure. Defense ministries confirmed that surface-to-air missile batteries intercepted projectiles mid-course, placing joint task forces on maximum tactical readiness status. Reporting from Russia, diplomatic and local observers noted that recent strategic shifts in Western Europe continue to dictate regional outcomes.",Military Conflict,2026-08-24,Reuters,Russia,Western Europe
ART-10470,Parliamentary committee conducts emergency foreign policy debate on international accords,"Legislative leaders held intensive deliberations concerning diplomatic ratifications, treaty commitments, and international coalition partnerships. Government ministers reiterated diplomatic alignment while defending non-proliferation accords and diplomatic neutrality. Reporting from Iran, diplomatic and local observers noted that recent strategic shifts in East Asia continue to dictate regional outcomes.",Diplomatic / Political,2026-08-19,Deutsche Welle,Iran,East Asia
ART-10491,High-level bilateral diplomatic summit convenes in effort to de-escalate tensions,"Foreign ministers and strategic envoys met for emergency multilateral negotiations aimed at formulating a comprehensive ceasefire framework and de-escalation roadmap. Delegations engaged in protracted closed-door diplomatic talks regarding border demilitarization and treaty adherence. Reporting from Yemen, diplomatic and local observers noted that recent strategic shifts in Persian Gulf continue to dictate regional outcomes.",Diplomatic / Political,2026-02-12,Wall Street Journal,Yemen,Persian Gulf
ART-10936,Container shipping carriers divert cargo fleets around Cape of Good Hope amid maritime threats,"Major international ocean carriers announced sweeping rerouting orders, diverting container vessels around the African continent to bypass hazardous maritime corridors. The maritime diversion adds 10 to 14 days to standard transit times, tightening vessel capacity, delaying container turnaround times, and triggering sharp increases in global container spot freight rates. Reporting from Iran, diplomatic and local observers noted that recent strategic shifts in Persian Gulf continue to dictate regional outcomes.",Trade & Shipping,2026-09-03,Associated Press,Iran,Persian Gulf
ART-10447,United Nations Security Council debates draft resolution on sovereignty and border protocols,"Diplomats at the UN Headquarters convened an emergency session to deliberate a multilateral resolution addressing territorial sovereignty, diplomatic immunity, and international arbitration. Key permanent members presented competing revisions concerning compliance verification and peacekeeper mandates. Reporting from Taiwan, diplomatic and local observers noted that recent strategic shifts in Western Europe continue to dictate regional outcomes.",Diplomatic / Political,2026-03-24,Deutsche Welle,Taiwan,Western Europe
ART-10332,United Nations Security Council debates draft resolution on sovereignty and border protocols,"Diplomats at the UN Headquarters convened an emergency session to deliberate a multilateral resolution addressing territorial sovereignty, diplomatic immunity, and international arbitration. Key permanent members presented competing revisions concerning compliance verification and peacekeeper mandates. Reporting from Poland, diplomatic and local observers noted that recent strategic shifts in South Asia continue to dictate regional outcomes.",Diplomatic / Political,2026-05-21,BBC News,Poland,South Asia
ART-11189,Manufacturing purchasing managers index drops into contraction territory,"National manufacturing indices slumped below the critical 50-point threshold, signaling industrial output contraction across export-oriented sectors. Factory managers reported elevated input acquisition costs, backlog accumulation, and declining international export orders. Reporting from Saudi Arabia, diplomatic and local observers noted that recent strategic shifts in Red Sea & Horn of Africa continue to dictate regional outcomes.",Economic Impact,2026-07-01,Reuters,Saudi Arabia,Red Sea & Horn of Africa
ART-10907,Port congestion and customs clearance bottlenecks escalate across major container terminals,"Logistics operators reported severe berthing delays and freight dwell times exceeding historical averages across maritime gateway hubs. Freight forwarders cited vessel bunching, rail intermodal backlogs, and maritime rerouting schedules as compounding drivers of supply chain gridlock. Reporting from United States, diplomatic and local observers noted that recent strategic shifts in Middle East continue to dictate regional outcomes.",Trade & Shipping,2026-07-02,BBC News,United States,Middle East
ART-11441,Refugee displacement crisis deepens as civilian populations flee contested border zones,"International humanitarian relief agencies reported that over 250,000 civilians have been displaced from conflict-affected frontier zones over recent weeks. Overcrowded temporary resettlement shelters face severe shortages of potable water, emergency medical supplies, and sanitation infrastructure. Reporting from Sudan, diplomatic and local observers noted that recent strategic shifts in Eastern Europe continue to dictate regional outcomes.",Humanitarian Impact,2026-04-26,Bloomberg,Sudan,Eastern Europe
ART-10394,Regional coalition signs comprehensive non-aggression and diplomatic mediation pact,"Leaders of member states finalized a multilateral framework establishing joint diplomatic mediation channels, diplomatic consultation corridors, and bilateral confidence-building measures to prevent diplomatic estrangement across the alliance. Reporting from Egypt, diplomatic and local observers noted that recent strategic shifts in Western Europe continue to dictate regional outcomes.",Diplomatic / Political,2026-04-27,Associated Press,Egypt,Western Europe
ART-11006,Container shipping carriers divert cargo fleets around Cape of Good Hope amid maritime threats,"Major international ocean carriers announced sweeping rerouting orders, diverting container vessels around the African continent to bypass hazardous maritime corridors. The maritime diversion adds 10 to 14 days to standard transit times, tightening vessel capacity, delaying container turnaround times, and triggering sharp increases in global container spot freight rates. Reporting from United Kingdom, diplomatic and local observers noted that recent strategic shifts in Red Sea & Horn of Africa continue to dictate regional outcomes.",Trade & Shipping,2026-07-17,Associated Press,United Kingdom,Red Sea & Horn of Africa
ART-10278,Ambassadorial recall and diplomatic protest notes delivered over treaty dispute,"Government officials formally summoned the resident ambassador and issued a stern diplomatic communique protesting recent policy shifts and border treaties. Ministry spokespersons emphasized diplomatic dialogue while recalling senior envoys for high-level foreign policy consultations. Reporting from Ukraine, diplomatic and local observers noted that recent strategic shifts in North America continue to dictate regional outcomes.",Diplomatic / Political,2026-05-23,Associated Press,Ukraine,North America
ART-11522,United Nations launches emergency humanitarian relief appeal for food aid and medical shelter,"Humanitarian coordinators formally issued a multilateral funding appeal seeking urgent donor contributions to support frontline field clinics and nutritional distribution hubs. Aid convoys reported severe logistical hurdles attempting to deliver relief supplies to isolated civilian corridors. Reporting from Israel, diplomatic and local observers noted that recent strategic shifts in Persian Gulf continue to dictate regional outcomes.",Humanitarian Impact,2026-04-23,Nikkei Asia,Israel,Persian Gulf
ART-10092,Naval task force engages hostile drone boats near Palestine territorial waters,"Naval destroyers deployed in international waters intercepted multiple unmanned explosive surface vessels attempting to strike maritime patrol assets. Military officials stated that defensive kinetic munitions neutralized the threat prior to vessel breach, sustaining combat deterrence across critical coastal zones. Reporting from Palestine, diplomatic and local observers noted that recent strategic shifts in Middle East continue to dictate regional outcomes.",Military Conflict,2026-02-08,Nikkei Asia,Palestine,Middle East
ART-10171,Artillery and drone strikes intensify along North America frontline,"Heavy military bombardment and tactical drone warfare escalated across the North America border overnight. Military defense commands confirmed multiple interceptor missile launches and sustained counter-battery fire. Ground forces mobilized armored divisions in response to cross-border incursions, leading to heightened combat alert status throughout contested defensive perimeters. Reporting from India, diplomatic and local observers noted that recent strategic shifts in North America continue to dictate regional outcomes.",Military Conflict,2026-09-03,Nikkei Asia,India,North America
ART-10273,Ambassadorial recall and diplomatic protest notes delivered over treaty dispute,"Government officials formally summoned the resident ambassador and issued a stern diplomatic communique protesting recent policy shifts and border treaties. Ministry spokespersons emphasized diplomatic dialogue while recalling senior envoys for high-level foreign policy consultations. Reporting from Egypt, diplomatic and local observers noted that recent strategic shifts in Persian Gulf continue to dictate regional outcomes.",Diplomatic / Political,2026-09-18,Wall Street Journal,Egypt,Persian Gulf
ART-10076,Artillery and drone strikes intensify along North America frontline,"Heavy military bombardment and tactical drone warfare escalated across the North America border overnight. Military defense commands confirmed multiple interceptor missile launches and sustained counter-battery fire. Ground forces mobilized armored divisions in response to cross-border incursions, leading to heightened combat alert status throughout contested defensive perimeters. Reporting from Ukraine, diplomatic and local observers noted that recent strategic shifts in North America continue to dictate regional outcomes.",Military Conflict,2026-04-20,Al Jazeera,Ukraine,North America
ART-11373,"Field hospitals face critical shortages of surgical anesthetics, electricity, and clean water","Medical relief organizations operating inside crisis sectors issued urgent distress alerts regarding depleted pharmaceuticals, damaged municipal water treatment facilities, and erratic generator fuel supplies necessary to maintain life-saving intensive care facilities. Reporting from Ukraine, diplomatic and local observers noted that recent strategic shifts in Red Sea & Horn of Africa continue to dictate regional outcomes.",Humanitarian Impact,2026-08-14,Deutsche Welle,Ukraine,Red Sea & Horn of Africa
ART-10325,Parliamentary committee conducts emergency foreign policy debate on international accords,"Legislative leaders held intensive deliberations concerning diplomatic ratifications, treaty commitments, and international coalition partnerships. Government ministers reiterated diplomatic alignment while defending non-proliferation accords and diplomatic neutrality. Reporting from United States, diplomatic and local observers noted that recent strategic shifts in East Asia continue to dictate regional outcomes.",Diplomatic / Political,2026-07-14,Associated Press,United States,East Asia
ART-11213,Foreign direct investment inflows contract sharply amid cross-border geopolitical instability,"Economic development ministries reported a significant deceleration in cross-border capital expenditures and joint venture investments. Corporate treasuries cited regulatory uncertainty, sovereign risk premia, and supply network vulnerabilities as key deterrents to long-term capital allocation. Reporting from Taiwan, diplomatic and local observers noted that recent strategic shifts in Western Europe continue to dictate regional outcomes.",Economic Impact,2026-04-25,UN News,Taiwan,Western Europe
ART-11468,"Field hospitals face critical shortages of surgical anesthetics, electricity, and clean water","Medical relief organizations operating inside crisis sectors issued urgent distress alerts regarding depleted pharmaceuticals, damaged municipal water treatment facilities, and erratic generator fuel supplies necessary to maintain life-saving intensive care facilities. Reporting from Egypt, diplomatic and local observers noted that recent strategic shifts in Red Sea & Horn of Africa continue to dictate regional outcomes.",Humanitarian Impact,2026-04-25,Deutsche Welle,Egypt,Red Sea & Horn of Africa
ART-10682,Major natural gas pipeline flow throttled amid geopolitical transit disagreements,"Subsea pipeline monitoring stations recorded a sharp 35% reduction in natural gas transit volumes following regulatory and political disputes between transit nations. Energy ministers warned industrial consumers of potential supply rationing and power grid balancing interventions ahead of winter reserve replenishment. Reporting from Yemen, diplomatic and local observers noted that recent strategic shifts in North America continue to dictate regional outcomes.",Energy Risk,2026-01-04,Wall Street Journal,Yemen,North America
ART-10057,Naval task force engages hostile drone boats near Russia territorial waters,"Naval destroyers deployed in international waters intercepted multiple unmanned explosive surface vessels attempting to strike maritime patrol assets. Military officials stated that defensive kinetic munitions neutralized the threat prior to vessel breach, sustaining combat deterrence across critical coastal zones. Reporting from Russia, diplomatic and local observers noted that recent strategic shifts in Red Sea & Horn of Africa continue to dictate regional outcomes.",Military Conflict,2026-03-01,Associated Press,Russia,Red Sea & Horn of Africa
ART-10892,Port congestion and customs clearance bottlenecks escalate across major container terminals,"Logistics operators reported severe berthing delays and freight dwell times exceeding historical averages across maritime gateway hubs. Freight forwarders cited vessel bunching, rail intermodal backlogs, and maritime rerouting schedules as compounding drivers of supply chain gridlock. Reporting from United Kingdom, diplomatic and local observers noted that recent strategic shifts in Middle East continue to dictate regional outcomes.",Trade & Shipping,2026-01-15,Associated Press,United Kingdom,Middle East
ART-10088,Airstrikes strike strategic command centers and ammunition depots in Saudi Arabia,"Fighter aircraft launched precision-guided ordnance targeting key military logistics hubs, radar installations, and tactical weapons caches near strategic sectors of Saudi Arabia. Satellite reconnaissance verified structural destruction, while armed forces declared immediate airspace closure and defensive mobilization. Reporting from Saudi Arabia, diplomatic and local observers noted that recent strategic shifts in Red Sea & Horn of Africa continue to dictate regional outcomes.",Military Conflict,2026-07-04,Al Jazeera,Saudi Arabia,Red Sea & Horn of Africa
ART-10668,Strategic petroleum reserve release weighed as refinery feedstock prices surge,"Energy authorities initiated contingency consultations regarding synchronized drawdowns from strategic oil reserves following regional energy infrastructure disruptions. Brent crude spot rates surged as market participants priced in persistent refinery feedstock shortages and pipeline outages. Reporting from United Kingdom, diplomatic and local observers noted that recent strategic shifts in South Asia continue to dictate regional outcomes.",Energy Risk,2026-05-18,Bloomberg,United Kingdom,South Asia
ART-10108,Airstrikes strike strategic command centers and ammunition depots in Yemen,"Fighter aircraft launched precision-guided ordnance targeting key military logistics hubs, radar installations, and tactical weapons caches near strategic sectors of Yemen. Satellite reconnaissance verified structural destruction, while armed forces declared immediate airspace closure and defensive mobilization. Reporting from Yemen, diplomatic and local observers noted that recent strategic shifts in Eastern Europe continue to dictate regional outcomes.",Military Conflict,2026-09-24,BBC News,Yemen,Eastern Europe
ART-10537,Major natural gas pipeline flow throttled amid geopolitical transit disagreements,"Subsea pipeline monitoring stations recorded a sharp 35% reduction in natural gas transit volumes following regulatory and political disputes between transit nations. Energy ministers warned industrial consumers of potential supply rationing and power grid balancing interventions ahead of winter reserve replenishment. Reporting from Egypt, diplomatic and local observers noted that recent strategic shifts in Western Europe continue to dictate regional outcomes.",Energy Risk,2026-09-27,Wall Street Journal,Egypt,Western Europe
ART-10237,Naval task force engages hostile drone boats near Sudan territorial waters,"Naval destroyers deployed in international waters intercepted multiple unmanned explosive surface vessels attempting to strike maritime patrol assets. Military officials stated that defensive kinetic munitions neutralized the threat prior to vessel breach, sustaining combat deterrence across critical coastal zones. Reporting from Sudan, diplomatic and local observers noted that recent strategic shifts in Middle East continue to dictate regional outcomes.",Military Conflict,2026-03-13,Financial Times,Sudan,Middle East
ART-10712,Major natural gas pipeline flow throttled amid geopolitical transit disagreements,"Subsea pipeline monitoring stations recorded a sharp 35% reduction in natural gas transit volumes following regulatory and political disputes between transit nations. Energy ministers warned industrial consumers of potential supply rationing and power grid balancing interventions ahead of winter reserve replenishment. Reporting from Iran, diplomatic and local observers noted that recent strategic shifts in North America continue to dictate regional outcomes.",Energy Risk,2026-04-06,Nikkei Asia,Iran,North America
ART-10499,Regional coalition signs comprehensive non-aggression and diplomatic mediation pact,"Leaders of member states finalized a multilateral framework establishing joint diplomatic mediation channels, diplomatic consultation corridors, and bilateral confidence-building measures to prevent diplomatic estrangement across the alliance. Reporting from China, diplomatic and local observers noted that recent strategic shifts in East Asia continue to dictate regional outcomes.",Diplomatic / Political,2026-01-20,Al Jazeera,China,East Asia
ART-11195,Stock exchange volatility index spikes as investors seek safe-haven sovereign bonds and gold,"Equities across regional bourses recorded broad sell-offs, with industrial, aviation, and consumer discretionary shares leading declines. Capital allocators rotated liquidity into sovereign treasury securities, bullion, and cash equivalents amid heightened geopolitical uncertainty. Reporting from United Kingdom, diplomatic and local observers noted that recent strategic shifts in Western Europe continue to dictate regional outcomes.",Economic Impact,2026-04-07,UN News,United Kingdom,Western Europe
ART-10842,Port congestion and customs clearance bottlenecks escalate across major container terminals,"Logistics operators reported severe berthing delays and freight dwell times exceeding historical averages across maritime gateway hubs. Freight forwarders cited vessel bunching, rail intermodal backlogs, and maritime rerouting schedules as compounding drivers of supply chain gridlock. Reporting from Germany, diplomatic and local observers noted that recent strategic shifts in Persian Gulf continue to dictate regional outcomes.",Trade & Shipping,2026-05-21,Financial Times,Germany,Persian Gulf
ART-11303,"Field hospitals face critical shortages of surgical anesthetics, electricity, and clean water","Medical relief organizations operating inside crisis sectors issued urgent distress alerts regarding depleted pharmaceuticals, damaged municipal water treatment facilities, and erratic generator fuel supplies necessary to maintain life-saving intensive care facilities. Reporting from United Kingdom, diplomatic and local observers noted that recent strategic shifts in East Asia continue to dictate regional outcomes.",Humanitarian Impact,2026-01-28,Reuters,United Kingdom,East Asia
ART-10358,Ambassadorial recall and diplomatic protest notes delivered over treaty dispute,"Government officials formally summoned the resident ambassador and issued a stern diplomatic communique protesting recent policy shifts and border treaties. Ministry spokespersons emphasized diplomatic dialogue while recalling senior envoys for high-level foreign policy consultations. Reporting from Taiwan, diplomatic and local observers noted that recent strategic shifts in Middle East continue to dictate regional outcomes.",Diplomatic / Political,2026-04-19,Nikkei Asia,Taiwan,Middle East
ART-10270,Parliamentary committee conducts emergency foreign policy debate on international accords,"Legislative leaders held intensive deliberations concerning diplomatic ratifications, treaty commitments, and international coalition partnerships. Government ministers reiterated diplomatic alignment while defending non-proliferation accords and diplomatic neutrality. Reporting from Palestine, diplomatic and local observers noted that recent strategic shifts in North America continue to dictate regional outcomes.",Diplomatic / Political,2026-06-15,Nikkei Asia,Palestine,North America
ART-10462,United Nations Security Council debates draft resolution on sovereignty and border protocols,"Diplomats at the UN Headquarters convened an emergency session to deliberate a multilateral resolution addressing territorial sovereignty, diplomatic immunity, and international arbitration. Key permanent members presented competing revisions concerning compliance verification and peacekeeper mandates. Reporting from Israel, diplomatic and local observers noted that recent strategic shifts in North America continue to dictate regional outcomes.",Diplomatic / Political,2026-09-11,Nikkei Asia,Israel,North America
ART-10075,Ballistic missile interceptor systems activated amid regional military escalation,"Air defense batteries engaged multiple incoming medium-range ballistic trajectories targeting military infrastructure. Defense ministries confirmed that surface-to-air missile batteries intercepted projectiles mid-course, placing joint task forces on maximum tactical readiness status. Reporting from Russia, diplomatic and local observers noted that recent strategic shifts in East Asia continue to dictate regional outcomes.",Military Conflict,2026-03-19,UN News,Russia,East Asia
ART-10060,Ballistic missile interceptor systems activated amid regional military escalation,"Air defense batteries engaged multiple incoming medium-range ballistic trajectories targeting military infrastructure. Defense ministries confirmed that surface-to-air missile batteries intercepted projectiles mid-course, placing joint task forces on maximum tactical readiness status. Reporting from Taiwan, diplomatic and local observers noted that recent strategic shifts in East Asia continue to dictate regional outcomes.",Military Conflict,2026-06-04,Deutsche Welle,Taiwan,East Asia
ART-10405,Parliamentary committee conducts emergency foreign policy debate on international accords,"Legislative leaders held intensive deliberations concerning diplomatic ratifications, treaty commitments, and international coalition partnerships. Government ministers reiterated diplomatic alignment while defending non-proliferation accords and diplomatic neutrality. Reporting from Israel, diplomatic and local observers noted that recent strategic shifts in Eastern Europe continue to dictate regional outcomes.",Diplomatic / Political,2026-06-10,Bloomberg,Israel,Eastern Europe
ART-10287,United Nations Security Council debates draft resolution on sovereignty and border protocols,"Diplomats at the UN Headquarters convened an emergency session to deliberate a multilateral resolution addressing territorial sovereignty, diplomatic immunity, and international arbitration. Key permanent members presented competing revisions concerning compliance verification and peacekeeper mandates. Reporting from Sudan, diplomatic and local observers noted that recent strategic shifts in Persian Gulf continue to dictate regional outcomes.",Diplomatic / Political,2026-05-04,Bloomberg,Sudan,Persian Gulf
ART-10493,Ambassadorial recall and diplomatic protest notes delivered over treaty dispute,"Government officials formally summoned the resident ambassador and issued a stern diplomatic communique protesting recent policy shifts and border treaties. Ministry spokespersons emphasized diplomatic dialogue while recalling senior envoys for high-level foreign policy consultations. Reporting from United States, diplomatic and local observers noted that recent strategic shifts in Red Sea & Horn of Africa continue to dictate regional outcomes.",Diplomatic / Political,2026-04-14,Bloomberg,United States,Red Sea & Horn of Africa
ART-10572,Major natural gas pipeline flow throttled amid geopolitical transit disagreements,"Subsea pipeline monitoring stations recorded a sharp 35% reduction in natural gas transit volumes following regulatory and political disputes between transit nations. Energy ministers warned industrial consumers of potential supply rationing and power grid balancing interventions ahead of winter reserve replenishment. Reporting from Germany, diplomatic and local observers noted that recent strategic shifts in Eastern Europe continue to dictate regional outcomes.",Energy Risk,2026-08-06,Wall Street Journal,Germany,Eastern Europe
ART-11311,Refugee displacement crisis deepens as civilian populations flee contested border zones,"International humanitarian relief agencies reported that over 250,000 civilians have been displaced from conflict-affected frontier zones over recent weeks. Overcrowded temporary resettlement shelters face severe shortages of potable water, emergency medical supplies, and sanitation infrastructure. Reporting from Saudi Arabia, diplomatic and local observers noted that recent strategic shifts in Western Europe continue to dictate regional outcomes.",Humanitarian Impact,2026-09-08,Al Jazeera,Saudi Arabia,Western Europe
ART-11387,United Nations launches emergency humanitarian relief appeal for food aid and medical shelter,"Humanitarian coordinators formally issued a multilateral funding appeal seeking urgent donor contributions to support frontline field clinics and nutritional distribution hubs. Aid convoys reported severe logistical hurdles attempting to deliver relief supplies to isolated civilian corridors. Reporting from India, diplomatic and local observers noted that recent strategic shifts in Western Europe continue to dictate regional outcomes.",Humanitarian Impact,2026-04-28,BBC News,India,Western Europe
ART-11047,Sovereign credit rating under review following capital flight and currency depreciation,"International credit rating agencies placed sovereign debt issuances on negative watch, citing widening fiscal deficits, rapid foreign reserve depletion, and heightened geopolitical risk premia. Domestic currency valuations experienced sharp depreciations against global reserve currencies. Reporting from Yemen, diplomatic and local observers noted that recent strategic shifts in Middle East continue to dictate regional outcomes.",Economic Impact,2026-09-27,Nikkei Asia,Yemen,Middle East
ART-10077,Naval task force engages hostile drone boats near United Kingdom territorial waters,"Naval destroyers deployed in international waters intercepted multiple unmanned explosive surface vessels attempting to strike maritime patrol assets. Military officials stated that defensive kinetic munitions neutralized the threat prior to vessel breach, sustaining combat deterrence across critical coastal zones. Reporting from United Kingdom, diplomatic and local observers noted that recent strategic shifts in South Asia continue to dictate regional outcomes.",Military Conflict,2026-05-21,UN News,United Kingdom,South Asia
ART-10740,OPEC+ convenes emergency production quota meeting as geopolitical supply risks mount,"Petroleum export ministers gathered for extraordinary consultations to review crude output allocations and export facility vulnerabilities. Analysts highlighted that potential localized transit choke point disruptions threaten to strain spare production capacity across export terminals. Reporting from Taiwan, diplomatic and local observers noted that recent strategic shifts in Western Europe continue to dictate regional outcomes.",Energy Risk,2026-05-06,Financial Times,Taiwan,Western Europe
ART-11193,Foreign direct investment inflows contract sharply amid cross-border geopolitical instability,"Economic development ministries reported a significant deceleration in cross-border capital expenditures and joint venture investments. Corporate treasuries cited regulatory uncertainty, sovereign risk premia, and supply network vulnerabilities as key deterrents to long-term capital allocation. Reporting from Sudan, diplomatic and local observers noted that recent strategic shifts in East Asia continue to dictate regional outcomes.",Economic Impact,2026-02-05,Associated Press,Sudan,East Asia
ART-10012,Naval task force engages hostile drone boats near Palestine territorial waters,"Naval destroyers deployed in international waters intercepted multiple unmanned explosive surface vessels attempting to strike maritime patrol assets. Military officials stated that defensive kinetic munitions neutralized the threat prior to vessel breach, sustaining combat deterrence across critical coastal zones. Reporting from Palestine, diplomatic and local observers noted that recent strategic shifts in Western Europe continue to dictate regional outcomes.",Military Conflict,2026-03-12,BBC News,Palestine,Western Europe
ART-11395,Civilian evacuation corridors established under international red cross mediation,"Humanitarian organizations coordinated temporary civilian safe-passage corridors to evacuate vulnerable elderly, women, and pediatric patients from active hostility perimeters. International observers monitored compliance to ensure unhindered transit for humanitarian convoys. Reporting from Poland, diplomatic and local observers noted that recent strategic shifts in Persian Gulf continue to dictate regional outcomes.",Humanitarian Impact,2026-03-08,Financial Times,Poland,Persian Gulf
ART-10862,Port congestion and customs clearance bottlenecks escalate across major container terminals,"Logistics operators reported severe berthing delays and freight dwell times exceeding historical averages across maritime gateway hubs. Freight forwarders cited vessel bunching, rail intermodal backlogs, and maritime rerouting schedules as compounding drivers of supply chain gridlock. Reporting from Iran, diplomatic and local observers noted that recent strategic shifts in East Asia continue to dictate regional outcomes.",Trade & Shipping,2026-07-13,Wall Street Journal,Iran,East Asia
ART-10793,Bilateral tariff escalation and trade export controls enacted on critical components,"Commerce departments imposed sweeping customs tariffs and export license restrictions on key industrial raw materials and advanced components. Trade chambers expressed alarm over compliance costs and international supply chain fragmentation affecting bilateral trade volumes. Reporting from Israel, diplomatic and local observers noted that recent strategic shifts in Western Europe continue to dictate regional outcomes.",Trade & Shipping,2026-01-28,UN News,Israel,Western Europe
ART-10228,Airstrikes strike strategic command centers and ammunition depots in Yemen,"Fighter aircraft launched precision-guided ordnance targeting key military logistics hubs, radar installations, and tactical weapons caches near strategic sectors of Yemen. Satellite reconnaissance verified structural destruction, while armed forces declared immediate airspace closure and defensive mobilization. Reporting from Yemen, diplomatic and local observers noted that recent strategic shifts in South Asia continue to dictate regional outcomes.",Military Conflict,2026-03-04,Reuters,Yemen,South Asia
ART-11425,Civilian evacuation corridors established under international red cross mediation,"Humanitarian organizations coordinated temporary civilian safe-passage corridors to evacuate vulnerable elderly, women, and pediatric patients from active hostility perimeters. International observers monitored compliance to ensure unhindered transit for humanitarian convoys. Reporting from Egypt, diplomatic and local observers noted that recent strategic shifts in Middle East continue to dictate regional outcomes.",Humanitarian Impact,2026-06-10,Bloomberg,Egypt,Middle East
ART-11235,Stock exchange volatility index spikes as investors seek safe-haven sovereign bonds and gold,"Equities across regional bourses recorded broad sell-offs, with industrial, aviation, and consumer discretionary shares leading declines. Capital allocators rotated liquidity into sovereign treasury securities, bullion, and cash equivalents amid heightened geopolitical uncertainty. Reporting from India, diplomatic and local observers noted that recent strategic shifts in Western Europe continue to dictate regional outcomes.",Economic Impact,2026-08-19,Deutsche Welle,India,Western Europe
ART-10027,Naval task force engages hostile drone boats near Taiwan territorial waters,"Naval destroyers deployed in international waters intercepted multiple unmanned explosive surface vessels attempting to strike maritime patrol assets. Military officials stated that defensive kinetic munitions neutralized the threat prior to vessel breach, sustaining combat deterrence across critical coastal zones. Reporting from Taiwan, diplomatic and local observers noted that recent strategic shifts in Western Europe continue to dictate regional outcomes.",Military Conflict,2026-09-27,Financial Times,Taiwan,Western Europe
ART-10160,Ballistic missile interceptor systems activated amid regional military escalation,"Air defense batteries engaged multiple incoming medium-range ballistic trajectories targeting military infrastructure. Defense ministries confirmed that surface-to-air missile batteries intercepted projectiles mid-course, placing joint task forces on maximum tactical readiness status. Reporting from Poland, diplomatic and local observers noted that recent strategic shifts in Red Sea & Horn of Africa continue to dictate regional outcomes.",Military Conflict,2026-07-20,Al Jazeera,Poland,Red Sea & Horn of Africa
ART-10864,Bulk carrier grain vessels delayed as maritime safety inspection protocols expand,"Commercial maritime registries reported prolonged anchorage delays for dry bulk freighters awaiting safe passage clearances through designated maritime corridors. Insurers revised hull and cargo coverage stipulations, impacting export contract fulfillment for agricultural cargoes. Reporting from Saudi Arabia, diplomatic and local observers noted that recent strategic shifts in Persian Gulf continue to dictate regional outcomes.",Trade & Shipping,2026-09-15,Deutsche Welle,Saudi Arabia,Persian Gulf
ART-10528,Strategic petroleum reserve release weighed as refinery feedstock prices surge,"Energy authorities initiated contingency consultations regarding synchronized drawdowns from strategic oil reserves following regional energy infrastructure disruptions. Brent crude spot rates surged as market participants priced in persistent refinery feedstock shortages and pipeline outages. Reporting from Germany, diplomatic and local observers noted that recent strategic shifts in East Asia continue to dictate regional outcomes.",Energy Risk,2026-09-18,Wall Street Journal,Germany,East Asia
ART-11349,Disrupted municipal power grids and water filtration plants jeopardize civilian public health,"Public health authorities warned of escalating waterborne disease outbreaks after sustained infrastructure damage crippled municipal water purification networks and electrical sub-stations. Emergency relief teams deployed portable purification modules to mitigate sanitary hazards. Reporting from Israel, diplomatic and local observers noted that recent strategic shifts in South Asia continue to dictate regional outcomes.",Humanitarian Impact,2026-02-18,Associated Press,Israel,South Asia
ART-11447,United Nations launches emergency humanitarian relief appeal for food aid and medical shelter,"Humanitarian coordinators formally issued a multilateral funding appeal seeking urgent donor contributions to support frontline field clinics and nutritional distribution hubs. Aid convoys reported severe logistical hurdles attempting to deliver relief supplies to isolated civilian corridors. Reporting from Israel, diplomatic and local observers noted that recent strategic shifts in South Asia continue to dictate regional outcomes.",Humanitarian Impact,2026-01-04,UN News,Israel,South Asia
ART-10243,Airstrikes strike strategic command centers and ammunition depots in Taiwan,"Fighter aircraft launched precision-guided ordnance targeting key military logistics hubs, radar installations, and tactical weapons caches near strategic sectors of Taiwan. Satellite reconnaissance verified structural destruction, while armed forces declared immediate airspace closure and defensive mobilization. Reporting from Taiwan, diplomatic and local observers noted that recent strategic shifts in South Asia continue to dictate regional outcomes.",Military Conflict,2026-09-19,Associated Press,Taiwan,South Asia
ART-10728,Strategic petroleum reserve release weighed as refinery feedstock prices surge,"Energy authorities initiated contingency consultations regarding synchronized drawdowns from strategic oil reserves following regional energy infrastructure disruptions. Brent crude spot rates surged as market participants priced in persistent refinery feedstock shortages and pipeline outages. Reporting from Taiwan, diplomatic and local observers noted that recent strategic shifts in Red Sea & Horn of Africa continue to dictate regional outcomes.",Energy Risk,2026-02-22,Associated Press,Taiwan,Red Sea & Horn of Africa
ART-11464,Disrupted municipal power grids and water filtration plants jeopardize civilian public health,"Public health authorities warned of escalating waterborne disease outbreaks after sustained infrastructure damage crippled municipal water purification networks and electrical sub-stations. Emergency relief teams deployed portable purification modules to mitigate sanitary hazards. Reporting from Ukraine, diplomatic and local observers noted that recent strategic shifts in South Asia continue to dictate regional outcomes.",Humanitarian Impact,2026-09-21,Financial Times,Ukraine,South Asia
ART-11202,Sovereign credit rating under review following capital flight and currency depreciation,"International credit rating agencies placed sovereign debt issuances on negative watch, citing widening fiscal deficits, rapid foreign reserve depletion, and heightened geopolitical risk premia. Domestic currency valuations experienced sharp depreciations against global reserve currencies. Reporting from United States, diplomatic and local observers noted that recent strategic shifts in Eastern Europe continue to dictate regional outcomes.",Economic Impact,2026-02-14,Deutsche Welle,United States,Eastern Europe
ART-11256,Central banks signal interest rate adjustments as geopolitical inflation pressures broaden,"Monetary policy committees convened to evaluate persistent macroeconomic shocks stemming from import price inflation and commodity supply friction. Financial market analysts revised benchmark interest rate trajectories as headline consumer price indices reflected elevated freight and producer input expenses. Reporting from Saudi Arabia, diplomatic and local observers noted that recent strategic shifts in Western Europe continue to dictate regional outcomes.",Economic Impact,2026-02-12,Reuters,Saudi Arabia,Western Europe
ART-11408,"Field hospitals face critical shortages of surgical anesthetics, electricity, and clean water","Medical relief organizations operating inside crisis sectors issued urgent distress alerts regarding depleted pharmaceuticals, damaged municipal water treatment facilities, and erratic generator fuel supplies necessary to maintain life-saving intensive care facilities. Reporting from India, diplomatic and local observers noted that recent strategic shifts in North America continue to dictate regional outcomes.",Humanitarian Impact,2026-07-21,Bloomberg,India,North America
ART-11497,United Nations launches emergency humanitarian relief appeal for food aid and medical shelter,"Humanitarian coordinators formally issued a multilateral funding appeal seeking urgent donor contributions to support frontline field clinics and nutritional distribution hubs. Aid convoys reported severe logistical hurdles attempting to deliver relief supplies to isolated civilian corridors. Reporting from Ukraine, diplomatic and local observers noted that recent strategic shifts in East Asia continue to dictate regional outcomes.",Humanitarian Impact,2026-06-26,UN News,Ukraine,East Asia
ART-10380,Parliamentary committee conducts emergency foreign policy debate on international accords,"Legislative leaders held intensive deliberations concerning diplomatic ratifications, treaty commitments, and international coalition partnerships. Government ministers reiterated diplomatic alignment while defending non-proliferation accords and diplomatic neutrality. Reporting from Taiwan, diplomatic and local observers noted that recent strategic shifts in North America continue to dictate regional outcomes.",Diplomatic / Political,2026-08-13,Wall Street Journal,Taiwan,North America
ART-10398,Ambassadorial recall and diplomatic protest notes delivered over treaty dispute,"Government officials formally summoned the resident ambassador and issued a stern diplomatic communique protesting recent policy shifts and border treaties. Ministry spokespersons emphasized diplomatic dialogue while recalling senior envoys for high-level foreign policy consultations. Reporting from Saudi Arabia, diplomatic and local observers noted that recent strategic shifts in Western Europe continue to dictate regional outcomes.",Diplomatic / Political,2026-08-03,Reuters,Saudi Arabia,Western Europe
ART-10072,Naval task force engages hostile drone boats near Ukraine territorial waters,"Naval destroyers deployed in international waters intercepted multiple unmanned explosive surface vessels attempting to strike maritime patrol assets. Military officials stated that defensive kinetic munitions neutralized the threat prior to vessel breach, sustaining combat deterrence across critical coastal zones. Reporting from Ukraine, diplomatic and local observers noted that recent strategic shifts in Middle East continue to dictate regional outcomes.",Military Conflict,2026-09-16,Financial Times,Ukraine,Middle East
ART-11391,Refugee displacement crisis deepens as civilian populations flee contested border zones,"International humanitarian relief agencies reported that over 250,000 civilians have been displaced from conflict-affected frontier zones over recent weeks. Overcrowded temporary resettlement shelters face severe shortages of potable water, emergency medical supplies, and sanitation infrastructure. Reporting from United States, diplomatic and local observers noted that recent strategic shifts in Red Sea & Horn of Africa continue to dictate regional outcomes.",Humanitarian Impact,2026-08-04,Bloomberg,United States,Red Sea & Horn of Africa
ART-10912,Port congestion and customs clearance bottlenecks escalate across major container terminals,"Logistics operators reported severe berthing delays and freight dwell times exceeding historical averages across maritime gateway hubs. Freight forwarders cited vessel bunching, rail intermodal backlogs, and maritime rerouting schedules as compounding drivers of supply chain gridlock. Reporting from Yemen, diplomatic and local observers noted that recent strategic shifts in Red Sea & Horn of Africa continue to dictate regional outcomes.",Trade & Shipping,2026-03-07,Nikkei Asia,Yemen,Red Sea & Horn of Africa
ART-10888,Bilateral tariff escalation and trade export controls enacted on critical components,"Commerce departments imposed sweeping customs tariffs and export license restrictions on key industrial raw materials and advanced components. Trade chambers expressed alarm over compliance costs and international supply chain fragmentation affecting bilateral trade volumes. Reporting from Yemen, diplomatic and local observers noted that recent strategic shifts in East Asia continue to dictate regional outcomes.",Trade & Shipping,2026-06-11,Financial Times,Yemen,East Asia
ART-10506,High-level bilateral diplomatic summit convenes in effort to de-escalate tensions,"Foreign ministers and strategic envoys met for emergency multilateral negotiations aimed at formulating a comprehensive ceasefire framework and de-escalation roadmap. Delegations engaged in protracted closed-door diplomatic talks regarding border demilitarization and treaty adherence. Reporting from United States, diplomatic and local observers noted that recent strategic shifts in Eastern Europe continue to dictate regional outcomes.",Diplomatic / Political,2026-08-27,BBC News,United States,Eastern Europe
ART-11340,Civilian evacuation corridors established under international red cross mediation,"Humanitarian organizations coordinated temporary civilian safe-passage corridors to evacuate vulnerable elderly, women, and pediatric patients from active hostility perimeters. International observers monitored compliance to ensure unhindered transit for humanitarian convoys. Reporting from Egypt, diplomatic and local observers noted that recent strategic shifts in Eastern Europe continue to dictate regional outcomes.",Humanitarian Impact,2026-02-09,Nikkei Asia,Egypt,Eastern Europe
ART-11503,"Field hospitals face critical shortages of surgical anesthetics, electricity, and clean water","Medical relief organizations operating inside crisis sectors issued urgent distress alerts regarding depleted pharmaceuticals, damaged municipal water treatment facilities, and erratic generator fuel supplies necessary to maintain life-saving intensive care facilities. Reporting from Palestine, diplomatic and local observers noted that recent strategic shifts in Persian Gulf continue to dictate regional outcomes.",Humanitarian Impact,2026-03-04,BBC News,Palestine,Persian Gulf
ART-10212,Naval task force engages hostile drone boats near Germany territorial waters,"Naval destroyers deployed in international waters intercepted multiple unmanned explosive surface vessels attempting to strike maritime patrol assets. Military officials stated that defensive kinetic munitions neutralized the threat prior to vessel breach, sustaining combat deterrence across critical coastal zones. Reporting from Germany, diplomatic and local observers noted that recent strategic shifts in Persian Gulf continue to dictate regional outcomes.",Military Conflict,2026-05-16,Nikkei Asia,Germany,Persian Gulf
ART-11171,Central banks signal interest rate adjustments as geopolitical inflation pressures broaden,"Monetary policy committees convened to evaluate persistent macroeconomic shocks stemming from import price inflation and commodity supply friction. Financial market analysts revised benchmark interest rate trajectories as headline consumer price indices reflected elevated freight and producer input expenses. Reporting from Egypt, diplomatic and local observers noted that recent strategic shifts in South Asia continue to dictate regional outcomes.",Economic Impact,2026-07-11,Deutsche Welle,Egypt,South Asia
ART-11501,Refugee displacement crisis deepens as civilian populations flee contested border zones,"International humanitarian relief agencies reported that over 250,000 civilians have been displaced from conflict-affected frontier zones over recent weeks. Overcrowded temporary resettlement shelters face severe shortages of potable water, emergency medical supplies, and sanitation infrastructure. Reporting from Palestine, diplomatic and local observers noted that recent strategic shifts in East Asia continue to dictate regional outcomes.",Humanitarian Impact,2026-01-02,Reuters,Palestine,East Asia
ART-11032,Sovereign credit rating under review following capital flight and currency depreciation,"International credit rating agencies placed sovereign debt issuances on negative watch, citing widening fiscal deficits, rapid foreign reserve depletion, and heightened geopolitical risk premia. Domestic currency valuations experienced sharp depreciations against global reserve currencies. Reporting from Egypt, diplomatic and local observers noted that recent strategic shifts in Red Sea & Horn of Africa continue to dictate regional outcomes.",Economic Impact,2026-03-12,Bloomberg,Egypt,Red Sea & Horn of Africa
ART-10620,OPEC+ convenes emergency production quota meeting as geopolitical supply risks mount,"Petroleum export ministers gathered for extraordinary consultations to review crude output allocations and export facility vulnerabilities. Analysts highlighted that potential localized transit choke point disruptions threaten to strain spare production capacity across export terminals. Reporting from Ukraine, diplomatic and local observers noted that recent strategic shifts in Persian Gulf continue to dictate regional outcomes.",Energy Risk,2026-02-26,BBC News,Ukraine,Persian Gulf
ART-11130,Stock exchange volatility index spikes as investors seek safe-haven sovereign bonds and gold,"Equities across regional bourses recorded broad sell-offs, with industrial, aviation, and consumer discretionary shares leading declines. Capital allocators rotated liquidity into sovereign treasury securities, bullion, and cash equivalents amid heightened geopolitical uncertainty. Reporting from Iran, diplomatic and local observers noted that recent strategic shifts in Middle East continue to dictate regional outcomes.",Economic Impact,2026-02-26,Al Jazeera,Iran,Middle East
ART-10354,Regional coalition signs comprehensive non-aggression and diplomatic mediation pact,"Leaders of member states finalized a multilateral framework establishing joint diplomatic mediation channels, diplomatic consultation corridors, and bilateral confidence-building measures to prevent diplomatic estrangement across the alliance. Reporting from United States, diplomatic and local observers noted that recent strategic shifts in Red Sea & Horn of Africa continue to dictate regional outcomes.",Diplomatic / Political,2026-09-15,Associated Press,United States,Red Sea & Horn of Africa
ART-11388,"Field hospitals face critical shortages of surgical anesthetics, electricity, and clean water","Medical relief organizations operating inside crisis sectors issued urgent distress alerts regarding depleted pharmaceuticals, damaged municipal water treatment facilities, and erratic generator fuel supplies necessary to maintain life-saving intensive care facilities. Reporting from Poland, diplomatic and local observers noted that recent strategic shifts in Persian Gulf continue to dictate regional outcomes.",Humanitarian Impact,2026-05-01,Deutsche Welle,Poland,Persian Gulf
ART-10480,Parliamentary committee conducts emergency foreign policy debate on international accords,"Legislative leaders held intensive deliberations concerning diplomatic ratifications, treaty commitments, and international coalition partnerships. Government ministers reiterated diplomatic alignment while defending non-proliferation accords and diplomatic neutrality. Reporting from Palestine, diplomatic and local observers noted that recent strategic shifts in Middle East continue to dictate regional outcomes.",Diplomatic / Political,2026-09-01,Al Jazeera,Palestine,Middle East
ART-10812,Port congestion and customs clearance bottlenecks escalate across major container terminals,"Logistics operators reported severe berthing delays and freight dwell times exceeding historical averages across maritime gateway hubs. Freight forwarders cited vessel bunching, rail intermodal backlogs, and maritime rerouting schedules as compounding drivers of supply chain gridlock. Reporting from China, diplomatic and local observers noted that recent strategic shifts in Western Europe continue to dictate regional outcomes.",Trade & Shipping,2026-02-19,UN News,China,Western Europe
ART-11167,Sovereign credit rating under review following capital flight and currency depreciation,"International credit rating agencies placed sovereign debt issuances on negative watch, citing widening fiscal deficits, rapid foreign reserve depletion, and heightened geopolitical risk premia. Domestic currency valuations experienced sharp depreciations against global reserve currencies. Reporting from Poland, diplomatic and local observers noted that recent strategic shifts in East Asia continue to dictate regional outcomes.",Economic Impact,2026-03-07,Al Jazeera,Poland,East Asia
ART-11157,Sovereign credit rating under review following capital flight and currency depreciation,"International credit rating agencies placed sovereign debt issuances on negative watch, citing widening fiscal deficits, rapid foreign reserve depletion, and heightened geopolitical risk premia. Domestic currency valuations experienced sharp depreciations against global reserve currencies. Reporting from Taiwan, diplomatic and local observers noted that recent strategic shifts in East Asia continue to dictate regional outcomes.",Economic Impact,2026-02-25,Nikkei Asia,Taiwan,East Asia
ART-10514,Offshore drilling rig security heightened following regional maritime threat warnings,Deepwater exploration platforms operating in disputed maritime basins instituted enhanced exclusion zones and emergency evacuation drills. Energy corporations reported heightened maritime surveillance to safeguard critical liquefied natural gas terminals and offshore pipeline pumping stations.,Energy Risk,2026-04-04,BBC News,Taiwan,Eastern Europe
ART-10483,Ambassadorial recall and diplomatic protest notes delivered over treaty dispute,"Government officials formally summoned the resident ambassador and issued a stern diplomatic communique protesting recent policy shifts and border treaties. Ministry spokespersons emphasized diplomatic dialogue while recalling senior envoys for high-level foreign policy consultations. Reporting from Israel, diplomatic and local observers noted that recent strategic shifts in Red Sea & Horn of Africa continue to dictate regional outcomes.",Diplomatic / Political,2026-03-04,Wall Street Journal,Israel,Red Sea & Horn of Africa
ART-11423,"Field hospitals face critical shortages of surgical anesthetics, electricity, and clean water","Medical relief organizations operating inside crisis sectors issued urgent distress alerts regarding depleted pharmaceuticals, damaged municipal water treatment facilities, and erratic generator fuel supplies necessary to maintain life-saving intensive care facilities. Reporting from Palestine, diplomatic and local observers noted that recent strategic shifts in Eastern Europe continue to dictate regional outcomes.",Humanitarian Impact,2026-04-08,UN News,Palestine,Eastern Europe
ART-10355,Parliamentary committee conducts emergency foreign policy debate on international accords,"Legislative leaders held intensive deliberations concerning diplomatic ratifications, treaty commitments, and international coalition partnerships. Government ministers reiterated diplomatic alignment while defending non-proliferation accords and diplomatic neutrality. Reporting from United Kingdom, diplomatic and local observers noted that recent strategic shifts in Middle East continue to dictate regional outcomes.",Diplomatic / Political,2026-01-16,Financial Times,United Kingdom,Middle East
ART-10149,Border skirmish escalates with armor deployment and infantry engagements,"Tensions surged following armed skirmishes along the demarcation perimeter involving heavy mechanized infantry and mortar barrages. Both regional militaries issued conflicting claims regarding rules of engagement violations as reinforced defensive trenches exchanged active small arms and artillery fire. Reporting from Taiwan, diplomatic and local observers noted that recent strategic shifts in North America continue to dictate regional outcomes.",Military Conflict,2026-05-09,Wall Street Journal,Taiwan,North America
ART-11234,Manufacturing purchasing managers index drops into contraction territory,"National manufacturing indices slumped below the critical 50-point threshold, signaling industrial output contraction across export-oriented sectors. Factory managers reported elevated input acquisition costs, backlog accumulation, and declining international export orders. Reporting from Poland, diplomatic and local observers noted that recent strategic shifts in Persian Gulf continue to dictate regional outcomes.",Economic Impact,2026-07-18,Bloomberg,Poland,Persian Gulf
ART-10855,Air freight cargo rates spike as commercial shippers seek alternatives to ocean freight lanes,"Aviation logistics carriers reported an unprecedented surge in charter demand for urgent transcontinental air cargo, driven by persistent maritime shipping route disruptions. Freight indices registered double-digit increases in air cargo ton-mile rates for priority industrial freight. Reporting from Iran, diplomatic and local observers noted that recent strategic shifts in South Asia continue to dictate regional outcomes.",Trade & Shipping,2026-09-06,Deutsche Welle,Iran,South Asia
ART-10935,Air freight cargo rates spike as commercial shippers seek alternatives to ocean freight lanes,"Aviation logistics carriers reported an unprecedented surge in charter demand for urgent transcontinental air cargo, driven by persistent maritime shipping route disruptions. Freight indices registered double-digit increases in air cargo ton-mile rates for priority industrial freight. Reporting from Germany, diplomatic and local observers noted that recent strategic shifts in Western Europe continue to dictate regional outcomes.",Trade & Shipping,2026-08-02,Nikkei Asia,Germany,Western Europe
ART-10488,Ambassadorial recall and diplomatic protest notes delivered over treaty dispute,"Government officials formally summoned the resident ambassador and issued a stern diplomatic communique protesting recent policy shifts and border treaties. Ministry spokespersons emphasized diplomatic dialogue while recalling senior envoys for high-level foreign policy consultations. Reporting from Ukraine, diplomatic and local observers noted that recent strategic shifts in Western Europe continue to dictate regional outcomes.",Diplomatic / Political,2026-08-09,Associated Press,Ukraine,Western Europe
ART-11059,Manufacturing purchasing managers index drops into contraction territory,"National manufacturing indices slumped below the critical 50-point threshold, signaling industrial output contraction across export-oriented sectors. Factory managers reported elevated input acquisition costs, backlog accumulation, and declining international export orders. Reporting from Palestine, diplomatic and local observers noted that recent strategic shifts in Persian Gulf continue to dictate regional outcomes.",Economic Impact,2026-03-11,Bloomberg,Palestine,Persian Gulf
ART-10646,Strait of Hormuz transit tensions spark crude oil and LNG supply disruptions,"Heightened naval alerts near critical energy choke points triggered immediate volatility across global benchmark crude contracts. Tanker charter operators raised war risk insurance premiums as energy intelligence analysts cautioned that maritime route interdictions could constrain daily flows of crude oil, refined distillates, and liquefied natural gas (LNG). Reporting from Saudi Arabia, diplomatic and local observers noted that recent strategic shifts in South Asia continue to dictate regional outcomes.",Energy Risk,2026-01-24,Reuters,Saudi Arabia,South Asia
ART-10895,Air freight cargo rates spike as commercial shippers seek alternatives to ocean freight lanes,"Aviation logistics carriers reported an unprecedented surge in charter demand for urgent transcontinental air cargo, driven by persistent maritime shipping route disruptions. Freight indices registered double-digit increases in air cargo ton-mile rates for priority industrial freight. Reporting from Ukraine, diplomatic and local observers noted that recent strategic shifts in Middle East continue to dictate regional outcomes.",Trade & Shipping,2026-04-18,Wall Street Journal,Ukraine,Middle East
ART-10802,Port congestion and customs clearance bottlenecks escalate across major container terminals,"Logistics operators reported severe berthing delays and freight dwell times exceeding historical averages across maritime gateway hubs. Freight forwarders cited vessel bunching, rail intermodal backlogs, and maritime rerouting schedules as compounding drivers of supply chain gridlock. Reporting from Egypt, diplomatic and local observers noted that recent strategic shifts in South Asia continue to dictate regional outcomes.",Trade & Shipping,2026-01-09,Financial Times,Egypt,South Asia
ART-10364,Regional coalition signs comprehensive non-aggression and diplomatic mediation pact,"Leaders of member states finalized a multilateral framework establishing joint diplomatic mediation channels, diplomatic consultation corridors, and bilateral confidence-building measures to prevent diplomatic estrangement across the alliance. Reporting from Ukraine, diplomatic and local observers noted that recent strategic shifts in Western Europe continue to dictate regional outcomes.",Diplomatic / Political,2026-01-25,Financial Times,Ukraine,Western Europe
ART-11068,Foreign direct investment inflows contract sharply amid cross-border geopolitical instability,"Economic development ministries reported a significant deceleration in cross-border capital expenditures and joint venture investments. Corporate treasuries cited regulatory uncertainty, sovereign risk premia, and supply network vulnerabilities as key deterrents to long-term capital allocation. Reporting from Poland, diplomatic and local observers noted that recent strategic shifts in North America continue to dictate regional outcomes.",Economic Impact,2026-03-20,BBC News,Poland,North America
ART-11168,Foreign direct investment inflows contract sharply amid cross-border geopolitical instability,"Economic development ministries reported a significant deceleration in cross-border capital expenditures and joint venture investments. Corporate treasuries cited regulatory uncertainty, sovereign risk premia, and supply network vulnerabilities as key deterrents to long-term capital allocation. Reporting from Iran, diplomatic and local observers noted that recent strategic shifts in Western Europe continue to dictate regional outcomes.",Economic Impact,2026-04-08,Associated Press,Iran,Western Europe
ART-11199,Manufacturing purchasing managers index drops into contraction territory,"National manufacturing indices slumped below the critical 50-point threshold, signaling industrial output contraction across export-oriented sectors. Factory managers reported elevated input acquisition costs, backlog accumulation, and declining international export orders. Reporting from China, diplomatic and local observers noted that recent strategic shifts in East Asia continue to dictate regional outcomes.",Economic Impact,2026-08-11,Financial Times,China,East Asia
ART-10689,Offshore drilling rig security heightened following regional maritime threat warnings,"Deepwater exploration platforms operating in disputed maritime basins instituted enhanced exclusion zones and emergency evacuation drills. Energy corporations reported heightened maritime surveillance to safeguard critical liquefied natural gas terminals and offshore pipeline pumping stations. Reporting from Russia, diplomatic and local observers noted that recent strategic shifts in South Asia continue to dictate regional outcomes.",Energy Risk,2026-08-11,UN News,Russia,South Asia
ART-10955,Air freight cargo rates spike as commercial shippers seek alternatives to ocean freight lanes,"Aviation logistics carriers reported an unprecedented surge in charter demand for urgent transcontinental air cargo, driven by persistent maritime shipping route disruptions. Freight indices registered double-digit increases in air cargo ton-mile rates for priority industrial freight. Reporting from Ukraine, diplomatic and local observers noted that recent strategic shifts in Western Europe continue to dictate regional outcomes.",Trade & Shipping,2026-01-22,UN News,Ukraine,Western Europe
ART-10865,Air freight cargo rates spike as commercial shippers seek alternatives to ocean freight lanes,"Aviation logistics carriers reported an unprecedented surge in charter demand for urgent transcontinental air cargo, driven by persistent maritime shipping route disruptions. Freight indices registered double-digit increases in air cargo ton-mile rates for priority industrial freight. Reporting from Russia, diplomatic and local observers noted that recent strategic shifts in Western Europe continue to dictate regional outcomes.",Trade & Shipping,2026-01-16,Reuters,Russia,Western Europe
ART-11210,Stock exchange volatility index spikes as investors seek safe-haven sovereign bonds and gold,"Equities across regional bourses recorded broad sell-offs, with industrial, aviation, and consumer discretionary shares leading declines. Capital allocators rotated liquidity into sovereign treasury securities, bullion, and cash equivalents amid heightened geopolitical uncertainty. Reporting from Palestine, diplomatic and local observers noted that recent strategic shifts in Middle East continue to dictate regional outcomes.",Economic Impact,2026-01-22,Al Jazeera,Palestine,Middle East
ART-11227,Sovereign credit rating under review following capital flight and currency depreciation,"International credit rating agencies placed sovereign debt issuances on negative watch, citing widening fiscal deficits, rapid foreign reserve depletion, and heightened geopolitical risk premia. Domestic currency valuations experienced sharp depreciations against global reserve currencies. Reporting from United Kingdom, diplomatic and local observers noted that recent strategic shifts in South Asia continue to dictate regional outcomes.",Economic Impact,2026-09-11,Associated Press,United Kingdom,South Asia
ART-10238,Airstrikes strike strategic command centers and ammunition depots in Palestine,"Fighter aircraft launched precision-guided ordnance targeting key military logistics hubs, radar installations, and tactical weapons caches near strategic sectors of Palestine. Satellite reconnaissance verified structural destruction, while armed forces declared immediate airspace closure and defensive mobilization. Reporting from Palestine, diplomatic and local observers noted that recent strategic shifts in North America continue to dictate regional outcomes.",Military Conflict,2026-04-14,Deutsche Welle,Palestine,North America
ART-10095,Ballistic missile interceptor systems activated amid regional military escalation,"Air defense batteries engaged multiple incoming medium-range ballistic trajectories targeting military infrastructure. Defense ministries confirmed that surface-to-air missile batteries intercepted projectiles mid-course, placing joint task forces on maximum tactical readiness status. Reporting from Egypt, diplomatic and local observers noted that recent strategic shifts in South Asia continue to dictate regional outcomes.",Military Conflict,2026-05-11,Bloomberg,Egypt,South Asia
ART-10857,Port congestion and customs clearance bottlenecks escalate across major container terminals,"Logistics operators reported severe berthing delays and freight dwell times exceeding historical averages across maritime gateway hubs. Freight forwarders cited vessel bunching, rail intermodal backlogs, and maritime rerouting schedules as compounding drivers of supply chain gridlock. Reporting from Palestine, diplomatic and local observers noted that recent strategic shifts in Red Sea & Horn of Africa continue to dictate regional outcomes.",Trade & Shipping,2026-02-08,Al Jazeera,Palestine,Red Sea & Horn of Africa
ART-10939,Bulk carrier grain vessels delayed as maritime safety inspection protocols expand,"Commercial maritime registries reported prolonged anchorage delays for dry bulk freighters awaiting safe passage clearances through designated maritime corridors. Insurers revised hull and cargo coverage stipulations, impacting export contract fulfillment for agricultural cargoes. Reporting from Russia, diplomatic and local observers noted that recent strategic shifts in North America continue to dictate regional outcomes.",Trade & Shipping,2026-03-06,Nikkei Asia,Russia,North America
ART-10064,Border skirmish escalates with armor deployment and infantry engagements,"Tensions surged following armed skirmishes along the demarcation perimeter involving heavy mechanized infantry and mortar barrages. Both regional militaries issued conflicting claims regarding rules of engagement violations as reinforced defensive trenches exchanged active small arms and artillery fire. Reporting from Germany, diplomatic and local observers noted that recent strategic shifts in North America continue to dictate regional outcomes.",Military Conflict,2026-01-08,Wall Street Journal,Germany,North America
ART-10366,High-level bilateral diplomatic summit convenes in effort to de-escalate tensions,"Foreign ministers and strategic envoys met for emergency multilateral negotiations aimed at formulating a comprehensive ceasefire framework and de-escalation roadmap. Delegations engaged in protracted closed-door diplomatic talks regarding border demilitarization and treaty adherence. Reporting from United States, diplomatic and local observers noted that recent strategic shifts in Eastern Europe continue to dictate regional outcomes.",Diplomatic / Political,2026-03-27,Bloomberg,United States,Eastern Europe
ART-10642,Major natural gas pipeline flow throttled amid geopolitical transit disagreements,"Subsea pipeline monitoring stations recorded a sharp 35% reduction in natural gas transit volumes following regulatory and political disputes between transit nations. Energy ministers warned industrial consumers of potential supply rationing and power grid balancing interventions ahead of winter reserve replenishment. Reporting from Saudi Arabia, diplomatic and local observers noted that recent strategic shifts in Persian Gulf continue to dictate regional outcomes.",Energy Risk,2026-06-20,Associated Press,Saudi Arabia,Persian Gulf
ART-11392,United Nations launches emergency humanitarian relief appeal for food aid and medical shelter,"Humanitarian coordinators formally issued a multilateral funding appeal seeking urgent donor contributions to support frontline field clinics and nutritional distribution hubs. Aid convoys reported severe logistical hurdles attempting to deliver relief supplies to isolated civilian corridors. Reporting from Iran, diplomatic and local observers noted that recent strategic shifts in East Asia continue to dictate regional outcomes.",Humanitarian Impact,2026-09-05,BBC News,Iran,East Asia
ART-11501,Refugee displacement crisis deepens as civilian populations flee contested border zones,"International humanitarian relief agencies reported that over 250,000 civilians have been displaced from conflict-affected frontier zones over recent weeks. Overcrowded temporary resettlement shelters face severe shortages of potable water, emergency medical supplies, and sanitation infrastructure. Reporting from Palestine, diplomatic and local observers noted that recent strategic shifts in East Asia continue to dictate regional outcomes.",Humanitarian Impact,2026-01-02,Reuters,Palestine,East Asia
ART-11066,Central banks signal interest rate adjustments as geopolitical inflation pressures broaden,"Monetary policy committees convened to evaluate persistent macroeconomic shocks stemming from import price inflation and commodity supply friction. Financial market analysts revised benchmark interest rate trajectories as headline consumer price indices reflected elevated freight and producer input expenses. Reporting from Russia, diplomatic and local observers noted that recent strategic shifts in North America continue to dictate regional outcomes.",Economic Impact,2026-01-18,Wall Street Journal,Russia,North America
ART-10622,Major natural gas pipeline flow throttled amid geopolitical transit disagreements,"Subsea pipeline monitoring stations recorded a sharp 35% reduction in natural gas transit volumes following regulatory and political disputes between transit nations. Energy ministers warned industrial consumers of potential supply rationing and power grid balancing interventions ahead of winter reserve replenishment. Reporting from Taiwan, diplomatic and local observers noted that recent strategic shifts in North America continue to dictate regional outcomes.",Energy Risk,2026-04-28,Nikkei Asia,Taiwan,North America
ART-10924,Bulk carrier grain vessels delayed as maritime safety inspection protocols expand,"Commercial maritime registries reported prolonged anchorage delays for dry bulk freighters awaiting safe passage clearances through designated maritime corridors. Insurers revised hull and cargo coverage stipulations, impacting export contract fulfillment for agricultural cargoes. Reporting from Palestine, diplomatic and local observers noted that recent strategic shifts in East Asia continue to dictate regional outcomes.",Trade & Shipping,2026-06-19,Associated Press,Palestine,East Asia
ART-11215,Stock exchange volatility index spikes as investors seek safe-haven sovereign bonds and gold,"Equities across regional bourses recorded broad sell-offs, with industrial, aviation, and consumer discretionary shares leading declines. Capital allocators rotated liquidity into sovereign treasury securities, bullion, and cash equivalents amid heightened geopolitical uncertainty. Reporting from Poland, diplomatic and local observers noted that recent strategic shifts in Red Sea & Horn of Africa continue to dictate regional outcomes.",Economic Impact,2026-06-27,Wall Street Journal,Poland,Red Sea & Horn of Africa
ART-11416,Refugee displacement crisis deepens as civilian populations flee contested border zones,"International humanitarian relief agencies reported that over 250,000 civilians have been displaced from conflict-affected frontier zones over recent weeks. Overcrowded temporary resettlement shelters face severe shortages of potable water, emergency medical supplies, and sanitation infrastructure. Reporting from Germany, diplomatic and local observers noted that recent strategic shifts in Red Sea & Horn of Africa continue to dictate regional outcomes.",Humanitarian Impact,2026-06-01,Wall Street Journal,Germany,Red Sea & Horn of Africa
ART-11315,Civilian evacuation corridors established under international red cross mediation,"Humanitarian organizations coordinated temporary civilian safe-passage corridors to evacuate vulnerable elderly, women, and pediatric patients from active hostility perimeters. International observers monitored compliance to ensure unhindered transit for humanitarian convoys. Reporting from China, diplomatic and local observers noted that recent strategic shifts in Eastern Europe continue to dictate regional outcomes.",Humanitarian Impact,2026-04-12,BBC News,China,Eastern Europe
ART-11218,Foreign direct investment inflows contract sharply amid cross-border geopolitical instability,"Economic development ministries reported a significant deceleration in cross-border capital expenditures and joint venture investments. Corporate treasuries cited regulatory uncertainty, sovereign risk premia, and supply network vulnerabilities as key deterrents to long-term capital allocation. Reporting from Poland, diplomatic and local observers noted that recent strategic shifts in East Asia continue to dictate regional outcomes.",Economic Impact,2026-09-02,Associated Press,Poland,East Asia
ART-11291,Refugee displacement crisis deepens as civilian populations flee contested border zones,"International humanitarian relief agencies reported that over 250,000 civilians have been displaced from conflict-affected frontier zones over recent weeks. Overcrowded temporary resettlement shelters face severe shortages of potable water, emergency medical supplies, and sanitation infrastructure. Reporting from China, diplomatic and local observers noted that recent strategic shifts in North America continue to dictate regional outcomes.",Humanitarian Impact,2026-07-16,Financial Times,China,North America
ART-10710,OPEC+ convenes emergency production quota meeting as geopolitical supply risks mount,"Petroleum export ministers gathered for extraordinary consultations to review crude output allocations and export facility vulnerabilities. Analysts highlighted that potential localized transit choke point disruptions threaten to strain spare production capacity across export terminals. Reporting from China, diplomatic and local observers noted that recent strategic shifts in North America continue to dictate regional outcomes.",Energy Risk,2026-02-04,Al Jazeera,China,North America
ART-11324,Disrupted municipal power grids and water filtration plants jeopardize civilian public health,"Public health authorities warned of escalating waterborne disease outbreaks after sustained infrastructure damage crippled municipal water purification networks and electrical sub-stations. Emergency relief teams deployed portable purification modules to mitigate sanitary hazards. Reporting from Germany, diplomatic and local observers noted that recent strategic shifts in Middle East continue to dictate regional outcomes.",Humanitarian Impact,2026-04-21,Bloomberg,Germany,Middle East
ART-10760,OPEC+ convenes emergency production quota meeting as geopolitical supply risks mount,"Petroleum export ministers gathered for extraordinary consultations to review crude output allocations and export facility vulnerabilities. Analysts highlighted that potential localized transit choke point disruptions threaten to strain spare production capacity across export terminals. Reporting from China, diplomatic and local observers noted that recent strategic shifts in Red Sea & Horn of Africa continue to dictate regional outcomes.",Energy Risk,2026-07-26,Al Jazeera,China,Red Sea & Horn of Africa
ART-10285,Parliamentary committee conducts emergency foreign policy debate on international accords,"Legislative leaders held intensive deliberations concerning diplomatic ratifications, treaty commitments, and international coalition partnerships. Government ministers reiterated diplomatic alignment while defending non-proliferation accords and diplomatic neutrality. Reporting from United States, diplomatic and local observers noted that recent strategic shifts in North America continue to dictate regional outcomes.",Diplomatic / Political,2026-03-02,BBC News,United States,North America
ART-10874,Bulk carrier grain vessels delayed as maritime safety inspection protocols expand,"Commercial maritime registries reported prolonged anchorage delays for dry bulk freighters awaiting safe passage clearances through designated maritime corridors. Insurers revised hull and cargo coverage stipulations, impacting export contract fulfillment for agricultural cargoes. Reporting from Palestine, diplomatic and local observers noted that recent strategic shifts in South Asia continue to dictate regional outcomes.",Trade & Shipping,2026-01-25,Nikkei Asia,Palestine,South Asia
ART-10867,Port congestion and customs clearance bottlenecks escalate across major container terminals,"Logistics operators reported severe berthing delays and freight dwell times exceeding historical averages across maritime gateway hubs. Freight forwarders cited vessel bunching, rail intermodal backlogs, and maritime rerouting schedules as compounding drivers of supply chain gridlock. Reporting from India, diplomatic and local observers noted that recent strategic shifts in Persian Gulf continue to dictate regional outcomes.",Trade & Shipping,2026-03-18,UN News,India,Persian Gulf
ART-11450,Civilian evacuation corridors established under international red cross mediation,"Humanitarian organizations coordinated temporary civilian safe-passage corridors to evacuate vulnerable elderly, women, and pediatric patients from active hostility perimeters. International observers monitored compliance to ensure unhindered transit for humanitarian convoys. Reporting from Israel, diplomatic and local observers noted that recent strategic shifts in South Asia continue to dictate regional outcomes.",Humanitarian Impact,2026-04-07,Nikkei Asia,Israel,South Asia
ART-10691,Strait of Hormuz transit tensions spark crude oil and LNG supply disruptions,"Heightened naval alerts near critical energy choke points triggered immediate volatility across global benchmark crude contracts. Tanker charter operators raised war risk insurance premiums as energy intelligence analysts cautioned that maritime route interdictions could constrain daily flows of crude oil, refined distillates, and liquefied natural gas (LNG). Reporting from Egypt, diplomatic and local observers noted that recent strategic shifts in North America continue to dictate regional outcomes.",Energy Risk,2026-01-13,Wall Street Journal,Egypt,North America
ART-11439,Disrupted municipal power grids and water filtration plants jeopardize civilian public health,"Public health authorities warned of escalating waterborne disease outbreaks after sustained infrastructure damage crippled municipal water purification networks and electrical sub-stations. Emergency relief teams deployed portable purification modules to mitigate sanitary hazards. Reporting from Egypt, diplomatic and local observers noted that recent strategic shifts in Middle East continue to dictate regional outcomes.",Humanitarian Impact,2026-02-24,Deutsche Welle,Egypt,Middle East
ART-11462,United Nations launches emergency humanitarian relief appeal for food aid and medical shelter,"Humanitarian coordinators formally issued a multilateral funding appeal seeking urgent donor contributions to support frontline field clinics and nutritional distribution hubs. Aid convoys reported severe logistical hurdles attempting to deliver relief supplies to isolated civilian corridors. Reporting from China, diplomatic and local observers noted that recent strategic shifts in Red Sea & Horn of Africa continue to dictate regional outcomes.",Humanitarian Impact,2026-07-19,BBC News,China,Red Sea & Horn of Africa
ART-10336,High-level bilateral diplomatic summit convenes in effort to de-escalate tensions,"Foreign ministers and strategic envoys met for emergency multilateral negotiations aimed at formulating a comprehensive ceasefire framework and de-escalation roadmap. Delegations engaged in protracted closed-door diplomatic talks regarding border demilitarization and treaty adherence. Reporting from Ukraine, diplomatic and local observers noted that recent strategic shifts in South Asia continue to dictate regional outcomes.",Diplomatic / Political,2026-09-25,Nikkei Asia,Ukraine,South Asia
ART-11356,Refugee displacement crisis deepens as civilian populations flee contested border zones,"International humanitarian relief agencies reported that over 250,000 civilians have been displaced from conflict-affected frontier zones over recent weeks. Overcrowded temporary resettlement shelters face severe shortages of potable water, emergency medical supplies, and sanitation infrastructure. Reporting from Yemen, diplomatic and local observers noted that recent strategic shifts in Western Europe continue to dictate regional outcomes.",Humanitarian Impact,2026-09-25,BBC News,Yemen,Western Europe
ART-10962,Port congestion and customs clearance bottlenecks escalate across major container terminals,"Logistics operators reported severe berthing delays and freight dwell times exceeding historical averages across maritime gateway hubs. Freight forwarders cited vessel bunching, rail intermodal backlogs, and maritime rerouting schedules as compounding drivers of supply chain gridlock. Reporting from Ukraine, diplomatic and local observers noted that recent strategic shifts in Eastern Europe continue to dictate regional outcomes.",Trade & Shipping,2026-08-01,Reuters,Ukraine,Eastern Europe
ART-10203,Airstrikes strike strategic command centers and ammunition depots in Germany,"Fighter aircraft launched precision-guided ordnance targeting key military logistics hubs, radar installations, and tactical weapons caches near strategic sectors of Germany. Satellite reconnaissance verified structural destruction, while armed forces declared immediate airspace closure and defensive mobilization. Reporting from Germany, diplomatic and local observers noted that recent strategic shifts in South Asia continue to dictate regional outcomes.",Military Conflict,2026-05-07,BBC News,Germany,South Asia
ART-10813,Bilateral tariff escalation and trade export controls enacted on critical components,"Commerce departments imposed sweeping customs tariffs and export license restrictions on key industrial raw materials and advanced components. Trade chambers expressed alarm over compliance costs and international supply chain fragmentation affecting bilateral trade volumes. Reporting from United States, diplomatic and local observers noted that recent strategic shifts in North America continue to dictate regional outcomes.",Trade & Shipping,2026-03-20,BBC News,United States,North America
ART-10790,Air freight cargo rates spike as commercial shippers seek alternatives to ocean freight lanes,"Aviation logistics carriers reported an unprecedented surge in charter demand for urgent transcontinental air cargo, driven by persistent maritime shipping route disruptions. Freight indices registered double-digit increases in air cargo ton-mile rates for priority industrial freight. Reporting from Iran, diplomatic and local observers noted that recent strategic shifts in North America continue to dictate regional outcomes.",Trade & Shipping,2026-07-25,Wall Street Journal,Iran,North America
ART-10231,Artillery and drone strikes intensify along Persian Gulf frontline,"Heavy military bombardment and tactical drone warfare escalated across the Persian Gulf border overnight. Military defense commands confirmed multiple interceptor missile launches and sustained counter-battery fire. Ground forces mobilized armored divisions in response to cross-border incursions, leading to heightened combat alert status throughout contested defensive perimeters. Reporting from Sudan, diplomatic and local observers noted that recent strategic shifts in Persian Gulf continue to dictate regional outcomes.",Military Conflict,2026-06-07,Wall Street Journal,Sudan,Persian Gulf
ART-11307,United Nations launches emergency humanitarian relief appeal for food aid and medical shelter,"Humanitarian coordinators formally issued a multilateral funding appeal seeking urgent donor contributions to support frontline field clinics and nutritional distribution hubs. Aid convoys reported severe logistical hurdles attempting to deliver relief supplies to isolated civilian corridors. Reporting from China, diplomatic and local observers noted that recent strategic shifts in East Asia continue to dictate regional outcomes.",Humanitarian Impact,2026-05-04,Nikkei Asia,China,East Asia
ART-10679,Offshore drilling rig security heightened following regional maritime threat warnings,"Deepwater exploration platforms operating in disputed maritime basins instituted enhanced exclusion zones and emergency evacuation drills. Energy corporations reported heightened maritime surveillance to safeguard critical liquefied natural gas terminals and offshore pipeline pumping stations. Reporting from Saudi Arabia, diplomatic and local observers noted that recent strategic shifts in Persian Gulf continue to dictate regional outcomes.",Energy Risk,2026-07-01,Associated Press,Saudi Arabia,Persian Gulf
ART-11217,Sovereign credit rating under review following capital flight and currency depreciation,"International credit rating agencies placed sovereign debt issuances on negative watch, citing widening fiscal deficits, rapid foreign reserve depletion, and heightened geopolitical risk premia. Domestic currency valuations experienced sharp depreciations against global reserve currencies. Reporting from Ukraine, diplomatic and local observers noted that recent strategic shifts in Middle East continue to dictate regional outcomes.",Economic Impact,2026-08-01,Associated Press,Ukraine,Middle East
ART-10686,Strait of Hormuz transit tensions spark crude oil and LNG supply disruptions,"Heightened naval alerts near critical energy choke points triggered immediate volatility across global benchmark crude contracts. Tanker charter operators raised war risk insurance premiums as energy intelligence analysts cautioned that maritime route interdictions could constrain daily flows of crude oil, refined distillates, and liquefied natural gas (LNG). Reporting from Israel, diplomatic and local observers noted that recent strategic shifts in Eastern Europe continue to dictate regional outcomes.",Energy Risk,2026-05-08,UN News,Israel,Eastern Europe
ART-10776,Container shipping carriers divert cargo fleets around Cape of Good Hope amid maritime threats,"Major international ocean carriers announced sweeping rerouting orders, diverting container vessels around the African continent to bypass hazardous maritime corridors. The maritime diversion adds 10 to 14 days to standard transit times, tightening vessel capacity, delaying container turnaround times, and triggering sharp increases in global container spot freight rates. Reporting from Palestine, diplomatic and local observers noted that recent strategic shifts in North America continue to dictate regional outcomes.",Trade & Shipping,2026-02-11,Financial Times,Palestine,North America
ART-10983,Bilateral tariff escalation and trade export controls enacted on critical components,"Commerce departments imposed sweeping customs tariffs and export license restrictions on key industrial raw materials and advanced components. Trade chambers expressed alarm over compliance costs and international supply chain fragmentation affecting bilateral trade volumes. Reporting from China, diplomatic and local observers noted that recent strategic shifts in North America continue to dictate regional outcomes.",Trade & Shipping,2026-02-22,Wall Street Journal,China,North America
ART-11095,Stock exchange volatility index spikes as investors seek safe-haven sovereign bonds and gold,"Equities across regional bourses recorded broad sell-offs, with industrial, aviation, and consumer discretionary shares leading declines. Capital allocators rotated liquidity into sovereign treasury securities, bullion, and cash equivalents amid heightened geopolitical uncertainty. Reporting from Russia, diplomatic and local observers noted that recent strategic shifts in East Asia continue to dictate regional outcomes.",Economic Impact,2026-03-19,Associated Press,Russia,East Asia
ART-10880,Air freight cargo rates spike as commercial shippers seek alternatives to ocean freight lanes,"Aviation logistics carriers reported an unprecedented surge in charter demand for urgent transcontinental air cargo, driven by persistent maritime shipping route disruptions. Freight indices registered double-digit increases in air cargo ton-mile rates for priority industrial freight. Reporting from China, diplomatic and local observers noted that recent strategic shifts in Red Sea & Horn of Africa continue to dictate regional outcomes.",Trade & Shipping,2026-07-03,Deutsche Welle,China,Red Sea & Horn of Africa
ART-10233,Airstrikes strike strategic command centers and ammunition depots in Russia,"Fighter aircraft launched precision-guided ordnance targeting key military logistics hubs, radar installations, and tactical weapons caches near strategic sectors of Russia. Satellite reconnaissance verified structural destruction, while armed forces declared immediate airspace closure and defensive mobilization. Reporting from Russia, diplomatic and local observers noted that recent strategic shifts in South Asia continue to dictate regional outcomes.",Military Conflict,2026-08-09,Wall Street Journal,Russia,South Asia
ART-10663,Strategic petroleum reserve release weighed as refinery feedstock prices surge,"Energy authorities initiated contingency consultations regarding synchronized drawdowns from strategic oil reserves following regional energy infrastructure disruptions. Brent crude spot rates surged as market participants priced in persistent refinery feedstock shortages and pipeline outages. Reporting from Ukraine, diplomatic and local observers noted that recent strategic shifts in South Asia continue to dictate regional outcomes.",Energy Risk,2026-09-13,UN News,Ukraine,South Asia
ART-11110,Stock exchange volatility index spikes as investors seek safe-haven sovereign bonds and gold,"Equities across regional bourses recorded broad sell-offs, with industrial, aviation, and consumer discretionary shares leading declines. Capital allocators rotated liquidity into sovereign treasury securities, bullion, and cash equivalents amid heightened geopolitical uncertainty. Reporting from United Kingdom, diplomatic and local observers noted that recent strategic shifts in Eastern Europe continue to dictate regional outcomes.",Economic Impact,2026-09-06,Deutsche Welle,United Kingdom,Eastern Europe
ART-11526,Refugee displacement crisis deepens as civilian populations flee contested border zones,"International humanitarian relief agencies reported that over 250,000 civilians have been displaced from conflict-affected frontier zones over recent weeks. Overcrowded temporary resettlement shelters face severe shortages of potable water, emergency medical supplies, and sanitation infrastructure. Reporting from Sudan, diplomatic and local observers noted that recent strategic shifts in Red Sea & Horn of Africa continue to dictate regional outcomes.",Humanitarian Impact,2026-08-27,Financial Times,Sudan,Red Sea & Horn of Africa
ART-10342,United Nations Security Council debates draft resolution on sovereignty and border protocols,"Diplomats at the UN Headquarters convened an emergency session to deliberate a multilateral resolution addressing territorial sovereignty, diplomatic immunity, and international arbitration. Key permanent members presented competing revisions concerning compliance verification and peacekeeper mandates. Reporting from Sudan, diplomatic and local observers noted that recent strategic shifts in North America continue to dictate regional outcomes.",Diplomatic / Political,2026-06-03,Associated Press,Sudan,North America
ART-10909,Bulk carrier grain vessels delayed as maritime safety inspection protocols expand,"Commercial maritime registries reported prolonged anchorage delays for dry bulk freighters awaiting safe passage clearances through designated maritime corridors. Insurers revised hull and cargo coverage stipulations, impacting export contract fulfillment for agricultural cargoes. Reporting from Sudan, diplomatic and local observers noted that recent strategic shifts in Red Sea & Horn of Africa continue to dictate regional outcomes.",Trade & Shipping,2026-09-04,UN News,Sudan,Red Sea & Horn of Africa
ART-10133,Airstrikes strike strategic command centers and ammunition depots in Saudi Arabia,"Fighter aircraft launched precision-guided ordnance targeting key military logistics hubs, radar installations, and tactical weapons caches near strategic sectors of Saudi Arabia. Satellite reconnaissance verified structural destruction, while armed forces declared immediate airspace closure and defensive mobilization. Reporting from Saudi Arabia, diplomatic and local observers noted that recent strategic shifts in Middle East continue to dictate regional outcomes.",Military Conflict,2026-07-21,Al Jazeera,Saudi Arabia,Middle East
ART-10968,Bilateral tariff escalation and trade export controls enacted on critical components,"Commerce departments imposed sweeping customs tariffs and export license restrictions on key industrial raw materials and advanced components. Trade chambers expressed alarm over compliance costs and international supply chain fragmentation affecting bilateral trade volumes. Reporting from United States, diplomatic and local observers noted that recent strategic shifts in Middle East continue to dictate regional outcomes.",Trade & Shipping,2026-05-07,Deutsche Welle,United States,Middle East
ART-11466,Refugee displacement crisis deepens as civilian populations flee contested border zones,"International humanitarian relief agencies reported that over 250,000 civilians have been displaced from conflict-affected frontier zones over recent weeks. Overcrowded temporary resettlement shelters face severe shortages of potable water, emergency medical supplies, and sanitation infrastructure. Reporting from Saudi Arabia, diplomatic and local observers noted that recent strategic shifts in Middle East continue to dictate regional outcomes.",Humanitarian Impact,2026-02-23,Nikkei Asia,Saudi Arabia,Middle East
ART-10344,Regional coalition signs comprehensive non-aggression and diplomatic mediation pact,"Leaders of member states finalized a multilateral framework establishing joint diplomatic mediation channels, diplomatic consultation corridors, and bilateral confidence-building measures to prevent diplomatic estrangement across the alliance. Reporting from Sudan, diplomatic and local observers noted that recent strategic shifts in Persian Gulf continue to dictate regional outcomes.",Diplomatic / Political,2026-08-05,Associated Press,Sudan,Persian Gulf
ART-10522,Major natural gas pipeline flow throttled amid geopolitical transit disagreements,"Subsea pipeline monitoring stations recorded a sharp 35% reduction in natural gas transit volumes following regulatory and political disputes between transit nations. Energy ministers warned industrial consumers of potential supply rationing and power grid balancing interventions ahead of winter reserve replenishment. Reporting from Poland, diplomatic and local observers noted that recent strategic shifts in Western Europe continue to dictate regional outcomes.",Energy Risk,2026-03-12,Nikkei Asia,Poland,Western Europe
ART-10255,Ballistic missile interceptor systems activated amid regional military escalation,"Air defense batteries engaged multiple incoming medium-range ballistic trajectories targeting military infrastructure. Defense ministries confirmed that surface-to-air missile batteries intercepted projectiles mid-course, placing joint task forces on maximum tactical readiness status. Reporting from United Kingdom, diplomatic and local observers noted that recent strategic shifts in South Asia continue to dictate regional outcomes.",Military Conflict,2026-03-03,UN News,United Kingdom,South Asia
ART-11438,"Field hospitals face critical shortages of surgical anesthetics, electricity, and clean water","Medical relief organizations operating inside crisis sectors issued urgent distress alerts regarding depleted pharmaceuticals, damaged municipal water treatment facilities, and erratic generator fuel supplies necessary to maintain life-saving intensive care facilities. Reporting from Israel, diplomatic and local observers noted that recent strategic shifts in South Asia continue to dictate regional outcomes.",Humanitarian Impact,2026-01-23,Financial Times,Israel,South Asia
ART-10988,Bilateral tariff escalation and trade export controls enacted on critical components,"Commerce departments imposed sweeping customs tariffs and export license restrictions on key industrial raw materials and advanced components. Trade chambers expressed alarm over compliance costs and international supply chain fragmentation affecting bilateral trade volumes. Reporting from Yemen, diplomatic and local observers noted that recent strategic shifts in North America continue to dictate regional outcomes.",Trade & Shipping,2026-07-27,Associated Press,Yemen,North America
ART-10919,Bulk carrier grain vessels delayed as maritime safety inspection protocols expand,"Commercial maritime registries reported prolonged anchorage delays for dry bulk freighters awaiting safe passage clearances through designated maritime corridors. Insurers revised hull and cargo coverage stipulations, impacting export contract fulfillment for agricultural cargoes. Reporting from India, diplomatic and local observers noted that recent strategic shifts in East Asia continue to dictate regional outcomes.",Trade & Shipping,2026-01-14,Bloomberg,India,East Asia
ART-10284,Regional coalition signs comprehensive non-aggression and diplomatic mediation pact,"Leaders of member states finalized a multilateral framework establishing joint diplomatic mediation channels, diplomatic consultation corridors, and bilateral confidence-building measures to prevent diplomatic estrangement across the alliance. Reporting from Taiwan, diplomatic and local observers noted that recent strategic shifts in East Asia continue to dictate regional outcomes.",Diplomatic / Political,2026-02-01,Associated Press,Taiwan,East Asia
ART-11186,Central banks signal interest rate adjustments as geopolitical inflation pressures broaden,"Monetary policy committees convened to evaluate persistent macroeconomic shocks stemming from import price inflation and commodity supply friction. Financial market analysts revised benchmark interest rate trajectories as headline consumer price indices reflected elevated freight and producer input expenses. Reporting from India, diplomatic and local observers noted that recent strategic shifts in North America continue to dictate regional outcomes.",Economic Impact,2026-04-26,Wall Street Journal,India,North America
ART-10083,Airstrikes strike strategic command centers and ammunition depots in Israel,"Fighter aircraft launched precision-guided ordnance targeting key military logistics hubs, radar installations, and tactical weapons caches near strategic sectors of Israel. Satellite reconnaissance verified structural destruction, while armed forces declared immediate airspace closure and defensive mobilization. Reporting from Israel, diplomatic and local observers noted that recent strategic shifts in East Asia continue to dictate regional outcomes.",Military Conflict,2026-02-27,Associated Press,Israel,East Asia
ART-10065,Ballistic missile interceptor systems activated amid regional military escalation,"Air defense batteries engaged multiple incoming medium-range ballistic trajectories targeting military infrastructure. Defense ministries confirmed that surface-to-air missile batteries intercepted projectiles mid-course, placing joint task forces on maximum tactical readiness status. Reporting from Russia, diplomatic and local observers noted that recent strategic shifts in Middle East continue to dictate regional outcomes.",Military Conflict,2026-02-09,Reuters,Russia,Middle East
ART-10678,Strategic petroleum reserve release weighed as refinery feedstock prices surge,"Energy authorities initiated contingency consultations regarding synchronized drawdowns from strategic oil reserves following regional energy infrastructure disruptions. Brent crude spot rates surged as market participants priced in persistent refinery feedstock shortages and pipeline outages. Reporting from Taiwan, diplomatic and local observers noted that recent strategic shifts in East Asia continue to dictate regional outcomes.",Energy Risk,2026-06-28,Bloomberg,Taiwan,East Asia
ART-11181,Central banks signal interest rate adjustments as geopolitical inflation pressures broaden,"Monetary policy committees convened to evaluate persistent macroeconomic shocks stemming from import price inflation and commodity supply friction. Financial market analysts revised benchmark interest rate trajectories as headline consumer price indices reflected elevated freight and producer input expenses. Reporting from Saudi Arabia, diplomatic and local observers noted that recent strategic shifts in East Asia continue to dictate regional outcomes.",Economic Impact,2026-08-21,BBC News,Saudi Arabia,East Asia
ART-10676,Strait of Hormuz transit tensions spark crude oil and LNG supply disruptions,"Heightened naval alerts near critical energy choke points triggered immediate volatility across global benchmark crude contracts. Tanker charter operators raised war risk insurance premiums as energy intelligence analysts cautioned that maritime route interdictions could constrain daily flows of crude oil, refined distillates, and liquefied natural gas (LNG). Reporting from Egypt, diplomatic and local observers noted that recent strategic shifts in Middle East continue to dictate regional outcomes.",Energy Risk,2026-04-26,Deutsche Welle,Egypt,Middle East
ART-10771,Container shipping carriers divert cargo fleets around Cape of Good Hope amid maritime threats,"Major international ocean carriers announced sweeping rerouting orders, diverting container vessels around the African continent to bypass hazardous maritime corridors. The maritime diversion adds 10 to 14 days to standard transit times, tightening vessel capacity, delaying container turnaround times, and triggering sharp increases in global container spot freight rates. Reporting from Yemen, diplomatic and local observers noted that recent strategic shifts in North America continue to dictate regional outcomes.",Trade & Shipping,2026-06-06,Associated Press,Yemen,North America
ART-10744,Offshore drilling rig security heightened following regional maritime threat warnings,"Deepwater exploration platforms operating in disputed maritime basins instituted enhanced exclusion zones and emergency evacuation drills. Energy corporations reported heightened maritime surveillance to safeguard critical liquefied natural gas terminals and offshore pipeline pumping stations. Reporting from Egypt, diplomatic and local observers noted that recent strategic shifts in East Asia continue to dictate regional outcomes.",Energy Risk,2026-09-10,Bloomberg,Egypt,East Asia
ART-11283,"Field hospitals face critical shortages of surgical anesthetics, electricity, and clean water","Medical relief organizations operating inside crisis sectors issued urgent distress alerts regarding depleted pharmaceuticals, damaged municipal water treatment facilities, and erratic generator fuel supplies necessary to maintain life-saving intensive care facilities. Reporting from Germany, diplomatic and local observers noted that recent strategic shifts in South Asia continue to dictate regional outcomes.",Humanitarian Impact,2026-08-08,UN News,Germany,South Asia
ART-11185,Stock exchange volatility index spikes as investors seek safe-haven sovereign bonds and gold,"Equities across regional bourses recorded broad sell-offs, with industrial, aviation, and consumer discretionary shares leading declines. Capital allocators rotated liquidity into sovereign treasury securities, bullion, and cash equivalents amid heightened geopolitical uncertainty. Reporting from Yemen, diplomatic and local observers noted that recent strategic shifts in North America continue to dictate regional outcomes.",Economic Impact,2026-03-25,UN News,Yemen,North America
ART-10632,Major natural gas pipeline flow throttled amid geopolitical transit disagreements,"Subsea pipeline monitoring stations recorded a sharp 35% reduction in natural gas transit volumes following regulatory and political disputes between transit nations. Energy ministers warned industrial consumers of potential supply rationing and power grid balancing interventions ahead of winter reserve replenishment. Reporting from Egypt, diplomatic and local observers noted that recent strategic shifts in South Asia continue to dictate regional outcomes.",Energy Risk,2026-05-10,Al Jazeera,Egypt,South Asia
ART-10969,Bulk carrier grain vessels delayed as maritime safety inspection protocols expand,"Commercial maritime registries reported prolonged anchorage delays for dry bulk freighters awaiting safe passage clearances through designated maritime corridors. Insurers revised hull and cargo coverage stipulations, impacting export contract fulfillment for agricultural cargoes. Reporting from Egypt, diplomatic and local observers noted that recent strategic shifts in Middle East continue to dictate regional outcomes.",Trade & Shipping,2026-06-08,Nikkei Asia,Egypt,Middle East
ART-11455,Civilian evacuation corridors established under international red cross mediation,"Humanitarian organizations coordinated temporary civilian safe-passage corridors to evacuate vulnerable elderly, women, and pediatric patients from active hostility perimeters. International observers monitored compliance to ensure unhindered transit for humanitarian convoys. Reporting from Palestine, diplomatic and local observers noted that recent strategic shifts in Middle East continue to dictate regional outcomes.",Humanitarian Impact,2026-09-12,Nikkei Asia,Palestine,Middle East
ART-11103,Foreign direct investment inflows contract sharply amid cross-border geopolitical instability,"Economic development ministries reported a significant deceleration in cross-border capital expenditures and joint venture investments. Corporate treasuries cited regulatory uncertainty, sovereign risk premia, and supply network vulnerabilities as key deterrents to long-term capital allocation. Reporting from Iran, diplomatic and local observers noted that recent strategic shifts in East Asia continue to dictate regional outcomes.",Economic Impact,2026-02-27,Financial Times,Iran,East Asia
ART-10116,Artillery and drone strikes intensify along Red Sea & Horn of Africa frontline,"Heavy military bombardment and tactical drone warfare escalated across the Red Sea & Horn of Africa border overnight. Military defense commands confirmed multiple interceptor missile launches and sustained counter-battery fire. Ground forces mobilized armored divisions in response to cross-border incursions, leading to heightened combat alert status throughout contested defensive perimeters. Reporting from Germany, diplomatic and local observers noted that recent strategic shifts in Red Sea & Horn of Africa continue to dictate regional outcomes.",Military Conflict,2026-08-04,Al Jazeera,Germany,Red Sea & Horn of Africa
ART-11255,Stock exchange volatility index spikes as investors seek safe-haven sovereign bonds and gold,"Equities across regional bourses recorded broad sell-offs, with industrial, aviation, and consumer discretionary shares leading declines. Capital allocators rotated liquidity into sovereign treasury securities, bullion, and cash equivalents amid heightened geopolitical uncertainty. Reporting from Sudan, diplomatic and local observers noted that recent strategic shifts in Red Sea & Horn of Africa continue to dictate regional outcomes.",Economic Impact,2026-01-11,Wall Street Journal,Sudan,Red Sea & Horn of Africa
ART-10665,OPEC+ convenes emergency production quota meeting as geopolitical supply risks mount,"Petroleum export ministers gathered for extraordinary consultations to review crude output allocations and export facility vulnerabilities. Analysts highlighted that potential localized transit choke point disruptions threaten to strain spare production capacity across export terminals. Reporting from Saudi Arabia, diplomatic and local observers noted that recent strategic shifts in South Asia continue to dictate regional outcomes.",Energy Risk,2026-02-15,Deutsche Welle,Saudi Arabia,South Asia
ART-11360,Civilian evacuation corridors established under international red cross mediation,"Humanitarian organizations coordinated temporary civilian safe-passage corridors to evacuate vulnerable elderly, women, and pediatric patients from active hostility perimeters. International observers monitored compliance to ensure unhindered transit for humanitarian convoys. Reporting from Yemen, diplomatic and local observers noted that recent strategic shifts in Western Europe continue to dictate regional outcomes.",Humanitarian Impact,2026-04-01,Wall Street Journal,Yemen,Western Europe
ART-10532,Major natural gas pipeline flow throttled amid geopolitical transit disagreements,"Subsea pipeline monitoring stations recorded a sharp 35% reduction in natural gas transit volumes following regulatory and political disputes between transit nations. Energy ministers warned industrial consumers of potential supply rationing and power grid balancing interventions ahead of winter reserve replenishment. Reporting from Egypt, diplomatic and local observers noted that recent strategic shifts in East Asia continue to dictate regional outcomes.",Energy Risk,2026-04-22,Reuters,Egypt,East Asia
ART-11149,Manufacturing purchasing managers index drops into contraction territory,"National manufacturing indices slumped below the critical 50-point threshold, signaling industrial output contraction across export-oriented sectors. Factory managers reported elevated input acquisition costs, backlog accumulation, and declining international export orders. Reporting from India, diplomatic and local observers noted that recent strategic shifts in Western Europe continue to dictate regional outcomes.",Economic Impact,2026-03-17,Wall Street Journal,India,Western Europe
ART-10379,Regional coalition signs comprehensive non-aggression and diplomatic mediation pact,"Leaders of member states finalized a multilateral framework establishing joint diplomatic mediation channels, diplomatic consultation corridors, and bilateral confidence-building measures to prevent diplomatic estrangement across the alliance. Reporting from Germany, diplomatic and local observers noted that recent strategic shifts in Middle East continue to dictate regional outcomes.",Diplomatic / Political,2026-07-12,Associated Press,Germany,Middle East
ART-10769,Bulk carrier grain vessels delayed as maritime safety inspection protocols expand,"Commercial maritime registries reported prolonged anchorage delays for dry bulk freighters awaiting safe passage clearances through designated maritime corridors. Insurers revised hull and cargo coverage stipulations, impacting export contract fulfillment for agricultural cargoes.",Trade & Shipping,2026-04-04,BBC News,Russia,East Asia
ART-11290,Civilian evacuation corridors established under international red cross mediation,"Humanitarian organizations coordinated temporary civilian safe-passage corridors to evacuate vulnerable elderly, women, and pediatric patients from active hostility perimeters. International observers monitored compliance to ensure unhindered transit for humanitarian convoys. Reporting from United Kingdom, diplomatic and local observers noted that recent strategic shifts in Middle East continue to dictate regional outcomes.",Humanitarian Impact,2026-06-15,Deutsche Welle,United Kingdom,Middle East
ART-10122,Naval task force engages hostile drone boats near Saudi Arabia territorial waters,"Naval destroyers deployed in international waters intercepted multiple unmanned explosive surface vessels attempting to strike maritime patrol assets. Military officials stated that defensive kinetic munitions neutralized the threat prior to vessel breach, sustaining combat deterrence across critical coastal zones. Reporting from Saudi Arabia, diplomatic and local observers noted that recent strategic shifts in South Asia continue to dictate regional outcomes.",Military Conflict,2026-05-10,Associated Press,Saudi Arabia,South Asia
ART-11499,Disrupted municipal power grids and water filtration plants jeopardize civilian public health,"Public health authorities warned of escalating waterborne disease outbreaks after sustained infrastructure damage crippled municipal water purification networks and electrical sub-stations. Emergency relief teams deployed portable purification modules to mitigate sanitary hazards. Reporting from Saudi Arabia, diplomatic and local observers noted that recent strategic shifts in Persian Gulf continue to dictate regional outcomes.",Humanitarian Impact,2026-08-28,Al Jazeera,Saudi Arabia,Persian Gulf
ART-11386,Refugee displacement crisis deepens as civilian populations flee contested border zones,"International humanitarian relief agencies reported that over 250,000 civilians have been displaced from conflict-affected frontier zones over recent weeks. Overcrowded temporary resettlement shelters face severe shortages of potable water, emergency medical supplies, and sanitation infrastructure. Reporting from United States, diplomatic and local observers noted that recent strategic shifts in North America continue to dictate regional outcomes.",Humanitarian Impact,2026-03-27,Financial Times,United States,North America
ART-11128,Foreign direct investment inflows contract sharply amid cross-border geopolitical instability,"Economic development ministries reported a significant deceleration in cross-border capital expenditures and joint venture investments. Corporate treasuries cited regulatory uncertainty, sovereign risk premia, and supply network vulnerabilities as key deterrents to long-term capital allocation. Reporting from Taiwan, diplomatic and local observers noted that recent strategic shifts in North America continue to dictate regional outcomes.",Economic Impact,2026-09-24,Wall Street Journal,Taiwan,North America
ART-10471,High-level bilateral diplomatic summit convenes in effort to de-escalate tensions,"Foreign ministers and strategic envoys met for emergency multilateral negotiations aimed at formulating a comprehensive ceasefire framework and de-escalation roadmap. Delegations engaged in protracted closed-door diplomatic talks regarding border demilitarization and treaty adherence. Reporting from Iran, diplomatic and local observers noted that recent strategic shifts in Persian Gulf continue to dictate regional outcomes.",Diplomatic / Political,2026-09-20,Reuters,Iran,Persian Gulf
ART-10930,Air freight cargo rates spike as commercial shippers seek alternatives to ocean freight lanes,"Aviation logistics carriers reported an unprecedented surge in charter demand for urgent transcontinental air cargo, driven by persistent maritime shipping route disruptions. Freight indices registered double-digit increases in air cargo ton-mile rates for priority industrial freight. Reporting from Sudan, diplomatic and local observers noted that recent strategic shifts in Eastern Europe continue to dictate regional outcomes.",Trade & Shipping,2026-03-25,Financial Times,Sudan,Eastern Europe
ART-11187,Sovereign credit rating under review following capital flight and currency depreciation,"International credit rating agencies placed sovereign debt issuances on negative watch, citing widening fiscal deficits, rapid foreign reserve depletion, and heightened geopolitical risk premia. Domestic currency valuations experienced sharp depreciations against global reserve currencies. Reporting from India, diplomatic and local observers noted that recent strategic shifts in Eastern Europe continue to dictate regional outcomes.",Economic Impact,2026-05-27,Reuters,India,Eastern Europe
ART-10466,High-level bilateral diplomatic summit convenes in effort to de-escalate tensions,"Foreign ministers and strategic envoys met for emergency multilateral negotiations aimed at formulating a comprehensive ceasefire framework and de-escalation roadmap. Delegations engaged in protracted closed-door diplomatic talks regarding border demilitarization and treaty adherence. Reporting from China, diplomatic and local observers noted that recent strategic shifts in East Asia continue to dictate regional outcomes.",Diplomatic / Political,2026-04-15,Bloomberg,China,East Asia
ART-10424,Regional coalition signs comprehensive non-aggression and diplomatic mediation pact,"Leaders of member states finalized a multilateral framework establishing joint diplomatic mediation channels, diplomatic consultation corridors, and bilateral confidence-building measures to prevent diplomatic estrangement across the alliance. Reporting from Sudan, diplomatic and local observers noted that recent strategic shifts in Middle East continue to dictate regional outcomes.",Diplomatic / Political,2026-07-01,UN News,Sudan,Middle East
ART-11512,United Nations launches emergency humanitarian relief appeal for food aid and medical shelter,"Humanitarian coordinators formally issued a multilateral funding appeal seeking urgent donor contributions to support frontline field clinics and nutritional distribution hubs. Aid convoys reported severe logistical hurdles attempting to deliver relief supplies to isolated civilian corridors. Reporting from Germany, diplomatic and local observers noted that recent strategic shifts in North America continue to dictate regional outcomes.",Humanitarian Impact,2026-03-13,Associated Press,Germany,North America
ART-11264,Manufacturing purchasing managers index drops into contraction territory,"National manufacturing indices slumped below the critical 50-point threshold, signaling industrial output contraction across export-oriented sectors. Factory managers reported elevated input acquisition costs, backlog accumulation, and declining international export orders. Reporting from United States, diplomatic and local observers noted that recent strategic shifts in Red Sea & Horn of Africa continue to dictate regional outcomes.",Economic Impact,2026-01-20,Financial Times,United States,Red Sea & Horn of Africa
ART-11511,Refugee displacement crisis deepens as civilian populations flee contested border zones,"International humanitarian relief agencies reported that over 250,000 civilians have been displaced from conflict-affected frontier zones over recent weeks. Overcrowded temporary resettlement shelters face severe shortages of potable water, emergency medical supplies, and sanitation infrastructure. Reporting from Yemen, diplomatic and local observers noted that recent strategic shifts in East Asia continue to dictate regional outcomes.",Humanitarian Impact,2026-02-12,BBC News,Yemen,East Asia
ART-10375,Parliamentary committee conducts emergency foreign policy debate on international accords,"Legislative leaders held intensive deliberations concerning diplomatic ratifications, treaty commitments, and international coalition partnerships. Government ministers reiterated diplomatic alignment while defending non-proliferation accords and diplomatic neutrality. Reporting from Saudi Arabia, diplomatic and local observers noted that recent strategic shifts in East Asia continue to dictate regional outcomes.",Diplomatic / Political,2026-03-08,Associated Press,Saudi Arabia,East Asia
ART-10920,Air freight cargo rates spike as commercial shippers seek alternatives to ocean freight lanes,"Aviation logistics carriers reported an unprecedented surge in charter demand for urgent transcontinental air cargo, driven by persistent maritime shipping route disruptions. Freight indices registered double-digit increases in air cargo ton-mile rates for priority industrial freight. Reporting from Israel, diplomatic and local observers noted that recent strategic shifts in Eastern Europe continue to dictate regional outcomes.",Trade & Shipping,2026-02-15,Deutsche Welle,Israel,Eastern Europe
ART-11485,Civilian evacuation corridors established under international red cross mediation,"Humanitarian organizations coordinated temporary civilian safe-passage corridors to evacuate vulnerable elderly, women, and pediatric patients from active hostility perimeters. International observers monitored compliance to ensure unhindered transit for humanitarian convoys. Reporting from Palestine, diplomatic and local observers noted that recent strategic shifts in Western Europe continue to dictate regional outcomes.",Humanitarian Impact,2026-03-14,BBC News,Palestine,Western Europe
ART-11075,Stock exchange volatility index spikes as investors seek safe-haven sovereign bonds and gold,"Equities across regional bourses recorded broad sell-offs, with industrial, aviation, and consumer discretionary shares leading declines. Capital allocators rotated liquidity into sovereign treasury securities, bullion, and cash equivalents amid heightened geopolitical uncertainty. Reporting from Israel, diplomatic and local observers noted that recent strategic shifts in Middle East continue to dictate regional outcomes.",Economic Impact,2026-01-27,BBC News,Israel,Middle East
ART-10828,Bilateral tariff escalation and trade export controls enacted on critical components,"Commerce departments imposed sweeping customs tariffs and export license restrictions on key industrial raw materials and advanced components. Trade chambers expressed alarm over compliance costs and international supply chain fragmentation affecting bilateral trade volumes. Reporting from China, diplomatic and local observers noted that recent strategic shifts in Persian Gulf continue to dictate regional outcomes.",Trade & Shipping,2026-09-07,BBC News,China,Persian Gulf
ART-10694,Offshore drilling rig security heightened following regional maritime threat warnings,"Deepwater exploration platforms operating in disputed maritime basins instituted enhanced exclusion zones and emergency evacuation drills. Energy corporations reported heightened maritime surveillance to safeguard critical liquefied natural gas terminals and offshore pipeline pumping stations. Reporting from Iran, diplomatic and local observers noted that recent strategic shifts in North America continue to dictate regional outcomes.",Energy Risk,2026-04-16,Nikkei Asia,Iran,North America
ART-11525,Civilian evacuation corridors established under international red cross mediation,"Humanitarian organizations coordinated temporary civilian safe-passage corridors to evacuate vulnerable elderly, women, and pediatric patients from active hostility perimeters. International observers monitored compliance to ensure unhindered transit for humanitarian convoys. Reporting from Yemen, diplomatic and local observers noted that recent strategic shifts in Middle East continue to dictate regional outcomes.",Humanitarian Impact,2026-07-26,UN News,Yemen,Middle East
ART-11401,Refugee displacement crisis deepens as civilian populations flee contested border zones,"International humanitarian relief agencies reported that over 250,000 civilians have been displaced from conflict-affected frontier zones over recent weeks. Overcrowded temporary resettlement shelters face severe shortages of potable water, emergency medical supplies, and sanitation infrastructure. Reporting from India, diplomatic and local observers noted that recent strategic shifts in Eastern Europe continue to dictate regional outcomes.",Humanitarian Impact,2026-09-14,Al Jazeera,India,Eastern Europe
ART-11320,Civilian evacuation corridors established under international red cross mediation,"Humanitarian organizations coordinated temporary civilian safe-passage corridors to evacuate vulnerable elderly, women, and pediatric patients from active hostility perimeters. International observers monitored compliance to ensure unhindered transit for humanitarian convoys. Reporting from Saudi Arabia, diplomatic and local observers noted that recent strategic shifts in Middle East continue to dictate regional outcomes.",Humanitarian Impact,2026-09-17,Associated Press,Saudi Arabia,Middle East
ART-10922,Port congestion and customs clearance bottlenecks escalate across major container terminals,"Logistics operators reported severe berthing delays and freight dwell times exceeding historical averages across maritime gateway hubs. Freight forwarders cited vessel bunching, rail intermodal backlogs, and maritime rerouting schedules as compounding drivers of supply chain gridlock. Reporting from Taiwan, diplomatic and local observers noted that recent strategic shifts in East Asia continue to dictate regional outcomes.",Trade & Shipping,2026-04-17,UN News,Taiwan,East Asia
ART-10484,Regional coalition signs comprehensive non-aggression and diplomatic mediation pact,"Leaders of member states finalized a multilateral framework establishing joint diplomatic mediation channels, diplomatic consultation corridors, and bilateral confidence-building measures to prevent diplomatic estrangement across the alliance. Reporting from Egypt, diplomatic and local observers noted that recent strategic shifts in Eastern Europe continue to dictate regional outcomes.",Diplomatic / Political,2026-04-05,UN News,Egypt,Eastern Europe
ART-10850,Air freight cargo rates spike as commercial shippers seek alternatives to ocean freight lanes,"Aviation logistics carriers reported an unprecedented surge in charter demand for urgent transcontinental air cargo, driven by persistent maritime shipping route disruptions. Freight indices registered double-digit increases in air cargo ton-mile rates for priority industrial freight. Reporting from Taiwan, diplomatic and local observers noted that recent strategic shifts in Persian Gulf continue to dictate regional outcomes.",Trade & Shipping,2026-04-01,Associated Press,Taiwan,Persian Gulf
ART-10507,United Nations Security Council debates draft resolution on sovereignty and border protocols,"Diplomats at the UN Headquarters convened an emergency session to deliberate a multilateral resolution addressing territorial sovereignty, diplomatic immunity, and international arbitration. Key permanent members presented competing revisions concerning compliance verification and peacekeeper mandates. Reporting from Israel, diplomatic and local observers noted that recent strategic shifts in Western Europe continue to dictate regional outcomes.",Diplomatic / Political,2026-09-28,Financial Times,Israel,Western Europe
ART-10218,Airstrikes strike strategic command centers and ammunition depots in Egypt,"Fighter aircraft launched precision-guided ordnance targeting key military logistics hubs, radar installations, and tactical weapons caches near strategic sectors of Egypt. Satellite reconnaissance verified structural destruction, while armed forces declared immediate airspace closure and defensive mobilization. Reporting from Egypt, diplomatic and local observers noted that recent strategic shifts in North America continue to dictate regional outcomes.",Military Conflict,2026-02-22,Nikkei Asia,Egypt,North America
ART-10390,Parliamentary committee conducts emergency foreign policy debate on international accords,"Legislative leaders held intensive deliberations concerning diplomatic ratifications, treaty commitments, and international coalition partnerships. Government ministers reiterated diplomatic alignment while defending non-proliferation accords and diplomatic neutrality. Reporting from Egypt, diplomatic and local observers noted that recent strategic shifts in North America continue to dictate regional outcomes.",Diplomatic / Political,2026-09-23,Reuters,Egypt,North America
ART-10426,High-level bilateral diplomatic summit convenes in effort to de-escalate tensions,"Foreign ministers and strategic envoys met for emergency multilateral negotiations aimed at formulating a comprehensive ceasefire framework and de-escalation roadmap. Delegations engaged in protracted closed-door diplomatic talks regarding border demilitarization and treaty adherence. Reporting from United Kingdom, diplomatic and local observers noted that recent strategic shifts in Western Europe continue to dictate regional outcomes.",Diplomatic / Political,2026-09-03,Associated Press,United Kingdom,Western Europe
ART-11411,Refugee displacement crisis deepens as civilian populations flee contested border zones,"International humanitarian relief agencies reported that over 250,000 civilians have been displaced from conflict-affected frontier zones over recent weeks. Overcrowded temporary resettlement shelters face severe shortages of potable water, emergency medical supplies, and sanitation infrastructure. Reporting from Palestine, diplomatic and local observers noted that recent strategic shifts in East Asia continue to dictate regional outcomes.",Humanitarian Impact,2026-01-24,Wall Street Journal,Palestine,East Asia
ART-11430,Civilian evacuation corridors established under international red cross mediation,"Humanitarian organizations coordinated temporary civilian safe-passage corridors to evacuate vulnerable elderly, women, and pediatric patients from active hostility perimeters. International observers monitored compliance to ensure unhindered transit for humanitarian convoys. Reporting from Egypt, diplomatic and local observers noted that recent strategic shifts in Persian Gulf continue to dictate regional outcomes.",Humanitarian Impact,2026-02-15,Al Jazeera,Egypt,Persian Gulf
ART-10330,Parliamentary committee conducts emergency foreign policy debate on international accords,"Legislative leaders held intensive deliberations concerning diplomatic ratifications, treaty commitments, and international coalition partnerships. Government ministers reiterated diplomatic alignment while defending non-proliferation accords and diplomatic neutrality. Reporting from Yemen, diplomatic and local observers noted that recent strategic shifts in Western Europe continue to dictate regional outcomes.",Diplomatic / Political,2026-03-19,Nikkei Asia,Yemen,Western Europe
ART-10350,Parliamentary committee conducts emergency foreign policy debate on international accords,"Legislative leaders held intensive deliberations concerning diplomatic ratifications, treaty commitments, and international coalition partnerships. Government ministers reiterated diplomatic alignment while defending non-proliferation accords and diplomatic neutrality. Reporting from Russia, diplomatic and local observers noted that recent strategic shifts in Western Europe continue to dictate regional outcomes.",Diplomatic / Political,2026-05-11,Financial Times,Russia,Western Europe
ART-10023,Airstrikes strike strategic command centers and ammunition depots in United Kingdom,"Fighter aircraft launched precision-guided ordnance targeting key military logistics hubs, radar installations, and tactical weapons caches near strategic sectors of United Kingdom. Satellite reconnaissance verified structural destruction, while armed forces declared immediate airspace closure and defensive mobilization. Reporting from United Kingdom, diplomatic and local observers noted that recent strategic shifts in North America continue to dictate regional outcomes.",Military Conflict,2026-05-23,Al Jazeera,United Kingdom,North America
ART-10035,Ballistic missile interceptor systems activated amid regional military escalation,"Air defense batteries engaged multiple incoming medium-range ballistic trajectories targeting military infrastructure. Defense ministries confirmed that surface-to-air missile batteries intercepted projectiles mid-course, placing joint task forces on maximum tactical readiness status. Reporting from Germany, diplomatic and local observers noted that recent strategic shifts in Middle East continue to dictate regional outcomes.",Military Conflict,2026-08-07,UN News,Germany,Middle East
ART-10822,Port congestion and customs clearance bottlenecks escalate across major container terminals,"Logistics operators reported severe berthing delays and freight dwell times exceeding historical averages across maritime gateway hubs. Freight forwarders cited vessel bunching, rail intermodal backlogs, and maritime rerouting schedules as compounding drivers of supply chain gridlock. Reporting from Germany, diplomatic and local observers noted that recent strategic shifts in Eastern Europe continue to dictate regional outcomes.",Trade & Shipping,2026-03-01,BBC News,Germany,Eastern Europe
ART-10371,High-level bilateral diplomatic summit convenes in effort to de-escalate tensions,"Foreign ministers and strategic envoys met for emergency multilateral negotiations aimed at formulating a comprehensive ceasefire framework and de-escalation roadmap. Delegations engaged in protracted closed-door diplomatic talks regarding border demilitarization and treaty adherence. Reporting from Sudan, diplomatic and local observers noted that recent strategic shifts in Persian Gulf continue to dictate regional outcomes.",Diplomatic / Political,2026-08-04,Reuters,Sudan,Persian Gulf
ART-10288,Ambassadorial recall and diplomatic protest notes delivered over treaty dispute,"Government officials formally summoned the resident ambassador and issued a stern diplomatic communique protesting recent policy shifts and border treaties. Ministry spokespersons emphasized diplomatic dialogue while recalling senior envoys for high-level foreign policy consultations. Reporting from United Kingdom, diplomatic and local observers noted that recent strategic shifts in Persian Gulf continue to dictate regional outcomes.",Diplomatic / Political,2026-06-05,BBC News,United Kingdom,Persian Gulf
ART-10184,Border skirmish escalates with armor deployment and infantry engagements,"Tensions surged following armed skirmishes along the demarcation perimeter involving heavy mechanized infantry and mortar barrages. Both regional militaries issued conflicting claims regarding rules of engagement violations as reinforced defensive trenches exchanged active small arms and artillery fire. Reporting from Russia, diplomatic and local observers noted that recent strategic shifts in Western Europe continue to dictate regional outcomes.",Military Conflict,2026-04-16,Financial Times,Russia,Western Europe
ART-11494,Disrupted municipal power grids and water filtration plants jeopardize civilian public health,"Public health authorities warned of escalating waterborne disease outbreaks after sustained infrastructure damage crippled municipal water purification networks and electrical sub-stations. Emergency relief teams deployed portable purification modules to mitigate sanitary hazards. Reporting from United States, diplomatic and local observers noted that recent strategic shifts in Red Sea & Horn of Africa continue to dictate regional outcomes.",Humanitarian Impact,2026-03-23,Nikkei Asia,United States,Red Sea & Horn of Africa
ART-10533,Strategic petroleum reserve release weighed as refinery feedstock prices surge,"Energy authorities initiated contingency consultations regarding synchronized drawdowns from strategic oil reserves following regional energy infrastructure disruptions. Brent crude spot rates surged as market participants priced in persistent refinery feedstock shortages and pipeline outages. Reporting from Yemen, diplomatic and local observers noted that recent strategic shifts in Persian Gulf continue to dictate regional outcomes.",Energy Risk,2026-05-23,Reuters,Yemen,Persian Gulf
ART-11376,Refugee displacement crisis deepens as civilian populations flee contested border zones,"International humanitarian relief agencies reported that over 250,000 civilians have been displaced from conflict-affected frontier zones over recent weeks. Overcrowded temporary resettlement shelters face severe shortages of potable water, emergency medical supplies, and sanitation infrastructure. Reporting from Yemen, diplomatic and local observers noted that recent strategic shifts in Persian Gulf continue to dictate regional outcomes.",Humanitarian Impact,2026-02-17,BBC News,Yemen,Persian Gulf
ART-11136,Central banks signal interest rate adjustments as geopolitical inflation pressures broaden,"Monetary policy committees convened to evaluate persistent macroeconomic shocks stemming from import price inflation and commodity supply friction. Financial market analysts revised benchmark interest rate trajectories as headline consumer price indices reflected elevated freight and producer input expenses. Reporting from Egypt, diplomatic and local observers noted that recent strategic shifts in Persian Gulf continue to dictate regional outcomes.",Economic Impact,2026-08-04,Nikkei Asia,Egypt,Persian Gulf
ART-11180,Stock exchange volatility index spikes as investors seek safe-haven sovereign bonds and gold,"Equities across regional bourses recorded broad sell-offs, with industrial, aviation, and consumer discretionary shares leading declines. Capital allocators rotated liquidity into sovereign treasury securities, bullion, and cash equivalents amid heightened geopolitical uncertainty. Reporting from Iran, diplomatic and local observers noted that recent strategic shifts in Middle East continue to dictate regional outcomes.",Economic Impact,2026-07-20,Wall Street Journal,Iran,Middle East
ART-10741,Strait of Hormuz transit tensions spark crude oil and LNG supply disruptions,"Heightened naval alerts near critical energy choke points triggered immediate volatility across global benchmark crude contracts. Tanker charter operators raised war risk insurance premiums as energy intelligence analysts cautioned that maritime route interdictions could constrain daily flows of crude oil, refined distillates, and liquefied natural gas (LNG). Reporting from India, diplomatic and local observers noted that recent strategic shifts in Red Sea & Horn of Africa continue to dictate regional outcomes.",Energy Risk,2026-06-07,Wall Street Journal,India,Red Sea & Horn of Africa
ART-11345,Civilian evacuation corridors established under international red cross mediation,"Humanitarian organizations coordinated temporary civilian safe-passage corridors to evacuate vulnerable elderly, women, and pediatric patients from active hostility perimeters. International observers monitored compliance to ensure unhindered transit for humanitarian convoys. Reporting from Yemen, diplomatic and local observers noted that recent strategic shifts in East Asia continue to dictate regional outcomes.",Humanitarian Impact,2026-07-14,Bloomberg,Yemen,East Asia
ART-10007,Naval task force engages hostile drone boats near Germany territorial waters,"Naval destroyers deployed in international waters intercepted multiple unmanned explosive surface vessels attempting to strike maritime patrol assets. Military officials stated that defensive kinetic munitions neutralized the threat prior to vessel breach, sustaining combat deterrence across critical coastal zones. Reporting from Germany, diplomatic and local observers noted that recent strategic shifts in Red Sea & Horn of Africa continue to dictate regional outcomes.",Military Conflict,2026-07-07,Wall Street Journal,Germany,Red Sea & Horn of Africa
ART-10942,Port congestion and customs clearance bottlenecks escalate across major container terminals,"Logistics operators reported severe berthing delays and freight dwell times exceeding historical averages across maritime gateway hubs. Freight forwarders cited vessel bunching, rail intermodal backlogs, and maritime rerouting schedules as compounding drivers of supply chain gridlock. Reporting from Yemen, diplomatic and local observers noted that recent strategic shifts in South Asia continue to dictate regional outcomes.",Trade & Shipping,2026-06-09,Associated Press,Yemen,South Asia
ART-10582,Major natural gas pipeline flow throttled amid geopolitical transit disagreements,"Subsea pipeline monitoring stations recorded a sharp 35% reduction in natural gas transit volumes following regulatory and political disputes between transit nations. Energy ministers warned industrial consumers of potential supply rationing and power grid balancing interventions ahead of winter reserve replenishment. Reporting from United Kingdom, diplomatic and local observers noted that recent strategic shifts in Middle East continue to dictate regional outcomes.",Energy Risk,2026-09-16,Al Jazeera,United Kingdom,Middle East
ART-10905,Air freight cargo rates spike as commercial shippers seek alternatives to ocean freight lanes,"Aviation logistics carriers reported an unprecedented surge in charter demand for urgent transcontinental air cargo, driven by persistent maritime shipping route disruptions. Freight indices registered double-digit increases in air cargo ton-mile rates for priority industrial freight. Reporting from Yemen, diplomatic and local observers noted that recent strategic shifts in South Asia continue to dictate regional outcomes.",Trade & Shipping,2026-05-28,Bloomberg,Yemen,South Asia
ART-11126,Central banks signal interest rate adjustments as geopolitical inflation pressures broaden,"Monetary policy committees convened to evaluate persistent macroeconomic shocks stemming from import price inflation and commodity supply friction. Financial market analysts revised benchmark interest rate trajectories as headline consumer price indices reflected elevated freight and producer input expenses. Reporting from United States, diplomatic and local observers noted that recent strategic shifts in North America continue to dictate regional outcomes.",Economic Impact,2026-07-22,Deutsche Welle,United States,North America
ART-11332,United Nations launches emergency humanitarian relief appeal for food aid and medical shelter,"Humanitarian coordinators formally issued a multilateral funding appeal seeking urgent donor contributions to support frontline field clinics and nutritional distribution hubs. Aid convoys reported severe logistical hurdles attempting to deliver relief supplies to isolated civilian corridors. Reporting from Ukraine, diplomatic and local observers noted that recent strategic shifts in Middle East continue to dictate regional outcomes.",Humanitarian Impact,2026-03-01,Deutsche Welle,Ukraine,Middle East
ART-10365,Parliamentary committee conducts emergency foreign policy debate on international accords,"Legislative leaders held intensive deliberations concerning diplomatic ratifications, treaty commitments, and international coalition partnerships. Government ministers reiterated diplomatic alignment while defending non-proliferation accords and diplomatic neutrality. Reporting from Saudi Arabia, diplomatic and local observers noted that recent strategic shifts in Eastern Europe continue to dictate regional outcomes.",Diplomatic / Political,2026-02-26,Bloomberg,Saudi Arabia,Eastern Europe
ART-10193,Airstrikes strike strategic command centers and ammunition depots in India,"Fighter aircraft launched precision-guided ordnance targeting key military logistics hubs, radar installations, and tactical weapons caches near strategic sectors of India. Satellite reconnaissance verified structural destruction, while armed forces declared immediate airspace closure and defensive mobilization. Reporting from India, diplomatic and local observers noted that recent strategic shifts in North America continue to dictate regional outcomes.",Military Conflict,2026-04-25,Financial Times,India,North America
ART-10182,Naval task force engages hostile drone boats near United States territorial waters,"Naval destroyers deployed in international waters intercepted multiple unmanned explosive surface vessels attempting to strike maritime patrol assets. Military officials stated that defensive kinetic munitions neutralized the threat prior to vessel breach, sustaining combat deterrence across critical coastal zones. Reporting from United States, diplomatic and local observers noted that recent strategic shifts in North America continue to dictate regional outcomes.",Military Conflict,2026-02-14,Al Jazeera,United States,North America
ART-10215,Ballistic missile interceptor systems activated amid regional military escalation,"Air defense batteries engaged multiple incoming medium-range ballistic trajectories targeting military infrastructure. Defense ministries confirmed that surface-to-air missile batteries intercepted projectiles mid-course, placing joint task forces on maximum tactical readiness status. Reporting from Sudan, diplomatic and local observers noted that recent strategic shifts in Red Sea & Horn of Africa continue to dictate regional outcomes.",Military Conflict,2026-08-19,UN News,Sudan,Red Sea & Horn of Africa
ART-10486,High-level bilateral diplomatic summit convenes in effort to de-escalate tensions,"Foreign ministers and strategic envoys met for emergency multilateral negotiations aimed at formulating a comprehensive ceasefire framework and de-escalation roadmap. Delegations engaged in protracted closed-door diplomatic talks regarding border demilitarization and treaty adherence. Reporting from Egypt, diplomatic and local observers noted that recent strategic shifts in Red Sea & Horn of Africa continue to dictate regional outcomes.",Diplomatic / Political,2026-06-07,UN News,Egypt,Red Sea & Horn of Africa
ART-11421,Refugee displacement crisis deepens as civilian populations flee contested border zones,"International humanitarian relief agencies reported that over 250,000 civilians have been displaced from conflict-affected frontier zones over recent weeks. Overcrowded temporary resettlement shelters face severe shortages of potable water, emergency medical supplies, and sanitation infrastructure. Reporting from Germany, diplomatic and local observers noted that recent strategic shifts in South Asia continue to dictate regional outcomes.",Humanitarian Impact,2026-02-06,Financial Times,Germany,South Asia
ART-10649,Offshore drilling rig security heightened following regional maritime threat warnings,"Deepwater exploration platforms operating in disputed maritime basins instituted enhanced exclusion zones and emergency evacuation drills. Energy corporations reported heightened maritime surveillance to safeguard critical liquefied natural gas terminals and offshore pipeline pumping stations. Reporting from Iran, diplomatic and local observers noted that recent strategic shifts in Eastern Europe continue to dictate regional outcomes.",Energy Risk,2026-04-27,UN News,Iran,Eastern Europe
ART-11173,Foreign direct investment inflows contract sharply amid cross-border geopolitical instability,"Economic development ministries reported a significant deceleration in cross-border capital expenditures and joint venture investments. Corporate treasuries cited regulatory uncertainty, sovereign risk premia, and supply network vulnerabilities as key deterrents to long-term capital allocation. Reporting from Poland, diplomatic and local observers noted that recent strategic shifts in Eastern Europe continue to dictate regional outcomes.",Economic Impact,2026-09-13,Deutsche Welle,Poland,Eastern Europe
ART-10359,Regional coalition signs comprehensive non-aggression and diplomatic mediation pact,"Leaders of member states finalized a multilateral framework establishing joint diplomatic mediation channels, diplomatic consultation corridors, and bilateral confidence-building measures to prevent diplomatic estrangement across the alliance. Reporting from Taiwan, diplomatic and local observers noted that recent strategic shifts in Red Sea & Horn of Africa continue to dictate regional outcomes.",Diplomatic / Political,2026-05-20,Financial Times,Taiwan,Red Sea & Horn of Africa
ART-10560,OPEC+ convenes emergency production quota meeting as geopolitical supply risks mount,"Petroleum export ministers gathered for extraordinary consultations to review crude output allocations and export facility vulnerabilities. Analysts highlighted that potential localized transit choke point disruptions threaten to strain spare production capacity across export terminals. Reporting from Iran, diplomatic and local observers noted that recent strategic shifts in East Asia continue to dictate regional outcomes.",Energy Risk,2026-05-22,UN News,Iran,East Asia
ART-10417,United Nations Security Council debates draft resolution on sovereignty and border protocols,"Diplomats at the UN Headquarters convened an emergency session to deliberate a multilateral resolution addressing territorial sovereignty, diplomatic immunity, and international arbitration. Key permanent members presented competing revisions concerning compliance verification and peacekeeper mandates. Reporting from Palestine, diplomatic and local observers noted that recent strategic shifts in Eastern Europe continue to dictate regional outcomes.",Diplomatic / Political,2026-09-22,Wall Street Journal,Palestine,Eastern Europe
ART-10873,Bilateral tariff escalation and trade export controls enacted on critical components,"Commerce departments imposed sweeping customs tariffs and export license restrictions on key industrial raw materials and advanced components. Trade chambers expressed alarm over compliance costs and international supply chain fragmentation affecting bilateral trade volumes. Reporting from Poland, diplomatic and local observers noted that recent strategic shifts in Middle East continue to dictate regional outcomes.",Trade & Shipping,2026-09-24,Deutsche Welle,Poland,Middle East
ART-11520,Civilian evacuation corridors established under international red cross mediation,"Humanitarian organizations coordinated temporary civilian safe-passage corridors to evacuate vulnerable elderly, women, and pediatric patients from active hostility perimeters. International observers monitored compliance to ensure unhindered transit for humanitarian convoys. Reporting from Israel, diplomatic and local observers noted that recent strategic shifts in Red Sea & Horn of Africa continue to dictate regional outcomes.",Humanitarian Impact,2026-02-21,Bloomberg,Israel,Red Sea & Horn of Africa
ART-11244,Manufacturing purchasing managers index drops into contraction territory,"National manufacturing indices slumped below the critical 50-point threshold, signaling industrial output contraction across export-oriented sectors. Factory managers reported elevated input acquisition costs, backlog accumulation, and declining international export orders. Reporting from Iran, diplomatic and local observers noted that recent strategic shifts in Persian Gulf continue to dictate regional outcomes.",Economic Impact,2026-08-28,Wall Street Journal,Iran,Persian Gulf
ART-10775,Air freight cargo rates spike as commercial shippers seek alternatives to ocean freight lanes,"Aviation logistics carriers reported an unprecedented surge in charter demand for urgent transcontinental air cargo, driven by persistent maritime shipping route disruptions. Freight indices registered double-digit increases in air cargo ton-mile rates for priority industrial freight. Reporting from Israel, diplomatic and local observers noted that recent strategic shifts in Western Europe continue to dictate regional outcomes.",Trade & Shipping,2026-01-10,Reuters,Israel,Western Europe
ART-10431,High-level bilateral diplomatic summit convenes in effort to de-escalate tensions,"Foreign ministers and strategic envoys met for emergency multilateral negotiations aimed at formulating a comprehensive ceasefire framework and de-escalation roadmap. Delegations engaged in protracted closed-door diplomatic talks regarding border demilitarization and treaty adherence. Reporting from Iran, diplomatic and local observers noted that recent strategic shifts in Middle East continue to dictate regional outcomes.",Diplomatic / Political,2026-05-08,Nikkei Asia,Iran,Middle East
ART-10448,Ambassadorial recall and diplomatic protest notes delivered over treaty dispute,"Government officials formally summoned the resident ambassador and issued a stern diplomatic communique protesting recent policy shifts and border treaties. Ministry spokespersons emphasized diplomatic dialogue while recalling senior envoys for high-level foreign policy consultations. Reporting from Poland, diplomatic and local observers noted that recent strategic shifts in East Asia continue to dictate regional outcomes.",Diplomatic / Political,2026-04-25,Reuters,Poland,East Asia
ART-10102,Naval task force engages hostile drone boats near Poland territorial waters,"Naval destroyers deployed in international waters intercepted multiple unmanned explosive surface vessels attempting to strike maritime patrol assets. Military officials stated that defensive kinetic munitions neutralized the threat prior to vessel breach, sustaining combat deterrence across critical coastal zones. Reporting from Poland, diplomatic and local observers noted that recent strategic shifts in South Asia continue to dictate regional outcomes.",Military Conflict,2026-03-18,Reuters,Poland,South Asia
ART-11428,"Field hospitals face critical shortages of surgical anesthetics, electricity, and clean water","Medical relief organizations operating inside crisis sectors issued urgent distress alerts regarding depleted pharmaceuticals, damaged municipal water treatment facilities, and erratic generator fuel supplies necessary to maintain life-saving intensive care facilities. Reporting from United States, diplomatic and local observers noted that recent strategic shifts in North America continue to dictate regional outcomes.",Humanitarian Impact,2026-09-13,Financial Times,United States,North America
ART-10208,Airstrikes strike strategic command centers and ammunition depots in Poland,"Fighter aircraft launched precision-guided ordnance targeting key military logistics hubs, radar installations, and tactical weapons caches near strategic sectors of Poland. Satellite reconnaissance verified structural destruction, while armed forces declared immediate airspace closure and defensive mobilization. Reporting from Poland, diplomatic and local observers noted that recent strategic shifts in Red Sea & Horn of Africa continue to dictate regional outcomes.",Military Conflict,2026-01-12,BBC News,Poland,Red Sea & Horn of Africa
ART-10789,Bulk carrier grain vessels delayed as maritime safety inspection protocols expand,"Commercial maritime registries reported prolonged anchorage delays for dry bulk freighters awaiting safe passage clearances through designated maritime corridors. Insurers revised hull and cargo coverage stipulations, impacting export contract fulfillment for agricultural cargoes. Reporting from Palestine, diplomatic and local observers noted that recent strategic shifts in East Asia continue to dictate regional outcomes.",Trade & Shipping,2026-06-24,Associated Press,Palestine,East Asia
ART-11454,Disrupted municipal power grids and water filtration plants jeopardize civilian public health,"Public health authorities warned of escalating waterborne disease outbreaks after sustained infrastructure damage crippled municipal water purification networks and electrical sub-stations. Emergency relief teams deployed portable purification modules to mitigate sanitary hazards. Reporting from Iran, diplomatic and local observers noted that recent strategic shifts in North America continue to dictate regional outcomes.",Humanitarian Impact,2026-08-11,Nikkei Asia,Iran,North America
ART-10289,Regional coalition signs comprehensive non-aggression and diplomatic mediation pact,"Leaders of member states finalized a multilateral framework establishing joint diplomatic mediation channels, diplomatic consultation corridors, and bilateral confidence-building measures to prevent diplomatic estrangement across the alliance. Reporting from Saudi Arabia, diplomatic and local observers noted that recent strategic shifts in North America continue to dictate regional outcomes.",Diplomatic / Political,2026-07-06,Wall Street Journal,Saudi Arabia,North America
ART-11323,"Field hospitals face critical shortages of surgical anesthetics, electricity, and clean water","Medical relief organizations operating inside crisis sectors issued urgent distress alerts regarding depleted pharmaceuticals, damaged municipal water treatment facilities, and erratic generator fuel supplies necessary to maintain life-saving intensive care facilities. Reporting from Palestine, diplomatic and local observers noted that recent strategic shifts in Red Sea & Horn of Africa continue to dictate regional outcomes.",Humanitarian Impact,2026-03-20,Nikkei Asia,Palestine,Red Sea & Horn of Africa
ART-10845,Air freight cargo rates spike as commercial shippers seek alternatives to ocean freight lanes,"Aviation logistics carriers reported an unprecedented surge in charter demand for urgent transcontinental air cargo, driven by persistent maritime shipping route disruptions. Freight indices registered double-digit increases in air cargo ton-mile rates for priority industrial freight. Reporting from Taiwan, diplomatic and local observers noted that recent strategic shifts in Persian Gulf continue to dictate regional outcomes.",Trade & Shipping,2026-08-24,Deutsche Welle,Taiwan,Persian Gulf
ART-10031,Artillery and drone strikes intensify along North America frontline,"Heavy military bombardment and tactical drone warfare escalated across the North America border overnight. Military defense commands confirmed multiple interceptor missile launches and sustained counter-battery fire. Ground forces mobilized armored divisions in response to cross-border incursions, leading to heightened combat alert status throughout contested defensive perimeters. Reporting from Germany, diplomatic and local observers noted that recent strategic shifts in North America continue to dictate regional outcomes.",Military Conflict,2026-04-03,BBC News,Germany,North America
ART-10917,Port congestion and customs clearance bottlenecks escalate across major container terminals,"Logistics operators reported severe berthing delays and freight dwell times exceeding historical averages across maritime gateway hubs. Freight forwarders cited vessel bunching, rail intermodal backlogs, and maritime rerouting schedules as compounding drivers of supply chain gridlock. Reporting from Palestine, diplomatic and local observers noted that recent strategic shifts in Middle East continue to dictate regional outcomes.",Trade & Shipping,2026-08-12,BBC News,Palestine,Middle East
ART-11121,Central banks signal interest rate adjustments as geopolitical inflation pressures broaden,"Monetary policy committees convened to evaluate persistent macroeconomic shocks stemming from import price inflation and commodity supply friction. Financial market analysts revised benchmark interest rate trajectories as headline consumer price indices reflected elevated freight and producer input expenses. Reporting from Poland, diplomatic and local observers noted that recent strategic shifts in South Asia continue to dictate regional outcomes.",Economic Impact,2026-02-17,BBC News,Poland,South Asia
ART-11357,United Nations launches emergency humanitarian relief appeal for food aid and medical shelter,"Humanitarian coordinators formally issued a multilateral funding appeal seeking urgent donor contributions to support frontline field clinics and nutritional distribution hubs. Aid convoys reported severe logistical hurdles attempting to deliver relief supplies to isolated civilian corridors. Reporting from Germany, diplomatic and local observers noted that recent strategic shifts in East Asia continue to dictate regional outcomes.",Humanitarian Impact,2026-01-26,Reuters,Germany,East Asia
ART-10805,Air freight cargo rates spike as commercial shippers seek alternatives to ocean freight lanes,"Aviation logistics carriers reported an unprecedented surge in charter demand for urgent transcontinental air cargo, driven by persistent maritime shipping route disruptions. Freight indices registered double-digit increases in air cargo ton-mile rates for priority industrial freight. Reporting from Ukraine, diplomatic and local observers noted that recent strategic shifts in North America continue to dictate regional outcomes.",Trade & Shipping,2026-04-12,BBC News,Ukraine,North America
ART-10965,Air freight cargo rates spike as commercial shippers seek alternatives to ocean freight lanes,"Aviation logistics carriers reported an unprecedented surge in charter demand for urgent transcontinental air cargo, driven by persistent maritime shipping route disruptions. Freight indices registered double-digit increases in air cargo ton-mile rates for priority industrial freight. Reporting from Iran, diplomatic and local observers noted that recent strategic shifts in Eastern Europe continue to dictate regional outcomes.",Trade & Shipping,2026-02-04,Nikkei Asia,Iran,Eastern Europe
ART-11368,"Field hospitals face critical shortages of surgical anesthetics, electricity, and clean water","Medical relief organizations operating inside crisis sectors issued urgent distress alerts regarding depleted pharmaceuticals, damaged municipal water treatment facilities, and erratic generator fuel supplies necessary to maintain life-saving intensive care facilities. Reporting from Taiwan, diplomatic and local observers noted that recent strategic shifts in Eastern Europe continue to dictate regional outcomes.",Humanitarian Impact,2026-03-09,Nikkei Asia,Taiwan,Eastern Europe
ART-11440,Civilian evacuation corridors established under international red cross mediation,"Humanitarian organizations coordinated temporary civilian safe-passage corridors to evacuate vulnerable elderly, women, and pediatric patients from active hostility perimeters. International observers monitored compliance to ensure unhindered transit for humanitarian convoys. Reporting from Russia, diplomatic and local observers noted that recent strategic shifts in North America continue to dictate regional outcomes.",Humanitarian Impact,2026-03-25,UN News,Russia,North America
ART-10254,Border skirmish escalates with armor deployment and infantry engagements,"Tensions surged following armed skirmishes along the demarcation perimeter involving heavy mechanized infantry and mortar barrages. Both regional militaries issued conflicting claims regarding rules of engagement violations as reinforced defensive trenches exchanged active small arms and artillery fire. Reporting from Sudan, diplomatic and local observers noted that recent strategic shifts in Persian Gulf continue to dictate regional outcomes.",Military Conflict,2026-02-02,Associated Press,Sudan,Persian Gulf
ART-11294,Disrupted municipal power grids and water filtration plants jeopardize civilian public health,"Public health authorities warned of escalating waterborne disease outbreaks after sustained infrastructure damage crippled municipal water purification networks and electrical sub-stations. Emergency relief teams deployed portable purification modules to mitigate sanitary hazards. Reporting from Russia, diplomatic and local observers noted that recent strategic shifts in Eastern Europe continue to dictate regional outcomes.",Humanitarian Impact,2026-01-19,Al Jazeera,Russia,Eastern Europe
ART-10937,Port congestion and customs clearance bottlenecks escalate across major container terminals,"Logistics operators reported severe berthing delays and freight dwell times exceeding historical averages across maritime gateway hubs. Freight forwarders cited vessel bunching, rail intermodal backlogs, and maritime rerouting schedules as compounding drivers of supply chain gridlock. Reporting from Ukraine, diplomatic and local observers noted that recent strategic shifts in Middle East continue to dictate regional outcomes.",Trade & Shipping,2026-01-04,Reuters,Ukraine,Middle East
ART-10456,High-level bilateral diplomatic summit convenes in effort to de-escalate tensions,"Foreign ministers and strategic envoys met for emergency multilateral negotiations aimed at formulating a comprehensive ceasefire framework and de-escalation roadmap. Delegations engaged in protracted closed-door diplomatic talks regarding border demilitarization and treaty adherence. Reporting from India, diplomatic and local observers noted that recent strategic shifts in South Asia continue to dictate regional outcomes.",Diplomatic / Political,2026-03-05,Al Jazeera,India,South Asia
ART-10539,Offshore drilling rig security heightened following regional maritime threat warnings,"Deepwater exploration platforms operating in disputed maritime basins instituted enhanced exclusion zones and emergency evacuation drills. Energy corporations reported heightened maritime surveillance to safeguard critical liquefied natural gas terminals and offshore pipeline pumping stations. Reporting from Egypt, diplomatic and local observers noted that recent strategic shifts in North America continue to dictate regional outcomes.",Energy Risk,2026-02-01,BBC News,Egypt,North America
ART-10875,Air freight cargo rates spike as commercial shippers seek alternatives to ocean freight lanes,"Aviation logistics carriers reported an unprecedented surge in charter demand for urgent transcontinental air cargo, driven by persistent maritime shipping route disruptions. Freight indices registered double-digit increases in air cargo ton-mile rates for priority industrial freight. Reporting from Egypt, diplomatic and local observers noted that recent strategic shifts in Eastern Europe continue to dictate regional outcomes.",Trade & Shipping,2026-02-26,Wall Street Journal,Egypt,Eastern Europe
ART-10269,Regional coalition signs comprehensive non-aggression and diplomatic mediation pact,"Leaders of member states finalized a multilateral framework establishing joint diplomatic mediation channels, diplomatic consultation corridors, and bilateral confidence-building measures to prevent diplomatic estrangement across the alliance. Reporting from Saudi Arabia, diplomatic and local observers noted that recent strategic shifts in South Asia continue to dictate regional outcomes.",Diplomatic / Political,2026-05-14,BBC News,Saudi Arabia,South Asia
ART-11088,Foreign direct investment inflows contract sharply amid cross-border geopolitical instability,"Economic development ministries reported a significant deceleration in cross-border capital expenditures and joint venture investments. Corporate treasuries cited regulatory uncertainty, sovereign risk premia, and supply network vulnerabilities as key deterrents to long-term capital allocation. Reporting from Palestine, diplomatic and local observers noted that recent strategic shifts in South Asia continue to dictate regional outcomes.",Economic Impact,2026-05-12,UN News,Palestine,South Asia
ART-10766,Container shipping carriers divert cargo fleets around Cape of Good Hope amid maritime threats,"Major international ocean carriers announced sweeping rerouting orders, diverting container vessels around the African continent to bypass hazardous maritime corridors. The maritime diversion adds 10 to 14 days to standard transit times, tightening vessel capacity, delaying container turnaround times, and triggering sharp increases in global container spot freight rates.",Trade & Shipping,2026-01-01,Financial Times,Palestine,Eastern Europe
ART-10546,Strait of Hormuz transit tensions spark crude oil and LNG supply disruptions,"Heightened naval alerts near critical energy choke points triggered immediate volatility across global benchmark crude contracts. Tanker charter operators raised war risk insurance premiums as energy intelligence analysts cautioned that maritime route interdictions could constrain daily flows of crude oil, refined distillates, and liquefied natural gas (LNG). Reporting from United Kingdom, diplomatic and local observers noted that recent strategic shifts in East Asia continue to dictate regional outcomes.",Energy Risk,2026-09-08,Wall Street Journal,United Kingdom,East Asia
ART-11484,Disrupted municipal power grids and water filtration plants jeopardize civilian public health,"Public health authorities warned of escalating waterborne disease outbreaks after sustained infrastructure damage crippled municipal water purification networks and electrical sub-stations. Emergency relief teams deployed portable purification modules to mitigate sanitary hazards. Reporting from Ukraine, diplomatic and local observers noted that recent strategic shifts in Red Sea & Horn of Africa continue to dictate regional outcomes.",Humanitarian Impact,2026-02-13,UN News,Ukraine,Red Sea & Horn of Africa
ART-11417,United Nations launches emergency humanitarian relief appeal for food aid and medical shelter,"Humanitarian coordinators formally issued a multilateral funding appeal seeking urgent donor contributions to support frontline field clinics and nutritional distribution hubs. Aid convoys reported severe logistical hurdles attempting to deliver relief supplies to isolated civilian corridors. Reporting from India, diplomatic and local observers noted that recent strategic shifts in Western Europe continue to dictate regional outcomes.",Humanitarian Impact,2026-07-02,Deutsche Welle,India,Western Europe
ART-10119,Border skirmish escalates with armor deployment and infantry engagements,"Tensions surged following armed skirmishes along the demarcation perimeter involving heavy mechanized infantry and mortar barrages. Both regional militaries issued conflicting claims regarding rules of engagement violations as reinforced defensive trenches exchanged active small arms and artillery fire. Reporting from Taiwan, diplomatic and local observers noted that recent strategic shifts in Persian Gulf continue to dictate regional outcomes.",Military Conflict,2026-02-07,BBC News,Taiwan,Persian Gulf
ART-10414,Regional coalition signs comprehensive non-aggression and diplomatic mediation pact,"Leaders of member states finalized a multilateral framework establishing joint diplomatic mediation channels, diplomatic consultation corridors, and bilateral confidence-building measures to prevent diplomatic estrangement across the alliance. Reporting from Russia, diplomatic and local observers noted that recent strategic shifts in Eastern Europe continue to dictate regional outcomes.",Diplomatic / Political,2026-06-19,Financial Times,Russia,Eastern Europe
ART-11184,Manufacturing purchasing managers index drops into contraction territory,"National manufacturing indices slumped below the critical 50-point threshold, signaling industrial output contraction across export-oriented sectors. Factory managers reported elevated input acquisition costs, backlog accumulation, and declining international export orders. Reporting from Iran, diplomatic and local observers noted that recent strategic shifts in Persian Gulf continue to dictate regional outcomes.",Economic Impact,2026-02-24,Associated Press,Iran,Persian Gulf
ART-10175,Ballistic missile interceptor systems activated amid regional military escalation,"Air defense batteries engaged multiple incoming medium-range ballistic trajectories targeting military infrastructure. Defense ministries confirmed that surface-to-air missile batteries intercepted projectiles mid-course, placing joint task forces on maximum tactical readiness status. Reporting from India, diplomatic and local observers noted that recent strategic shifts in East Asia continue to dictate regional outcomes.",Military Conflict,2026-04-07,Wall Street Journal,India,East Asia
ART-11262,Sovereign credit rating under review following capital flight and currency depreciation,"International credit rating agencies placed sovereign debt issuances on negative watch, citing widening fiscal deficits, rapid foreign reserve depletion, and heightened geopolitical risk premia. Domestic currency valuations experienced sharp depreciations against global reserve currencies. Reporting from Russia, diplomatic and local observers noted that recent strategic shifts in East Asia continue to dictate regional outcomes.",Economic Impact,2026-08-18,Wall Street Journal,Russia,East Asia
ART-10401,High-level bilateral diplomatic summit convenes in effort to de-escalate tensions,"Foreign ministers and strategic envoys met for emergency multilateral negotiations aimed at formulating a comprehensive ceasefire framework and de-escalation roadmap. Delegations engaged in protracted closed-door diplomatic talks regarding border demilitarization and treaty adherence. Reporting from Ukraine, diplomatic and local observers noted that recent strategic shifts in Middle East continue to dictate regional outcomes.",Diplomatic / Political,2026-02-06,Nikkei Asia,Ukraine,Middle East
ART-11191,Central banks signal interest rate adjustments as geopolitical inflation pressures broaden,"Monetary policy committees convened to evaluate persistent macroeconomic shocks stemming from import price inflation and commodity supply friction. Financial market analysts revised benchmark interest rate trajectories as headline consumer price indices reflected elevated freight and producer input expenses. Reporting from Egypt, diplomatic and local observers noted that recent strategic shifts in South Asia continue to dictate regional outcomes.",Economic Impact,2026-09-03,Bloomberg,Egypt,South Asia
ART-10094,Border skirmish escalates with armor deployment and infantry engagements,"Tensions surged following armed skirmishes along the demarcation perimeter involving heavy mechanized infantry and mortar barrages. Both regional militaries issued conflicting claims regarding rules of engagement violations as reinforced defensive trenches exchanged active small arms and artillery fire. Reporting from Egypt, diplomatic and local observers noted that recent strategic shifts in Middle East continue to dictate regional outcomes.",Military Conflict,2026-04-10,Financial Times,Egypt,Middle East
ART-11147,Sovereign credit rating under review following capital flight and currency depreciation,"International credit rating agencies placed sovereign debt issuances on negative watch, citing widening fiscal deficits, rapid foreign reserve depletion, and heightened geopolitical risk premia. Domestic currency valuations experienced sharp depreciations against global reserve currencies. Reporting from Ukraine, diplomatic and local observers noted that recent strategic shifts in Red Sea & Horn of Africa continue to dictate regional outcomes.",Economic Impact,2026-01-15,Al Jazeera,Ukraine,Red Sea & Horn of Africa
ART-11008,Bilateral tariff escalation and trade export controls enacted on critical components,"Commerce departments imposed sweeping customs tariffs and export license restrictions on key industrial raw materials and advanced components. Trade chambers expressed alarm over compliance costs and international supply chain fragmentation affecting bilateral trade volumes. Reporting from Palestine, diplomatic and local observers noted that recent strategic shifts in Eastern Europe continue to dictate regional outcomes.",,2026-09-19,Reuters,Palestine,Eastern Europe
ART-10312,United Nations Security Council debates draft resolution on sovereignty and border protocols,"Diplomats at the UN Headquarters convened an emergency session to deliberate a multilateral resolution addressing territorial sovereignty, diplomatic immunity, and international arbitration. Key permanent members presented competing revisions concerning compliance verification and peacekeeper mandates. Reporting from Yemen, diplomatic and local observers noted that recent strategic shifts in Red Sea & Horn of Africa continue to dictate regional outcomes.",Diplomatic / Political,2026-03-01,Wall Street Journal,Yemen,Red Sea & Horn of Africa
ART-10519,Offshore drilling rig security heightened following regional maritime threat warnings,"Deepwater exploration platforms operating in disputed maritime basins instituted enhanced exclusion zones and emergency evacuation drills. Energy corporations reported heightened maritime surveillance to safeguard critical liquefied natural gas terminals and offshore pipeline pumping stations. Reporting from Palestine, diplomatic and local observers noted that recent strategic shifts in Western Europe continue to dictate regional outcomes.",Energy Risk,2026-09-09,UN News,Palestine,Western Europe
ART-11138,Foreign direct investment inflows contract sharply amid cross-border geopolitical instability,"Economic development ministries reported a significant deceleration in cross-border capital expenditures and joint venture investments. Corporate treasuries cited regulatory uncertainty, sovereign risk premia, and supply network vulnerabilities as key deterrents to long-term capital allocation. Reporting from China, diplomatic and local observers noted that recent strategic shifts in Western Europe continue to dictate regional outcomes.",Economic Impact,2026-01-06,Wall Street Journal,China,Western Europe
ART-10154,Border skirmish escalates with armor deployment and infantry engagements,"Tensions surged following armed skirmishes along the demarcation perimeter involving heavy mechanized infantry and mortar barrages. Both regional militaries issued conflicting claims regarding rules of engagement violations as reinforced defensive trenches exchanged active small arms and artillery fire. Reporting from China, diplomatic and local observers noted that recent strategic shifts in Middle East continue to dictate regional outcomes.",Military Conflict,2026-01-14,Wall Street Journal,China,Middle East
ART-10921,Container shipping carriers divert cargo fleets around Cape of Good Hope amid maritime threats,"Major international ocean carriers announced sweeping rerouting orders, diverting container vessels around the African continent to bypass hazardous maritime corridors. The maritime diversion adds 10 to 14 days to standard transit times, tightening vessel capacity, delaying container turnaround times, and triggering sharp increases in global container spot freight rates. Reporting from Iran, diplomatic and local observers noted that recent strategic shifts in Persian Gulf continue to dictate regional outcomes.",Trade & Shipping,2026-03-16,BBC News,Iran,Persian Gulf
ART-11398,"Field hospitals face critical shortages of surgical anesthetics, electricity, and clean water","Medical relief organizations operating inside crisis sectors issued urgent distress alerts regarding depleted pharmaceuticals, damaged municipal water treatment facilities, and erratic generator fuel supplies necessary to maintain life-saving intensive care facilities. Reporting from Iran, diplomatic and local observers noted that recent strategic shifts in East Asia continue to dictate regional outcomes.",Humanitarian Impact,2026-06-11,Nikkei Asia,Iran,East Asia
ART-10444,Regional coalition signs comprehensive non-aggression and diplomatic mediation pact,"Leaders of member states finalized a multilateral framework establishing joint diplomatic mediation channels, diplomatic consultation corridors, and bilateral confidence-building measures to prevent diplomatic estrangement across the alliance. Reporting from Egypt, diplomatic and local observers noted that recent strategic shifts in South Asia continue to dictate regional outcomes.",Diplomatic / Political,2026-09-21,Associated Press,Egypt,South Asia
ART-11271,Central banks signal interest rate adjustments as geopolitical inflation pressures broaden,"Monetary policy committees convened to evaluate persistent macroeconomic shocks stemming from import price inflation and commodity supply friction. Financial market analysts revised benchmark interest rate trajectories as headline consumer price indices reflected elevated freight and producer input expenses. Reporting from Poland, diplomatic and local observers noted that recent strategic shifts in East Asia continue to dictate regional outcomes.",Economic Impact,2026-08-27,Deutsche Welle,Poland,East Asia
ART-11085,Stock exchange volatility index spikes as investors seek safe-haven sovereign bonds and gold,"Equities across regional bourses recorded broad sell-offs, with industrial, aviation, and consumer discretionary shares leading declines. Capital allocators rotated liquidity into sovereign treasury securities, bullion, and cash equivalents amid heightened geopolitical uncertainty. Reporting from Poland, diplomatic and local observers noted that recent strategic shifts in Red Sea & Horn of Africa continue to dictate regional outcomes.",Economic Impact,2026-02-09,Associated Press,Poland,Red Sea & Horn of Africa
ART-11476,Refugee displacement crisis deepens as civilian populations flee contested border zones,"International humanitarian relief agencies reported that over 250,000 civilians have been displaced from conflict-affected frontier zones over recent weeks. Overcrowded temporary resettlement shelters face severe shortages of potable water, emergency medical supplies, and sanitation infrastructure. Reporting from Egypt, diplomatic and local observers noted that recent strategic shifts in Western Europe continue to dictate regional outcomes.",Humanitarian Impact,2026-03-05,Wall Street Journal,Egypt,Western Europe
ART-11048,Foreign direct investment inflows contract sharply amid cross-border geopolitical instability,"Economic development ministries reported a significant deceleration in cross-border capital expenditures and joint venture investments. Corporate treasuries cited regulatory uncertainty, sovereign risk premia, and supply network vulnerabilities as key deterrents to long-term capital allocation. Reporting from Egypt, diplomatic and local observers noted that recent strategic shifts in Middle East continue to dictate regional outcomes.",Economic Impact,2026-01-28,BBC News,Egypt,Middle East
ART-11055,Stock exchange volatility index spikes as investors seek safe-haven sovereign bonds and gold,"Equities across regional bourses recorded broad sell-offs, with industrial, aviation, and consumer discretionary shares leading declines. Capital allocators rotated liquidity into sovereign treasury securities, bullion, and cash equivalents amid heightened geopolitical uncertainty. Reporting from Sudan, diplomatic and local observers noted that recent strategic shifts in East Asia continue to dictate regional outcomes.",Economic Impact,2026-08-07,Bloomberg,Sudan,East Asia
ART-10226,Artillery and drone strikes intensify along Red Sea & Horn of Africa frontline,"Heavy military bombardment and tactical drone warfare escalated across the Red Sea & Horn of Africa border overnight. Military defense commands confirmed multiple interceptor missile launches and sustained counter-battery fire. Ground forces mobilized armored divisions in response to cross-border incursions, leading to heightened combat alert status throughout contested defensive perimeters. Reporting from Sudan, diplomatic and local observers noted that recent strategic shifts in Red Sea & Horn of Africa continue to dictate regional outcomes.",Military Conflict,2026-01-02,BBC News,Sudan,Red Sea & Horn of Africa
ART-11025,Stock exchange volatility index spikes as investors seek safe-haven sovereign bonds and gold,"Equities across regional bourses recorded broad sell-offs, with industrial, aviation, and consumer discretionary shares leading declines. Capital allocators rotated liquidity into sovereign treasury securities, bullion, and cash equivalents amid heightened geopolitical uncertainty.",Economic Impact,2026-05-05,UN News,China,Eastern Europe
ART-11203,Foreign direct investment inflows contract sharply amid cross-border geopolitical instability,"Economic development ministries reported a significant deceleration in cross-border capital expenditures and joint venture investments. Corporate treasuries cited regulatory uncertainty, sovereign risk premia, and supply network vulnerabilities as key deterrents to long-term capital allocation. Reporting from Russia, diplomatic and local observers noted that recent strategic shifts in Middle East continue to dictate regional outcomes.",Economic Impact,2026-03-15,Reuters,Russia,Middle East
ART-10714,Offshore drilling rig security heightened following regional maritime threat warnings,"Deepwater exploration platforms operating in disputed maritime basins instituted enhanced exclusion zones and emergency evacuation drills. Energy corporations reported heightened maritime surveillance to safeguard critical liquefied natural gas terminals and offshore pipeline pumping stations. Reporting from India, diplomatic and local observers noted that recent strategic shifts in Western Europe continue to dictate regional outcomes.",Energy Risk,2026-06-08,UN News,India,Western Europe
ART-10436,High-level bilateral diplomatic summit convenes in effort to de-escalate tensions,"Foreign ministers and strategic envoys met for emergency multilateral negotiations aimed at formulating a comprehensive ceasefire framework and de-escalation roadmap. Delegations engaged in protracted closed-door diplomatic talks regarding border demilitarization and treaty adherence. Reporting from Yemen, diplomatic and local observers noted that recent strategic shifts in Middle East continue to dictate regional outcomes.",Diplomatic / Political,2026-01-13,Bloomberg,Yemen,Middle East
ART-10180,Ballistic missile interceptor systems activated amid regional military escalation,"Air defense batteries engaged multiple incoming medium-range ballistic trajectories targeting military infrastructure. Defense ministries confirmed that surface-to-air missile batteries intercepted projectiles mid-course, placing joint task forces on maximum tactical readiness status. Reporting from Saudi Arabia, diplomatic and local observers noted that recent strategic shifts in Red Sea & Horn of Africa continue to dictate regional outcomes.",Military Conflict,2026-09-12,Wall Street Journal,Saudi Arabia,Red Sea & Horn of Africa
ART-11478,"Field hospitals face critical shortages of surgical anesthetics, electricity, and clean water","Medical relief organizations operating inside crisis sectors issued urgent distress alerts regarding depleted pharmaceuticals, damaged municipal water treatment facilities, and erratic generator fuel supplies necessary to maintain life-saving intensive care facilities. Reporting from United States, diplomatic and local observers noted that recent strategic shifts in North America continue to dictate regional outcomes.",Humanitarian Impact,2026-05-07,Financial Times,United States,North America
ART-10509,Regional coalition signs comprehensive non-aggression and diplomatic mediation pact,"Leaders of member states finalized a multilateral framework establishing joint diplomatic mediation channels, diplomatic consultation corridors, and bilateral confidence-building measures to prevent diplomatic estrangement across the alliance. Reporting from Russia, diplomatic and local observers noted that recent strategic shifts in Western Europe continue to dictate regional outcomes.",Diplomatic / Political,2026-02-02,Nikkei Asia,Russia,Western Europe
ART-10033,Airstrikes strike strategic command centers and ammunition depots in Poland,"Fighter aircraft launched precision-guided ordnance targeting key military logistics hubs, radar installations, and tactical weapons caches near strategic sectors of Poland. Satellite reconnaissance verified structural destruction, while armed forces declared immediate airspace closure and defensive mobilization. Reporting from Poland, diplomatic and local observers noted that recent strategic shifts in Middle East continue to dictate regional outcomes.",Military Conflict,2026-06-05,Reuters,Poland,Middle East
ART-11268,Foreign direct investment inflows contract sharply amid cross-border geopolitical instability,"Economic development ministries reported a significant deceleration in cross-border capital expenditures and joint venture investments. Corporate treasuries cited regulatory uncertainty, sovereign risk premia, and supply network vulnerabilities as key deterrents to long-term capital allocation. Reporting from Palestine, diplomatic and local observers noted that recent strategic shifts in Persian Gulf continue to dictate regional outcomes.",Economic Impact,2026-05-24,Wall Street Journal,Palestine,Persian Gulf
ART-10039,Border skirmish escalates with armor deployment and infantry engagements,"Tensions surged following armed skirmishes along the demarcation perimeter involving heavy mechanized infantry and mortar barrages. Both regional militaries issued conflicting claims regarding rules of engagement violations as reinforced defensive trenches exchanged active small arms and artillery fire. Reporting from Sudan, diplomatic and local observers noted that recent strategic shifts in North America continue to dictate regional outcomes.",Military Conflict,2026-03-11,Bloomberg,Sudan,North America
ART-10025,Ballistic missile interceptor systems activated amid regional military escalation,"Air defense batteries engaged multiple incoming medium-range ballistic trajectories targeting military infrastructure. Defense ministries confirmed that surface-to-air missile batteries intercepted projectiles mid-course, placing joint task forces on maximum tactical readiness status. Reporting from China, diplomatic and local observers noted that recent strategic shifts in Eastern Europe continue to dictate regional outcomes.",Military Conflict,2026-07-25,BBC News,China,Eastern Europe
ART-10030,Ballistic missile interceptor systems activated amid regional military escalation,"Air defense batteries engaged multiple incoming medium-range ballistic trajectories targeting military infrastructure. Defense ministries confirmed that surface-to-air missile batteries intercepted projectiles mid-course, placing joint task forces on maximum tactical readiness status. Reporting from China, diplomatic and local observers noted that recent strategic shifts in South Asia continue to dictate regional outcomes.",Military Conflict,2026-03-02,Deutsche Welle,China,South Asia
ART-10200,Ballistic missile interceptor systems activated amid regional military escalation,"Air defense batteries engaged multiple incoming medium-range ballistic trajectories targeting military infrastructure. Defense ministries confirmed that surface-to-air missile batteries intercepted projectiles mid-course, placing joint task forces on maximum tactical readiness status. Reporting from Egypt, diplomatic and local observers noted that recent strategic shifts in Persian Gulf continue to dictate regional outcomes.",Military Conflict,2026-02-04,Bloomberg,Egypt,Persian Gulf
ART-10833,Bilateral tariff escalation and trade export controls enacted on critical components,"Commerce departments imposed sweeping customs tariffs and export license restrictions on key industrial raw materials and advanced components. Trade chambers expressed alarm over compliance costs and international supply chain fragmentation affecting bilateral trade volumes. Reporting from Yemen, diplomatic and local observers noted that recent strategic shifts in Western Europe continue to dictate regional outcomes.",Trade & Shipping,2026-05-12,Al Jazeera,Yemen,Western Europe
ART-11518,"Field hospitals face critical shortages of surgical anesthetics, electricity, and clean water","Medical relief organizations operating inside crisis sectors issued urgent distress alerts regarding depleted pharmaceuticals, damaged municipal water treatment facilities, and erratic generator fuel supplies necessary to maintain life-saving intensive care facilities. Reporting from Iran, diplomatic and local observers noted that recent strategic shifts in East Asia continue to dictate regional outcomes.",Humanitarian Impact,2026-09-19,Reuters,Iran,East Asia
ART-10181,Artillery and drone strikes intensify along Western Europe frontline,"Heavy military bombardment and tactical drone warfare escalated across the Western Europe border overnight. Military defense commands confirmed multiple interceptor missile launches and sustained counter-battery fire. Ground forces mobilized armored divisions in response to cross-border incursions, leading to heightened combat alert status throughout contested defensive perimeters. Reporting from Saudi Arabia, diplomatic and local observers noted that recent strategic shifts in Western Europe continue to dictate regional outcomes.",Military Conflict,2026-01-13,UN News,Saudi Arabia,Western Europe
ART-10824,Bulk carrier grain vessels delayed as maritime safety inspection protocols expand,"Commercial maritime registries reported prolonged anchorage delays for dry bulk freighters awaiting safe passage clearances through designated maritime corridors. Insurers revised hull and cargo coverage stipulations, impacting export contract fulfillment for agricultural cargoes. Reporting from Egypt, diplomatic and local observers noted that recent strategic shifts in East Asia continue to dictate regional outcomes.",Trade & Shipping,2026-05-03,Deutsche Welle,Egypt,East Asia
ART-11490,Civilian evacuation corridors established under international red cross mediation,"Humanitarian organizations coordinated temporary civilian safe-passage corridors to evacuate vulnerable elderly, women, and pediatric patients from active hostility perimeters. International observers monitored compliance to ensure unhindered transit for humanitarian convoys. Reporting from Taiwan, diplomatic and local observers noted that recent strategic shifts in North America continue to dictate regional outcomes.",Humanitarian Impact,2026-08-19,BBC News,Taiwan,North America
ART-10265,Parliamentary committee conducts emergency foreign policy debate on international accords,"Legislative leaders held intensive deliberations concerning diplomatic ratifications, treaty commitments, and international coalition partnerships. Government ministers reiterated diplomatic alignment while defending non-proliferation accords and diplomatic neutrality. Reporting from Saudi Arabia, diplomatic and local observers noted that recent strategic shifts in Western Europe continue to dictate regional outcomes.",Diplomatic / Political,2026-01-10,Associated Press,Saudi Arabia,Western Europe
ART-10127,Naval task force engages hostile drone boats near Germany territorial waters,"Naval destroyers deployed in international waters intercepted multiple unmanned explosive surface vessels attempting to strike maritime patrol assets. Military officials stated that defensive kinetic munitions neutralized the threat prior to vessel breach, sustaining combat deterrence across critical coastal zones. Reporting from Germany, diplomatic and local observers noted that recent strategic shifts in Western Europe continue to dictate regional outcomes.",Military Conflict,2026-01-15,BBC News,Germany,Western Europe
ART-11141,Central banks signal interest rate adjustments as geopolitical inflation pressures broaden,"Monetary policy committees convened to evaluate persistent macroeconomic shocks stemming from import price inflation and commodity supply friction. Financial market analysts revised benchmark interest rate trajectories as headline consumer price indices reflected elevated freight and producer input expenses. Reporting from United States, diplomatic and local observers noted that recent strategic shifts in Middle East continue to dictate regional outcomes.",Economic Impact,2026-04-09,Al Jazeera,United States,Middle East
ART-10720,OPEC+ convenes emergency production quota meeting as geopolitical supply risks mount,"Petroleum export ministers gathered for extraordinary consultations to review crude output allocations and export facility vulnerabilities. Analysts highlighted that potential localized transit choke point disruptions threaten to strain spare production capacity across export terminals. Reporting from Yemen, diplomatic and local observers noted that recent strategic shifts in North America continue to dictate regional outcomes.",Energy Risk,2026-03-14,Financial Times,Yemen,North America
ART-10296,High-level bilateral diplomatic summit convenes in effort to de-escalate tensions,"Foreign ministers and strategic envoys met for emergency multilateral negotiations aimed at formulating a comprehensive ceasefire framework and de-escalation roadmap. Delegations engaged in protracted closed-door diplomatic talks regarding border demilitarization and treaty adherence. Reporting from Palestine, diplomatic and local observers noted that recent strategic shifts in Persian Gulf continue to dictate regional outcomes.",Diplomatic / Political,2026-05-13,Reuters,Palestine,Persian Gulf
ART-10795,Air freight cargo rates spike as commercial shippers seek alternatives to ocean freight lanes,"Aviation logistics carriers reported an unprecedented surge in charter demand for urgent transcontinental air cargo, driven by persistent maritime shipping route disruptions. Freight indices registered double-digit increases in air cargo ton-mile rates for priority industrial freight. Reporting from India, diplomatic and local observers noted that recent strategic shifts in Middle East continue to dictate regional outcomes.",Trade & Shipping,2026-03-02,Nikkei Asia,India,Middle East
ART-10653,Strategic petroleum reserve release weighed as refinery feedstock prices surge,"Energy authorities initiated contingency consultations regarding synchronized drawdowns from strategic oil reserves following regional energy infrastructure disruptions. Brent crude spot rates surged as market participants priced in persistent refinery feedstock shortages and pipeline outages. Reporting from United Kingdom, diplomatic and local observers noted that recent strategic shifts in Persian Gulf continue to dictate regional outcomes.",Energy Risk,2026-08-03,Bloomberg,United Kingdom,Persian Gulf
ART-10661,Strait of Hormuz transit tensions spark crude oil and LNG supply disruptions,"Heightened naval alerts near critical energy choke points triggered immediate volatility across global benchmark crude contracts. Tanker charter operators raised war risk insurance premiums as energy intelligence analysts cautioned that maritime route interdictions could constrain daily flows of crude oil, refined distillates, and liquefied natural gas (LNG). Reporting from Palestine, diplomatic and local observers noted that recent strategic shifts in East Asia continue to dictate regional outcomes.",Energy Risk,2026-07-11,Bloomberg,Palestine,East Asia
ART-11267,Sovereign credit rating under review following capital flight and currency depreciation,"International credit rating agencies placed sovereign debt issuances on negative watch, citing widening fiscal deficits, rapid foreign reserve depletion, and heightened geopolitical risk premia. Domestic currency valuations experienced sharp depreciations against global reserve currencies. Reporting from Palestine, diplomatic and local observers noted that recent strategic shifts in North America continue to dictate regional outcomes.",Economic Impact,2026-04-23,Reuters,Palestine,North America
ART-10106,Artillery and drone strikes intensify along North America frontline,"Heavy military bombardment and tactical drone warfare escalated across the North America border overnight. Military defense commands confirmed multiple interceptor missile launches and sustained counter-battery fire. Ground forces mobilized armored divisions in response to cross-border incursions, leading to heightened combat alert status throughout contested defensive perimeters. Reporting from United Kingdom, diplomatic and local observers noted that recent strategic shifts in North America continue to dictate regional outcomes.",Military Conflict,2026-07-22,Nikkei Asia,United Kingdom,North America
ART-11096,Central banks signal interest rate adjustments as geopolitical inflation pressures broaden,"Monetary policy committees convened to evaluate persistent macroeconomic shocks stemming from import price inflation and commodity supply friction. Financial market analysts revised benchmark interest rate trajectories as headline consumer price indices reflected elevated freight and producer input expenses. Reporting from Israel, diplomatic and local observers noted that recent strategic shifts in Western Europe continue to dictate regional outcomes.",Economic Impact,2026-04-20,Nikkei Asia,Israel,Western Europe
ART-10348,Ambassadorial recall and diplomatic protest notes delivered over treaty dispute,"Government officials formally summoned the resident ambassador and issued a stern diplomatic communique protesting recent policy shifts and border treaties. Ministry spokespersons emphasized diplomatic dialogue while recalling senior envoys for high-level foreign policy consultations. Reporting from Yemen, diplomatic and local observers noted that recent strategic shifts in North America continue to dictate regional outcomes.",Diplomatic / Political,2026-03-09,Associated Press,Yemen,North America
ART-10746,Strait of Hormuz transit tensions spark crude oil and LNG supply disruptions,"Heightened naval alerts near critical energy choke points triggered immediate volatility across global benchmark crude contracts. Tanker charter operators raised war risk insurance premiums as energy intelligence analysts cautioned that maritime route interdictions could constrain daily flows of crude oil, refined distillates, and liquefied natural gas (LNG). Reporting from Russia, diplomatic and local observers noted that recent strategic shifts in Eastern Europe continue to dictate regional outcomes.",Energy Risk,2026-02-12,Associated Press,Russia,Eastern Europe
ART-10923,Bilateral tariff escalation and trade export controls enacted on critical components,"Commerce departments imposed sweeping customs tariffs and export license restrictions on key industrial raw materials and advanced components. Trade chambers expressed alarm over compliance costs and international supply chain fragmentation affecting bilateral trade volumes. Reporting from United Kingdom, diplomatic and local observers noted that recent strategic shifts in Red Sea & Horn of Africa continue to dictate regional outcomes.",Trade & Shipping,2026-05-18,Associated Press,United Kingdom,Red Sea & Horn of Africa
ART-10420,Parliamentary committee conducts emergency foreign policy debate on international accords,"Legislative leaders held intensive deliberations concerning diplomatic ratifications, treaty commitments, and international coalition partnerships. Government ministers reiterated diplomatic alignment while defending non-proliferation accords and diplomatic neutrality. Reporting from Egypt, diplomatic and local observers noted that recent strategic shifts in Middle East continue to dictate regional outcomes.",Diplomatic / Political,2026-03-25,UN News,Egypt,Middle East
ART-10403,Ambassadorial recall and diplomatic protest notes delivered over treaty dispute,"Government officials formally summoned the resident ambassador and issued a stern diplomatic communique protesting recent policy shifts and border treaties. Ministry spokespersons emphasized diplomatic dialogue while recalling senior envoys for high-level foreign policy consultations. Reporting from United Kingdom, diplomatic and local observers noted that recent strategic shifts in Western Europe continue to dictate regional outcomes.",Diplomatic / Political,2026-04-08,Bloomberg,United Kingdom,Western Europe
ART-10510,Parliamentary committee conducts emergency foreign policy debate on international accords,"Legislative leaders held intensive deliberations concerning diplomatic ratifications, treaty commitments, and international coalition partnerships. Government ministers reiterated diplomatic alignment while defending non-proliferation accords and diplomatic neutrality. Reporting from Saudi Arabia, diplomatic and local observers noted that recent strategic shifts in East Asia continue to dictate regional outcomes.",Diplomatic / Political,2026-03-03,Wall Street Journal,Saudi Arabia,East Asia
ART-11074,Manufacturing purchasing managers index drops into contraction territory,"National manufacturing indices slumped below the critical 50-point threshold, signaling industrial output contraction across export-oriented sectors. Factory managers reported elevated input acquisition costs, backlog accumulation, and declining international export orders. Reporting from Iran, diplomatic and local observers noted that recent strategic shifts in North America continue to dictate regional outcomes.",Economic Impact,2026-09-26,Bloomberg,Iran,North America
ART-11270,Stock exchange volatility index spikes as investors seek safe-haven sovereign bonds and gold,"Equities across regional bourses recorded broad sell-offs, with industrial, aviation, and consumer discretionary shares leading declines. Capital allocators rotated liquidity into sovereign treasury securities, bullion, and cash equivalents amid heightened geopolitical uncertainty. Reporting from Russia, diplomatic and local observers noted that recent strategic shifts in North America continue to dictate regional outcomes.",Economic Impact,2026-07-26,Deutsche Welle,Russia,North America
ART-10670,OPEC+ convenes emergency production quota meeting as geopolitical supply risks mount,"Petroleum export ministers gathered for extraordinary consultations to review crude output allocations and export facility vulnerabilities. Analysts highlighted that potential localized transit choke point disruptions threaten to strain spare production capacity across export terminals. Reporting from Sudan, diplomatic and local observers noted that recent strategic shifts in Western Europe continue to dictate regional outcomes.",Energy Risk,2026-07-20,Deutsche Welle,Sudan,Western Europe
ART-10916,Container shipping carriers divert cargo fleets around Cape of Good Hope amid maritime threats,"Major international ocean carriers announced sweeping rerouting orders, diverting container vessels around the African continent to bypass hazardous maritime corridors. The maritime diversion adds 10 to 14 days to standard transit times, tightening vessel capacity, delaying container turnaround times, and triggering sharp increases in global container spot freight rates. Reporting from China, diplomatic and local observers noted that recent strategic shifts in North America continue to dictate regional outcomes.",Trade & Shipping,2026-07-11,Associated Press,China,North America
ART-10232,Naval task force engages hostile drone boats near United Kingdom territorial waters,"Naval destroyers deployed in international waters intercepted multiple unmanned explosive surface vessels attempting to strike maritime patrol assets. Military officials stated that defensive kinetic munitions neutralized the threat prior to vessel breach, sustaining combat deterrence across critical coastal zones. Reporting from United Kingdom, diplomatic and local observers noted that recent strategic shifts in Western Europe continue to dictate regional outcomes.",Military Conflict,2026-07-08,Bloomberg,United Kingdom,Western Europe
ART-10731,Strait of Hormuz transit tensions spark crude oil and LNG supply disruptions,"Heightened naval alerts near critical energy choke points triggered immediate volatility across global benchmark crude contracts. Tanker charter operators raised war risk insurance premiums as energy intelligence analysts cautioned that maritime route interdictions could constrain daily flows of crude oil, refined distillates, and liquefied natural gas (LNG). Reporting from Saudi Arabia, diplomatic and local observers noted that recent strategic shifts in South Asia continue to dictate regional outcomes.",Energy Risk,2026-05-25,UN News,Saudi Arabia,South Asia
ART-10704,Offshore drilling rig security heightened following regional maritime threat warnings,"Deepwater exploration platforms operating in disputed maritime basins instituted enhanced exclusion zones and emergency evacuation drills. Energy corporations reported heightened maritime surveillance to safeguard critical liquefied natural gas terminals and offshore pipeline pumping stations. Reporting from Russia, diplomatic and local observers noted that recent strategic shifts in Red Sea & Horn of Africa continue to dictate regional outcomes.",Energy Risk,2026-05-26,Reuters,Russia,Red Sea & Horn of Africa
ART-10870,Air freight cargo rates spike as commercial shippers seek alternatives to ocean freight lanes,"Aviation logistics carriers reported an unprecedented surge in charter demand for urgent transcontinental air cargo, driven by persistent maritime shipping route disruptions. Freight indices registered double-digit increases in air cargo ton-mile rates for priority industrial freight. Reporting from Ukraine, diplomatic and local observers noted that recent strategic shifts in Red Sea & Horn of Africa continue to dictate regional outcomes.",Trade & Shipping,2026-06-21,Al Jazeera,Ukraine,Red Sea & Horn of Africa
ART-11400,,"Humanitarian organizations coordinated temporary civilian safe-passage corridors to evacuate vulnerable elderly, women, and pediatric patients from active hostility perimeters. International observers monitored compliance to ensure unhindered transit for humanitarian convoys. Reporting from Iran, diplomatic and local observers noted that recent strategic shifts in South Asia continue to dictate regional outcomes.",Humanitarian Impact,2026-08-13,Bloomberg,Iran,South Asia
ART-11277,United Nations launches emergency humanitarian relief appeal for food aid and medical shelter,Humanitarian coordinators formally issued a multilateral funding appeal seeking urgent donor contributions to support frontline field clinics and nutritional distribution hubs. Aid convoys reported severe logistical hurdles attempting to deliver relief supplies to isolated civilian corridors.,Humanitarian Impact,2026-02-02,UN News,Yemen,East Asia
ART-10717,Major natural gas pipeline flow throttled amid geopolitical transit disagreements,"Subsea pipeline monitoring stations recorded a sharp 35% reduction in natural gas transit volumes following regulatory and political disputes between transit nations. Energy ministers warned industrial consumers of potential supply rationing and power grid balancing interventions ahead of winter reserve replenishment. Reporting from Poland, diplomatic and local observers noted that recent strategic shifts in Red Sea & Horn of Africa continue to dictate regional outcomes.",Energy Risk,2026-09-11,Financial Times,Poland,Red Sea & Horn of Africa
ART-10126,Artillery and drone strikes intensify along Eastern Europe frontline,"Heavy military bombardment and tactical drone warfare escalated across the Eastern Europe border overnight. Military defense commands confirmed multiple interceptor missile launches and sustained counter-battery fire. Ground forces mobilized armored divisions in response to cross-border incursions, leading to heightened combat alert status throughout contested defensive perimeters. Reporting from United States, diplomatic and local observers noted that recent strategic shifts in Eastern Europe continue to dictate regional outcomes.",Military Conflict,2026-09-14,Associated Press,United States,Eastern Europe
ART-10688,Strategic petroleum reserve release weighed as refinery feedstock prices surge,"Energy authorities initiated contingency consultations regarding synchronized drawdowns from strategic oil reserves following regional energy infrastructure disruptions. Brent crude spot rates surged as market participants priced in persistent refinery feedstock shortages and pipeline outages. Reporting from Russia, diplomatic and local observers noted that recent strategic shifts in Middle East continue to dictate regional outcomes.",Energy Risk,2026-07-10,Wall Street Journal,Russia,Middle East
ART-11363,"Field hospitals face critical shortages of surgical anesthetics, electricity, and clean water","Medical relief organizations operating inside crisis sectors issued urgent distress alerts regarding depleted pharmaceuticals, damaged municipal water treatment facilities, and erratic generator fuel supplies necessary to maintain life-saving intensive care facilities. Reporting from Palestine, diplomatic and local observers noted that recent strategic shifts in East Asia continue to dictate regional outcomes.",Humanitarian Impact,2026-07-04,Deutsche Welle,Palestine,East Asia
ART-10552,Major natural gas pipeline flow throttled amid geopolitical transit disagreements,"Subsea pipeline monitoring stations recorded a sharp 35% reduction in natural gas transit volumes following regulatory and political disputes between transit nations. Energy ministers warned industrial consumers of potential supply rationing and power grid balancing interventions ahead of winter reserve replenishment. Reporting from Ukraine, diplomatic and local observers noted that recent strategic shifts in Western Europe continue to dictate regional outcomes.",Energy Risk,2026-06-14,Nikkei Asia,Ukraine,Western Europe
ART-10748,Strategic petroleum reserve release weighed as refinery feedstock prices surge,"Energy authorities initiated contingency consultations regarding synchronized drawdowns from strategic oil reserves following regional energy infrastructure disruptions. Brent crude spot rates surged as market participants priced in persistent refinery feedstock shortages and pipeline outages. Reporting from Yemen, diplomatic and local observers noted that recent strategic shifts in Red Sea & Horn of Africa continue to dictate regional outcomes.",Energy Risk,2026-04-14,Associated Press,Yemen,Red Sea & Horn of Africa
ART-10608,Strategic petroleum reserve release weighed as refinery feedstock prices surge,"Energy authorities initiated contingency consultations regarding synchronized drawdowns from strategic oil reserves following regional energy infrastructure disruptions. Brent crude spot rates surged as market participants priced in persistent refinery feedstock shortages and pipeline outages. Reporting from Yemen, diplomatic and local observers noted that recent strategic shifts in Western Europe continue to dictate regional outcomes.",Energy Risk,2026-08-14,Deutsche Welle,Yemen,Western Europe
ART-11451,Refugee displacement crisis deepens as civilian populations flee contested border zones,"International humanitarian relief agencies reported that over 250,000 civilians have been displaced from conflict-affected frontier zones over recent weeks. Overcrowded temporary resettlement shelters face severe shortages of potable water, emergency medical supplies, and sanitation infrastructure. Reporting from Egypt, diplomatic and local observers noted that recent strategic shifts in Western Europe continue to dictate regional outcomes.",Humanitarian Impact,2026-05-08,Al Jazeera,Egypt,Western Europe
ART-11045,Stock exchange volatility index spikes as investors seek safe-haven sovereign bonds and gold,"Equities across regional bourses recorded broad sell-offs, with industrial, aviation, and consumer discretionary shares leading declines. Capital allocators rotated liquidity into sovereign treasury securities, bullion, and cash equivalents amid heightened geopolitical uncertainty. Reporting from Iran, diplomatic and local observers noted that recent strategic shifts in Western Europe continue to dictate regional outcomes.",Economic Impact,2026-07-25,Reuters,Iran,Western Europe
ART-10809,Bulk carrier grain vessels delayed as maritime safety inspection protocols expand,"Commercial maritime registries reported prolonged anchorage delays for dry bulk freighters awaiting safe passage clearances through designated maritime corridors. Insurers revised hull and cargo coverage stipulations, impacting export contract fulfillment for agricultural cargoes. Reporting from Taiwan, diplomatic and local observers noted that recent strategic shifts in Persian Gulf continue to dictate regional outcomes.",Trade & Shipping,2026-08-16,BBC News,Taiwan,Persian Gulf
ART-11033,Foreign direct investment inflows contract sharply amid cross-border geopolitical instability,"Economic development ministries reported a significant deceleration in cross-border capital expenditures and joint venture investments. Corporate treasuries cited regulatory uncertainty, sovereign risk premia, and supply network vulnerabilities as key deterrents to long-term capital allocation. Reporting from Palestine, diplomatic and local observers noted that recent strategic shifts in Red Sea & Horn of Africa continue to dictate regional outcomes.",Economic Impact,2026-04-13,Financial Times,Palestine,Red Sea & Horn of Africa
ART-10541,Strait of Hormuz transit tensions spark crude oil and LNG supply disruptions,"Heightened naval alerts near critical energy choke points triggered immediate volatility across global benchmark crude contracts. Tanker charter operators raised war risk insurance premiums as energy intelligence analysts cautioned that maritime route interdictions could constrain daily flows of crude oil, refined distillates, and liquefied natural gas (LNG). Reporting from Ukraine, diplomatic and local observers noted that recent strategic shifts in East Asia continue to dictate regional outcomes.",Energy Risk,2026-04-03,Wall Street Journal,Ukraine,East Asia
ART-10578,Strategic petroleum reserve release weighed as refinery feedstock prices surge,"Energy authorities initiated contingency consultations regarding synchronized drawdowns from strategic oil reserves following regional energy infrastructure disruptions. Brent crude spot rates surged as market participants priced in persistent refinery feedstock shortages and pipeline outages. Reporting from Saudi Arabia, diplomatic and local observers noted that recent strategic shifts in East Asia continue to dictate regional outcomes.",Energy Risk,2026-05-12,BBC News,Saudi Arabia,East Asia
ART-10797,Port congestion and customs clearance bottlenecks escalate across major container terminals,"Logistics operators reported severe berthing delays and freight dwell times exceeding historical averages across maritime gateway hubs. Freight forwarders cited vessel bunching, rail intermodal backlogs, and maritime rerouting schedules as compounding drivers of supply chain gridlock. Reporting from Iran, diplomatic and local observers noted that recent strategic shifts in East Asia continue to dictate regional outcomes.",Trade & Shipping,2026-05-04,Al Jazeera,Iran,East Asia
ART-11182,Sovereign credit rating under review following capital flight and currency depreciation,"International credit rating agencies placed sovereign debt issuances on negative watch, citing widening fiscal deficits, rapid foreign reserve depletion, and heightened geopolitical risk premia. Domestic currency valuations experienced sharp depreciations against global reserve currencies. Reporting from Russia, diplomatic and local observers noted that recent strategic shifts in Eastern Europe continue to dictate regional outcomes.",Economic Impact,2026-09-22,Wall Street Journal,Russia,Eastern Europe
ART-10399,Regional coalition signs comprehensive non-aggression and diplomatic mediation pact,"Leaders of member states finalized a multilateral framework establishing joint diplomatic mediation channels, diplomatic consultation corridors, and bilateral confidence-building measures to prevent diplomatic estrangement across the alliance. Reporting from Iran, diplomatic and local observers noted that recent strategic shifts in East Asia continue to dictate regional outcomes.",Diplomatic / Political,2026-09-04,Deutsche Welle,Iran,East Asia
ART-11194,Manufacturing purchasing managers index drops into contraction territory,"National manufacturing indices slumped below the critical 50-point threshold, signaling industrial output contraction across export-oriented sectors. Factory managers reported elevated input acquisition costs, backlog accumulation, and declining international export orders. Reporting from Russia, diplomatic and local observers noted that recent strategic shifts in South Asia continue to dictate regional outcomes.",Economic Impact,2026-03-06,Al Jazeera,Russia,South Asia
ART-11506,Refugee displacement crisis deepens as civilian populations flee contested border zones,"International humanitarian relief agencies reported that over 250,000 civilians have been displaced from conflict-affected frontier zones over recent weeks. Overcrowded temporary resettlement shelters face severe shortages of potable water, emergency medical supplies, and sanitation infrastructure. Reporting from Germany, diplomatic and local observers noted that recent strategic shifts in Middle East continue to dictate regional outcomes.",Humanitarian Impact,2026-06-07,BBC News,Germany,Middle East
ART-10090,Ballistic missile interceptor systems activated amid regional military escalation,"Air defense batteries engaged multiple incoming medium-range ballistic trajectories targeting military infrastructure. Defense ministries confirmed that surface-to-air missile batteries intercepted projectiles mid-course, placing joint task forces on maximum tactical readiness status. Reporting from United Kingdom, diplomatic and local observers noted that recent strategic shifts in Western Europe continue to dictate regional outcomes.",Military Conflict,2026-09-06,Associated Press,United Kingdom,Western Europe
ART-10889,Bulk carrier grain vessels delayed as maritime safety inspection protocols expand,"Commercial maritime registries reported prolonged anchorage delays for dry bulk freighters awaiting safe passage clearances through designated maritime corridors. Insurers revised hull and cargo coverage stipulations, impacting export contract fulfillment for agricultural cargoes. Reporting from Yemen, diplomatic and local observers noted that recent strategic shifts in Western Europe continue to dictate regional outcomes.",Trade & Shipping,2026-07-12,Financial Times,Yemen,Western Europe
ART-10192,Naval task force engages hostile drone boats near Palestine territorial waters,"Naval destroyers deployed in international waters intercepted multiple unmanned explosive surface vessels attempting to strike maritime patrol assets. Military officials stated that defensive kinetic munitions neutralized the threat prior to vessel breach, sustaining combat deterrence across critical coastal zones. Reporting from Palestine, diplomatic and local observers noted that recent strategic shifts in Eastern Europe continue to dictate regional outcomes.",Military Conflict,2026-03-24,Al Jazeera,Palestine,Eastern Europe
ART-11200,Stock exchange volatility index spikes as investors seek safe-haven sovereign bonds and gold,"Equities across regional bourses recorded broad sell-offs, with industrial, aviation, and consumer discretionary shares leading declines. Capital allocators rotated liquidity into sovereign treasury securities, bullion, and cash equivalents amid heightened geopolitical uncertainty. Reporting from Ukraine, diplomatic and local observers noted that recent strategic shifts in East Asia continue to dictate regional outcomes.",Economic Impact,2026-09-12,Associated Press,Ukraine,East Asia
ART-11257,Sovereign credit rating under review following capital flight and currency depreciation,"International credit rating agencies placed sovereign debt issuances on negative watch, citing widening fiscal deficits, rapid foreign reserve depletion, and heightened geopolitical risk premia. Domestic currency valuations experienced sharp depreciations against global reserve currencies. Reporting from China, diplomatic and local observers noted that recent strategic shifts in Persian Gulf continue to dictate regional outcomes.",Economic Impact,2026-03-13,BBC News,China,Persian Gulf
ART-11517,United Nations launches emergency humanitarian relief appeal for food aid and medical shelter,"Humanitarian coordinators formally issued a multilateral funding appeal seeking urgent donor contributions to support frontline field clinics and nutritional distribution hubs. Aid convoys reported severe logistical hurdles attempting to deliver relief supplies to isolated civilian corridors. Reporting from Egypt, diplomatic and local observers noted that recent strategic shifts in Persian Gulf continue to dictate regional outcomes.",Humanitarian Impact,2026-08-18,UN News,Egypt,Persian Gulf
ART-10898,Bilateral tariff escalation and trade export controls enacted on critical components,"Commerce departments imposed sweeping customs tariffs and export license restrictions on key industrial raw materials and advanced components. Trade chambers expressed alarm over compliance costs and international supply chain fragmentation affecting bilateral trade volumes. Reporting from Taiwan, diplomatic and local observers noted that recent strategic shifts in Persian Gulf continue to dictate regional outcomes.",Trade & Shipping,2026-07-21,Al Jazeera,Taiwan,Persian Gulf
ART-11442,United Nations launches emergency humanitarian relief appeal for food aid and medical shelter,"Humanitarian coordinators formally issued a multilateral funding appeal seeking urgent donor contributions to support frontline field clinics and nutritional distribution hubs. Aid convoys reported severe logistical hurdles attempting to deliver relief supplies to isolated civilian corridors. Reporting from Poland, diplomatic and local observers noted that recent strategic shifts in Persian Gulf continue to dictate regional outcomes.",Humanitarian Impact,2026-05-27,Reuters,Poland,Persian Gulf
ART-11052,Sovereign credit rating under review following capital flight and currency depreciation,"International credit rating agencies placed sovereign debt issuances on negative watch, citing widening fiscal deficits, rapid foreign reserve depletion, and heightened geopolitical risk premia. Domestic currency valuations experienced sharp depreciations against global reserve currencies. Reporting from Saudi Arabia, diplomatic and local observers noted that recent strategic shifts in East Asia continue to dictate regional outcomes.",Economic Impact,2026-05-04,Nikkei Asia,Saudi Arabia,East Asia
ART-10249,Border skirmish escalates with armor deployment and infantry engagements,"Tensions surged following armed skirmishes along the demarcation perimeter involving heavy mechanized infantry and mortar barrages. Both regional militaries issued conflicting claims regarding rules of engagement violations as reinforced defensive trenches exchanged active small arms and artillery fire. Reporting from United Kingdom, diplomatic and local observers noted that recent strategic shifts in Middle East continue to dictate regional outcomes.",Military Conflict,2026-06-25,Financial Times,United Kingdom,Middle East
ART-11252,Sovereign credit rating under review following capital flight and currency depreciation,"International credit rating agencies placed sovereign debt issuances on negative watch, citing widening fiscal deficits, rapid foreign reserve depletion, and heightened geopolitical risk premia. Domestic currency valuations experienced sharp depreciations against global reserve currencies. Reporting from Palestine, diplomatic and local observers noted that recent strategic shifts in Persian Gulf continue to dictate regional outcomes.",Economic Impact,2026-07-08,Reuters,Palestine,Persian Gulf
ART-10071,Artillery and drone strikes intensify along Eastern Europe frontline,"Heavy military bombardment and tactical drone warfare escalated across the Eastern Europe border overnight. Military defense commands confirmed multiple interceptor missile launches and sustained counter-battery fire. Ground forces mobilized armored divisions in response to cross-border incursions, leading to heightened combat alert status throughout contested defensive perimeters. Reporting from Palestine, diplomatic and local observers noted that recent strategic shifts in Eastern Europe continue to dictate regional outcomes.",Military Conflict,2026-08-15,Nikkei Asia,Palestine,Eastern Europe
ART-10800,Air freight cargo rates spike as commercial shippers seek alternatives to ocean freight lanes,"Aviation logistics carriers reported an unprecedented surge in charter demand for urgent transcontinental air cargo, driven by persistent maritime shipping route disruptions. Freight indices registered double-digit increases in air cargo ton-mile rates for priority industrial freight. Reporting from Germany, diplomatic and local observers noted that recent strategic shifts in South Asia continue to dictate regional outcomes.",Trade & Shipping,2026-08-07,UN News,Germany,South Asia
ART-10853,Bilateral tariff escalation and trade export controls enacted on critical components,"Commerce departments imposed sweeping customs tariffs and export license restrictions on key industrial raw materials and advanced components. Trade chambers expressed alarm over compliance costs and international supply chain fragmentation affecting bilateral trade volumes. Reporting from India, diplomatic and local observers noted that recent strategic shifts in Middle East continue to dictate regional outcomes.",Trade & Shipping,2026-07-04,BBC News,India,Middle East
ART-10700,OPEC+ convenes emergency production quota meeting as geopolitical supply risks mount,"Petroleum export ministers gathered for extraordinary consultations to review crude output allocations and export facility vulnerabilities. Analysts highlighted that potential localized transit choke point disruptions threaten to strain spare production capacity across export terminals. Reporting from Palestine, diplomatic and local observers noted that recent strategic shifts in Eastern Europe continue to dictate regional outcomes.",Energy Risk,2026-01-22,UN News,Palestine,Eastern Europe
ART-11495,Civilian evacuation corridors established under international red cross mediation,"Humanitarian organizations coordinated temporary civilian safe-passage corridors to evacuate vulnerable elderly, women, and pediatric patients from active hostility perimeters. International observers monitored compliance to ensure unhindered transit for humanitarian convoys. Reporting from Germany, diplomatic and local observers noted that recent strategic shifts in North America continue to dictate regional outcomes.",Humanitarian Impact,2026-04-24,Financial Times,Germany,North America
ART-11348,"Field hospitals face critical shortages of surgical anesthetics, electricity, and clean water","Medical relief organizations operating inside crisis sectors issued urgent distress alerts regarding depleted pharmaceuticals, damaged municipal water treatment facilities, and erratic generator fuel supplies necessary to maintain life-saving intensive care facilities. Reporting from Russia, diplomatic and local observers noted that recent strategic shifts in Persian Gulf continue to dictate regional outcomes.",Humanitarian Impact,2026-01-17,Nikkei Asia,Russia,Persian Gulf
ART-11131,Central banks signal interest rate adjustments as geopolitical inflation pressures broaden,"Monetary policy committees convened to evaluate persistent macroeconomic shocks stemming from import price inflation and commodity supply friction. Financial market analysts revised benchmark interest rate trajectories as headline consumer price indices reflected elevated freight and producer input expenses. Reporting from India, diplomatic and local observers noted that recent strategic shifts in East Asia continue to dictate regional outcomes.",Economic Impact,2026-03-27,Nikkei Asia,India,East Asia
ART-10881,Container shipping carriers divert cargo fleets around Cape of Good Hope amid maritime threats,"Major international ocean carriers announced sweeping rerouting orders, diverting container vessels around the African continent to bypass hazardous maritime corridors. The maritime diversion adds 10 to 14 days to standard transit times, tightening vessel capacity, delaying container turnaround times, and triggering sharp increases in global container spot freight rates. Reporting from Egypt, diplomatic and local observers noted that recent strategic shifts in North America continue to dictate regional outcomes.",Trade & Shipping,2026-08-04,Bloomberg,Egypt,North America
ART-10772,Port congestion and customs clearance bottlenecks escalate across major container terminals,"Logistics operators reported severe berthing delays and freight dwell times exceeding historical averages across maritime gateway hubs. Freight forwarders cited vessel bunching, rail intermodal backlogs, and maritime rerouting schedules as compounding drivers of supply chain gridlock. Reporting from Sudan, diplomatic and local observers noted that recent strategic shifts in East Asia continue to dictate regional outcomes.",Trade & Shipping,2026-07-07,Deutsche Welle,Sudan,East Asia
ART-10378,Ambassadorial recall and diplomatic protest notes delivered over treaty dispute,"Government officials formally summoned the resident ambassador and issued a stern diplomatic communique protesting recent policy shifts and border treaties. Ministry spokespersons emphasized diplomatic dialogue while recalling senior envoys for high-level foreign policy consultations. Reporting from Sudan, diplomatic and local observers noted that recent strategic shifts in Persian Gulf continue to dictate regional outcomes.",Diplomatic / Political,2026-06-11,Nikkei Asia,Sudan,Persian Gulf
ART-10952,Port congestion and customs clearance bottlenecks escalate across major container terminals,"Logistics operators reported severe berthing delays and freight dwell times exceeding historical averages across maritime gateway hubs. Freight forwarders cited vessel bunching, rail intermodal backlogs, and maritime rerouting schedules as compounding drivers of supply chain gridlock. Reporting from Poland, diplomatic and local observers noted that recent strategic shifts in Western Europe continue to dictate regional outcomes.",Trade & Shipping,2026-07-19,Nikkei Asia,Poland,Western Europe
ART-10673,Strategic petroleum reserve release weighed as refinery feedstock prices surge,"Energy authorities initiated contingency consultations regarding synchronized drawdowns from strategic oil reserves following regional energy infrastructure disruptions. Brent crude spot rates surged as market participants priced in persistent refinery feedstock shortages and pipeline outages. Reporting from Egypt, diplomatic and local observers noted that recent strategic shifts in North America continue to dictate regional outcomes.",Energy Risk,2026-01-23,Nikkei Asia,Egypt,North America
ART-10367,United Nations Security Council debates draft resolution on sovereignty and border protocols,"Diplomats at the UN Headquarters convened an emergency session to deliberate a multilateral resolution addressing territorial sovereignty, diplomatic immunity, and international arbitration. Key permanent members presented competing revisions concerning compliance verification and peacekeeper mandates. Reporting from Germany, diplomatic and local observers noted that recent strategic shifts in Middle East continue to dictate regional outcomes.",Diplomatic / Political,2026-04-28,Associated Press,Germany,Middle East
ART-10987,Port congestion and customs clearance bottlenecks escalate across major container terminals,"Logistics operators reported severe berthing delays and freight dwell times exceeding historical averages across maritime gateway hubs. Freight forwarders cited vessel bunching, rail intermodal backlogs, and maritime rerouting schedules as compounding drivers of supply chain gridlock. Reporting from Israel, diplomatic and local observers noted that recent strategic shifts in Middle East continue to dictate regional outcomes.",Trade & Shipping,2026-06-26,Nikkei Asia,Israel,Middle East
ART-10860,Air freight cargo rates spike as commercial shippers seek alternatives to ocean freight lanes,"Aviation logistics carriers reported an unprecedented surge in charter demand for urgent transcontinental air cargo, driven by persistent maritime shipping route disruptions. Freight indices registered double-digit increases in air cargo ton-mile rates for priority industrial freight. Reporting from Yemen, diplomatic and local observers noted that recent strategic shifts in North America continue to dictate regional outcomes.",Trade & Shipping,2026-05-11,UN News,Yemen,North America
ART-10515,OPEC+ convenes emergency production quota meeting as geopolitical supply risks mount,Petroleum export ministers gathered for extraordinary consultations to review crude output allocations and export facility vulnerabilities. Analysts highlighted that potential localized transit choke point disruptions threaten to strain spare production capacity across export terminals.,Energy Risk,2026-05-05,Nikkei Asia,Sudan,North America
ART-10852,Port congestion and customs clearance bottlenecks escalate across major container terminals,"Logistics operators reported severe berthing delays and freight dwell times exceeding historical averages across maritime gateway hubs. Freight forwarders cited vessel bunching, rail intermodal backlogs, and maritime rerouting schedules as compounding drivers of supply chain gridlock. Reporting from Saudi Arabia, diplomatic and local observers noted that recent strategic shifts in North America continue to dictate regional outcomes.",Trade & Shipping,2026-06-03,Deutsche Welle,Saudi Arabia,North America
ART-11236,Central banks signal interest rate adjustments as geopolitical inflation pressures broaden,"Monetary policy committees convened to evaluate persistent macroeconomic shocks stemming from import price inflation and commodity supply friction. Financial market analysts revised benchmark interest rate trajectories as headline consumer price indices reflected elevated freight and producer input expenses. Reporting from Ukraine, diplomatic and local observers noted that recent strategic shifts in East Asia continue to dictate regional outcomes.",Economic Impact,2026-09-20,Wall Street Journal,Ukraine,East Asia
ART-10607,Major natural gas pipeline flow throttled amid geopolitical transit disagreements,"Subsea pipeline monitoring stations recorded a sharp 35% reduction in natural gas transit volumes following regulatory and political disputes between transit nations. Energy ministers warned industrial consumers of potential supply rationing and power grid balancing interventions ahead of winter reserve replenishment. Reporting from Poland, diplomatic and local observers noted that recent strategic shifts in Persian Gulf continue to dictate regional outcomes.",Energy Risk,2026-07-13,Bloomberg,Poland,Persian Gulf
ART-10334,Regional coalition signs comprehensive non-aggression and diplomatic mediation pact,"Leaders of member states finalized a multilateral framework establishing joint diplomatic mediation channels, diplomatic consultation corridors, and bilateral confidence-building measures to prevent diplomatic estrangement across the alliance. Reporting from Yemen, diplomatic and local observers noted that recent strategic shifts in Red Sea & Horn of Africa continue to dictate regional outcomes.",Diplomatic / Political,2026-07-23,UN News,Yemen,Red Sea & Horn of Africa
ART-11288,"Field hospitals face critical shortages of surgical anesthetics, electricity, and clean water","Medical relief organizations operating inside crisis sectors issued urgent distress alerts regarding depleted pharmaceuticals, damaged municipal water treatment facilities, and erratic generator fuel supplies necessary to maintain life-saving intensive care facilities. Reporting from Yemen, diplomatic and local observers noted that recent strategic shifts in Eastern Europe continue to dictate regional outcomes.",Humanitarian Impact,2026-04-13,Al Jazeera,Yemen,Eastern Europe
ART-11129,Manufacturing purchasing managers index drops into contraction territory,"National manufacturing indices slumped below the critical 50-point threshold, signaling industrial output contraction across export-oriented sectors. Factory managers reported elevated input acquisition costs, backlog accumulation, and declining international export orders. Reporting from Egypt, diplomatic and local observers noted that recent strategic shifts in Eastern Europe continue to dictate regional outcomes.",Economic Impact,2026-01-25,Nikkei Asia,Egypt,Eastern Europe
ART-11153,Foreign direct investment inflows contract sharply amid cross-border geopolitical instability,"Economic development ministries reported a significant deceleration in cross-border capital expenditures and joint venture investments. Corporate treasuries cited regulatory uncertainty, sovereign risk premia, and supply network vulnerabilities as key deterrents to long-term capital allocation. Reporting from Egypt, diplomatic and local observers noted that recent strategic shifts in South Asia continue to dictate regional outcomes.",Economic Impact,2026-07-21,Al Jazeera,Egypt,South Asia
ART-10564,Offshore drilling rig security heightened following regional maritime threat warnings,"Deepwater exploration platforms operating in disputed maritime basins instituted enhanced exclusion zones and emergency evacuation drills. Energy corporations reported heightened maritime surveillance to safeguard critical liquefied natural gas terminals and offshore pipeline pumping stations. Reporting from Egypt, diplomatic and local observers noted that recent strategic shifts in South Asia continue to dictate regional outcomes.",Energy Risk,2026-09-26,Associated Press,Egypt,South Asia
ART-10242,Naval task force engages hostile drone boats near Russia territorial waters,"Naval destroyers deployed in international waters intercepted multiple unmanned explosive surface vessels attempting to strike maritime patrol assets. Military officials stated that defensive kinetic munitions neutralized the threat prior to vessel breach, sustaining combat deterrence across critical coastal zones. Reporting from Russia, diplomatic and local observers noted that recent strategic shifts in Middle East continue to dictate regional outcomes.",Military Conflict,2026-08-18,Financial Times,Russia,Middle East
ART-10846,Container shipping carriers divert cargo fleets around Cape of Good Hope amid maritime threats,"Major international ocean carriers announced sweeping rerouting orders, diverting container vessels around the African continent to bypass hazardous maritime corridors. The maritime diversion adds 10 to 14 days to standard transit times, tightening vessel capacity, delaying container turnaround times, and triggering sharp increases in global container spot freight rates. Reporting from Germany, diplomatic and local observers noted that recent strategic shifts in North America continue to dictate regional outcomes.",Trade & Shipping,2026-09-25,Reuters,Germany,North America
ART-11031,Central banks signal interest rate adjustments as geopolitical inflation pressures broaden,"Monetary policy committees convened to evaluate persistent macroeconomic shocks stemming from import price inflation and commodity supply friction. Financial market analysts revised benchmark interest rate trajectories as headline consumer price indices reflected elevated freight and producer input expenses. Reporting from Russia, diplomatic and local observers noted that recent strategic shifts in Persian Gulf continue to dictate regional outcomes.",Economic Impact,2026-02-11,Nikkei Asia,Russia,Persian Gulf
ART-11246,Central banks signal interest rate adjustments as geopolitical inflation pressures broaden,"Monetary policy committees convened to evaluate persistent macroeconomic shocks stemming from import price inflation and commodity supply friction. Financial market analysts revised benchmark interest rate trajectories as headline consumer price indices reflected elevated freight and producer input expenses. Reporting from Saudi Arabia, diplomatic and local observers noted that recent strategic shifts in Red Sea & Horn of Africa continue to dictate regional outcomes.",Economic Impact,2026-01-02,BBC News,Saudi Arabia,Red Sea & Horn of Africa
ART-10223,Airstrikes strike strategic command centers and ammunition depots in Iran,"Fighter aircraft launched precision-guided ordnance targeting key military logistics hubs, radar installations, and tactical weapons caches near strategic sectors of Iran. Satellite reconnaissance verified structural destruction, while armed forces declared immediate airspace closure and defensive mobilization. Reporting from Iran, diplomatic and local observers noted that recent strategic shifts in Red Sea & Horn of Africa continue to dictate regional outcomes.",Military Conflict,2026-07-27,Financial Times,Iran,Red Sea & Horn of Africa
ART-10550,OPEC+ convenes emergency production quota meeting as geopolitical supply risks mount,"Petroleum export ministers gathered for extraordinary consultations to review crude output allocations and export facility vulnerabilities. Analysts highlighted that potential localized transit choke point disruptions threaten to strain spare production capacity across export terminals. Reporting from China, diplomatic and local observers noted that recent strategic shifts in Middle East continue to dictate regional outcomes.",Energy Risk,2026-04-12,Financial Times,China,Middle East
ART-11253,Foreign direct investment inflows contract sharply amid cross-border geopolitical instability,"Economic development ministries reported a significant deceleration in cross-border capital expenditures and joint venture investments. Corporate treasuries cited regulatory uncertainty, sovereign risk premia, and supply network vulnerabilities as key deterrents to long-term capital allocation. Reporting from Palestine, diplomatic and local observers noted that recent strategic shifts in North America continue to dictate regional outcomes.",Economic Impact,2026-08-09,UN News,Palestine,North America
ART-11254,Manufacturing purchasing managers index drops into contraction territory,"National manufacturing indices slumped below the critical 50-point threshold, signaling industrial output contraction across export-oriented sectors. Factory managers reported elevated input acquisition costs, backlog accumulation, and declining international export orders. Reporting from Russia, diplomatic and local observers noted that recent strategic shifts in Eastern Europe continue to dictate regional outcomes.",,2026-09-10,Associated Press,Russia,Eastern Europe
ART-10893,Bilateral tariff escalation and trade export controls enacted on critical components,"Commerce departments imposed sweeping customs tariffs and export license restrictions on key industrial raw materials and advanced components. Trade chambers expressed alarm over compliance costs and international supply chain fragmentation affecting bilateral trade volumes. Reporting from India, diplomatic and local observers noted that recent strategic shifts in South Asia continue to dictate regional outcomes.",Trade & Shipping,2026-02-16,BBC News,India,South Asia
ART-11086,Central banks signal interest rate adjustments as geopolitical inflation pressures broaden,"Monetary policy committees convened to evaluate persistent macroeconomic shocks stemming from import price inflation and commodity supply friction. Financial market analysts revised benchmark interest rate trajectories as headline consumer price indices reflected elevated freight and producer input expenses. Reporting from Ukraine, diplomatic and local observers noted that recent strategic shifts in Red Sea & Horn of Africa continue to dictate regional outcomes.",Economic Impact,2026-03-10,Bloomberg,Ukraine,Red Sea & Horn of Africa
ART-10527,Major natural gas pipeline flow throttled amid geopolitical transit disagreements,"Subsea pipeline monitoring stations recorded a sharp 35% reduction in natural gas transit volumes following regulatory and political disputes between transit nations. Energy ministers warned industrial consumers of potential supply rationing and power grid balancing interventions ahead of winter reserve replenishment. Reporting from Sudan, diplomatic and local observers noted that recent strategic shifts in South Asia continue to dictate regional outcomes.",Energy Risk,2026-08-17,Wall Street Journal,Sudan,South Asia
ART-10446,High-level bilateral diplomatic summit convenes in effort to de-escalate tensions,"Foreign ministers and strategic envoys met for emergency multilateral negotiations aimed at formulating a comprehensive ceasefire framework and de-escalation roadmap. Delegations engaged in protracted closed-door diplomatic talks regarding border demilitarization and treaty adherence. Reporting from Russia, diplomatic and local observers noted that recent strategic shifts in Persian Gulf continue to dictate regional outcomes.",Diplomatic / Political,2026-02-23,Deutsche Welle,Russia,Persian Gulf
ART-11087,Sovereign credit rating under review following capital flight and currency depreciation,"International credit rating agencies placed sovereign debt issuances on negative watch, citing widening fiscal deficits, rapid foreign reserve depletion, and heightened geopolitical risk premia. Domestic currency valuations experienced sharp depreciations against global reserve currencies. Reporting from Sudan, diplomatic and local observers noted that recent strategic shifts in Middle East continue to dictate regional outcomes.",Economic Impact,2026-04-11,Wall Street Journal,Sudan,Middle East
ART-10944,Bulk carrier grain vessels delayed as maritime safety inspection protocols expand,"Commercial maritime registries reported prolonged anchorage delays for dry bulk freighters awaiting safe passage clearances through designated maritime corridors. Insurers revised hull and cargo coverage stipulations, impacting export contract fulfillment for agricultural cargoes. Reporting from Taiwan, diplomatic and local observers noted that recent strategic shifts in East Asia continue to dictate regional outcomes.",Trade & Shipping,2026-08-11,Nikkei Asia,Taiwan,East Asia
ART-11062,Sovereign credit rating under review following capital flight and currency depreciation,"International credit rating agencies placed sovereign debt issuances on negative watch, citing widening fiscal deficits, rapid foreign reserve depletion, and heightened geopolitical risk premia. Domestic currency valuations experienced sharp depreciations against global reserve currencies. Reporting from Israel, diplomatic and local observers noted that recent strategic shifts in Western Europe continue to dictate regional outcomes.",Economic Impact,2026-06-14,Wall Street Journal,Israel,Western Europe
ART-11415,Civilian evacuation corridors established under international red cross mediation,"Humanitarian organizations coordinated temporary civilian safe-passage corridors to evacuate vulnerable elderly, women, and pediatric patients from active hostility perimeters. International observers monitored compliance to ensure unhindered transit for humanitarian convoys. Reporting from Germany, diplomatic and local observers noted that recent strategic shifts in Western Europe continue to dictate regional outcomes.",Humanitarian Impact,2026-05-28,Reuters,Germany,Western Europe
ART-10641,Strait of Hormuz transit tensions spark crude oil and LNG supply disruptions,"Heightened naval alerts near critical energy choke points triggered immediate volatility across global benchmark crude contracts. Tanker charter operators raised war risk insurance premiums as energy intelligence analysts cautioned that maritime route interdictions could constrain daily flows of crude oil, refined distillates, and liquefied natural gas (LNG). Reporting from Russia, diplomatic and local observers noted that recent strategic shifts in Middle East continue to dictate regional outcomes.",Energy Risk,2026-05-19,UN News,Russia,Middle East
ART-10626,Strait of Hormuz transit tensions spark crude oil and LNG supply disruptions,"Heightened naval alerts near critical energy choke points triggered immediate volatility across global benchmark crude contracts. Tanker charter operators raised war risk insurance premiums as energy intelligence analysts cautioned that maritime route interdictions could constrain daily flows of crude oil, refined distillates, and liquefied natural gas (LNG). Reporting from United Kingdom, diplomatic and local observers noted that recent strategic shifts in Western Europe continue to dictate regional outcomes.",Energy Risk,2026-08-04,Nikkei Asia,United Kingdom,Western Europe
ART-10015,Ballistic missile interceptor systems activated amid regional military escalation,"Air defense batteries engaged multiple incoming medium-range ballistic trajectories targeting military infrastructure. Defense ministries confirmed that surface-to-air missile batteries intercepted projectiles mid-course, placing joint task forces on maximum tactical readiness status. Reporting from Sudan, diplomatic and local observers noted that recent strategic shifts in Western Europe continue to dictate regional outcomes.",Military Conflict,2026-06-15,Deutsche Welle,Sudan,Western Europe
ART-10166,Artillery and drone strikes intensify along North America frontline,"Heavy military bombardment and tactical drone warfare escalated across the North America border overnight. Military defense commands confirmed multiple interceptor missile launches and sustained counter-battery fire. Ground forces mobilized armored divisions in response to cross-border incursions, leading to heightened combat alert status throughout contested defensive perimeters. Reporting from Germany, diplomatic and local observers noted that recent strategic shifts in North America continue to dictate regional outcomes.",Military Conflict,2026-04-26,BBC News,Germany,North America
ART-10619,Offshore drilling rig security heightened following regional maritime threat warnings,"Deepwater exploration platforms operating in disputed maritime basins instituted enhanced exclusion zones and emergency evacuation drills. Energy corporations reported heightened maritime surveillance to safeguard critical liquefied natural gas terminals and offshore pipeline pumping stations. Reporting from Russia, diplomatic and local observers noted that recent strategic shifts in Middle East continue to dictate regional outcomes.",Energy Risk,2026-01-25,Financial Times,Russia,Middle East
ART-11371,Refugee displacement crisis deepens as civilian populations flee contested border zones,"International humanitarian relief agencies reported that over 250,000 civilians have been displaced from conflict-affected frontier zones over recent weeks. Overcrowded temporary resettlement shelters face severe shortages of potable water, emergency medical supplies, and sanitation infrastructure. Reporting from Sudan, diplomatic and local observers noted that recent strategic shifts in East Asia continue to dictate regional outcomes.",Humanitarian Impact,2026-06-12,Wall Street Journal,Sudan,East Asia
ART-11037,Sovereign credit rating under review following capital flight and currency depreciation,"International credit rating agencies placed sovereign debt issuances on negative watch, citing widening fiscal deficits, rapid foreign reserve depletion, and heightened geopolitical risk premia. Domestic currency valuations experienced sharp depreciations against global reserve currencies. Reporting from Saudi Arabia, diplomatic and local observers noted that recent strategic shifts in Western Europe continue to dictate regional outcomes.",Economic Impact,2026-08-17,Deutsche Welle,Saudi Arabia,Western Europe
ART-11183,Foreign direct investment inflows contract sharply amid cross-border geopolitical instability,"Economic development ministries reported a significant deceleration in cross-border capital expenditures and joint venture investments. Corporate treasuries cited regulatory uncertainty, sovereign risk premia, and supply network vulnerabilities as key deterrents to long-term capital allocation. Reporting from United States, diplomatic and local observers noted that recent strategic shifts in Red Sea & Horn of Africa continue to dictate regional outcomes.",Economic Impact,2026-01-23,Bloomberg,United States,Red Sea & Horn of Africa
ART-11286,Refugee displacement crisis deepens as civilian populations flee contested border zones,"International humanitarian relief agencies reported that over 250,000 civilians have been displaced from conflict-affected frontier zones over recent weeks. Overcrowded temporary resettlement shelters face severe shortages of potable water, emergency medical supplies, and sanitation infrastructure. Reporting from Russia, diplomatic and local observers noted that recent strategic shifts in Red Sea & Horn of Africa continue to dictate regional outcomes.",Humanitarian Impact,2026-02-11,Al Jazeera,Russia,Red Sea & Horn of Africa
ART-10440,Parliamentary committee conducts emergency foreign policy debate on international accords,"Legislative leaders held intensive deliberations concerning diplomatic ratifications, treaty commitments, and international coalition partnerships. Government ministers reiterated diplomatic alignment while defending non-proliferation accords and diplomatic neutrality. Reporting from Poland, diplomatic and local observers noted that recent strategic shifts in Persian Gulf continue to dictate regional outcomes.",Diplomatic / Political,2026-05-17,Al Jazeera,Poland,Persian Gulf
ART-11169,Manufacturing purchasing managers index drops into contraction territory,"National manufacturing indices slumped below the critical 50-point threshold, signaling industrial output contraction across export-oriented sectors. Factory managers reported elevated input acquisition costs, backlog accumulation, and declining international export orders. Reporting from China, diplomatic and local observers noted that recent strategic shifts in Western Europe continue to dictate regional outcomes.",Economic Impact,2026-05-09,Financial Times,China,Western Europe
ART-10406,High-level bilateral diplomatic summit convenes in effort to de-escalate tensions,"Foreign ministers and strategic envoys met for emergency multilateral negotiations aimed at formulating a comprehensive ceasefire framework and de-escalation roadmap. Delegations engaged in protracted closed-door diplomatic talks regarding border demilitarization and treaty adherence. Reporting from Iran, diplomatic and local observers noted that recent strategic shifts in Eastern Europe continue to dictate regional outcomes.",Diplomatic / Political,2026-07-11,Associated Press,Iran,Eastern Europe
ART-10594,Offshore drilling rig security heightened following regional maritime threat warnings,"Deepwater exploration platforms operating in disputed maritime basins instituted enhanced exclusion zones and emergency evacuation drills. Energy corporations reported heightened maritime surveillance to safeguard critical liquefied natural gas terminals and offshore pipeline pumping stations. Reporting from Poland, diplomatic and local observers noted that recent strategic shifts in South Asia continue to dictate regional outcomes.",Energy Risk,2026-03-28,Nikkei Asia,Poland,South Asia
ART-11366,Refugee displacement crisis deepens as civilian populations flee contested border zones,"International humanitarian relief agencies reported that over 250,000 civilians have been displaced from conflict-affected frontier zones over recent weeks. Overcrowded temporary resettlement shelters face severe shortages of potable water, emergency medical supplies, and sanitation infrastructure. Reporting from Israel, diplomatic and local observers noted that recent strategic shifts in Eastern Europe continue to dictate regional outcomes.",Humanitarian Impact,2026-01-07,Nikkei Asia,Israel,Eastern Europe
ART-11333,"Field hospitals face critical shortages of surgical anesthetics, electricity, and clean water","Medical relief organizations operating inside crisis sectors issued urgent distress alerts regarding depleted pharmaceuticals, damaged municipal water treatment facilities, and erratic generator fuel supplies necessary to maintain life-saving intensive care facilities. Reporting from Russia, diplomatic and local observers noted that recent strategic shifts in Middle East continue to dictate regional outcomes.",Humanitarian Impact,2026-04-02,BBC News,Russia,Middle East
ART-10478,Ambassadorial recall and diplomatic protest notes delivered over treaty dispute,"Government officials formally summoned the resident ambassador and issued a stern diplomatic communique protesting recent policy shifts and border treaties. Ministry spokespersons emphasized diplomatic dialogue while recalling senior envoys for high-level foreign policy consultations. Reporting from Taiwan, diplomatic and local observers noted that recent strategic shifts in East Asia continue to dictate regional outcomes.",Diplomatic / Political,2026-07-27,Al Jazeera,Taiwan,East Asia
ART-11293,"Field hospitals face critical shortages of surgical anesthetics, electricity, and clean water","Medical relief organizations operating inside crisis sectors issued urgent distress alerts regarding depleted pharmaceuticals, damaged municipal water treatment facilities, and erratic generator fuel supplies necessary to maintain life-saving intensive care facilities. Reporting from India, diplomatic and local observers noted that recent strategic shifts in North America continue to dictate regional outcomes.",Humanitarian Impact,2026-09-18,BBC News,India,North America
ART-11513,"Field hospitals face critical shortages of surgical anesthetics, electricity, and clean water","Medical relief organizations operating inside crisis sectors issued urgent distress alerts regarding depleted pharmaceuticals, damaged municipal water treatment facilities, and erratic generator fuel supplies necessary to maintain life-saving intensive care facilities. Reporting from Israel, diplomatic and local observers noted that recent strategic shifts in East Asia continue to dictate regional outcomes.",Humanitarian Impact,2026-04-14,BBC News,Israel,East Asia
ART-10026,Artillery and drone strikes intensify along South Asia frontline,"Heavy military bombardment and tactical drone warfare escalated across the South Asia border overnight. Military defense commands confirmed multiple interceptor missile launches and sustained counter-battery fire. Ground forces mobilized armored divisions in response to cross-border incursions, leading to heightened combat alert status throughout contested defensive perimeters. Reporting from India, diplomatic and local observers noted that recent strategic shifts in South Asia continue to dictate regional outcomes.",Military Conflict,2026-08-26,Associated Press,India,South Asia
ART-10590,OPEC+ convenes emergency production quota meeting as geopolitical supply risks mount,"Petroleum export ministers gathered for extraordinary consultations to review crude output allocations and export facility vulnerabilities. Analysts highlighted that potential localized transit choke point disruptions threaten to strain spare production capacity across export terminals. Reporting from Israel, diplomatic and local observers noted that recent strategic shifts in North America continue to dictate regional outcomes.",Energy Risk,2026-08-24,Nikkei Asia,Israel,North America
ART-11106,Central banks signal interest rate adjustments as geopolitical inflation pressures broaden,"Monetary policy committees convened to evaluate persistent macroeconomic shocks stemming from import price inflation and commodity supply friction. Financial market analysts revised benchmark interest rate trajectories as headline consumer price indices reflected elevated freight and producer input expenses. Reporting from Taiwan, diplomatic and local observers noted that recent strategic shifts in East Asia continue to dictate regional outcomes.",Economic Impact,2026-05-02,Deutsche Welle,Taiwan,East Asia
ART-10362,United Nations Security Council debates draft resolution on sovereignty and border protocols,"Diplomats at the UN Headquarters convened an emergency session to deliberate a multilateral resolution addressing territorial sovereignty, diplomatic immunity, and international arbitration. Key permanent members presented competing revisions concerning compliance verification and peacekeeper mandates. Reporting from Yemen, diplomatic and local observers noted that recent strategic shifts in South Asia continue to dictate regional outcomes.",Diplomatic / Political,2026-08-23,Bloomberg,Yemen,South Asia
ART-10134,Border skirmish escalates with armor deployment and infantry engagements,"Tensions surged following armed skirmishes along the demarcation perimeter involving heavy mechanized infantry and mortar barrages. Both regional militaries issued conflicting claims regarding rules of engagement violations as reinforced defensive trenches exchanged active small arms and artillery fire. Reporting from Sudan, diplomatic and local observers noted that recent strategic shifts in North America continue to dictate regional outcomes.",Military Conflict,2026-08-22,BBC News,Sudan,North America
ART-10002,Naval task force engages hostile drone boats near China territorial waters,"Naval destroyers deployed in international waters intercepted multiple unmanned explosive surface vessels attempting to strike maritime patrol assets. Military officials stated that defensive kinetic munitions neutralized the threat prior to vessel breach, sustaining combat deterrence across critical coastal zones.",Military Conflict,2026-02-02,Bloomberg,China,Red Sea & Horn of Africa
ART-10294,Regional coalition signs comprehensive non-aggression and diplomatic mediation pact,"Leaders of member states finalized a multilateral framework establishing joint diplomatic mediation channels, diplomatic consultation corridors, and bilateral confidence-building measures to prevent diplomatic estrangement across the alliance. Reporting from Poland, diplomatic and local observers noted that recent strategic shifts in Eastern Europe continue to dictate regional outcomes.",Diplomatic / Political,2026-03-11,Bloomberg,Poland,Eastern Europe
ART-11044,Manufacturing purchasing managers index drops into contraction territory,"National manufacturing indices slumped below the critical 50-point threshold, signaling industrial output contraction across export-oriented sectors. Factory managers reported elevated input acquisition costs, backlog accumulation, and declining international export orders. Reporting from Taiwan, diplomatic and local observers noted that recent strategic shifts in East Asia continue to dictate regional outcomes.",Economic Impact,2026-06-24,BBC News,Taiwan,East Asia
ART-11054,Manufacturing purchasing managers index drops into contraction territory,"National manufacturing indices slumped below the critical 50-point threshold, signaling industrial output contraction across export-oriented sectors. Factory managers reported elevated input acquisition costs, backlog accumulation, and declining international export orders. Reporting from Iran, diplomatic and local observers noted that recent strategic shifts in North America continue to dictate regional outcomes.",Economic Impact,2026-07-06,Al Jazeera,Iran,North America
ART-10887,Port congestion and customs clearance bottlenecks escalate across major container terminals,"Logistics operators reported severe berthing delays and freight dwell times exceeding historical averages across maritime gateway hubs. Freight forwarders cited vessel bunching, rail intermodal backlogs, and maritime rerouting schedules as compounding drivers of supply chain gridlock. Reporting from Germany, diplomatic and local observers noted that recent strategic shifts in Eastern Europe continue to dictate regional outcomes.",Trade & Shipping,2026-05-10,Al Jazeera,Germany,Eastern Europe
ART-11064,Manufacturing purchasing managers index drops into contraction territory,"National manufacturing indices slumped below the critical 50-point threshold, signaling industrial output contraction across export-oriented sectors. Factory managers reported elevated input acquisition costs, backlog accumulation, and declining international export orders. Reporting from China, diplomatic and local observers noted that recent strategic shifts in Middle East continue to dictate regional outcomes.",Economic Impact,2026-08-16,BBC News,China,Middle East
ART-10584,Offshore drilling rig security heightened following regional maritime threat warnings,"Deepwater exploration platforms operating in disputed maritime basins instituted enhanced exclusion zones and emergency evacuation drills. Energy corporations reported heightened maritime surveillance to safeguard critical liquefied natural gas terminals and offshore pipeline pumping stations. Reporting from Palestine, diplomatic and local observers noted that recent strategic shifts in Eastern Europe continue to dictate regional outcomes.",Energy Risk,2026-02-18,Al Jazeera,Palestine,Eastern Europe
ART-10351,High-level bilateral diplomatic summit convenes in effort to de-escalate tensions,"Foreign ministers and strategic envoys met for emergency multilateral negotiations aimed at formulating a comprehensive ceasefire framework and de-escalation roadmap. Delegations engaged in protracted closed-door diplomatic talks regarding border demilitarization and treaty adherence. Reporting from United Kingdom, diplomatic and local observers noted that recent strategic shifts in Persian Gulf continue to dictate regional outcomes.",Diplomatic / Political,2026-06-12,Financial Times,United Kingdom,Persian Gulf
ART-11108,Foreign direct investment inflows contract sharply amid cross-border geopolitical instability,"Economic development ministries reported a significant deceleration in cross-border capital expenditures and joint venture investments. Corporate treasuries cited regulatory uncertainty, sovereign risk premia, and supply network vulnerabilities as key deterrents to long-term capital allocation. Reporting from Israel, diplomatic and local observers noted that recent strategic shifts in North America continue to dictate regional outcomes.",Economic Impact,2026-07-04,Nikkei Asia,Israel,North America
ART-10882,Port congestion and customs clearance bottlenecks escalate across major container terminals,"Logistics operators reported severe berthing delays and freight dwell times exceeding historical averages across maritime gateway hubs. Freight forwarders cited vessel bunching, rail intermodal backlogs, and maritime rerouting schedules as compounding drivers of supply chain gridlock. Reporting from Yemen, diplomatic and local observers noted that recent strategic shifts in Red Sea & Horn of Africa continue to dictate regional outcomes.",Trade & Shipping,2026-09-05,Financial Times,Yemen,Red Sea & Horn of Africa
ART-10897,Port congestion and customs clearance bottlenecks escalate across major container terminals,"Logistics operators reported severe berthing delays and freight dwell times exceeding historical averages across maritime gateway hubs. Freight forwarders cited vessel bunching, rail intermodal backlogs, and maritime rerouting schedules as compounding drivers of supply chain gridlock. Reporting from India, diplomatic and local observers noted that recent strategic shifts in Red Sea & Horn of Africa continue to dictate regional outcomes.",Trade & Shipping,2026-06-20,UN News,India,Red Sea & Horn of Africa
ART-10496,High-level bilateral diplomatic summit convenes in effort to de-escalate tensions,"Foreign ministers and strategic envoys met for emergency multilateral negotiations aimed at formulating a comprehensive ceasefire framework and de-escalation roadmap. Delegations engaged in protracted closed-door diplomatic talks regarding border demilitarization and treaty adherence. Reporting from Russia, diplomatic and local observers noted that recent strategic shifts in Red Sea & Horn of Africa continue to dictate regional outcomes.",Diplomatic / Political,2026-07-17,UN News,Russia,Red Sea & Horn of Africa
ART-10331,High-level bilateral diplomatic summit convenes in effort to de-escalate tensions,"Foreign ministers and strategic envoys met for emergency multilateral negotiations aimed at formulating a comprehensive ceasefire framework and de-escalation roadmap. Delegations engaged in protracted closed-door diplomatic talks regarding border demilitarization and treaty adherence. Reporting from United States, diplomatic and local observers noted that recent strategic shifts in East Asia continue to dictate regional outcomes.",Diplomatic / Political,2026-04-20,Al Jazeera,United States,East Asia
ART-10054,Border skirmish escalates with armor deployment and infantry engagements,"Tensions surged following armed skirmishes along the demarcation perimeter involving heavy mechanized infantry and mortar barrages. Both regional militaries issued conflicting claims regarding rules of engagement violations as reinforced defensive trenches exchanged active small arms and artillery fire. Reporting from China, diplomatic and local observers noted that recent strategic shifts in Middle East continue to dictate regional outcomes.",Military Conflict,2026-09-26,BBC News,China,Middle East
ART-10791,Container shipping carriers divert cargo fleets around Cape of Good Hope amid maritime threats,"Major international ocean carriers announced sweeping rerouting orders, diverting container vessels around the African continent to bypass hazardous maritime corridors. The maritime diversion adds 10 to 14 days to standard transit times, tightening vessel capacity, delaying container turnaround times, and triggering sharp increases in global container spot freight rates. Reporting from Germany, diplomatic and local observers noted that recent strategic shifts in Middle East continue to dictate regional outcomes.",Trade & Shipping,2026-08-26,Reuters,Germany,Middle East
ART-11198,Foreign direct investment inflows contract sharply amid cross-border geopolitical instability,"Economic development ministries reported a significant deceleration in cross-border capital expenditures and joint venture investments. Corporate treasuries cited regulatory uncertainty, sovereign risk premia, and supply network vulnerabilities as key deterrents to long-term capital allocation. Reporting from India, diplomatic and local observers noted that recent strategic shifts in Eastern Europe continue to dictate regional outcomes.",Economic Impact,2026-07-10,Financial Times,India,Eastern Europe
ART-10914,Bulk carrier grain vessels delayed as maritime safety inspection protocols expand,"Commercial maritime registries reported prolonged anchorage delays for dry bulk freighters awaiting safe passage clearances through designated maritime corridors. Insurers revised hull and cargo coverage stipulations, impacting export contract fulfillment for agricultural cargoes. Reporting from Saudi Arabia, diplomatic and local observers noted that recent strategic shifts in Middle East continue to dictate regional outcomes.",Trade & Shipping,2026-05-09,UN News,Saudi Arabia,Middle East
ART-10489,Regional coalition signs comprehensive non-aggression and diplomatic mediation pact,"Leaders of member states finalized a multilateral framework establishing joint diplomatic mediation channels, diplomatic consultation corridors, and bilateral confidence-building measures to prevent diplomatic estrangement across the alliance. Reporting from Saudi Arabia, diplomatic and local observers noted that recent strategic shifts in East Asia continue to dictate regional outcomes.",Diplomatic / Political,2026-09-10,Bloomberg,Saudi Arabia,East Asia
ART-10770,Air freight cargo rates spike as commercial shippers seek alternatives to ocean freight lanes,"Aviation logistics carriers reported an unprecedented surge in charter demand for urgent transcontinental air cargo, driven by persistent maritime shipping route disruptions. Freight indices registered double-digit increases in air cargo ton-mile rates for priority industrial freight.",Trade & Shipping,2026-05-05,Deutsche Welle,Ukraine,Red Sea & Horn of Africa
ART-11486,Refugee displacement crisis deepens as civilian populations flee contested border zones,"International humanitarian relief agencies reported that over 250,000 civilians have been displaced from conflict-affected frontier zones over recent weeks. Overcrowded temporary resettlement shelters face severe shortages of potable water, emergency medical supplies, and sanitation infrastructure. Reporting from United States, diplomatic and local observers noted that recent strategic shifts in East Asia continue to dictate regional outcomes.",Humanitarian Impact,2026-04-15,Nikkei Asia,United States,East Asia
ART-11507,United Nations launches emergency humanitarian relief appeal for food aid and medical shelter,"Humanitarian coordinators formally issued a multilateral funding appeal seeking urgent donor contributions to support frontline field clinics and nutritional distribution hubs. Aid convoys reported severe logistical hurdles attempting to deliver relief supplies to isolated civilian corridors. Reporting from Taiwan, diplomatic and local observers noted that recent strategic shifts in East Asia continue to dictate regional outcomes.",Humanitarian Impact,2026-07-08,Al Jazeera,Taiwan,East Asia
ART-10545,OPEC+ convenes emergency production quota meeting as geopolitical supply risks mount,"Petroleum export ministers gathered for extraordinary consultations to review crude output allocations and export facility vulnerabilities. Analysts highlighted that potential localized transit choke point disruptions threaten to strain spare production capacity across export terminals. Reporting from Palestine, diplomatic and local observers noted that recent strategic shifts in East Asia continue to dictate regional outcomes.",Energy Risk,2026-08-07,Associated Press,Palestine,East Asia
ART-10150,Ballistic missile interceptor systems activated amid regional military escalation,"Air defense batteries engaged multiple incoming medium-range ballistic trajectories targeting military infrastructure. Defense ministries confirmed that surface-to-air missile batteries intercepted projectiles mid-course, placing joint task forces on maximum tactical readiness status. Reporting from India, diplomatic and local observers noted that recent strategic shifts in Red Sea & Horn of Africa continue to dictate regional outcomes.",Military Conflict,2026-06-10,Bloomberg,India,Red Sea & Horn of Africa
ART-10517,Major natural gas pipeline flow throttled amid geopolitical transit disagreements,"Subsea pipeline monitoring stations recorded a sharp 35% reduction in natural gas transit volumes following regulatory and political disputes between transit nations. Energy ministers warned industrial consumers of potential supply rationing and power grid balancing interventions ahead of winter reserve replenishment. Reporting from Taiwan, diplomatic and local observers noted that recent strategic shifts in South Asia continue to dictate regional outcomes.",Energy Risk,2026-07-07,BBC News,Taiwan,South Asia
ART-10886,Container shipping carriers divert cargo fleets around Cape of Good Hope amid maritime threats,"Major international ocean carriers announced sweeping rerouting orders, diverting container vessels around the African continent to bypass hazardous maritime corridors. The maritime diversion adds 10 to 14 days to standard transit times, tightening vessel capacity, delaying container turnaround times, and triggering sharp increases in global container spot freight rates. Reporting from United States, diplomatic and local observers noted that recent strategic shifts in Middle East continue to dictate regional outcomes.",Trade & Shipping,2026-04-09,Bloomberg,United States,Middle East
ART-11243,Foreign direct investment inflows contract sharply amid cross-border geopolitical instability,"Economic development ministries reported a significant deceleration in cross-border capital expenditures and joint venture investments. Corporate treasuries cited regulatory uncertainty, sovereign risk premia, and supply network vulnerabilities as key deterrents to long-term capital allocation. Reporting from Yemen, diplomatic and local observers noted that recent strategic shifts in Eastern Europe continue to dictate regional outcomes.",Economic Impact,2026-07-27,Reuters,Yemen,Eastern Europe
ART-10752,Major natural gas pipeline flow throttled amid geopolitical transit disagreements,"Subsea pipeline monitoring stations recorded a sharp 35% reduction in natural gas transit volumes following regulatory and political disputes between transit nations. Energy ministers warned industrial consumers of potential supply rationing and power grid balancing interventions ahead of winter reserve replenishment. Reporting from Ukraine, diplomatic and local observers noted that recent strategic shifts in North America continue to dictate regional outcomes.",Energy Risk,2026-08-18,Reuters,Ukraine,North America
ART-11007,Port congestion and customs clearance bottlenecks escalate across major container terminals,"Logistics operators reported severe berthing delays and freight dwell times exceeding historical averages across maritime gateway hubs. Freight forwarders cited vessel bunching, rail intermodal backlogs, and maritime rerouting schedules as compounding drivers of supply chain gridlock. Reporting from United Kingdom, diplomatic and local observers noted that recent strategic shifts in Middle East continue to dictate regional outcomes.",Trade & Shipping,2026-08-18,Bloomberg,United Kingdom,Middle East
ART-10495,Parliamentary committee conducts emergency foreign policy debate on international accords,"Legislative leaders held intensive deliberations concerning diplomatic ratifications, treaty commitments, and international coalition partnerships. Government ministers reiterated diplomatic alignment while defending non-proliferation accords and diplomatic neutrality. Reporting from China, diplomatic and local observers noted that recent strategic shifts in South Asia continue to dictate regional outcomes.",Diplomatic / Political,2026-06-16,Associated Press,China,South Asia
ART-10640,OPEC+ convenes emergency production quota meeting as geopolitical supply risks mount,"Petroleum export ministers gathered for extraordinary consultations to review crude output allocations and export facility vulnerabilities. Analysts highlighted that potential localized transit choke point disruptions threaten to strain spare production capacity across export terminals. Reporting from Russia, diplomatic and local observers noted that recent strategic shifts in Red Sea & Horn of Africa continue to dictate regional outcomes.",Energy Risk,2026-04-18,Financial Times,Russia,Red Sea & Horn of Africa
ART-10465,Parliamentary committee conducts emergency foreign policy debate on international accords,"Legislative leaders held intensive deliberations concerning diplomatic ratifications, treaty commitments, and international coalition partnerships. Government ministers reiterated diplomatic alignment while defending non-proliferation accords and diplomatic neutrality. Reporting from Saudi Arabia, diplomatic and local observers noted that recent strategic shifts in Persian Gulf continue to dictate regional outcomes.",Diplomatic / Political,2026-03-14,Financial Times,Saudi Arabia,Persian Gulf
ART-10144,Border skirmish escalates with armor deployment and infantry engagements,"Tensions surged following armed skirmishes along the demarcation perimeter involving heavy mechanized infantry and mortar barrages. Both regional militaries issued conflicting claims regarding rules of engagement violations as reinforced defensive trenches exchanged active small arms and artillery fire. Reporting from Sudan, diplomatic and local observers noted that recent strategic shifts in Western Europe continue to dictate regional outcomes.",Military Conflict,2026-09-04,Associated Press,Sudan,Western Europe
ART-11151,Central banks signal interest rate adjustments as geopolitical inflation pressures broaden,"Monetary policy committees convened to evaluate persistent macroeconomic shocks stemming from import price inflation and commodity supply friction. Financial market analysts revised benchmark interest rate trajectories as headline consumer price indices reflected elevated freight and producer input expenses. Reporting from Sudan, diplomatic and local observers noted that recent strategic shifts in North America continue to dictate regional outcomes.",Economic Impact,2026-05-19,Deutsche Welle,Sudan,North America
ART-11177,Sovereign credit rating under review following capital flight and currency depreciation,"International credit rating agencies placed sovereign debt issuances on negative watch, citing widening fiscal deficits, rapid foreign reserve depletion, and heightened geopolitical risk premia. Domestic currency valuations experienced sharp depreciations against global reserve currencies. Reporting from Yemen, diplomatic and local observers noted that recent strategic shifts in East Asia continue to dictate regional outcomes.",Economic Impact,2026-04-17,Financial Times,Yemen,East Asia
ART-10239,Border skirmish escalates with armor deployment and infantry engagements,"Tensions surged following armed skirmishes along the demarcation perimeter involving heavy mechanized infantry and mortar barrages. Both regional militaries issued conflicting claims regarding rules of engagement violations as reinforced defensive trenches exchanged active small arms and artillery fire. Reporting from China, diplomatic and local observers noted that recent strategic shifts in North America continue to dictate regional outcomes.",Military Conflict,2026-05-15,Wall Street Journal,China,North America
ART-10753,Strategic petroleum reserve release weighed as refinery feedstock prices surge,"Energy authorities initiated contingency consultations regarding synchronized drawdowns from strategic oil reserves following regional energy infrastructure disruptions. Brent crude spot rates surged as market participants priced in persistent refinery feedstock shortages and pipeline outages. Reporting from Ukraine, diplomatic and local observers noted that recent strategic shifts in South Asia continue to dictate regional outcomes.",Energy Risk,2026-09-19,Nikkei Asia,Ukraine,South Asia
ART-10593,Strategic petroleum reserve release weighed as refinery feedstock prices surge,"Energy authorities initiated contingency consultations regarding synchronized drawdowns from strategic oil reserves following regional energy infrastructure disruptions. Brent crude spot rates surged as market participants priced in persistent refinery feedstock shortages and pipeline outages. Reporting from Sudan, diplomatic and local observers noted that recent strategic shifts in Persian Gulf continue to dictate regional outcomes.",Energy Risk,2026-02-27,Deutsche Welle,Sudan,Persian Gulf
ART-10630,OPEC+ convenes emergency production quota meeting as geopolitical supply risks mount,"Petroleum export ministers gathered for extraordinary consultations to review crude output allocations and export facility vulnerabilities. Analysts highlighted that potential localized transit choke point disruptions threaten to strain spare production capacity across export terminals. Reporting from Sudan, diplomatic and local observers noted that recent strategic shifts in South Asia continue to dictate regional outcomes.",Energy Risk,2026-03-08,Financial Times,Sudan,South Asia
ART-10925,Air freight cargo rates spike as commercial shippers seek alternatives to ocean freight lanes,"Aviation logistics carriers reported an unprecedented surge in charter demand for urgent transcontinental air cargo, driven by persistent maritime shipping route disruptions. Freight indices registered double-digit increases in air cargo ton-mile rates for priority industrial freight. Reporting from India, diplomatic and local observers noted that recent strategic shifts in Western Europe continue to dictate regional outcomes.",Trade & Shipping,2026-07-20,UN News,India,Western Europe
ART-10831,Container shipping carriers divert cargo fleets around Cape of Good Hope amid maritime threats,"Major international ocean carriers announced sweeping rerouting orders, diverting container vessels around the African continent to bypass hazardous maritime corridors. The maritime diversion adds 10 to 14 days to standard transit times, tightening vessel capacity, delaying container turnaround times, and triggering sharp increases in global container spot freight rates. Reporting from Poland, diplomatic and local observers noted that recent strategic shifts in Middle East continue to dictate regional outcomes.",Trade & Shipping,2026-03-10,Al Jazeera,Poland,Middle East
ART-11456,Refugee displacement crisis deepens as civilian populations flee contested border zones,"International humanitarian relief agencies reported that over 250,000 civilians have been displaced from conflict-affected frontier zones over recent weeks. Overcrowded temporary resettlement shelters face severe shortages of potable water, emergency medical supplies, and sanitation infrastructure. Reporting from Sudan, diplomatic and local observers noted that recent strategic shifts in Western Europe continue to dictate regional outcomes.",Humanitarian Impact,2026-01-13,Associated Press,Sudan,Western Europe
ART-10248,Airstrikes strike strategic command centers and ammunition depots in China,"Fighter aircraft launched precision-guided ordnance targeting key military logistics hubs, radar installations, and tactical weapons caches near strategic sectors of China. Satellite reconnaissance verified structural destruction, while armed forces declared immediate airspace closure and defensive mobilization. Reporting from China, diplomatic and local observers noted that recent strategic shifts in South Asia continue to dictate regional outcomes.",Military Conflict,2026-05-24,Al Jazeera,China,South Asia
ART-11014,Bulk carrier grain vessels delayed as maritime safety inspection protocols expand,"Commercial maritime registries reported prolonged anchorage delays for dry bulk freighters awaiting safe passage clearances through designated maritime corridors. Insurers revised hull and cargo coverage stipulations, impacting export contract fulfillment for agricultural cargoes. Reporting from Palestine, diplomatic and local observers noted that recent strategic shifts in Eastern Europe continue to dictate regional outcomes.",Trade & Shipping,2026-06-25,Wall Street Journal,Palestine,Eastern Europe
ART-10574,Offshore drilling rig security heightened following regional maritime threat warnings,"Deepwater exploration platforms operating in disputed maritime basins instituted enhanced exclusion zones and emergency evacuation drills. Energy corporations reported heightened maritime surveillance to safeguard critical liquefied natural gas terminals and offshore pipeline pumping stations. Reporting from China, diplomatic and local observers noted that recent strategic shifts in North America continue to dictate regional outcomes.",Energy Risk,2026-01-08,Al Jazeera,China,North America
ART-11133,Foreign direct investment inflows contract sharply amid cross-border geopolitical instability,"Economic development ministries reported a significant deceleration in cross-border capital expenditures and joint venture investments. Corporate treasuries cited regulatory uncertainty, sovereign risk premia, and supply network vulnerabilities as key deterrents to long-term capital allocation. Reporting from Taiwan, diplomatic and local observers noted that recent strategic shifts in Eastern Europe continue to dictate regional outcomes.",Economic Impact,2026-05-01,Financial Times,Taiwan,Eastern Europe
ART-10384,Regional coalition signs comprehensive non-aggression and diplomatic mediation pact,"Leaders of member states finalized a multilateral framework establishing joint diplomatic mediation channels, diplomatic consultation corridors, and bilateral confidence-building measures to prevent diplomatic estrangement across the alliance. Reporting from Saudi Arabia, diplomatic and local observers noted that recent strategic shifts in South Asia continue to dictate regional outcomes.",Diplomatic / Political,2026-03-17,BBC News,Saudi Arabia,South Asia
ART-11000,Air freight cargo rates spike as commercial shippers seek alternatives to ocean freight lanes,"Aviation logistics carriers reported an unprecedented surge in charter demand for urgent transcontinental air cargo, driven by persistent maritime shipping route disruptions. Freight indices registered double-digit increases in air cargo ton-mile rates for priority industrial freight. Reporting from Iran, diplomatic and local observers noted that recent strategic shifts in South Asia continue to dictate regional outcomes.",Trade & Shipping,2026-01-11,Deutsche Welle,Iran,South Asia
ART-10338,Ambassadorial recall and diplomatic protest notes delivered over treaty dispute,"Government officials formally summoned the resident ambassador and issued a stern diplomatic communique protesting recent policy shifts and border treaties. Ministry spokespersons emphasized diplomatic dialogue while recalling senior envoys for high-level foreign policy consultations. Reporting from United States, diplomatic and local observers noted that recent strategic shifts in North America continue to dictate regional outcomes.",Diplomatic / Political,2026-02-27,BBC News,United States,North America
ART-10340,Parliamentary committee conducts emergency foreign policy debate on international accords,"Legislative leaders held intensive deliberations concerning diplomatic ratifications, treaty commitments, and international coalition partnerships. Government ministers reiterated diplomatic alignment while defending non-proliferation accords and diplomatic neutrality. Reporting from Ukraine, diplomatic and local observers noted that recent strategic shifts in Western Europe continue to dictate regional outcomes.",Diplomatic / Political,2026-04-01,Deutsche Welle,Ukraine,Western Europe
ART-10605,OPEC+ convenes emergency production quota meeting as geopolitical supply risks mount,"Petroleum export ministers gathered for extraordinary consultations to review crude output allocations and export facility vulnerabilities. Analysts highlighted that potential localized transit choke point disruptions threaten to strain spare production capacity across export terminals. Reporting from India, diplomatic and local observers noted that recent strategic shifts in Eastern Europe continue to dictate regional outcomes.",Energy Risk,2026-05-11,Reuters,India,Eastern Europe
ART-11069,Manufacturing purchasing managers index drops into contraction territory,"National manufacturing indices slumped below the critical 50-point threshold, signaling industrial output contraction across export-oriented sectors. Factory managers reported elevated input acquisition costs, backlog accumulation, and declining international export orders. Reporting from India, diplomatic and local observers noted that recent strategic shifts in Middle East continue to dictate regional outcomes.",Economic Impact,2026-04-21,Wall Street Journal,India,Middle East
ART-10819,Bulk carrier grain vessels delayed as maritime safety inspection protocols expand,"Commercial maritime registries reported prolonged anchorage delays for dry bulk freighters awaiting safe passage clearances through designated maritime corridors. Insurers revised hull and cargo coverage stipulations, impacting export contract fulfillment for agricultural cargoes. Reporting from United States, diplomatic and local observers noted that recent strategic shifts in East Asia continue to dictate regional outcomes.",Trade & Shipping,2026-09-26,UN News,United States,East Asia
ART-10602,Major natural gas pipeline flow throttled amid geopolitical transit disagreements,"Subsea pipeline monitoring stations recorded a sharp 35% reduction in natural gas transit volumes following regulatory and political disputes between transit nations. Energy ministers warned industrial consumers of potential supply rationing and power grid balancing interventions ahead of winter reserve replenishment. Reporting from Palestine, diplomatic and local observers noted that recent strategic shifts in East Asia continue to dictate regional outcomes.",Energy Risk,2026-02-08,Associated Press,Palestine,East Asia
ART-10745,OPEC+ convenes emergency production quota meeting as geopolitical supply risks mount,"Petroleum export ministers gathered for extraordinary consultations to review crude output allocations and export facility vulnerabilities. Analysts highlighted that potential localized transit choke point disruptions threaten to strain spare production capacity across export terminals. Reporting from Poland, diplomatic and local observers noted that recent strategic shifts in East Asia continue to dictate regional outcomes.",Energy Risk,2026-01-11,Nikkei Asia,Poland,East Asia
ART-10216,Artillery and drone strikes intensify along South Asia frontline,"Heavy military bombardment and tactical drone warfare escalated across the South Asia border overnight. Military defense commands confirmed multiple interceptor missile launches and sustained counter-battery fire. Ground forces mobilized armored divisions in response to cross-border incursions, leading to heightened combat alert status throughout contested defensive perimeters. Reporting from China, diplomatic and local observers noted that recent strategic shifts in South Asia continue to dictate regional outcomes.",Military Conflict,2026-09-20,Deutsche Welle,China,South Asia
ART-10169,Border skirmish escalates with armor deployment and infantry engagements,"Tensions surged following armed skirmishes along the demarcation perimeter involving heavy mechanized infantry and mortar barrages. Both regional militaries issued conflicting claims regarding rules of engagement violations as reinforced defensive trenches exchanged active small arms and artillery fire. Reporting from Ukraine, diplomatic and local observers noted that recent strategic shifts in North America continue to dictate regional outcomes.",Military Conflict,2026-07-01,Wall Street Journal,Ukraine,North America
ART-10138,Airstrikes strike strategic command centers and ammunition depots in Sudan,"Fighter aircraft launched precision-guided ordnance targeting key military logistics hubs, radar installations, and tactical weapons caches near strategic sectors of Sudan. Satellite reconnaissance verified structural destruction, while armed forces declared immediate airspace closure and defensive mobilization. Reporting from Sudan, diplomatic and local observers noted that recent strategic shifts in North America continue to dictate regional outcomes.",Military Conflict,2026-03-26,Nikkei Asia,Sudan,North America
ART-10902,Port congestion and customs clearance bottlenecks escalate across major container terminals,"Logistics operators reported severe berthing delays and freight dwell times exceeding historical averages across maritime gateway hubs. Freight forwarders cited vessel bunching, rail intermodal backlogs, and maritime rerouting schedules as compounding drivers of supply chain gridlock. Reporting from United Kingdom, diplomatic and local observers noted that recent strategic shifts in Eastern Europe continue to dictate regional outcomes.",Trade & Shipping,2026-02-25,Associated Press,United Kingdom,Eastern Europe
ART-10423,Ambassadorial recall and diplomatic protest notes delivered over treaty dispute,"Government officials formally summoned the resident ambassador and issued a stern diplomatic communique protesting recent policy shifts and border treaties. Ministry spokespersons emphasized diplomatic dialogue while recalling senior envoys for high-level foreign policy consultations. Reporting from Germany, diplomatic and local observers noted that recent strategic shifts in North America continue to dictate regional outcomes.",Diplomatic / Political,2026-06-28,UN News,Germany,North America
ART-10221,Artillery and drone strikes intensify along Middle East frontline,"Heavy military bombardment and tactical drone warfare escalated across the Middle East border overnight. Military defense commands confirmed multiple interceptor missile launches and sustained counter-battery fire. Ground forces mobilized armored divisions in response to cross-border incursions, leading to heightened combat alert status throughout contested defensive perimeters. Reporting from China, diplomatic and local observers noted that recent strategic shifts in Middle East continue to dictate regional outcomes.",Military Conflict,2026-05-25,Financial Times,China,Middle East
ART-10979,Bulk carrier grain vessels delayed as maritime safety inspection protocols expand,"Commercial maritime registries reported prolonged anchorage delays for dry bulk freighters awaiting safe passage clearances through designated maritime corridors. Insurers revised hull and cargo coverage stipulations, impacting export contract fulfillment for agricultural cargoes. Reporting from Germany, diplomatic and local observers noted that recent strategic shifts in Eastern Europe continue to dictate regional outcomes.",Trade & Shipping,2026-07-18,Financial Times,Germany,Eastern Europe
ART-11250,Stock exchange volatility index spikes as investors seek safe-haven sovereign bonds and gold,"Equities across regional bourses recorded broad sell-offs, with industrial, aviation, and consumer discretionary shares leading declines. Capital allocators rotated liquidity into sovereign treasury securities, bullion, and cash equivalents amid heightened geopolitical uncertainty. Reporting from United Kingdom, diplomatic and local observers noted that recent strategic shifts in Persian Gulf continue to dictate regional outcomes.",Economic Impact,2026-05-06,Associated Press,United Kingdom,Persian Gulf
ART-10455,Parliamentary committee conducts emergency foreign policy debate on international accords,"Legislative leaders held intensive deliberations concerning diplomatic ratifications, treaty commitments, and international coalition partnerships. Government ministers reiterated diplomatic alignment while defending non-proliferation accords and diplomatic neutrality. Reporting from Israel, diplomatic and local observers noted that recent strategic shifts in Western Europe continue to dictate regional outcomes.",Diplomatic / Political,2026-02-04,Associated Press,Israel,Western Europe
ART-10520,OPEC+ convenes emergency production quota meeting as geopolitical supply risks mount,"Petroleum export ministers gathered for extraordinary consultations to review crude output allocations and export facility vulnerabilities. Analysts highlighted that potential localized transit choke point disruptions threaten to strain spare production capacity across export terminals. Reporting from India, diplomatic and local observers noted that recent strategic shifts in Persian Gulf continue to dictate regional outcomes.",Energy Risk,2026-01-10,UN News,India,Persian Gulf
ART-10356,High-level bilateral diplomatic summit convenes in effort to de-escalate tensions,"Foreign ministers and strategic envoys met for emergency multilateral negotiations aimed at formulating a comprehensive ceasefire framework and de-escalation roadmap. Delegations engaged in protracted closed-door diplomatic talks regarding border demilitarization and treaty adherence. Reporting from Ukraine, diplomatic and local observers noted that recent strategic shifts in Eastern Europe continue to dictate regional outcomes.",Diplomatic / Political,2026-02-17,BBC News,Ukraine,Eastern Europe
ART-11306,Refugee displacement crisis deepens as civilian populations flee contested border zones,"International humanitarian relief agencies reported that over 250,000 civilians have been displaced from conflict-affected frontier zones over recent weeks. Overcrowded temporary resettlement shelters face severe shortages of potable water, emergency medical supplies, and sanitation infrastructure. Reporting from Egypt, diplomatic and local observers noted that recent strategic shifts in Middle East continue to dictate regional outcomes.",Humanitarian Impact,2026-04-03,BBC News,Egypt,Middle East
ART-10993,Bilateral tariff escalation and trade export controls enacted on critical components,"Commerce departments imposed sweeping customs tariffs and export license restrictions on key industrial raw materials and advanced components. Trade chambers expressed alarm over compliance costs and international supply chain fragmentation affecting bilateral trade volumes. Reporting from China, diplomatic and local observers noted that recent strategic shifts in Middle East continue to dictate regional outcomes.",Trade & Shipping,2026-03-04,Financial Times,China,Middle East
ART-10758,Strategic petroleum reserve release weighed as refinery feedstock prices surge,"Energy authorities initiated contingency consultations regarding synchronized drawdowns from strategic oil reserves following regional energy infrastructure disruptions. Brent crude spot rates surged as market participants priced in persistent refinery feedstock shortages and pipeline outages. Reporting from United States, diplomatic and local observers noted that recent strategic shifts in North America continue to dictate regional outcomes.",Energy Risk,2026-05-24,Associated Press,United States,North America
ART-11161,Central banks signal interest rate adjustments as geopolitical inflation pressures broaden,"Monetary policy committees convened to evaluate persistent macroeconomic shocks stemming from import price inflation and commodity supply friction. Financial market analysts revised benchmark interest rate trajectories as headline consumer price indices reflected elevated freight and producer input expenses. Reporting from United States, diplomatic and local observers noted that recent strategic shifts in North America continue to dictate regional outcomes.",Economic Impact,2026-06-01,UN News,United States,North America
ART-11355,Civilian evacuation corridors established under international red cross mediation,"Humanitarian organizations coordinated temporary civilian safe-passage corridors to evacuate vulnerable elderly, women, and pediatric patients from active hostility perimeters. International observers monitored compliance to ensure unhindered transit for humanitarian convoys. Reporting from Saudi Arabia, diplomatic and local observers noted that recent strategic shifts in South Asia continue to dictate regional outcomes.",Humanitarian Impact,2026-08-24,Deutsche Welle,Saudi Arabia,South Asia
ART-11433,"Field hospitals face critical shortages of surgical anesthetics, electricity, and clean water","Medical relief organizations operating inside crisis sectors issued urgent distress alerts regarding depleted pharmaceuticals, damaged municipal water treatment facilities, and erratic generator fuel supplies necessary to maintain life-saving intensive care facilities. Reporting from United Kingdom, diplomatic and local observers noted that recent strategic shifts in East Asia continue to dictate regional outcomes.",Humanitarian Impact,2026-05-18,Associated Press,United Kingdom,East Asia
ART-10195,Ballistic missile interceptor systems activated amid regional military escalation,"Air defense batteries engaged multiple incoming medium-range ballistic trajectories targeting military infrastructure. Defense ministries confirmed that surface-to-air missile batteries intercepted projectiles mid-course, placing joint task forces on maximum tactical readiness status. Reporting from Sudan, diplomatic and local observers noted that recent strategic shifts in Middle East continue to dictate regional outcomes.",Military Conflict,2026-06-27,Deutsche Welle,Sudan,Middle East
ART-11482,United Nations launches emergency humanitarian relief appeal for food aid and medical shelter,"Humanitarian coordinators formally issued a multilateral funding appeal seeking urgent donor contributions to support frontline field clinics and nutritional distribution hubs. Aid convoys reported severe logistical hurdles attempting to deliver relief supplies to isolated civilian corridors. Reporting from Iran, diplomatic and local observers noted that recent strategic shifts in Persian Gulf continue to dictate regional outcomes.",Humanitarian Impact,2026-09-11,Associated Press,Iran,Persian Gulf
ART-10402,United Nations Security Council debates draft resolution on sovereignty and border protocols,"Diplomats at the UN Headquarters convened an emergency session to deliberate a multilateral resolution addressing territorial sovereignty, diplomatic immunity, and international arbitration. Key permanent members presented competing revisions concerning compliance verification and peacekeeper mandates. Reporting from Taiwan, diplomatic and local observers noted that recent strategic shifts in North America continue to dictate regional outcomes.",Diplomatic / Political,2026-03-07,UN News,Taiwan,North America
ART-10666,Strait of Hormuz transit tensions spark crude oil and LNG supply disruptions,"Heightened naval alerts near critical energy choke points triggered immediate volatility across global benchmark crude contracts. Tanker charter operators raised war risk insurance premiums as energy intelligence analysts cautioned that maritime route interdictions could constrain daily flows of crude oil, refined distillates, and liquefied natural gas (LNG). Reporting from Ukraine, diplomatic and local observers noted that recent strategic shifts in South Asia continue to dictate regional outcomes.",Energy Risk,2026-03-16,BBC News,Ukraine,South Asia
ART-11353,"Field hospitals face critical shortages of surgical anesthetics, electricity, and clean water","Medical relief organizations operating inside crisis sectors issued urgent distress alerts regarding depleted pharmaceuticals, damaged municipal water treatment facilities, and erratic generator fuel supplies necessary to maintain life-saving intensive care facilities. Reporting from Sudan, diplomatic and local observers noted that recent strategic shifts in Middle East continue to dictate regional outcomes.",Humanitarian Impact,2026-06-22,Financial Times,Sudan,Middle East
ART-11477,United Nations launches emergency humanitarian relief appeal for food aid and medical shelter,"Humanitarian coordinators formally issued a multilateral funding appeal seeking urgent donor contributions to support frontline field clinics and nutritional distribution hubs. Aid convoys reported severe logistical hurdles attempting to deliver relief supplies to isolated civilian corridors. Reporting from United States, diplomatic and local observers noted that recent strategic shifts in Persian Gulf continue to dictate regional outcomes.",Humanitarian Impact,2026-04-06,Bloomberg,United States,Persian Gulf
ART-11318,"Field hospitals face critical shortages of surgical anesthetics, electricity, and clean water","Medical relief organizations operating inside crisis sectors issued urgent distress alerts regarding depleted pharmaceuticals, damaged municipal water treatment facilities, and erratic generator fuel supplies necessary to maintain life-saving intensive care facilities. Reporting from Egypt, diplomatic and local observers noted that recent strategic shifts in Persian Gulf continue to dictate regional outcomes.",Humanitarian Impact,2026-07-15,Wall Street Journal,Egypt,Persian Gulf
ART-11509,Disrupted municipal power grids and water filtration plants jeopardize civilian public health,"Public health authorities warned of escalating waterborne disease outbreaks after sustained infrastructure damage crippled municipal water purification networks and electrical sub-stations. Emergency relief teams deployed portable purification modules to mitigate sanitary hazards. Reporting from Poland, diplomatic and local observers noted that recent strategic shifts in Persian Gulf continue to dictate regional outcomes.",Humanitarian Impact,2026-09-10,Associated Press,Poland,Persian Gulf
ART-10732,Major natural gas pipeline flow throttled amid geopolitical transit disagreements,"Subsea pipeline monitoring stations recorded a sharp 35% reduction in natural gas transit volumes following regulatory and political disputes between transit nations. Energy ministers warned industrial consumers of potential supply rationing and power grid balancing interventions ahead of winter reserve replenishment. Reporting from United Kingdom, diplomatic and local observers noted that recent strategic shifts in Western Europe continue to dictate regional outcomes.",Energy Risk,2026-06-26,Al Jazeera,United Kingdom,Western Europe
ART-10792,Port congestion and customs clearance bottlenecks escalate across major container terminals,"Logistics operators reported severe berthing delays and freight dwell times exceeding historical averages across maritime gateway hubs. Freight forwarders cited vessel bunching, rail intermodal backlogs, and maritime rerouting schedules as compounding drivers of supply chain gridlock. Reporting from Israel, diplomatic and local observers noted that recent strategic shifts in Western Europe continue to dictate regional outcomes.",Trade & Shipping,2026-09-27,Nikkei Asia,Israel,Western Europe
ART-11035,Stock exchange volatility index spikes as investors seek safe-haven sovereign bonds and gold,"Equities across regional bourses recorded broad sell-offs, with industrial, aviation, and consumer discretionary shares leading declines. Capital allocators rotated liquidity into sovereign treasury securities, bullion, and cash equivalents amid heightened geopolitical uncertainty. Reporting from India, diplomatic and local observers noted that recent strategic shifts in Western Europe continue to dictate regional outcomes.",Economic Impact,2026-06-15,Bloomberg,India,Western Europe
ART-10323,Ambassadorial recall and diplomatic protest notes delivered over treaty dispute,"Government officials formally summoned the resident ambassador and issued a stern diplomatic communique protesting recent policy shifts and border treaties. Ministry spokespersons emphasized diplomatic dialogue while recalling senior envoys for high-level foreign policy consultations. Reporting from Poland, diplomatic and local observers noted that recent strategic shifts in South Asia continue to dictate regional outcomes.",Diplomatic / Political,2026-05-12,Financial Times,Poland,South Asia
ART-11276,Refugee displacement crisis deepens as civilian populations flee contested border zones,"International humanitarian relief agencies reported that over 250,000 civilians have been displaced from conflict-affected frontier zones over recent weeks. Overcrowded temporary resettlement shelters face severe shortages of potable water, emergency medical supplies, and sanitation infrastructure.",Humanitarian Impact,2026-01-01,Wall Street Journal,Saudi Arabia,South Asia
ART-11232,Sovereign credit rating under review following capital flight and currency depreciation,"International credit rating agencies placed sovereign debt issuances on negative watch, citing widening fiscal deficits, rapid foreign reserve depletion, and heightened geopolitical risk premia. Domestic currency valuations experienced sharp depreciations against global reserve currencies. Reporting from Palestine, diplomatic and local observers noted that recent strategic shifts in East Asia continue to dictate regional outcomes.",Economic Impact,2026-05-16,Reuters,Palestine,East Asia
ART-10637,Major natural gas pipeline flow throttled amid geopolitical transit disagreements,"Subsea pipeline monitoring stations recorded a sharp 35% reduction in natural gas transit volumes following regulatory and political disputes between transit nations. Energy ministers warned industrial consumers of potential supply rationing and power grid balancing interventions ahead of winter reserve replenishment. Reporting from Poland, diplomatic and local observers noted that recent strategic shifts in Red Sea & Horn of Africa continue to dictate regional outcomes.",Energy Risk,2026-01-15,Financial Times,Poland,Red Sea & Horn of Africa
ART-11094,Manufacturing purchasing managers index drops into contraction territory,"National manufacturing indices slumped below the critical 50-point threshold, signaling industrial output contraction across export-oriented sectors. Factory managers reported elevated input acquisition costs, backlog accumulation, and declining international export orders. Reporting from United States, diplomatic and local observers noted that recent strategic shifts in Red Sea & Horn of Africa continue to dictate regional outcomes.",Economic Impact,2026-02-18,Al Jazeera,United States,Red Sea & Horn of Africa
ART-10674,Offshore drilling rig security heightened following regional maritime threat warnings,"Deepwater exploration platforms operating in disputed maritime basins instituted enhanced exclusion zones and emergency evacuation drills. Energy corporations reported heightened maritime surveillance to safeguard critical liquefied natural gas terminals and offshore pipeline pumping stations. Reporting from Poland, diplomatic and local observers noted that recent strategic shifts in Red Sea & Horn of Africa continue to dictate regional outcomes.",Energy Risk,2026-02-24,Financial Times,Poland,Red Sea & Horn of Africa
ART-10998,Bilateral tariff escalation and trade export controls enacted on critical components,"Commerce departments imposed sweeping customs tariffs and export license restrictions on key industrial raw materials and advanced components. Trade chambers expressed alarm over compliance costs and international supply chain fragmentation affecting bilateral trade volumes. Reporting from United Kingdom, diplomatic and local observers noted that recent strategic shifts in South Asia continue to dictate regional outcomes.",Trade & Shipping,2026-08-09,Wall Street Journal,United Kingdom,South Asia
ART-11219,Manufacturing purchasing managers index drops into contraction territory,"National manufacturing indices slumped below the critical 50-point threshold, signaling industrial output contraction across export-oriented sectors. Factory managers reported elevated input acquisition costs, backlog accumulation, and declining international export orders. Reporting from Israel, diplomatic and local observers noted that recent strategic shifts in Middle East continue to dictate regional outcomes.",Economic Impact,2026-01-03,Al Jazeera,Israel,Middle East
ART-10650,OPEC+ convenes emergency production quota meeting as geopolitical supply risks mount,"Petroleum export ministers gathered for extraordinary consultations to review crude output allocations and export facility vulnerabilities. Analysts highlighted that potential localized transit choke point disruptions threaten to strain spare production capacity across export terminals. Reporting from Poland, diplomatic and local observers noted that recent strategic shifts in East Asia continue to dictate regional outcomes.",Energy Risk,2026-05-28,Al Jazeera,Poland,East Asia
ART-10573,Strategic petroleum reserve release weighed as refinery feedstock prices surge,"Energy authorities initiated contingency consultations regarding synchronized drawdowns from strategic oil reserves following regional energy infrastructure disruptions. Brent crude spot rates surged as market participants priced in persistent refinery feedstock shortages and pipeline outages. Reporting from Sudan, diplomatic and local observers noted that recent strategic shifts in South Asia continue to dictate regional outcomes.",Energy Risk,2026-09-07,Wall Street Journal,Sudan,South Asia
ART-10313,Ambassadorial recall and diplomatic protest notes delivered over treaty dispute,"Government officials formally summoned the resident ambassador and issued a stern diplomatic communique protesting recent policy shifts and border treaties. Ministry spokespersons emphasized diplomatic dialogue while recalling senior envoys for high-level foreign policy consultations. Reporting from United States, diplomatic and local observers noted that recent strategic shifts in Persian Gulf continue to dictate regional outcomes.",Diplomatic / Political,2026-04-02,Al Jazeera,United States,Persian Gulf
ART-11137,Sovereign credit rating under review following capital flight and currency depreciation,"International credit rating agencies placed sovereign debt issuances on negative watch, citing widening fiscal deficits, rapid foreign reserve depletion, and heightened geopolitical risk premia. Domestic currency valuations experienced sharp depreciations against global reserve currencies. Reporting from India, diplomatic and local observers noted that recent strategic shifts in Middle East continue to dictate regional outcomes.",Economic Impact,2026-09-05,Reuters,India,Middle East
ART-10326,High-level bilateral diplomatic summit convenes in effort to de-escalate tensions,"Foreign ministers and strategic envoys met for emergency multilateral negotiations aimed at formulating a comprehensive ceasefire framework and de-escalation roadmap. Delegations engaged in protracted closed-door diplomatic talks regarding border demilitarization and treaty adherence. Reporting from Russia, diplomatic and local observers noted that recent strategic shifts in South Asia continue to dictate regional outcomes.",Diplomatic / Political,2026-08-15,Wall Street Journal,Russia,South Asia
ART-10901,Container shipping carriers divert cargo fleets around Cape of Good Hope amid maritime threats,"Major international ocean carriers announced sweeping rerouting orders, diverting container vessels around the African continent to bypass hazardous maritime corridors. The maritime diversion adds 10 to 14 days to standard transit times, tightening vessel capacity, delaying container turnaround times, and triggering sharp increases in global container spot freight rates. Reporting from Russia, diplomatic and local observers noted that recent strategic shifts in Eastern Europe continue to dictate regional outcomes.",Trade & Shipping,2026-01-24,Associated Press,Russia,Eastern Europe
ART-10613,Strategic petroleum reserve release weighed as refinery feedstock prices surge,"Energy authorities initiated contingency consultations regarding synchronized drawdowns from strategic oil reserves following regional energy infrastructure disruptions. Brent crude spot rates surged as market participants priced in persistent refinery feedstock shortages and pipeline outages. Reporting from Palestine, diplomatic and local observers noted that recent strategic shifts in North America continue to dictate regional outcomes.",Energy Risk,2026-04-19,Deutsche Welle,Palestine,North America
ART-10856,Container shipping carriers divert cargo fleets around Cape of Good Hope amid maritime threats,"Major international ocean carriers announced sweeping rerouting orders, diverting container vessels around the African continent to bypass hazardous maritime corridors. The maritime diversion adds 10 to 14 days to standard transit times, tightening vessel capacity, delaying container turnaround times, and triggering sharp increases in global container spot freight rates. Reporting from Israel, diplomatic and local observers noted that recent strategic shifts in East Asia continue to dictate regional outcomes.",Trade & Shipping,2026-01-07,BBC News,Israel,East Asia
ART-10984,Bulk carrier grain vessels delayed as maritime safety inspection protocols expand,"Commercial maritime registries reported prolonged anchorage delays for dry bulk freighters awaiting safe passage clearances through designated maritime corridors. Insurers revised hull and cargo coverage stipulations, impacting export contract fulfillment for agricultural cargoes. Reporting from Russia, diplomatic and local observers noted that recent strategic shifts in East Asia continue to dictate regional outcomes.",Trade & Shipping,2026-03-23,Al Jazeera,Russia,East Asia
ART-11337,United Nations launches emergency humanitarian relief appeal for food aid and medical shelter,"Humanitarian coordinators formally issued a multilateral funding appeal seeking urgent donor contributions to support frontline field clinics and nutritional distribution hubs. Aid convoys reported severe logistical hurdles attempting to deliver relief supplies to isolated civilian corridors. Reporting from Poland, diplomatic and local observers noted that recent strategic shifts in East Asia continue to dictate regional outcomes.",Humanitarian Impact,2026-08-06,Nikkei Asia,Poland,East Asia
ART-10433,Ambassadorial recall and diplomatic protest notes delivered over treaty dispute,"Government officials formally summoned the resident ambassador and issued a stern diplomatic communique protesting recent policy shifts and border treaties. Ministry spokespersons emphasized diplomatic dialogue while recalling senior envoys for high-level foreign policy consultations. Reporting from Egypt, diplomatic and local observers noted that recent strategic shifts in East Asia continue to dictate regional outcomes.",Diplomatic / Political,2026-07-10,Financial Times,Egypt,East Asia
ART-10956,Container shipping carriers divert cargo fleets around Cape of Good Hope amid maritime threats,"Major international ocean carriers announced sweeping rerouting orders, diverting container vessels around the African continent to bypass hazardous maritime corridors. The maritime diversion adds 10 to 14 days to standard transit times, tightening vessel capacity, delaying container turnaround times, and triggering sharp increases in global container spot freight rates. Reporting from United States, diplomatic and local observers noted that recent strategic shifts in Middle East continue to dictate regional outcomes.",Trade & Shipping,2026-02-23,Al Jazeera,United States,Middle East
ART-10719,Offshore drilling rig security heightened following regional maritime threat warnings,"Deepwater exploration platforms operating in disputed maritime basins instituted enhanced exclusion zones and emergency evacuation drills. Energy corporations reported heightened maritime surveillance to safeguard critical liquefied natural gas terminals and offshore pipeline pumping stations. Reporting from Russia, diplomatic and local observers noted that recent strategic shifts in North America continue to dictate regional outcomes.",Energy Risk,2026-02-13,UN News,Russia,North America
ART-10260,Parliamentary committee conducts emergency foreign policy debate on international accords,"Legislative leaders held intensive deliberations concerning diplomatic ratifications, treaty commitments, and international coalition partnerships. Government ministers reiterated diplomatic alignment while defending non-proliferation accords and diplomatic neutrality.",Diplomatic / Political,2026-05-05,Deutsche Welle,Ukraine,South Asia
ART-10623,Strategic petroleum reserve release weighed as refinery feedstock prices surge,"Energy authorities initiated contingency consultations regarding synchronized drawdowns from strategic oil reserves following regional energy infrastructure disruptions. Brent crude spot rates surged as market participants priced in persistent refinery feedstock shortages and pipeline outages. Reporting from Poland, diplomatic and local observers noted that recent strategic shifts in Eastern Europe continue to dictate regional outcomes.",Energy Risk,2026-05-01,Bloomberg,Poland,Eastern Europe
ART-10442,United Nations Security Council debates draft resolution on sovereignty and border protocols,"Diplomats at the UN Headquarters convened an emergency session to deliberate a multilateral resolution addressing territorial sovereignty, diplomatic immunity, and international arbitration. Key permanent members presented competing revisions concerning compliance verification and peacekeeper mandates. Reporting from Israel, diplomatic and local observers noted that recent strategic shifts in South Asia continue to dictate regional outcomes.",Diplomatic / Political,2026-07-19,Wall Street Journal,Israel,South Asia
ART-10796,Container shipping carriers divert cargo fleets around Cape of Good Hope amid maritime threats,"Major international ocean carriers announced sweeping rerouting orders, diverting container vessels around the African continent to bypass hazardous maritime corridors. The maritime diversion adds 10 to 14 days to standard transit times, tightening vessel capacity, delaying container turnaround times, and triggering sharp increases in global container spot freight rates. Reporting from China, diplomatic and local observers noted that recent strategic shifts in East Asia continue to dictate regional outcomes.",Trade & Shipping,2026-04-03,UN News,China,East Asia
ART-10282,United Nations Security Council debates draft resolution on sovereignty and border protocols,"Diplomats at the UN Headquarters convened an emergency session to deliberate a multilateral resolution addressing territorial sovereignty, diplomatic immunity, and international arbitration. Key permanent members presented competing revisions concerning compliance verification and peacekeeper mandates. Reporting from Poland, diplomatic and local observers noted that recent strategic shifts in Persian Gulf continue to dictate regional outcomes.",Diplomatic / Political,2026-09-27,Financial Times,Poland,Persian Gulf
ART-10408,Ambassadorial recall and diplomatic protest notes delivered over treaty dispute,"Government officials formally summoned the resident ambassador and issued a stern diplomatic communique protesting recent policy shifts and border treaties. Ministry spokespersons emphasized diplomatic dialogue while recalling senior envoys for high-level foreign policy consultations. Reporting from Poland, diplomatic and local observers noted that recent strategic shifts in Persian Gulf continue to dictate regional outcomes.",Diplomatic / Political,2026-09-13,UN News,Poland,Persian Gulf
ART-11212,Sovereign credit rating under review following capital flight and currency depreciation,"International credit rating agencies placed sovereign debt issuances on negative watch, citing widening fiscal deficits, rapid foreign reserve depletion, and heightened geopolitical risk premia. Domestic currency valuations experienced sharp depreciations against global reserve currencies. Reporting from Taiwan, diplomatic and local observers noted that recent strategic shifts in Red Sea & Horn of Africa continue to dictate regional outcomes.",Economic Impact,2026-03-24,Al Jazeera,Taiwan,Red Sea & Horn of Africa
ART-10443,Ambassadorial recall and diplomatic protest notes delivered over treaty dispute,"Government officials formally summoned the resident ambassador and issued a stern diplomatic communique protesting recent policy shifts and border treaties. Ministry spokespersons emphasized diplomatic dialogue while recalling senior envoys for high-level foreign policy consultations. Reporting from United Kingdom, diplomatic and local observers noted that recent strategic shifts in Eastern Europe continue to dictate regional outcomes.",Diplomatic / Political,2026-08-20,Reuters,United Kingdom,Eastern Europe
ART-10635,OPEC+ convenes emergency production quota meeting as geopolitical supply risks mount,"Petroleum export ministers gathered for extraordinary consultations to review crude output allocations and export facility vulnerabilities. Analysts highlighted that potential localized transit choke point disruptions threaten to strain spare production capacity across export terminals. Reporting from Russia, diplomatic and local observers noted that recent strategic shifts in South Asia continue to dictate regional outcomes.",Energy Risk,2026-08-13,Associated Press,Russia,South Asia
ART-11465,Civilian evacuation corridors established under international red cross mediation,"Humanitarian organizations coordinated temporary civilian safe-passage corridors to evacuate vulnerable elderly, women, and pediatric patients from active hostility perimeters. International observers monitored compliance to ensure unhindered transit for humanitarian convoys. Reporting from Sudan, diplomatic and local observers noted that recent strategic shifts in Middle East continue to dictate regional outcomes.",Humanitarian Impact,2026-01-22,UN News,Sudan,Middle East
ART-10900,Air freight cargo rates spike as commercial shippers seek alternatives to ocean freight lanes,"Aviation logistics carriers reported an unprecedented surge in charter demand for urgent transcontinental air cargo, driven by persistent maritime shipping route disruptions. Freight indices registered double-digit increases in air cargo ton-mile rates for priority industrial freight. Reporting from Yemen, diplomatic and local observers noted that recent strategic shifts in Persian Gulf continue to dictate regional outcomes.",Trade & Shipping,2026-09-23,BBC News,Yemen,Persian Gulf
ART-10460,Parliamentary committee conducts emergency foreign policy debate on international accords,"Legislative leaders held intensive deliberations concerning diplomatic ratifications, treaty commitments, and international coalition partnerships. Government ministers reiterated diplomatic alignment while defending non-proliferation accords and diplomatic neutrality. Reporting from Israel, diplomatic and local observers noted that recent strategic shifts in South Asia continue to dictate regional outcomes.",Diplomatic / Political,2026-07-09,Nikkei Asia,Israel,South Asia
ART-10093,Airstrikes strike strategic command centers and ammunition depots in Taiwan,"Fighter aircraft launched precision-guided ordnance targeting key military logistics hubs, radar installations, and tactical weapons caches near strategic sectors of Taiwan. Satellite reconnaissance verified structural destruction, while armed forces declared immediate airspace closure and defensive mobilization. Reporting from Taiwan, diplomatic and local observers noted that recent strategic shifts in South Asia continue to dictate regional outcomes.",Military Conflict,2026-03-09,Bloomberg,Taiwan,South Asia
ART-10575,OPEC+ convenes emergency production quota meeting as geopolitical supply risks mount,"Petroleum export ministers gathered for extraordinary consultations to review crude output allocations and export facility vulnerabilities. Analysts highlighted that potential localized transit choke point disruptions threaten to strain spare production capacity across export terminals. Reporting from United Kingdom, diplomatic and local observers noted that recent strategic shifts in Middle East continue to dictate regional outcomes.",Energy Risk,2026-02-09,Reuters,United Kingdom,Middle East
ART-10978,Bilateral tariff escalation and trade export controls enacted on critical components,"Commerce departments imposed sweeping customs tariffs and export license restrictions on key industrial raw materials and advanced components. Trade chambers expressed alarm over compliance costs and international supply chain fragmentation affecting bilateral trade volumes. Reporting from China, diplomatic and local observers noted that recent strategic shifts in East Asia continue to dictate regional outcomes.",Trade & Shipping,2026-06-17,Reuters,China,East Asia
ART-10755,OPEC+ convenes emergency production quota meeting as geopolitical supply risks mount,"Petroleum export ministers gathered for extraordinary consultations to review crude output allocations and export facility vulnerabilities. Analysts highlighted that potential localized transit choke point disruptions threaten to strain spare production capacity across export terminals. Reporting from Germany, diplomatic and local observers noted that recent strategic shifts in East Asia continue to dictate regional outcomes.",Energy Risk,2026-02-21,Associated Press,Germany,East Asia
ART-10504,Regional coalition signs comprehensive non-aggression and diplomatic mediation pact,"Leaders of member states finalized a multilateral framework establishing joint diplomatic mediation channels, diplomatic consultation corridors, and bilateral confidence-building measures to prevent diplomatic estrangement across the alliance. Reporting from Ukraine, diplomatic and local observers noted that recent strategic shifts in North America continue to dictate regional outcomes.",Diplomatic / Political,2026-06-25,Wall Street Journal,Ukraine,North America
ART-10687,Major natural gas pipeline flow throttled amid geopolitical transit disagreements,"Subsea pipeline monitoring stations recorded a sharp 35% reduction in natural gas transit volumes following regulatory and political disputes between transit nations. Energy ministers warned industrial consumers of potential supply rationing and power grid balancing interventions ahead of winter reserve replenishment. Reporting from Egypt, diplomatic and local observers noted that recent strategic shifts in Middle East continue to dictate regional outcomes.",Energy Risk,2026-06-09,Nikkei Asia,Egypt,Middle East
ART-10476,High-level bilateral diplomatic summit convenes in effort to de-escalate tensions,"Foreign ministers and strategic envoys met for emergency multilateral negotiations aimed at formulating a comprehensive ceasefire framework and de-escalation roadmap. Delegations engaged in protracted closed-door diplomatic talks regarding border demilitarization and treaty adherence. Reporting from United Kingdom, diplomatic and local observers noted that recent strategic shifts in Persian Gulf continue to dictate regional outcomes.",Diplomatic / Political,2026-05-25,Al Jazeera,United Kingdom,Persian Gulf
ART-10932,Port congestion and customs clearance bottlenecks escalate across major container terminals,"Logistics operators reported severe berthing delays and freight dwell times exceeding historical averages across maritime gateway hubs. Freight forwarders cited vessel bunching, rail intermodal backlogs, and maritime rerouting schedules as compounding drivers of supply chain gridlock. Reporting from China, diplomatic and local observers noted that recent strategic shifts in Persian Gulf continue to dictate regional outcomes.",Trade & Shipping,2026-05-27,Deutsche Welle,China,Persian Gulf
ART-10558,Strategic petroleum reserve release weighed as refinery feedstock prices surge,"Energy authorities initiated contingency consultations regarding synchronized drawdowns from strategic oil reserves following regional energy infrastructure disruptions. Brent crude spot rates surged as market participants priced in persistent refinery feedstock shortages and pipeline outages. Reporting from Israel, diplomatic and local observers noted that recent strategic shifts in Persian Gulf continue to dictate regional outcomes.",Energy Risk,2026-03-20,Wall Street Journal,Israel,Persian Gulf
ART-10659,Offshore drilling rig security heightened following regional maritime threat warnings,"Deepwater exploration platforms operating in disputed maritime basins instituted enhanced exclusion zones and emergency evacuation drills. Energy corporations reported heightened maritime surveillance to safeguard critical liquefied natural gas terminals and offshore pipeline pumping stations. Reporting from India, diplomatic and local observers noted that recent strategic shifts in North America continue to dictate regional outcomes.",Energy Risk,2026-05-09,Nikkei Asia,India,North America
ART-11155,Stock exchange volatility index spikes as investors seek safe-haven sovereign bonds and gold,"Equities across regional bourses recorded broad sell-offs, with industrial, aviation, and consumer discretionary shares leading declines. Capital allocators rotated liquidity into sovereign treasury securities, bullion, and cash equivalents amid heightened geopolitical uncertainty. Reporting from Saudi Arabia, diplomatic and local observers noted that recent strategic shifts in South Asia continue to dictate regional outcomes.",Economic Impact,2026-09-23,BBC News,Saudi Arabia,South Asia
ART-10563,Strategic petroleum reserve release weighed as refinery feedstock prices surge,"Energy authorities initiated contingency consultations regarding synchronized drawdowns from strategic oil reserves following regional energy infrastructure disruptions. Brent crude spot rates surged as market participants priced in persistent refinery feedstock shortages and pipeline outages. Reporting from Iran, diplomatic and local observers noted that recent strategic shifts in Western Europe continue to dictate regional outcomes.",Energy Risk,2026-08-25,Financial Times,Iran,Western Europe
ART-10610,OPEC+ convenes emergency production quota meeting as geopolitical supply risks mount,"Petroleum export ministers gathered for extraordinary consultations to review crude output allocations and export facility vulnerabilities. Analysts highlighted that potential localized transit choke point disruptions threaten to strain spare production capacity across export terminals. Reporting from Sudan, diplomatic and local observers noted that recent strategic shifts in Western Europe continue to dictate regional outcomes.",Energy Risk,2026-01-16,Nikkei Asia,Sudan,Western Europe
ART-10198,Airstrikes strike strategic command centers and ammunition depots in Saudi Arabia,"Fighter aircraft launched precision-guided ordnance targeting key military logistics hubs, radar installations, and tactical weapons caches near strategic sectors of Saudi Arabia. Satellite reconnaissance verified structural destruction, while armed forces declared immediate airspace closure and defensive mobilization. Reporting from Saudi Arabia, diplomatic and local observers noted that recent strategic shifts in Eastern Europe continue to dictate regional outcomes.",Military Conflict,2026-09-02,UN News,Saudi Arabia,Eastern Europe
ART-11240,Stock exchange volatility index spikes as investors seek safe-haven sovereign bonds and gold,"Equities across regional bourses recorded broad sell-offs, with industrial, aviation, and consumer discretionary shares leading declines. Capital allocators rotated liquidity into sovereign treasury securities, bullion, and cash equivalents amid heightened geopolitical uncertainty. Reporting from China, diplomatic and local observers noted that recent strategic shifts in Western Europe continue to dictate regional outcomes.",Economic Impact,2026-04-24,Nikkei Asia,China,Western Europe
ART-10751,Strait of Hormuz transit tensions spark crude oil and LNG supply disruptions,"Heightened naval alerts near critical energy choke points triggered immediate volatility across global benchmark crude contracts. Tanker charter operators raised war risk insurance premiums as energy intelligence analysts cautioned that maritime route interdictions could constrain daily flows of crude oil, refined distillates, and liquefied natural gas (LNG). Reporting from Poland, diplomatic and local observers noted that recent strategic shifts in Persian Gulf continue to dictate regional outcomes.",Energy Risk,2026-07-17,Reuters,Poland,Persian Gulf
ART-11113,Foreign direct investment inflows contract sharply amid cross-border geopolitical instability,"Economic development ministries reported a significant deceleration in cross-border capital expenditures and joint venture investments. Corporate treasuries cited regulatory uncertainty, sovereign risk premia, and supply network vulnerabilities as key deterrents to long-term capital allocation. Reporting from Palestine, diplomatic and local observers noted that recent strategic shifts in Middle East continue to dictate regional outcomes.",Economic Impact,2026-03-09,Deutsche Welle,Palestine,Middle East
ART-10018,Airstrikes strike strategic command centers and ammunition depots in China,"Fighter aircraft launched precision-guided ordnance targeting key military logistics hubs, radar installations, and tactical weapons caches near strategic sectors of China. Satellite reconnaissance verified structural destruction, while armed forces declared immediate airspace closure and defensive mobilization. Reporting from China, diplomatic and local observers noted that recent strategic shifts in Middle East continue to dictate regional outcomes.",Military Conflict,2026-09-18,UN News,China,Middle East
ART-11470,Civilian evacuation corridors established under international red cross mediation,"Humanitarian organizations coordinated temporary civilian safe-passage corridors to evacuate vulnerable elderly, women, and pediatric patients from active hostility perimeters. International observers monitored compliance to ensure unhindered transit for humanitarian convoys. Reporting from Poland, diplomatic and local observers noted that recent strategic shifts in Red Sea & Horn of Africa continue to dictate regional outcomes.",Humanitarian Impact,2026-06-27,Financial Times,Poland,Red Sea & Horn of Africa
ART-10482,United Nations Security Council debates draft resolution on sovereignty and border protocols,"Diplomats at the UN Headquarters convened an emergency session to deliberate a multilateral resolution addressing territorial sovereignty, diplomatic immunity, and international arbitration. Key permanent members presented competing revisions concerning compliance verification and peacekeeper mandates. Reporting from United Kingdom, diplomatic and local observers noted that recent strategic shifts in East Asia continue to dictate regional outcomes.",Diplomatic / Political,2026-02-03,UN News,United Kingdom,East Asia
ART-10576,Strait of Hormuz transit tensions spark crude oil and LNG supply disruptions,"Heightened naval alerts near critical energy choke points triggered immediate volatility across global benchmark crude contracts. Tanker charter operators raised war risk insurance premiums as energy intelligence analysts cautioned that maritime route interdictions could constrain daily flows of crude oil, refined distillates, and liquefied natural gas (LNG). Reporting from Iran, diplomatic and local observers noted that recent strategic shifts in Persian Gulf continue to dictate regional outcomes.",Energy Risk,2026-03-10,UN News,Iran,Persian Gulf
ART-10472,United Nations Security Council debates draft resolution on sovereignty and border protocols,"Diplomats at the UN Headquarters convened an emergency session to deliberate a multilateral resolution addressing territorial sovereignty, diplomatic immunity, and international arbitration. Key permanent members presented competing revisions concerning compliance verification and peacekeeper mandates. Reporting from Germany, diplomatic and local observers noted that recent strategic shifts in Western Europe continue to dictate regional outcomes.",Diplomatic / Political,2026-01-21,Financial Times,Germany,Western Europe
ART-11406,Refugee displacement crisis deepens as civilian populations flee contested border zones,"International humanitarian relief agencies reported that over 250,000 civilians have been displaced from conflict-affected frontier zones over recent weeks. Overcrowded temporary resettlement shelters face severe shortages of potable water, emergency medical supplies, and sanitation infrastructure. Reporting from United States, diplomatic and local observers noted that recent strategic shifts in East Asia continue to dictate regional outcomes.",Humanitarian Impact,2026-05-19,BBC News,United States,East Asia
ART-11282,United Nations launches emergency humanitarian relief appeal for food aid and medical shelter,"Humanitarian coordinators formally issued a multilateral funding appeal seeking urgent donor contributions to support frontline field clinics and nutritional distribution hubs. Aid convoys reported severe logistical hurdles attempting to deliver relief supplies to isolated civilian corridors. Reporting from Egypt, diplomatic and local observers noted that recent strategic shifts in Persian Gulf continue to dictate regional outcomes.",Humanitarian Impact,2026-07-07,Deutsche Welle,Egypt,Persian Gulf
ART-10764,Offshore drilling rig security heightened following regional maritime threat warnings,"Deepwater exploration platforms operating in disputed maritime basins instituted enhanced exclusion zones and emergency evacuation drills. Energy corporations reported heightened maritime surveillance to safeguard critical liquefied natural gas terminals and offshore pipeline pumping stations. Reporting from Iran, diplomatic and local observers noted that recent strategic shifts in Middle East continue to dictate regional outcomes.",Energy Risk,2026-02-02,Wall Street Journal,Iran,Middle East
ART-10782,Port congestion and customs clearance bottlenecks escalate across major container terminals,"Logistics operators reported severe berthing delays and freight dwell times exceeding historical averages across maritime gateway hubs. Freight forwarders cited vessel bunching, rail intermodal backlogs, and maritime rerouting schedules as compounding drivers of supply chain gridlock. Reporting from India, diplomatic and local observers noted that recent strategic shifts in Middle East continue to dictate regional outcomes.",Trade & Shipping,2026-08-17,Deutsche Welle,India,Middle East
ART-10136,Artillery and drone strikes intensify along Red Sea & Horn of Africa frontline,"Heavy military bombardment and tactical drone warfare escalated across the Red Sea & Horn of Africa border overnight. Military defense commands confirmed multiple interceptor missile launches and sustained counter-battery fire. Ground forces mobilized armored divisions in response to cross-border incursions, leading to heightened combat alert status throughout contested defensive perimeters. Reporting from Yemen, diplomatic and local observers noted that recent strategic shifts in Red Sea & Horn of Africa continue to dictate regional outcomes.",Military Conflict,2026-01-24,UN News,Yemen,Red Sea & Horn of Africa
ART-10636,Strait of Hormuz transit tensions spark crude oil and LNG supply disruptions,"Heightened naval alerts near critical energy choke points triggered immediate volatility across global benchmark crude contracts. Tanker charter operators raised war risk insurance premiums as energy intelligence analysts cautioned that maritime route interdictions could constrain daily flows of crude oil, refined distillates, and liquefied natural gas (LNG). Reporting from Egypt, diplomatic and local observers noted that recent strategic shifts in Persian Gulf continue to dictate regional outcomes.",Energy Risk,2026-09-14,Al Jazeera,Egypt,Persian Gulf
ART-10461,High-level bilateral diplomatic summit convenes in effort to de-escalate tensions,"Foreign ministers and strategic envoys met for emergency multilateral negotiations aimed at formulating a comprehensive ceasefire framework and de-escalation roadmap. Delegations engaged in protracted closed-door diplomatic talks regarding border demilitarization and treaty adherence. Reporting from India, diplomatic and local observers noted that recent strategic shifts in Western Europe continue to dictate regional outcomes.",Diplomatic / Political,2026-08-10,Bloomberg,India,Western Europe
ART-11101,Central banks signal interest rate adjustments as geopolitical inflation pressures broaden,"Monetary policy committees convened to evaluate persistent macroeconomic shocks stemming from import price inflation and commodity supply friction. Financial market analysts revised benchmark interest rate trajectories as headline consumer price indices reflected elevated freight and producer input expenses. Reporting from Israel, diplomatic and local observers noted that recent strategic shifts in North America continue to dictate regional outcomes.",Economic Impact,2026-09-25,Reuters,Israel,North America
ART-10553,Strategic petroleum reserve release weighed as refinery feedstock prices surge,"Energy authorities initiated contingency consultations regarding synchronized drawdowns from strategic oil reserves following regional energy infrastructure disruptions. Brent crude spot rates surged as market participants priced in persistent refinery feedstock shortages and pipeline outages. Reporting from Egypt, diplomatic and local observers noted that recent strategic shifts in Persian Gulf continue to dictate regional outcomes.",Energy Risk,2026-07-15,Nikkei Asia,Egypt,Persian Gulf
ART-11453,"Field hospitals face critical shortages of surgical anesthetics, electricity, and clean water","Medical relief organizations operating inside crisis sectors issued urgent distress alerts regarding depleted pharmaceuticals, damaged municipal water treatment facilities, and erratic generator fuel supplies necessary to maintain life-saving intensive care facilities. Reporting from India, diplomatic and local observers noted that recent strategic shifts in Eastern Europe continue to dictate regional outcomes.",Humanitarian Impact,2026-07-10,Al Jazeera,India,Eastern Europe
ART-11460,Civilian evacuation corridors established under international red cross mediation,"Humanitarian organizations coordinated temporary civilian safe-passage corridors to evacuate vulnerable elderly, women, and pediatric patients from active hostility perimeters. International observers monitored compliance to ensure unhindered transit for humanitarian convoys. Reporting from Ukraine, diplomatic and local observers noted that recent strategic shifts in Persian Gulf continue to dictate regional outcomes.",Humanitarian Impact,2026-05-17,Associated Press,Ukraine,Persian Gulf
ART-11090,Stock exchange volatility index spikes as investors seek safe-haven sovereign bonds and gold,"Equities across regional bourses recorded broad sell-offs, with industrial, aviation, and consumer discretionary shares leading declines. Capital allocators rotated liquidity into sovereign treasury securities, bullion, and cash equivalents amid heightened geopolitical uncertainty. Reporting from Israel, diplomatic and local observers noted that recent strategic shifts in North America continue to dictate regional outcomes.",Economic Impact,2026-07-14,Bloomberg,Israel,North America
ART-11489,Disrupted municipal power grids and water filtration plants jeopardize civilian public health,"Public health authorities warned of escalating waterborne disease outbreaks after sustained infrastructure damage crippled municipal water purification networks and electrical sub-stations. Emergency relief teams deployed portable purification modules to mitigate sanitary hazards. Reporting from Iran, diplomatic and local observers noted that recent strategic shifts in Persian Gulf continue to dictate regional outcomes.",Humanitarian Impact,2026-07-18,UN News,Iran,Persian Gulf
ART-11231,Central banks signal interest rate adjustments as geopolitical inflation pressures broaden,"Monetary policy committees convened to evaluate persistent macroeconomic shocks stemming from import price inflation and commodity supply friction. Financial market analysts revised benchmark interest rate trajectories as headline consumer price indices reflected elevated freight and producer input expenses. Reporting from Poland, diplomatic and local observers noted that recent strategic shifts in North America continue to dictate regional outcomes.",Economic Impact,2026-04-15,Bloomberg,Poland,North America
ART-10009,Border skirmish escalates with armor deployment and infantry engagements,"Tensions surged following armed skirmishes along the demarcation perimeter involving heavy mechanized infantry and mortar barrages. Both regional militaries issued conflicting claims regarding rules of engagement violations as reinforced defensive trenches exchanged active small arms and artillery fire. Reporting from Germany, diplomatic and local observers noted that recent strategic shifts in Western Europe continue to dictate regional outcomes.",Military Conflict,2026-09-09,Al Jazeera,Germany,Western Europe
ART-10078,Airstrikes strike strategic command centers and ammunition depots in Poland,"Fighter aircraft launched precision-guided ordnance targeting key military logistics hubs, radar installations, and tactical weapons caches near strategic sectors of Poland. Satellite reconnaissance verified structural destruction, while armed forces declared immediate airspace closure and defensive mobilization. Reporting from Poland, diplomatic and local observers noted that recent strategic shifts in East Asia continue to dictate regional outcomes.",Military Conflict,2026-06-22,Financial Times,Poland,East Asia
ART-10059,Border skirmish escalates with armor deployment and infantry engagements,"Tensions surged following armed skirmishes along the demarcation perimeter involving heavy mechanized infantry and mortar barrages. Both regional militaries issued conflicting claims regarding rules of engagement violations as reinforced defensive trenches exchanged active small arms and artillery fire. Reporting from China, diplomatic and local observers noted that recent strategic shifts in South Asia continue to dictate regional outcomes.",Military Conflict,2026-05-03,Wall Street Journal,China,South Asia
ART-10960,Air freight cargo rates spike as commercial shippers seek alternatives to ocean freight lanes,"Aviation logistics carriers reported an unprecedented surge in charter demand for urgent transcontinental air cargo, driven by persistent maritime shipping route disruptions. Freight indices registered double-digit increases in air cargo ton-mile rates for priority industrial freight. Reporting from United States, diplomatic and local observers noted that recent strategic shifts in Middle East continue to dictate regional outcomes.",Trade & Shipping,2026-06-27,Deutsche Welle,United States,Middle East
ART-10763,Strategic petroleum reserve release weighed as refinery feedstock prices surge,"Energy authorities initiated contingency consultations regarding synchronized drawdowns from strategic oil reserves following regional energy infrastructure disruptions. Brent crude spot rates surged as market participants priced in persistent refinery feedstock shortages and pipeline outages. Reporting from Poland, diplomatic and local observers noted that recent strategic shifts in Eastern Europe continue to dictate regional outcomes.",Energy Risk,2026-01-01,Reuters,Poland,Eastern Europe
ART-10885,Air freight cargo rates spike as commercial shippers seek alternatives to ocean freight lanes,"Aviation logistics carriers reported an unprecedented surge in charter demand for urgent transcontinental air cargo, driven by persistent maritime shipping route disruptions. Freight indices registered double-digit increases in air cargo ton-mile rates for priority industrial freight. Reporting from Sudan, diplomatic and local observers noted that recent strategic shifts in South Asia continue to dictate regional outcomes.",Trade & Shipping,2026-03-08,Deutsche Welle,Sudan,South Asia
ART-10425,Parliamentary committee conducts emergency foreign policy debate on international accords,"Legislative leaders held intensive deliberations concerning diplomatic ratifications, treaty commitments, and international coalition partnerships. Government ministers reiterated diplomatic alignment while defending non-proliferation accords and diplomatic neutrality. Reporting from Ukraine, diplomatic and local observers noted that recent strategic shifts in Western Europe continue to dictate regional outcomes.",Diplomatic / Political,2026-08-02,Bloomberg,Ukraine,Western Europe
ART-11402,United Nations launches emergency humanitarian relief appeal for food aid and medical shelter,"Humanitarian coordinators formally issued a multilateral funding appeal seeking urgent donor contributions to support frontline field clinics and nutritional distribution hubs. Aid convoys reported severe logistical hurdles attempting to deliver relief supplies to isolated civilian corridors. Reporting from Israel, diplomatic and local observers noted that recent strategic shifts in Red Sea & Horn of Africa continue to dictate regional outcomes.",Humanitarian Impact,2026-01-15,Wall Street Journal,Israel,Red Sea & Horn of Africa
ART-10481,High-level bilateral diplomatic summit convenes in effort to de-escalate tensions,"Foreign ministers and strategic envoys met for emergency multilateral negotiations aimed at formulating a comprehensive ceasefire framework and de-escalation roadmap. Delegations engaged in protracted closed-door diplomatic talks regarding border demilitarization and treaty adherence. Reporting from Israel, diplomatic and local observers noted that recent strategic shifts in East Asia continue to dictate regional outcomes.",Diplomatic / Political,2026-01-02,Al Jazeera,Israel,East Asia
ART-10497,United Nations Security Council debates draft resolution on sovereignty and border protocols,"Diplomats at the UN Headquarters convened an emergency session to deliberate a multilateral resolution addressing territorial sovereignty, diplomatic immunity, and international arbitration. Key permanent members presented competing revisions concerning compliance verification and peacekeeper mandates. Reporting from United Kingdom, diplomatic and local observers noted that recent strategic shifts in Middle East continue to dictate regional outcomes.",Diplomatic / Political,2026-08-18,Associated Press,United Kingdom,Middle East
ART-11523,"Field hospitals face critical shortages of surgical anesthetics, electricity, and clean water","Medical relief organizations operating inside crisis sectors issued urgent distress alerts regarding depleted pharmaceuticals, damaged municipal water treatment facilities, and erratic generator fuel supplies necessary to maintain life-saving intensive care facilities. Reporting from Russia, diplomatic and local observers noted that recent strategic shifts in Eastern Europe continue to dictate regional outcomes.",Humanitarian Impact,2026-05-24,UN News,Russia,Eastern Europe
ART-11344,Disrupted municipal power grids and water filtration plants jeopardize civilian public health,"Public health authorities warned of escalating waterborne disease outbreaks after sustained infrastructure damage crippled municipal water purification networks and electrical sub-stations. Emergency relief teams deployed portable purification modules to mitigate sanitary hazards. Reporting from Egypt, diplomatic and local observers noted that recent strategic shifts in Red Sea & Horn of Africa continue to dictate regional outcomes.",Humanitarian Impact,2026-06-13,UN News,Egypt,Red Sea & Horn of Africa
ART-11389,Disrupted municipal power grids and water filtration plants jeopardize civilian public health,"Public health authorities warned of escalating waterborne disease outbreaks after sustained infrastructure damage crippled municipal water purification networks and electrical sub-stations. Emergency relief teams deployed portable purification modules to mitigate sanitary hazards. Reporting from Ukraine, diplomatic and local observers noted that recent strategic shifts in East Asia continue to dictate regional outcomes.",Humanitarian Impact,2026-06-02,Wall Street Journal,Ukraine,East Asia
ART-10413,Ambassadorial recall and diplomatic protest notes delivered over treaty dispute,"Government officials formally summoned the resident ambassador and issued a stern diplomatic communique protesting recent policy shifts and border treaties. Ministry spokespersons emphasized diplomatic dialogue while recalling senior envoys for high-level foreign policy consultations. Reporting from China, diplomatic and local observers noted that recent strategic shifts in North America continue to dictate regional outcomes.",Diplomatic / Political,2026-05-18,Deutsche Welle,China,North America
ART-11166,Central banks signal interest rate adjustments as geopolitical inflation pressures broaden,"Monetary policy committees convened to evaluate persistent macroeconomic shocks stemming from import price inflation and commodity supply friction. Financial market analysts revised benchmark interest rate trajectories as headline consumer price indices reflected elevated freight and producer input expenses. Reporting from Iran, diplomatic and local observers noted that recent strategic shifts in South Asia continue to dictate regional outcomes.",Economic Impact,2026-02-06,Associated Press,Iran,South Asia
ART-10089,Border skirmish escalates with armor deployment and infantry engagements,"Tensions surged following armed skirmishes along the demarcation perimeter involving heavy mechanized infantry and mortar barrages. Both regional militaries issued conflicting claims regarding rules of engagement violations as reinforced defensive trenches exchanged active small arms and artillery fire. Reporting from India, diplomatic and local observers noted that recent strategic shifts in East Asia continue to dictate regional outcomes.",Military Conflict,2026-08-05,Al Jazeera,India,East Asia
ART-10999,Bulk carrier grain vessels delayed as maritime safety inspection protocols expand,"Commercial maritime registries reported prolonged anchorage delays for dry bulk freighters awaiting safe passage clearances through designated maritime corridors. Insurers revised hull and cargo coverage stipulations, impacting export contract fulfillment for agricultural cargoes. Reporting from United States, diplomatic and local observers noted that recent strategic shifts in Middle East continue to dictate regional outcomes.",Trade & Shipping,2026-09-10,Associated Press,United States,Middle East
ART-10820,Air freight cargo rates spike as commercial shippers seek alternatives to ocean freight lanes,"Aviation logistics carriers reported an unprecedented surge in charter demand for urgent transcontinental air cargo, driven by persistent maritime shipping route disruptions. Freight indices registered double-digit increases in air cargo ton-mile rates for priority industrial freight. Reporting from India, diplomatic and local observers noted that recent strategic shifts in Middle East continue to dictate regional outcomes.",Trade & Shipping,2026-01-27,Wall Street Journal,India,Middle East
ART-10324,Regional coalition signs comprehensive non-aggression and diplomatic mediation pact,"Leaders of member states finalized a multilateral framework establishing joint diplomatic mediation channels, diplomatic consultation corridors, and bilateral confidence-building measures to prevent diplomatic estrangement across the alliance. Reporting from Egypt, diplomatic and local observers noted that recent strategic shifts in Red Sea & Horn of Africa continue to dictate regional outcomes.",Diplomatic / Political,2026-06-13,Financial Times,Egypt,Red Sea & Horn of Africa
ART-10767,Port congestion and customs clearance bottlenecks escalate across major container terminals,"Logistics operators reported severe berthing delays and freight dwell times exceeding historical averages across maritime gateway hubs. Freight forwarders cited vessel bunching, rail intermodal backlogs, and maritime rerouting schedules as compounding drivers of supply chain gridlock.",Trade & Shipping,2026-02-02,Al Jazeera,Taiwan,Persian Gulf
ART-10322,United Nations Security Council debates draft resolution on sovereignty and border protocols,"Diplomats at the UN Headquarters convened an emergency session to deliberate a multilateral resolution addressing territorial sovereignty, diplomatic immunity, and international arbitration. Key permanent members presented competing revisions concerning compliance verification and peacekeeper mandates. Reporting from Ukraine, diplomatic and local observers noted that recent strategic shifts in Eastern Europe continue to dictate regional outcomes.",Diplomatic / Political,2026-04-11,Deutsche Welle,Ukraine,Eastern Europe
ART-10061,Artillery and drone strikes intensify along Red Sea & Horn of Africa frontline,"Heavy military bombardment and tactical drone warfare escalated across the Red Sea & Horn of Africa border overnight. Military defense commands confirmed multiple interceptor missile launches and sustained counter-battery fire. Ground forces mobilized armored divisions in response to cross-border incursions, leading to heightened combat alert status throughout contested defensive perimeters. Reporting from Poland, diplomatic and local observers noted that recent strategic shifts in Red Sea & Horn of Africa continue to dictate regional outcomes.",Military Conflict,2026-07-05,Wall Street Journal,Poland,Red Sea & Horn of Africa
ART-10927,Port congestion and customs clearance bottlenecks escalate across major container terminals,"Logistics operators reported severe berthing delays and freight dwell times exceeding historical averages across maritime gateway hubs. Freight forwarders cited vessel bunching, rail intermodal backlogs, and maritime rerouting schedules as compounding drivers of supply chain gridlock. Reporting from United States, diplomatic and local observers noted that recent strategic shifts in Middle East continue to dictate regional outcomes.",Trade & Shipping,2026-09-22,Financial Times,United States,Middle East
ART-10837,Port congestion and customs clearance bottlenecks escalate across major container terminals,"Logistics operators reported severe berthing delays and freight dwell times exceeding historical averages across maritime gateway hubs. Freight forwarders cited vessel bunching, rail intermodal backlogs, and maritime rerouting schedules as compounding drivers of supply chain gridlock. Reporting from Saudi Arabia, diplomatic and local observers noted that recent strategic shifts in Middle East continue to dictate regional outcomes.",Trade & Shipping,2026-09-16,Al Jazeera,Saudi Arabia,Middle East
ART-10980,Air freight cargo rates spike as commercial shippers seek alternatives to ocean freight lanes,"Aviation logistics carriers reported an unprecedented surge in charter demand for urgent transcontinental air cargo, driven by persistent maritime shipping route disruptions. Freight indices registered double-digit increases in air cargo ton-mile rates for priority industrial freight. Reporting from Egypt, diplomatic and local observers noted that recent strategic shifts in Eastern Europe continue to dictate regional outcomes.",Trade & Shipping,2026-08-19,BBC News,Egypt,Eastern Europe
ART-11410,Civilian evacuation corridors established under international red cross mediation,"Humanitarian organizations coordinated temporary civilian safe-passage corridors to evacuate vulnerable elderly, women, and pediatric patients from active hostility perimeters. International observers monitored compliance to ensure unhindered transit for humanitarian convoys. Reporting from Germany, diplomatic and local observers noted that recent strategic shifts in East Asia continue to dictate regional outcomes.",Humanitarian Impact,2026-09-23,Deutsche Welle,Germany,East Asia
ART-11326,Refugee displacement crisis deepens as civilian populations flee contested border zones,"International humanitarian relief agencies reported that over 250,000 civilians have been displaced from conflict-affected frontier zones over recent weeks. Overcrowded temporary resettlement shelters face severe shortages of potable water, emergency medical supplies, and sanitation infrastructure. Reporting from Russia, diplomatic and local observers noted that recent strategic shifts in Middle East continue to dictate regional outcomes.",Humanitarian Impact,2026-06-23,Associated Press,Russia,Middle East
ART-10317,United Nations Security Council debates draft resolution on sovereignty and border protocols,"Diplomats at the UN Headquarters convened an emergency session to deliberate a multilateral resolution addressing territorial sovereignty, diplomatic immunity, and international arbitration. Key permanent members presented competing revisions concerning compliance verification and peacekeeper mandates. Reporting from United States, diplomatic and local observers noted that recent strategic shifts in Persian Gulf continue to dictate regional outcomes.",Diplomatic / Political,2026-08-06,Al Jazeera,United States,Persian Gulf
ART-10297,United Nations Security Council debates draft resolution on sovereignty and border protocols,"Diplomats at the UN Headquarters convened an emergency session to deliberate a multilateral resolution addressing territorial sovereignty, diplomatic immunity, and international arbitration. Key permanent members presented competing revisions concerning compliance verification and peacekeeper mandates. Reporting from Yemen, diplomatic and local observers noted that recent strategic shifts in North America continue to dictate regional outcomes.",Diplomatic / Political,2026-06-14,Bloomberg,Yemen,North America
ART-11340,Civilian evacuation corridors established under international red cross mediation,"Humanitarian organizations coordinated temporary civilian safe-passage corridors to evacuate vulnerable elderly, women, and pediatric patients from active hostility perimeters. International observers monitored compliance to ensure unhindered transit for humanitarian convoys. Reporting from Egypt, diplomatic and local observers noted that recent strategic shifts in Eastern Europe continue to dictate regional outcomes.",Humanitarian Impact,2026-02-09,Nikkei Asia,Egypt,Eastern Europe
ART-10272,United Nations Security Council debates draft resolution on sovereignty and border protocols,"Diplomats at the UN Headquarters convened an emergency session to deliberate a multilateral resolution addressing territorial sovereignty, diplomatic immunity, and international arbitration. Key permanent members presented competing revisions concerning compliance verification and peacekeeper mandates. Reporting from Russia, diplomatic and local observers noted that recent strategic shifts in Red Sea & Horn of Africa continue to dictate regional outcomes.",Diplomatic / Political,2026-08-17,Nikkei Asia,Russia,Red Sea & Horn of Africa
ART-10047,Naval task force engages hostile drone boats near Israel territorial waters,"Naval destroyers deployed in international waters intercepted multiple unmanned explosive surface vessels attempting to strike maritime patrol assets. Military officials stated that defensive kinetic munitions neutralized the threat prior to vessel breach, sustaining combat deterrence across critical coastal zones. Reporting from Israel, diplomatic and local observers noted that recent strategic shifts in Middle East continue to dictate regional outcomes.",Military Conflict,2026-02-19,Wall Street Journal,Israel,Middle East
ART-11111,Central banks signal interest rate adjustments as geopolitical inflation pressures broaden,"Monetary policy committees convened to evaluate persistent macroeconomic shocks stemming from import price inflation and commodity supply friction. Financial market analysts revised benchmark interest rate trajectories as headline consumer price indices reflected elevated freight and producer input expenses. Reporting from Germany, diplomatic and local observers noted that recent strategic shifts in Middle East continue to dictate regional outcomes.",Economic Impact,2026-01-07,UN News,Germany,Middle East
ART-11134,Manufacturing purchasing managers index drops into contraction territory,"National manufacturing indices slumped below the critical 50-point threshold, signaling industrial output contraction across export-oriented sectors. Factory managers reported elevated input acquisition costs, backlog accumulation, and declining international export orders. Reporting from Russia, diplomatic and local observers noted that recent strategic shifts in Persian Gulf continue to dictate regional outcomes.",Economic Impact,2026-06-02,Reuters,Russia,Persian Gulf
ART-10361,High-level bilateral diplomatic summit convenes in effort to de-escalate tensions,"Foreign ministers and strategic envoys met for emergency multilateral negotiations aimed at formulating a comprehensive ceasefire framework and de-escalation roadmap. Delegations engaged in protracted closed-door diplomatic talks regarding border demilitarization and treaty adherence. Reporting from Ukraine, diplomatic and local observers noted that recent strategic shifts in South Asia continue to dictate regional outcomes.",Diplomatic / Political,2026-07-22,Bloomberg,Ukraine,South Asia
ART-10017,Naval task force engages hostile drone boats near China territorial waters,"Naval destroyers deployed in international waters intercepted multiple unmanned explosive surface vessels attempting to strike maritime patrol assets. Military officials stated that defensive kinetic munitions neutralized the threat prior to vessel breach, sustaining combat deterrence across critical coastal zones. Reporting from China, diplomatic and local observers noted that recent strategic shifts in South Asia continue to dictate regional outcomes.",Military Conflict,2026-08-17,Associated Press,China,South Asia
ART-10494,Regional coalition signs comprehensive non-aggression and diplomatic mediation pact,"Leaders of member states finalized a multilateral framework establishing joint diplomatic mediation channels, diplomatic consultation corridors, and bilateral confidence-building measures to prevent diplomatic estrangement across the alliance. Reporting from Germany, diplomatic and local observers noted that recent strategic shifts in Middle East continue to dictate regional outcomes.",Diplomatic / Political,2026-05-15,Al Jazeera,Germany,Middle East
ART-10816,Container shipping carriers divert cargo fleets around Cape of Good Hope amid maritime threats,"Major international ocean carriers announced sweeping rerouting orders, diverting container vessels around the African continent to bypass hazardous maritime corridors. The maritime diversion adds 10 to 14 days to standard transit times, tightening vessel capacity, delaying container turnaround times, and triggering sharp increases in global container spot freight rates. Reporting from Taiwan, diplomatic and local observers noted that recent strategic shifts in Persian Gulf continue to dictate regional outcomes.",Trade & Shipping,2026-06-23,Al Jazeera,Taiwan,Persian Gulf
ART-10194,Border skirmish escalates with armor deployment and infantry engagements,"Tensions surged following armed skirmishes along the demarcation perimeter involving heavy mechanized infantry and mortar barrages. Both regional militaries issued conflicting claims regarding rules of engagement violations as reinforced defensive trenches exchanged active small arms and artillery fire. Reporting from Israel, diplomatic and local observers noted that recent strategic shifts in Red Sea & Horn of Africa continue to dictate regional outcomes.",Military Conflict,2026-05-26,Associated Press,Israel,Red Sea & Horn of Africa
ART-11516,Refugee displacement crisis deepens as civilian populations flee contested border zones,"International humanitarian relief agencies reported that over 250,000 civilians have been displaced from conflict-affected frontier zones over recent weeks. Overcrowded temporary resettlement shelters face severe shortages of potable water, emergency medical supplies, and sanitation infrastructure. Reporting from India, diplomatic and local observers noted that recent strategic shifts in South Asia continue to dictate regional outcomes.",Humanitarian Impact,2026-07-17,Wall Street Journal,India,South Asia
ART-10868,Bilateral tariff escalation and trade export controls enacted on critical components,"Commerce departments imposed sweeping customs tariffs and export license restrictions on key industrial raw materials and advanced components. Trade chambers expressed alarm over compliance costs and international supply chain fragmentation affecting bilateral trade volumes. Reporting from Poland, diplomatic and local observers noted that recent strategic shifts in North America continue to dictate regional outcomes.",Trade & Shipping,2026-04-19,Wall Street Journal,Poland,North America
ART-11426,Refugee displacement crisis deepens as civilian populations flee contested border zones,"International humanitarian relief agencies reported that over 250,000 civilians have been displaced from conflict-affected frontier zones over recent weeks. Overcrowded temporary resettlement shelters face severe shortages of potable water, emergency medical supplies, and sanitation infrastructure. Reporting from Germany, diplomatic and local observers noted that recent strategic shifts in South Asia continue to dictate regional outcomes.",Humanitarian Impact,2026-07-11,Al Jazeera,Germany,South Asia
ART-10807,Port congestion and customs clearance bottlenecks escalate across major container terminals,"Logistics operators reported severe berthing delays and freight dwell times exceeding historical averages across maritime gateway hubs. Freight forwarders cited vessel bunching, rail intermodal backlogs, and maritime rerouting schedules as compounding drivers of supply chain gridlock. Reporting from Saudi Arabia, diplomatic and local observers noted that recent strategic shifts in North America continue to dictate regional outcomes.",Trade & Shipping,2026-06-14,Deutsche Welle,Saudi Arabia,North America
ART-10540,OPEC+ convenes emergency production quota meeting as geopolitical supply risks mount,"Petroleum export ministers gathered for extraordinary consultations to review crude output allocations and export facility vulnerabilities. Analysts highlighted that potential localized transit choke point disruptions threaten to strain spare production capacity across export terminals. Reporting from United States, diplomatic and local observers noted that recent strategic shifts in Red Sea & Horn of Africa continue to dictate regional outcomes.",Energy Risk,2026-03-02,Associated Press,United States,Red Sea & Horn of Africa
ART-10439,Regional coalition signs comprehensive non-aggression and diplomatic mediation pact,"Leaders of member states finalized a multilateral framework establishing joint diplomatic mediation channels, diplomatic consultation corridors, and bilateral confidence-building measures to prevent diplomatic estrangement across the alliance. Reporting from Yemen, diplomatic and local observers noted that recent strategic shifts in Persian Gulf continue to dictate regional outcomes.",Diplomatic / Political,2026-04-16,Associated Press,Yemen,Persian Gulf
ART-10141,Artillery and drone strikes intensify along Persian Gulf frontline,"Heavy military bombardment and tactical drone warfare escalated across the Persian Gulf border overnight. Military defense commands confirmed multiple interceptor missile launches and sustained counter-battery fire. Ground forces mobilized armored divisions in response to cross-border incursions, leading to heightened combat alert status throughout contested defensive perimeters. Reporting from Saudi Arabia, diplomatic and local observers noted that recent strategic shifts in Persian Gulf continue to dictate regional outcomes.",Military Conflict,2026-06-01,Wall Street Journal,Saudi Arabia,Persian Gulf
ART-11223,Foreign direct investment inflows contract sharply amid cross-border geopolitical instability,"Economic development ministries reported a significant deceleration in cross-border capital expenditures and joint venture investments. Corporate treasuries cited regulatory uncertainty, sovereign risk premia, and supply network vulnerabilities as key deterrents to long-term capital allocation. Reporting from Sudan, diplomatic and local observers noted that recent strategic shifts in Western Europe continue to dictate regional outcomes.",Economic Impact,2026-05-07,BBC News,Sudan,Western Europe
ART-10890,Air freight cargo rates spike as commercial shippers seek alternatives to ocean freight lanes,"Aviation logistics carriers reported an unprecedented surge in charter demand for urgent transcontinental air cargo, driven by persistent maritime shipping route disruptions. Freight indices registered double-digit increases in air cargo ton-mile rates for priority industrial freight. Reporting from India, diplomatic and local observers noted that recent strategic shifts in Persian Gulf continue to dictate regional outcomes.",Trade & Shipping,2026-08-13,Bloomberg,India,Persian Gulf
ART-10468,Ambassadorial recall and diplomatic protest notes delivered over treaty dispute,"Government officials formally summoned the resident ambassador and issued a stern diplomatic communique protesting recent policy shifts and border treaties. Ministry spokespersons emphasized diplomatic dialogue while recalling senior envoys for high-level foreign policy consultations. Reporting from Russia, diplomatic and local observers noted that recent strategic shifts in Western Europe continue to dictate regional outcomes.",Diplomatic / Political,2026-06-17,Deutsche Welle,Russia,Western Europe
ART-11039,Manufacturing purchasing managers index drops into contraction territory,"National manufacturing indices slumped below the critical 50-point threshold, signaling industrial output contraction across export-oriented sectors. Factory managers reported elevated input acquisition costs, backlog accumulation, and declining international export orders. Reporting from Yemen, diplomatic and local observers noted that recent strategic shifts in Red Sea & Horn of Africa continue to dictate regional outcomes.",Economic Impact,2026-01-19,Wall Street Journal,Yemen,Red Sea & Horn of Africa
ART-11112,Sovereign credit rating under review following capital flight and currency depreciation,"International credit rating agencies placed sovereign debt issuances on negative watch, citing widening fiscal deficits, rapid foreign reserve depletion, and heightened geopolitical risk premia. Domestic currency valuations experienced sharp depreciations against global reserve currencies. Reporting from Yemen, diplomatic and local observers noted that recent strategic shifts in East Asia continue to dictate regional outcomes.",Economic Impact,2026-02-08,Deutsche Welle,Yemen,East Asia
ART-10266,High-level bilateral diplomatic summit convenes in effort to de-escalate tensions,"Foreign ministers and strategic envoys met for emergency multilateral negotiations aimed at formulating a comprehensive ceasefire framework and de-escalation roadmap. Delegations engaged in protracted closed-door diplomatic talks regarding border demilitarization and treaty adherence. Reporting from Iran, diplomatic and local observers noted that recent strategic shifts in Western Europe continue to dictate regional outcomes.",Diplomatic / Political,2026-02-11,UN News,Iran,Western Europe
ART-10263,Ambassadorial recall and diplomatic protest notes delivered over treaty dispute,"Government officials formally summoned the resident ambassador and issued a stern diplomatic communique protesting recent policy shifts and border treaties. Ministry spokespersons emphasized diplomatic dialogue while recalling senior envoys for high-level foreign policy consultations. Reporting from Germany, diplomatic and local observers noted that recent strategic shifts in Persian Gulf continue to dictate regional outcomes.",Diplomatic / Political,2026-08-08,Associated Press,Germany,Persian Gulf
ART-11247,Sovereign credit rating under review following capital flight and currency depreciation,"International credit rating agencies placed sovereign debt issuances on negative watch, citing widening fiscal deficits, rapid foreign reserve depletion, and heightened geopolitical risk premia. Domestic currency valuations experienced sharp depreciations against global reserve currencies. Reporting from United States, diplomatic and local observers noted that recent strategic shifts in Eastern Europe continue to dictate regional outcomes.",Economic Impact,2026-02-03,Nikkei Asia,United States,Eastern Europe
ART-11017,Port congestion and customs clearance bottlenecks escalate across major container terminals,"Logistics operators reported severe berthing delays and freight dwell times exceeding historical averages across maritime gateway hubs. Freight forwarders cited vessel bunching, rail intermodal backlogs, and maritime rerouting schedules as compounding drivers of supply chain gridlock. Reporting from Ukraine, diplomatic and local observers noted that recent strategic shifts in North America continue to dictate regional outcomes.",Trade & Shipping,2026-09-28,UN News,Ukraine,North America
ART-10756,Strait of Hormuz transit tensions spark crude oil and LNG supply disruptions,"Heightened naval alerts near critical energy choke points triggered immediate volatility across global benchmark crude contracts. Tanker charter operators raised war risk insurance premiums as energy intelligence analysts cautioned that maritime route interdictions could constrain daily flows of crude oil, refined distillates, and liquefied natural gas (LNG). Reporting from Palestine, diplomatic and local observers noted that recent strategic shifts in East Asia continue to dictate regional outcomes.",Energy Risk,2026-03-22,Financial Times,Palestine,East Asia
ART-11284,Disrupted municipal power grids and water filtration plants jeopardize civilian public health,"Public health authorities warned of escalating waterborne disease outbreaks after sustained infrastructure damage crippled municipal water purification networks and electrical sub-stations. Emergency relief teams deployed portable purification modules to mitigate sanitary hazards. Reporting from Ukraine, diplomatic and local observers noted that recent strategic shifts in Middle East continue to dictate regional outcomes.",Humanitarian Impact,2026-09-09,Reuters,Ukraine,Middle East
ART-10004,Border skirmish escalates with armor deployment and infantry engagements,Tensions surged following armed skirmishes along the demarcation perimeter involving heavy mechanized infantry and mortar barrages. Both regional militaries issued conflicting claims regarding rules of engagement violations as reinforced defensive trenches exchanged active small arms and artillery fire.,Military Conflict,2026-04-04,Reuters,Germany,Eastern Europe
ART-11379,Disrupted municipal power grids and water filtration plants jeopardize civilian public health,"Public health authorities warned of escalating waterborne disease outbreaks after sustained infrastructure damage crippled municipal water purification networks and electrical sub-stations. Emergency relief teams deployed portable purification modules to mitigate sanitary hazards. Reporting from Egypt, diplomatic and local observers noted that recent strategic shifts in Red Sea & Horn of Africa continue to dictate regional outcomes.",Humanitarian Impact,2026-05-20,Reuters,Egypt,Red Sea & Horn of Africa
ART-10474,Regional coalition signs comprehensive non-aggression and diplomatic mediation pact,"Leaders of member states finalized a multilateral framework establishing joint diplomatic mediation channels, diplomatic consultation corridors, and bilateral confidence-building measures to prevent diplomatic estrangement across the alliance. Reporting from China, diplomatic and local observers noted that recent strategic shifts in Red Sea & Horn of Africa continue to dictate regional outcomes.",Diplomatic / Political,2026-03-23,Al Jazeera,China,Red Sea & Horn of Africa
ART-10662,Major natural gas pipeline flow throttled amid geopolitical transit disagreements,"Subsea pipeline monitoring stations recorded a sharp 35% reduction in natural gas transit volumes following regulatory and political disputes between transit nations. Energy ministers warned industrial consumers of potential supply rationing and power grid balancing interventions ahead of winter reserve replenishment. Reporting from Poland, diplomatic and local observers noted that recent strategic shifts in Western Europe continue to dictate regional outcomes.",Energy Risk,2026-08-12,Financial Times,Poland,Western Europe
ART-10140,Ballistic missile interceptor systems activated amid regional military escalation,"Air defense batteries engaged multiple incoming medium-range ballistic trajectories targeting military infrastructure. Defense ministries confirmed that surface-to-air missile batteries intercepted projectiles mid-course, placing joint task forces on maximum tactical readiness status. Reporting from Taiwan, diplomatic and local observers noted that recent strategic shifts in North America continue to dictate regional outcomes.",Military Conflict,2026-05-28,Deutsche Welle,Taiwan,North America
ART-11092,Sovereign credit rating under review following capital flight and currency depreciation,"International credit rating agencies placed sovereign debt issuances on negative watch, citing widening fiscal deficits, rapid foreign reserve depletion, and heightened geopolitical risk premia. Domestic currency valuations experienced sharp depreciations against global reserve currencies. Reporting from Iran, diplomatic and local observers noted that recent strategic shifts in Persian Gulf continue to dictate regional outcomes.",Economic Impact,2026-09-16,Reuters,Iran,Persian Gulf
ART-10516,Strait of Hormuz transit tensions spark crude oil and LNG supply disruptions,"Heightened naval alerts near critical energy choke points triggered immediate volatility across global benchmark crude contracts. Tanker charter operators raised war risk insurance premiums as energy intelligence analysts cautioned that maritime route interdictions could constrain daily flows of crude oil, refined distillates, and liquefied natural gas (LNG). Reporting from Poland, diplomatic and local observers noted that recent strategic shifts in South Asia continue to dictate regional outcomes.",Energy Risk,2026-06-06,Reuters,Poland,South Asia
ART-10343,Ambassadorial recall and diplomatic protest notes delivered over treaty dispute,"Government officials formally summoned the resident ambassador and issued a stern diplomatic communique protesting recent policy shifts and border treaties. Ministry spokespersons emphasized diplomatic dialogue while recalling senior envoys for high-level foreign policy consultations. Reporting from Yemen, diplomatic and local observers noted that recent strategic shifts in Eastern Europe continue to dictate regional outcomes.",Diplomatic / Political,2026-07-04,Reuters,Yemen,Eastern Europe
ART-11081,Central banks signal interest rate adjustments as geopolitical inflation pressures broaden,"Monetary policy committees convened to evaluate persistent macroeconomic shocks stemming from import price inflation and commodity supply friction. Financial market analysts revised benchmark interest rate trajectories as headline consumer price indices reflected elevated freight and producer input expenses. Reporting from China, diplomatic and local observers noted that recent strategic shifts in Middle East continue to dictate regional outcomes.",Economic Impact,2026-07-05,Reuters,China,Middle East
ART-11329,Disrupted municipal power grids and water filtration plants jeopardize civilian public health,"Public health authorities warned of escalating waterborne disease outbreaks after sustained infrastructure damage crippled municipal water purification networks and electrical sub-stations. Emergency relief teams deployed portable purification modules to mitigate sanitary hazards. Reporting from Germany, diplomatic and local observers noted that recent strategic shifts in North America continue to dictate regional outcomes.",Humanitarian Impact,2026-09-26,Wall Street Journal,Germany,North America
ART-10941,Container shipping carriers divert cargo fleets around Cape of Good Hope amid maritime threats,"Major international ocean carriers announced sweeping rerouting orders, diverting container vessels around the African continent to bypass hazardous maritime corridors. The maritime diversion adds 10 to 14 days to standard transit times, tightening vessel capacity, delaying container turnaround times, and triggering sharp increases in global container spot freight rates. Reporting from India, diplomatic and local observers noted that recent strategic shifts in Middle East continue to dictate regional outcomes.",Trade & Shipping,2026-05-08,Nikkei Asia,India,Middle East
ART-10052,Naval task force engages hostile drone boats near Egypt territorial waters,"Naval destroyers deployed in international waters intercepted multiple unmanned explosive surface vessels attempting to strike maritime patrol assets. Military officials stated that defensive kinetic munitions neutralized the threat prior to vessel breach, sustaining combat deterrence across critical coastal zones. Reporting from Egypt, diplomatic and local observers noted that recent strategic shifts in Persian Gulf continue to dictate regional outcomes.",Military Conflict,2026-07-24,Nikkei Asia,Egypt,Persian Gulf
ART-10531,Strait of Hormuz transit tensions spark crude oil and LNG supply disruptions,"Heightened naval alerts near critical energy choke points triggered immediate volatility across global benchmark crude contracts. Tanker charter operators raised war risk insurance premiums as energy intelligence analysts cautioned that maritime route interdictions could constrain daily flows of crude oil, refined distillates, and liquefied natural gas (LNG). Reporting from Russia, diplomatic and local observers noted that recent strategic shifts in Middle East continue to dictate regional outcomes.",Energy Risk,2026-03-21,UN News,Russia,Middle East
ART-11330,Civilian evacuation corridors established under international red cross mediation,"Humanitarian organizations coordinated temporary civilian safe-passage corridors to evacuate vulnerable elderly, women, and pediatric patients from active hostility perimeters. International observers monitored compliance to ensure unhindered transit for humanitarian convoys. Reporting from India, diplomatic and local observers noted that recent strategic shifts in North America continue to dictate regional outcomes.",Humanitarian Impact,2026-01-27,BBC News,India,North America
ART-10435,Parliamentary committee conducts emergency foreign policy debate on international accords,"Legislative leaders held intensive deliberations concerning diplomatic ratifications, treaty commitments, and international coalition partnerships. Government ministers reiterated diplomatic alignment while defending non-proliferation accords and diplomatic neutrality. Reporting from Taiwan, diplomatic and local observers noted that recent strategic shifts in East Asia continue to dictate regional outcomes.",Diplomatic / Political,2026-09-12,Deutsche Welle,Taiwan,East Asia
ART-10538,Strategic petroleum reserve release weighed as refinery feedstock prices surge,"Energy authorities initiated contingency consultations regarding synchronized drawdowns from strategic oil reserves following regional energy infrastructure disruptions. Brent crude spot rates surged as market participants priced in persistent refinery feedstock shortages and pipeline outages. Reporting from Israel, diplomatic and local observers noted that recent strategic shifts in East Asia continue to dictate regional outcomes.",Energy Risk,2026-01-28,Nikkei Asia,Israel,East Asia
ART-10696,Strait of Hormuz transit tensions spark crude oil and LNG supply disruptions,"Heightened naval alerts near critical energy choke points triggered immediate volatility across global benchmark crude contracts. Tanker charter operators raised war risk insurance premiums as energy intelligence analysts cautioned that maritime route interdictions could constrain daily flows of crude oil, refined distillates, and liquefied natural gas (LNG). Reporting from Ukraine, diplomatic and local observers noted that recent strategic shifts in South Asia continue to dictate regional outcomes.",Energy Risk,2026-06-18,Wall Street Journal,Ukraine,South Asia
ART-11382,United Nations launches emergency humanitarian relief appeal for food aid and medical shelter,"Humanitarian coordinators formally issued a multilateral funding appeal seeking urgent donor contributions to support frontline field clinics and nutritional distribution hubs. Aid convoys reported severe logistical hurdles attempting to deliver relief supplies to isolated civilian corridors. Reporting from Russia, diplomatic and local observers noted that recent strategic shifts in Western Europe continue to dictate regional outcomes.",Humanitarian Impact,2026-08-23,Associated Press,Russia,Western Europe
ART-11211,Central banks signal interest rate adjustments as geopolitical inflation pressures broaden,"Monetary policy committees convened to evaluate persistent macroeconomic shocks stemming from import price inflation and commodity supply friction. Financial market analysts revised benchmark interest rate trajectories as headline consumer price indices reflected elevated freight and producer input expenses. Reporting from Palestine, diplomatic and local observers noted that recent strategic shifts in Middle East continue to dictate regional outcomes.",Economic Impact,2026-02-23,Wall Street Journal,Palestine,Middle East
ART-10556,Strait of Hormuz transit tensions spark crude oil and LNG supply disruptions,"Heightened naval alerts near critical energy choke points triggered immediate volatility across global benchmark crude contracts. Tanker charter operators raised war risk insurance premiums as energy intelligence analysts cautioned that maritime route interdictions could constrain daily flows of crude oil, refined distillates, and liquefied natural gas (LNG). Reporting from Germany, diplomatic and local observers noted that recent strategic shifts in North America continue to dictate regional outcomes.",Energy Risk,2026-01-18,Deutsche Welle,Germany,North America
ART-11154,Manufacturing purchasing managers index drops into contraction territory,"National manufacturing indices slumped below the critical 50-point threshold, signaling industrial output contraction across export-oriented sectors. Factory managers reported elevated input acquisition costs, backlog accumulation, and declining international export orders. Reporting from Palestine, diplomatic and local observers noted that recent strategic shifts in Persian Gulf continue to dictate regional outcomes.",Economic Impact,2026-08-22,Associated Press,Palestine,Persian Gulf
ART-10951,Container shipping carriers divert cargo fleets around Cape of Good Hope amid maritime threats,"Major international ocean carriers announced sweeping rerouting orders, diverting container vessels around the African continent to bypass hazardous maritime corridors. The maritime diversion adds 10 to 14 days to standard transit times, tightening vessel capacity, delaying container turnaround times, and triggering sharp increases in global container spot freight rates. Reporting from Yemen, diplomatic and local observers noted that recent strategic shifts in Eastern Europe continue to dictate regional outcomes.",Trade & Shipping,2026-06-18,Bloomberg,Yemen,Eastern Europe
ART-10360,Parliamentary committee conducts emergency foreign policy debate on international accords,"Legislative leaders held intensive deliberations concerning diplomatic ratifications, treaty commitments, and international coalition partnerships. Government ministers reiterated diplomatic alignment while defending non-proliferation accords and diplomatic neutrality. Reporting from Saudi Arabia, diplomatic and local observers noted that recent strategic shifts in East Asia continue to dictate regional outcomes.",Diplomatic / Political,2026-06-21,Deutsche Welle,Saudi Arabia,East Asia
ART-11269,Manufacturing purchasing managers index drops into contraction territory,"National manufacturing indices slumped below the critical 50-point threshold, signaling industrial output contraction across export-oriented sectors. Factory managers reported elevated input acquisition costs, backlog accumulation, and declining international export orders. Reporting from Yemen, diplomatic and local observers noted that recent strategic shifts in Persian Gulf continue to dictate regional outcomes.",Economic Impact,2026-06-25,Reuters,Yemen,Persian Gulf
ART-10256,High-level bilateral diplomatic summit convenes in effort to de-escalate tensions,Foreign ministers and strategic envoys met for emergency multilateral negotiations aimed at formulating a comprehensive ceasefire framework and de-escalation roadmap. Delegations engaged in protracted closed-door diplomatic talks regarding border demilitarization and treaty adherence.,Diplomatic / Political,2026-01-01,Wall Street Journal,United States,Persian Gulf
ART-10391,High-level bilateral diplomatic summit convenes in effort to de-escalate tensions,"Foreign ministers and strategic envoys met for emergency multilateral negotiations aimed at formulating a comprehensive ceasefire framework and de-escalation roadmap. Delegations engaged in protracted closed-door diplomatic talks regarding border demilitarization and treaty adherence. Reporting from Sudan, diplomatic and local observers noted that recent strategic shifts in South Asia continue to dictate regional outcomes.",Diplomatic / Political,2026-01-24,BBC News,Sudan,South Asia
ART-10721,Strait of Hormuz transit tensions spark crude oil and LNG supply disruptions,"Heightened naval alerts near critical energy choke points triggered immediate volatility across global benchmark crude contracts. Tanker charter operators raised war risk insurance premiums as energy intelligence analysts cautioned that maritime route interdictions could constrain daily flows of crude oil, refined distillates, and liquefied natural gas (LNG). Reporting from United States, diplomatic and local observers noted that recent strategic shifts in Red Sea & Horn of Africa continue to dictate regional outcomes.",Energy Risk,2026-04-15,BBC News,United States,Red Sea & Horn of Africa
ART-11179,Manufacturing purchasing managers index drops into contraction territory,"National manufacturing indices slumped below the critical 50-point threshold, signaling industrial output contraction across export-oriented sectors. Factory managers reported elevated input acquisition costs, backlog accumulation, and declining international export orders. Reporting from United Kingdom, diplomatic and local observers noted that recent strategic shifts in East Asia continue to dictate regional outcomes.",Economic Impact,2026-06-19,BBC News,United Kingdom,East Asia
ART-10372,United Nations Security Council debates draft resolution on sovereignty and border protocols,"Diplomats at the UN Headquarters convened an emergency session to deliberate a multilateral resolution addressing territorial sovereignty, diplomatic immunity, and international arbitration. Key permanent members presented competing revisions concerning compliance verification and peacekeeper mandates. Reporting from Russia, diplomatic and local observers noted that recent strategic shifts in Persian Gulf continue to dictate regional outcomes.",Diplomatic / Political,2026-09-05,UN News,Russia,Persian Gulf
ART-10050,Ballistic missile interceptor systems activated amid regional military escalation,"Air defense batteries engaged multiple incoming medium-range ballistic trajectories targeting military infrastructure. Defense ministries confirmed that surface-to-air missile batteries intercepted projectiles mid-course, placing joint task forces on maximum tactical readiness status. Reporting from Germany, diplomatic and local observers noted that recent strategic shifts in Red Sea & Horn of Africa continue to dictate regional outcomes.",Military Conflict,2026-05-22,Nikkei Asia,Germany,Red Sea & Horn of Africa
ART-11514,Disrupted municipal power grids and water filtration plants jeopardize civilian public health,"Public health authorities warned of escalating waterborne disease outbreaks after sustained infrastructure damage crippled municipal water purification networks and electrical sub-stations. Emergency relief teams deployed portable purification modules to mitigate sanitary hazards. Reporting from China, diplomatic and local observers noted that recent strategic shifts in Western Europe continue to dictate regional outcomes.",Humanitarian Impact,2026-05-15,BBC News,China,Western Europe
ART-10159,Border skirmish escalates with armor deployment and infantry engagements,"Tensions surged following armed skirmishes along the demarcation perimeter involving heavy mechanized infantry and mortar barrages. Both regional militaries issued conflicting claims regarding rules of engagement violations as reinforced defensive trenches exchanged active small arms and artillery fire. Reporting from China, diplomatic and local observers noted that recent strategic shifts in South Asia continue to dictate regional outcomes.",Military Conflict,2026-06-19,Nikkei Asia,China,South Asia
ART-10412,United Nations Security Council debates draft resolution on sovereignty and border protocols,"Diplomats at the UN Headquarters convened an emergency session to deliberate a multilateral resolution addressing territorial sovereignty, diplomatic immunity, and international arbitration. Key permanent members presented competing revisions concerning compliance verification and peacekeeper mandates. Reporting from Poland, diplomatic and local observers noted that recent strategic shifts in South Asia continue to dictate regional outcomes.",Diplomatic / Political,2026-04-17,Reuters,Poland,South Asia
ART-11004,Bulk carrier grain vessels delayed as maritime safety inspection protocols expand,"Commercial maritime registries reported prolonged anchorage delays for dry bulk freighters awaiting safe passage clearances through designated maritime corridors. Insurers revised hull and cargo coverage stipulations, impacting export contract fulfillment for agricultural cargoes. Reporting from Russia, diplomatic and local observers noted that recent strategic shifts in South Asia continue to dictate regional outcomes.",Trade & Shipping,2026-05-15,Al Jazeera,Russia,South Asia
ART-11296,Refugee displacement crisis deepens as civilian populations flee contested border zones,"International humanitarian relief agencies reported that over 250,000 civilians have been displaced from conflict-affected frontier zones over recent weeks. Overcrowded temporary resettlement shelters face severe shortages of potable water, emergency medical supplies, and sanitation infrastructure. Reporting from Egypt, diplomatic and local observers noted that recent strategic shifts in Red Sea & Horn of Africa continue to dictate regional outcomes.",Humanitarian Impact,2026-03-21,Financial Times,Egypt,Red Sea & Horn of Africa
ART-10485,Parliamentary committee conducts emergency foreign policy debate on international accords,"Legislative leaders held intensive deliberations concerning diplomatic ratifications, treaty commitments, and international coalition partnerships. Government ministers reiterated diplomatic alignment while defending non-proliferation accords and diplomatic neutrality. Reporting from Russia, diplomatic and local observers noted that recent strategic shifts in North America continue to dictate regional outcomes.",Diplomatic / Political,2026-05-06,Nikkei Asia,Russia,North America
ART-10147,Naval task force engages hostile drone boats near Russia territorial waters,"Naval destroyers deployed in international waters intercepted multiple unmanned explosive surface vessels attempting to strike maritime patrol assets. Military officials stated that defensive kinetic munitions neutralized the threat prior to vessel breach, sustaining combat deterrence across critical coastal zones. Reporting from Russia, diplomatic and local observers noted that recent strategic shifts in Red Sea & Horn of Africa continue to dictate regional outcomes.",Military Conflict,2026-03-07,Wall Street Journal,Russia,Red Sea & Horn of Africa
ART-11419,Disrupted municipal power grids and water filtration plants jeopardize civilian public health,"Public health authorities warned of escalating waterborne disease outbreaks after sustained infrastructure damage crippled municipal water purification networks and electrical sub-stations. Emergency relief teams deployed portable purification modules to mitigate sanitary hazards. Reporting from United States, diplomatic and local observers noted that recent strategic shifts in Persian Gulf continue to dictate regional outcomes.",Humanitarian Impact,2026-09-04,Financial Times,United States,Persian Gulf
ART-10827,Port congestion and customs clearance bottlenecks escalate across major container terminals,"Logistics operators reported severe berthing delays and freight dwell times exceeding historical averages across maritime gateway hubs. Freight forwarders cited vessel bunching, rail intermodal backlogs, and maritime rerouting schedules as compounding drivers of supply chain gridlock. Reporting from Palestine, diplomatic and local observers noted that recent strategic shifts in South Asia continue to dictate regional outcomes.",Trade & Shipping,2026-08-06,Financial Times,Palestine,South Asia
ART-11443,"Field hospitals face critical shortages of surgical anesthetics, electricity, and clean water","Medical relief organizations operating inside crisis sectors issued urgent distress alerts regarding depleted pharmaceuticals, damaged municipal water treatment facilities, and erratic generator fuel supplies necessary to maintain life-saving intensive care facilities. Reporting from Taiwan, diplomatic and local observers noted that recent strategic shifts in South Asia continue to dictate regional outcomes.",Humanitarian Impact,2026-06-28,Financial Times,Taiwan,South Asia
ART-10844,Bulk carrier grain vessels delayed as maritime safety inspection protocols expand,"Commercial maritime registries reported prolonged anchorage delays for dry bulk freighters awaiting safe passage clearances through designated maritime corridors. Insurers revised hull and cargo coverage stipulations, impacting export contract fulfillment for agricultural cargoes. Reporting from Germany, diplomatic and local observers noted that recent strategic shifts in North America continue to dictate regional outcomes.",Trade & Shipping,2026-07-23,Reuters,Germany,North America
ART-10577,Major natural gas pipeline flow throttled amid geopolitical transit disagreements,"Subsea pipeline monitoring stations recorded a sharp 35% reduction in natural gas transit volumes following regulatory and political disputes between transit nations. Energy ministers warned industrial consumers of potential supply rationing and power grid balancing interventions ahead of winter reserve replenishment. Reporting from Poland, diplomatic and local observers noted that recent strategic shifts in Persian Gulf continue to dictate regional outcomes.",Energy Risk,2026-04-11,Financial Times,Poland,Persian Gulf
ART-10838,Bilateral tariff escalation and trade export controls enacted on critical components,"Commerce departments imposed sweeping customs tariffs and export license restrictions on key industrial raw materials and advanced components. Trade chambers expressed alarm over compliance costs and international supply chain fragmentation affecting bilateral trade volumes. Reporting from Russia, diplomatic and local observers noted that recent strategic shifts in Middle East continue to dictate regional outcomes.",Trade & Shipping,2026-01-17,Reuters,Russia,Middle East
ART-11519,Disrupted municipal power grids and water filtration plants jeopardize civilian public health,"Public health authorities warned of escalating waterborne disease outbreaks after sustained infrastructure damage crippled municipal water purification networks and electrical sub-stations. Emergency relief teams deployed portable purification modules to mitigate sanitary hazards. Reporting from Yemen, diplomatic and local observers noted that recent strategic shifts in Red Sea & Horn of Africa continue to dictate regional outcomes.",Humanitarian Impact,2026-01-20,Al Jazeera,Yemen,Red Sea & Horn of Africa
ART-10589,Offshore drilling rig security heightened following regional maritime threat warnings,"Deepwater exploration platforms operating in disputed maritime basins instituted enhanced exclusion zones and emergency evacuation drills. Energy corporations reported heightened maritime surveillance to safeguard critical liquefied natural gas terminals and offshore pipeline pumping stations. Reporting from Sudan, diplomatic and local observers noted that recent strategic shifts in Persian Gulf continue to dictate regional outcomes.",Energy Risk,2026-07-23,Reuters,Sudan,Persian Gulf
ART-10291,High-level bilateral diplomatic summit convenes in effort to de-escalate tensions,"Foreign ministers and strategic envoys met for emergency multilateral negotiations aimed at formulating a comprehensive ceasefire framework and de-escalation roadmap. Delegations engaged in protracted closed-door diplomatic talks regarding border demilitarization and treaty adherence. Reporting from India, diplomatic and local observers noted that recent strategic shifts in Red Sea & Horn of Africa continue to dictate regional outcomes.",Diplomatic / Political,2026-09-08,UN News,India,Red Sea & Horn of Africa
ART-11436,Refugee displacement crisis deepens as civilian populations flee contested border zones,"International humanitarian relief agencies reported that over 250,000 civilians have been displaced from conflict-affected frontier zones over recent weeks. Overcrowded temporary resettlement shelters face severe shortages of potable water, emergency medical supplies, and sanitation infrastructure. Reporting from Ukraine, diplomatic and local observers noted that recent strategic shifts in Middle East continue to dictate regional outcomes.",Humanitarian Impact,2026-08-21,Bloomberg,Ukraine,Middle East
ART-10863,Bilateral tariff escalation and trade export controls enacted on critical components,"Commerce departments imposed sweeping customs tariffs and export license restrictions on key industrial raw materials and advanced components. Trade chambers expressed alarm over compliance costs and international supply chain fragmentation affecting bilateral trade volumes. Reporting from Sudan, diplomatic and local observers noted that recent strategic shifts in East Asia continue to dictate regional outcomes.",Trade & Shipping,2026-08-14,Bloomberg,Sudan,East Asia
ART-10214,Border skirmish escalates with armor deployment and infantry engagements,"Tensions surged following armed skirmishes along the demarcation perimeter involving heavy mechanized infantry and mortar barrages. Both regional militaries issued conflicting claims regarding rules of engagement violations as reinforced defensive trenches exchanged active small arms and artillery fire. Reporting from United Kingdom, diplomatic and local observers noted that recent strategic shifts in Eastern Europe continue to dictate regional outcomes.",Military Conflict,2026-07-18,Associated Press,United Kingdom,Eastern Europe
ART-11383,"Field hospitals face critical shortages of surgical anesthetics, electricity, and clean water","Medical relief organizations operating inside crisis sectors issued urgent distress alerts regarding depleted pharmaceuticals, damaged municipal water treatment facilities, and erratic generator fuel supplies necessary to maintain life-saving intensive care facilities. Reporting from United States, diplomatic and local observers noted that recent strategic shifts in South Asia continue to dictate regional outcomes.",Humanitarian Impact,2026-09-24,Deutsche Welle,United States,South Asia
ART-11205,Stock exchange volatility index spikes as investors seek safe-haven sovereign bonds and gold,"Equities across regional bourses recorded broad sell-offs, with industrial, aviation, and consumer discretionary shares leading declines. Capital allocators rotated liquidity into sovereign treasury securities, bullion, and cash equivalents amid heightened geopolitical uncertainty. Reporting from United Kingdom, diplomatic and local observers noted that recent strategic shifts in North America continue to dictate regional outcomes.",Economic Impact,2026-05-17,Associated Press,United Kingdom,North America
ART-10381,High-level bilateral diplomatic summit convenes in effort to de-escalate tensions,"Foreign ministers and strategic envoys met for emergency multilateral negotiations aimed at formulating a comprehensive ceasefire framework and de-escalation roadmap. Delegations engaged in protracted closed-door diplomatic talks regarding border demilitarization and treaty adherence. Reporting from China, diplomatic and local observers noted that recent strategic shifts in North America continue to dictate regional outcomes.",Diplomatic / Political,2026-09-14,BBC News,China,North America
ART-10100,Ballistic missile interceptor systems activated amid regional military escalation,"Air defense batteries engaged multiple incoming medium-range ballistic trajectories targeting military infrastructure. Defense ministries confirmed that surface-to-air missile batteries intercepted projectiles mid-course, placing joint task forces on maximum tactical readiness status. Reporting from Sudan, diplomatic and local observers noted that recent strategic shifts in Red Sea & Horn of Africa continue to dictate regional outcomes.",Military Conflict,2026-01-16,BBC News,Sudan,Red Sea & Horn of Africa
ART-11160,Stock exchange volatility index spikes as investors seek safe-haven sovereign bonds and gold,"Equities across regional bourses recorded broad sell-offs, with industrial, aviation, and consumer discretionary shares leading declines. Capital allocators rotated liquidity into sovereign treasury securities, bullion, and cash equivalents amid heightened geopolitical uncertainty. Reporting from Ukraine, diplomatic and local observers noted that recent strategic shifts in Persian Gulf continue to dictate regional outcomes.",Economic Impact,2026-05-28,Al Jazeera,Ukraine,Persian Gulf
ART-11201,Central banks signal interest rate adjustments as geopolitical inflation pressures broaden,"Monetary policy committees convened to evaluate persistent macroeconomic shocks stemming from import price inflation and commodity supply friction. Financial market analysts revised benchmark interest rate trajectories as headline consumer price indices reflected elevated freight and producer input expenses. Reporting from Egypt, diplomatic and local observers noted that recent strategic shifts in Eastern Europe continue to dictate regional outcomes.",Economic Impact,2026-01-13,UN News,Egypt,Eastern Europe
ART-10505,Parliamentary committee conducts emergency foreign policy debate on international accords,"Legislative leaders held intensive deliberations concerning diplomatic ratifications, treaty commitments, and international coalition partnerships. Government ministers reiterated diplomatic alignment while defending non-proliferation accords and diplomatic neutrality. Reporting from Russia, diplomatic and local observers noted that recent strategic shifts in North America continue to dictate regional outcomes.",Diplomatic / Political,2026-07-26,BBC News,Russia,North America
ART-10597,Major natural gas pipeline flow throttled amid geopolitical transit disagreements,"Subsea pipeline monitoring stations recorded a sharp 35% reduction in natural gas transit volumes following regulatory and political disputes between transit nations. Energy ministers warned industrial consumers of potential supply rationing and power grid balancing interventions ahead of winter reserve replenishment. Reporting from India, diplomatic and local observers noted that recent strategic shifts in Western Europe continue to dictate regional outcomes.",Energy Risk,2026-06-03,Reuters,India,Western Europe
ART-11499,Disrupted municipal power grids and water filtration plants jeopardize civilian public health,"Public health authorities warned of escalating waterborne disease outbreaks after sustained infrastructure damage crippled municipal water purification networks and electrical sub-stations. Emergency relief teams deployed portable purification modules to mitigate sanitary hazards. Reporting from Saudi Arabia, diplomatic and local observers noted that recent strategic shifts in Persian Gulf continue to dictate regional outcomes.",Humanitarian Impact,2026-08-28,Al Jazeera,Saudi Arabia,Persian Gulf
ART-10040,Ballistic missile interceptor systems activated amid regional military escalation,"Air defense batteries engaged multiple incoming medium-range ballistic trajectories targeting military infrastructure. Defense ministries confirmed that surface-to-air missile batteries intercepted projectiles mid-course, placing joint task forces on maximum tactical readiness status. Reporting from United Kingdom, diplomatic and local observers noted that recent strategic shifts in Eastern Europe continue to dictate regional outcomes.",Military Conflict,2026-04-12,Al Jazeera,United Kingdom,Eastern Europe
ART-10341,High-level bilateral diplomatic summit convenes in effort to de-escalate tensions,"Foreign ministers and strategic envoys met for emergency multilateral negotiations aimed at formulating a comprehensive ceasefire framework and de-escalation roadmap. Delegations engaged in protracted closed-door diplomatic talks regarding border demilitarization and treaty adherence. Reporting from China, diplomatic and local observers noted that recent strategic shifts in Middle East continue to dictate regional outcomes.",Diplomatic / Political,2026-05-02,Wall Street Journal,China,Middle East
ART-10003,Airstrikes strike strategic command centers and ammunition depots in Palestine,"Fighter aircraft launched precision-guided ordnance targeting key military logistics hubs, radar installations, and tactical weapons caches near strategic sectors of Palestine. Satellite reconnaissance verified structural destruction, while armed forces declared immediate airspace closure and defensive mobilization.",Military Conflict,2026-03-03,Deutsche Welle,Palestine,Middle East
ART-10452,United Nations Security Council debates draft resolution on sovereignty and border protocols,"Diplomats at the UN Headquarters convened an emergency session to deliberate a multilateral resolution addressing territorial sovereignty, diplomatic immunity, and international arbitration. Key permanent members presented competing revisions concerning compliance verification and peacekeeper mandates. Reporting from Iran, diplomatic and local observers noted that recent strategic shifts in Western Europe continue to dictate regional outcomes.",Diplomatic / Political,2026-08-01,BBC News,Iran,Western Europe
ART-11093,Foreign direct investment inflows contract sharply amid cross-border geopolitical instability,"Economic development ministries reported a significant deceleration in cross-border capital expenditures and joint venture investments. Corporate treasuries cited regulatory uncertainty, sovereign risk premia, and supply network vulnerabilities as key deterrents to long-term capital allocation. Reporting from United States, diplomatic and local observers noted that recent strategic shifts in Persian Gulf continue to dictate regional outcomes.",Economic Impact,2026-01-17,Wall Street Journal,United States,Persian Gulf
ART-11233,Foreign direct investment inflows contract sharply amid cross-border geopolitical instability,"Economic development ministries reported a significant deceleration in cross-border capital expenditures and joint venture investments. Corporate treasuries cited regulatory uncertainty, sovereign risk premia, and supply network vulnerabilities as key deterrents to long-term capital allocation. Reporting from Iran, diplomatic and local observers noted that recent strategic shifts in Middle East continue to dictate regional outcomes.",Economic Impact,2026-06-17,UN News,Iran,Middle East
ART-10609,Offshore drilling rig security heightened following regional maritime threat warnings,"Deepwater exploration platforms operating in disputed maritime basins instituted enhanced exclusion zones and emergency evacuation drills. Energy corporations reported heightened maritime surveillance to safeguard critical liquefied natural gas terminals and offshore pipeline pumping stations. Reporting from Saudi Arabia, diplomatic and local observers noted that recent strategic shifts in East Asia continue to dictate regional outcomes.",Energy Risk,2026-09-15,UN News,Saudi Arabia,East Asia
ART-10421,High-level bilateral diplomatic summit convenes in effort to de-escalate tensions,"Foreign ministers and strategic envoys met for emergency multilateral negotiations aimed at formulating a comprehensive ceasefire framework and de-escalation roadmap. Delegations engaged in protracted closed-door diplomatic talks regarding border demilitarization and treaty adherence. Reporting from Russia, diplomatic and local observers noted that recent strategic shifts in North America continue to dictate regional outcomes.",Diplomatic / Political,2026-04-26,Reuters,Russia,North America
ART-11278,"Field hospitals face critical shortages of surgical anesthetics, electricity, and clean water","Medical relief organizations operating inside crisis sectors issued urgent distress alerts regarding depleted pharmaceuticals, damaged municipal water treatment facilities, and erratic generator fuel supplies necessary to maintain life-saving intensive care facilities.",Humanitarian Impact,2026-03-03,Nikkei Asia,Sudan,Western Europe
ART-10847,Port congestion and customs clearance bottlenecks escalate across major container terminals,"Logistics operators reported severe berthing delays and freight dwell times exceeding historical averages across maritime gateway hubs. Freight forwarders cited vessel bunching, rail intermodal backlogs, and maritime rerouting schedules as compounding drivers of supply chain gridlock. Reporting from Taiwan, diplomatic and local observers noted that recent strategic shifts in Red Sea & Horn of Africa continue to dictate regional outcomes.",Trade & Shipping,2026-01-26,Al Jazeera,Taiwan,Red Sea & Horn of Africa
ART-11364,Disrupted municipal power grids and water filtration plants jeopardize civilian public health,"Public health authorities warned of escalating waterborne disease outbreaks after sustained infrastructure damage crippled municipal water purification networks and electrical sub-stations. Emergency relief teams deployed portable purification modules to mitigate sanitary hazards. Reporting from Israel, diplomatic and local observers noted that recent strategic shifts in South Asia continue to dictate regional outcomes.",Humanitarian Impact,2026-08-05,Bloomberg,Israel,South Asia
ART-11434,Disrupted municipal power grids and water filtration plants jeopardize civilian public health,"Public health authorities warned of escalating waterborne disease outbreaks after sustained infrastructure damage crippled municipal water purification networks and electrical sub-stations. Emergency relief teams deployed portable purification modules to mitigate sanitary hazards. Reporting from Taiwan, diplomatic and local observers noted that recent strategic shifts in North America continue to dictate regional outcomes.",Humanitarian Impact,2026-06-19,BBC News,Taiwan,North America
ART-10112,Naval task force engages hostile drone boats near China territorial waters,"Naval destroyers deployed in international waters intercepted multiple unmanned explosive surface vessels attempting to strike maritime patrol assets. Military officials stated that defensive kinetic munitions neutralized the threat prior to vessel breach, sustaining combat deterrence across critical coastal zones. Reporting from China, diplomatic and local observers noted that recent strategic shifts in Middle East continue to dictate regional outcomes.",Military Conflict,2026-04-28,BBC News,China,Middle East
ART-10225,Ballistic missile interceptor systems activated amid regional military escalation,"Air defense batteries engaged multiple incoming medium-range ballistic trajectories targeting military infrastructure. Defense ministries confirmed that surface-to-air missile batteries intercepted projectiles mid-course, placing joint task forces on maximum tactical readiness status. Reporting from Sudan, diplomatic and local observers noted that recent strategic shifts in Middle East continue to dictate regional outcomes.",Military Conflict,2026-09-01,Financial Times,Sudan,Middle East
ART-10943,Bilateral tariff escalation and trade export controls enacted on critical components,"Commerce departments imposed sweeping customs tariffs and export license restrictions on key industrial raw materials and advanced components. Trade chambers expressed alarm over compliance costs and international supply chain fragmentation affecting bilateral trade volumes. Reporting from Sudan, diplomatic and local observers noted that recent strategic shifts in Middle East continue to dictate regional outcomes.",Trade & Shipping,2026-07-10,Nikkei Asia,Sudan,Middle East
ART-10074,Border skirmish escalates with armor deployment and infantry engagements,"Tensions surged following armed skirmishes along the demarcation perimeter involving heavy mechanized infantry and mortar barrages. Both regional militaries issued conflicting claims regarding rules of engagement violations as reinforced defensive trenches exchanged active small arms and artillery fire. Reporting from Poland, diplomatic and local observers noted that recent strategic shifts in Red Sea & Horn of Africa continue to dictate regional outcomes.",Military Conflict,2026-02-18,UN News,Poland,Red Sea & Horn of Africa
ART-10048,Airstrikes strike strategic command centers and ammunition depots in Israel,"Fighter aircraft launched precision-guided ordnance targeting key military logistics hubs, radar installations, and tactical weapons caches near strategic sectors of Israel. Satellite reconnaissance verified structural destruction, while armed forces declared immediate airspace closure and defensive mobilization. Reporting from Israel, diplomatic and local observers noted that recent strategic shifts in East Asia continue to dictate regional outcomes.",Military Conflict,2026-03-20,Bloomberg,Israel,East Asia
ART-10639,Offshore drilling rig security heightened following regional maritime threat warnings,"Deepwater exploration platforms operating in disputed maritime basins instituted enhanced exclusion zones and emergency evacuation drills. Energy corporations reported heightened maritime surveillance to safeguard critical liquefied natural gas terminals and offshore pipeline pumping stations. Reporting from Palestine, diplomatic and local observers noted that recent strategic shifts in Red Sea & Horn of Africa continue to dictate regional outcomes.",Energy Risk,2026-03-17,Financial Times,Palestine,Red Sea & Horn of Africa
ART-10114,Border skirmish escalates with armor deployment and infantry engagements,"Tensions surged following armed skirmishes along the demarcation perimeter involving heavy mechanized infantry and mortar barrages. Both regional militaries issued conflicting claims regarding rules of engagement violations as reinforced defensive trenches exchanged active small arms and artillery fire. Reporting from Iran, diplomatic and local observers noted that recent strategic shifts in East Asia continue to dictate regional outcomes.",Military Conflict,2026-06-02,UN News,Iran,East Asia
ART-10097,Naval task force engages hostile drone boats near Ukraine territorial waters,"Naval destroyers deployed in international waters intercepted multiple unmanned explosive surface vessels attempting to strike maritime patrol assets. Military officials stated that defensive kinetic munitions neutralized the threat prior to vessel breach, sustaining combat deterrence across critical coastal zones. Reporting from Ukraine, diplomatic and local observers noted that recent strategic shifts in South Asia continue to dictate regional outcomes.",Military Conflict,2026-07-13,Associated Press,Ukraine,South Asia
ART-11239,Manufacturing purchasing managers index drops into contraction territory,"National manufacturing indices slumped below the critical 50-point threshold, signaling industrial output contraction across export-oriented sectors. Factory managers reported elevated input acquisition costs, backlog accumulation, and declining international export orders. Reporting from United States, diplomatic and local observers noted that recent strategic shifts in Western Europe continue to dictate regional outcomes.",Economic Impact,2026-03-23,Reuters,United States,Western Europe
ART-11148,Foreign direct investment inflows contract sharply amid cross-border geopolitical instability,"Economic development ministries reported a significant deceleration in cross-border capital expenditures and joint venture investments. Corporate treasuries cited regulatory uncertainty, sovereign risk premia, and supply network vulnerabilities as key deterrents to long-term capital allocation. Reporting from Sudan, diplomatic and local observers noted that recent strategic shifts in South Asia continue to dictate regional outcomes.",Economic Impact,2026-02-16,UN News,Sudan,South Asia
ART-10107,Naval task force engages hostile drone boats near Ukraine territorial waters,"Naval destroyers deployed in international waters intercepted multiple unmanned explosive surface vessels attempting to strike maritime patrol assets. Military officials stated that defensive kinetic munitions neutralized the threat prior to vessel breach, sustaining combat deterrence across critical coastal zones. Reporting from Ukraine, diplomatic and local observers noted that recent strategic shifts in Middle East continue to dictate regional outcomes.",Military Conflict,2026-08-23,Associated Press,Ukraine,Middle East
ART-11042,Sovereign credit rating under review following capital flight and currency depreciation,"International credit rating agencies placed sovereign debt issuances on negative watch, citing widening fiscal deficits, rapid foreign reserve depletion, and heightened geopolitical risk premia. Domestic currency valuations experienced sharp depreciations against global reserve currencies. Reporting from China, diplomatic and local observers noted that recent strategic shifts in Red Sea & Horn of Africa continue to dictate regional outcomes.",Economic Impact,2026-04-22,Reuters,China,Red Sea & Horn of Africa
ART-11123,Foreign direct investment inflows contract sharply amid cross-border geopolitical instability,"Economic development ministries reported a significant deceleration in cross-border capital expenditures and joint venture investments. Corporate treasuries cited regulatory uncertainty, sovereign risk premia, and supply network vulnerabilities as key deterrents to long-term capital allocation. Reporting from Sudan, diplomatic and local observers noted that recent strategic shifts in South Asia continue to dictate regional outcomes.",Economic Impact,2026-04-19,Wall Street Journal,Sudan,South Asia
ART-11347,United Nations launches emergency humanitarian relief appeal for food aid and medical shelter,"Humanitarian coordinators formally issued a multilateral funding appeal seeking urgent donor contributions to support frontline field clinics and nutritional distribution hubs. Aid convoys reported severe logistical hurdles attempting to deliver relief supplies to isolated civilian corridors. Reporting from Palestine, diplomatic and local observers noted that recent strategic shifts in East Asia continue to dictate regional outcomes.",Humanitarian Impact,2026-09-16,Deutsche Welle,Palestine,East Asia
ART-11407,United Nations launches emergency humanitarian relief appeal for food aid and medical shelter,"Humanitarian coordinators formally issued a multilateral funding appeal seeking urgent donor contributions to support frontline field clinics and nutritional distribution hubs. Aid convoys reported severe logistical hurdles attempting to deliver relief supplies to isolated civilian corridors. Reporting from United Kingdom, diplomatic and local observers noted that recent strategic shifts in Middle East continue to dictate regional outcomes.",Humanitarian Impact,2026-06-20,Financial Times,United Kingdom,Middle East
ART-11390,Civilian evacuation corridors established under international red cross mediation,"Humanitarian organizations coordinated temporary civilian safe-passage corridors to evacuate vulnerable elderly, women, and pediatric patients from active hostility perimeters. International observers monitored compliance to ensure unhindered transit for humanitarian convoys. Reporting from Iran, diplomatic and local observers noted that recent strategic shifts in Red Sea & Horn of Africa continue to dictate regional outcomes.",Humanitarian Impact,2026-07-03,Associated Press,Iran,Red Sea & Horn of Africa
ART-10572,Major natural gas pipeline flow throttled amid geopolitical transit disagreements,"Subsea pipeline monitoring stations recorded a sharp 35% reduction in natural gas transit volumes following regulatory and political disputes between transit nations. Energy ministers warned industrial consumers of potential supply rationing and power grid balancing interventions ahead of winter reserve replenishment. Reporting from Germany, diplomatic and local observers noted that recent strategic shifts in Eastern Europe continue to dictate regional outcomes.",Energy Risk,2026-08-06,Wall Street Journal,Germany,Eastern Europe
