article_id,title,text,label,date,source,country,region
ART-10354,Ambassadorial recall and formal diplomatic demarche issued over treaty violation,The foreign ministry formally summoned the resident ambassador to deliver a stern diplomatic demarche protesting recent unilateral border treaties and sovereignty violations. State officials announced the immediate recall of senior diplomatic legations for urgent foreign policy strategy reviews. International stakeholders operating within Persian Gulf called on officials in Saudi Arabia to exercise maximum caution.,Diplomatic / Political,2026-06-13,Associated Press,Saudi Arabia,Persian Gulf
ART-10708,Natural gas pipeline compression station suffers severe explosion amid geopolitical friction,"A critical natural gas compression station feeding industrial manufacturing hubs suffered a catastrophic pipeline failure, cutting regional gas transit volumes by over 40 percent. Energy distribution utilities immediately mandated industrial consumption rationing while emergency engineering teams assessed blast damage. In Iran, emergency coordination committees met to assess secondary vulnerabilities across Persian Gulf.",Energy Risk,2026-04-16,Associated Press,Iran,Persian Gulf
ART-11023,Stock exchange volatility index spikes as investors rotate capital into sovereign bonds and gold,"Equities across regional bourses recorded broad sell-offs, with industrial, aviation, and consumer discretionary shares leading declines. Capital allocators rotated liquidity into sovereign treasury securities, bullion, and cash equivalents amid heightened geopolitical uncertainty and macroeconomic stagflation fears. Authorities in Israel emphasized that immediate stability in Middle East remains essential to mitigating broader systemic fallout.",Economic Impact,2026-08-23,Associated Press,Israel,Middle East
ART-10496,Bilateral ceasefire negotiations resume under international diplomatic mediation,"Special diplomatic envoys and foreign ministers convened high-stakes closed-door consultations aimed at establishing an immediate humanitarian truce and verifiable demilitarization framework. Negotiators reviewed draft protocols addressing prisoner-of-war exchanges, border verification monitors, and the formal cessation of cross-border hostilities. According to senior officials in South Korea, recent indicators across East Asia underscore the urgency of coordinated multilateral action.",Diplomatic / Political,2026-09-11,Bloomberg,South Korea,East Asia
ART-11530,Makeshift refugee settlements overwhelmed by torrential flooding and freezing weather,"Severe seasonal weather inundated informal displacement settlements, destroying temporary plastic shelters and creating catastrophic sanitary conditions for thousands of families. Disaster response teams mobilized emergency drainage pumps and emergency clothing distributions. Reporting from Iran, diplomatic and local observers noted that strategic shifts in Persian Gulf continue to dictate regional outcomes.",Humanitarian Impact,2026-02-19,Al Jazeera,Iran,Persian Gulf
ART-10205,Armored battalion mobilizes main battle tanks as cross-border incursions escalate,"Mechanized combat divisions equipped with main battle tanks and armored fighting vehicles initiated defensive counter-maneuvers following reported hostile border crossings. Military leadership enacted wartime emergency protocol, stationing self-propelled howitzers and air surveillance batteries across frontline tactical sectors. International stakeholders operating within East Asia called on officials in China to exercise maximum caution.",Military Conflict,2026-07-05,Nikkei Asia,China,East Asia
ART-10564,Natural gas pipeline compression station suffers severe explosion amid geopolitical friction,"A critical natural gas compression station feeding industrial manufacturing hubs suffered a catastrophic pipeline failure, cutting regional gas transit volumes by over 40 percent. Energy distribution utilities immediately mandated industrial consumption rationing while emergency engineering teams assessed blast damage. International stakeholders operating within East Asia called on officials in Japan to exercise maximum caution.",Energy Risk,2026-08-16,Associated Press,Japan,East Asia
ART-10898,Air cargo freight rates surge as commercial shippers seek alternatives to disrupted ocean lanes,"Air logistics forwarders recorded historic price increases per kilogram of air cargo as manufacturers chartered dedicated freighter aircraft to bypass blocked maritime shipping corridors. Cargo airlines expanded flight schedules between manufacturing hubs to accommodate high-value automotive and electronics freight. In Qatar, emergency coordination committees met to assess secondary vulnerabilities across Persian Gulf.",Trade & Shipping,2026-07-03,Bloomberg,Qatar,Persian Gulf
ART-11514,Makeshift refugee settlements overwhelmed by torrential flooding and freezing weather,"Severe seasonal weather inundated informal displacement settlements, destroying temporary plastic shelters and creating catastrophic sanitary conditions for thousands of families. Disaster response teams mobilized emergency drainage pumps and emergency clothing distributions. In Pakistan, emergency coordination committees met to assess secondary vulnerabilities across South Asia.",Humanitarian Impact,2026-05-02,BBC News,Pakistan,South Asia
ART-10312,Bilateral ceasefire negotiations resume under international diplomatic mediation,"Special diplomatic envoys and foreign ministers convened high-stakes closed-door consultations aimed at establishing an immediate humanitarian truce and verifiable demilitarization framework. Negotiators reviewed draft protocols addressing prisoner-of-war exchanges, border verification monitors, and the formal cessation of cross-border hostilities. According to senior officials in Poland, recent indicators across Eastern Europe underscore the urgency of coordinated multilateral action.",Diplomatic / Political,2026-06-02,Al Jazeera,Poland,Eastern Europe
ART-10034,Naval task force engages hostile explosive drone boats in strategic strait,"Guided missile destroyers deployed on maritime security patrol neutralized several unmanned explosive surface vessels attempting to strike military logistics convoys. Naval fleet commanders ordered elevated combat readiness and deployed electronic jamming countermeasures to disable hostile telemetry links along contested maritime transit corridors. In China, emergency coordination committees met to assess secondary vulnerabilities across East Asia.",Military Conflict,2026-01-11,Associated Press,China,East Asia
ART-10539,Offshore drilling platform security elevated following hostile drone reconnaissance sightings,"Offshore energy operators implemented maximum security protocols across deepwater drilling rigs after unidentified aerial drones were observed conducting surveillance over gas extraction platforms. Naval patrol craft were deployed to maintain exclusion perimeters around strategic energy infrastructure. According to senior officials in Ukraine, recent indicators across Eastern Europe underscore the urgency of coordinated multilateral action.",Energy Risk,2026-06-23,Reuters,Ukraine,Eastern Europe
ART-11170,Bilateral currency swaps activated as commercial banking system faces dollar liquidity squeeze,"Central monetary authorities tapped bilateral foreign currency swap lines to inject hard currency liquidity into domestic commercial banks struggling with overseas settlement obligations. Treasury officials emphasized that foreign reserve backstops remain adequate to maintain interbank clearing operations. In Israel, emergency coordination committees met to assess secondary vulnerabilities across Middle East.",Economic Impact,2026-07-10,UN News,Israel,Middle East
ART-10125,Armored battalion mobilizes main battle tanks as cross-border incursions escalate,"Mechanized combat divisions equipped with main battle tanks and armored fighting vehicles initiated defensive counter-maneuvers following reported hostile border crossings. Military leadership enacted wartime emergency protocol, stationing self-propelled howitzers and air surveillance batteries across frontline tactical sectors. In Qatar, emergency coordination committees met to assess secondary vulnerabilities across Persian Gulf.",Military Conflict,2026-01-18,Wall Street Journal,Qatar,Persian Gulf
ART-11522,Makeshift refugee settlements overwhelmed by torrential flooding and freezing weather,"Severe seasonal weather inundated informal displacement settlements, destroying temporary plastic shelters and creating catastrophic sanitary conditions for thousands of families. Disaster response teams mobilized emergency drainage pumps and emergency clothing distributions. Field correspondents in Pakistan reported that ongoing developments across South Asia are compounding operational risks.",Humanitarian Impact,2026-01-17,BBC News,Pakistan,South Asia
ART-10009,Artillery barrages and tactical drone strikes intensify along contested frontline,"Heavy artillery exchanges and long-range unmanned aerial strikes escalated across contested frontline defense sectors overnight. Ground command headquarters confirmed multiple cruise missile interceptions and reinforced mechanized infantry brigades holding fortified trenches. Contested air defense batteries engaged low-altitude reconnaissance drones while combat engineers deployed perimeter minefields. In South Korea, emergency coordination committees met to assess secondary vulnerabilities across East Asia.",Military Conflict,2026-10-27,Wall Street Journal,South Korea,East Asia
ART-10257,United Nations Security Council convenes emergency session over border sovereignty dispute,"Permanent delegates at the United Nations Headquarters debated a draft resolution condemning territorial incursions and mandating the deployment of an international peacekeeping observer mission. Diplomatic attachés engaged in intense multilateral consultations to resolve contentious veto language regarding territorial sovereignty. According to senior officials in Qatar, recent indicators across Persian Gulf underscore the urgency of coordinated multilateral action.",Diplomatic / Political,2026-02-25,Bloomberg,Qatar,Persian Gulf
ART-10278,Foreign ministers issue joint communique calling for de-escalation and diplomatic roadmaps,Senior diplomats representing regional powers issued a coordinated statement demanding an immediate halt to escalating rhetoric and the restoration of established diplomatic channels. The communique proposed a three-phase transition roadmap including demilitarized buffer zones and internationally monitored elections. International stakeholders operating within Eastern Europe called on officials in Russia to exercise maximum caution.,Diplomatic / Political,2026-04-12,Deutsche Welle,Russia,Eastern Europe
ART-11480,"Field hospitals face critical shortages of surgical anesthetics, electricity, and clean water","Medical relief organizations operating inside crisis sectors issued urgent distress alerts regarding depleted pharmaceuticals, damaged municipal water treatment facilities, and erratic generator fuel supplies necessary to maintain life-saving intensive care and trauma operating rooms. Analysts tracking developments in Japan highlighted that multilateral actors in East Asia are preparing contingency measures.",Humanitarian Impact,2026-02-18,Wall Street Journal,Japan,East Asia
ART-10080,Tactical ballistic missiles intercept hostile command post in retaliatory strike,Military command launched precision ballistic missiles targeting an underground tactical operations center following sustained perimeter rocket attacks. Satellite damage assessments confirmed extensive structural destruction to communications masts and command bunkers. International stakeholders operating within Persian Gulf called on officials in Iran to exercise maximum caution.,Military Conflict,2026-05-17,Wall Street Journal,Iran,Persian Gulf
ART-10799,Port congestion and customs clearance bottlenecks escalate across major maritime container terminals,"Logistics operators reported severe berthing queues and prolonged container dwell times exceeding historical highs at major oceanic gateway terminals. Freight forwarders cited vessel bunching, rail intermodal backlogs, and maritime rerouting schedules as compounding drivers of global supply chain gridlock. According to senior officials in Pakistan, recent indicators across South Asia underscore the urgency of coordinated multilateral action.",Trade & Shipping,2026-06-15,Al Jazeera,Pakistan,South Asia
ART-10407,Special presidential envoy conducts whirlwind diplomatic tour across regional capitals,"Traveling through key allied capitals, the senior diplomatic envoy presented confidential de-escalation proposals designed to avert broader regional conflict. Discussions centered on mutual troop withdrawals, diplomatic concessions, and security guarantees backed by multilateral institutions. International stakeholders operating within Red Sea & Horn of Africa called on officials in Sudan to exercise maximum caution.",Diplomatic / Political,2026-03-25,Bloomberg,Sudan,Red Sea & Horn of Africa
ART-11345,Malnutrition rates spike among pediatric populations in besieged urban pockets,"International aid workers documented severe acute malnutrition among infants and children cut off from standard commercial food distribution networks. Humanitarian flights attempted emergency air-drops of therapeutic nutritional paste while requesting immediate humanitarian pauses. According to senior officials in Sudan, recent indicators across Red Sea & Horn of Africa underscore the urgency of coordinated multilateral action.",Humanitarian Impact,2026-02-09,Reuters,Sudan,Red Sea & Horn of Africa
ART-10826,Air cargo freight rates surge as commercial shippers seek alternatives to disrupted ocean lanes,"Air logistics forwarders recorded historic price increases per kilogram of air cargo as manufacturers chartered dedicated freighter aircraft to bypass blocked maritime shipping corridors. Cargo airlines expanded flight schedules between manufacturing hubs to accommodate high-value automotive and electronics freight. In Germany, emergency coordination committees met to assess secondary vulnerabilities across Western Europe.",Trade & Shipping,2026-10-20,Al Jazeera,Germany,Western Europe
ART-11187,Consumer confidence plunges as energy and food price inflation erodes household purchasing power,National economic sentiment surveys revealed the steepest monthly drop in consumer confidence in several years as rising utility bills and grocery costs squeezed household budgets. Economists warned that declining domestic retail consumption will act as a major drag on quarterly gross domestic product. Field correspondents in Poland reported that ongoing developments across Eastern Europe are compounding operational risks.,Economic Impact,2026-06-07,Wall Street Journal,Poland,Eastern Europe
ART-11195,Consumer confidence plunges as energy and food price inflation erodes household purchasing power,"National economic sentiment surveys revealed the steepest monthly drop in consumer confidence in several years as rising utility bills and grocery costs squeezed household budgets. Economists warned that declining domestic retail consumption will act as a major drag on quarterly gross domestic product. According to senior officials in Russia, recent indicators across Eastern Europe underscore the urgency of coordinated multilateral action.",Economic Impact,2026-09-24,Al Jazeera,Russia,Eastern Europe
ART-11442,Makeshift refugee settlements overwhelmed by torrential flooding and freezing weather,"Severe seasonal weather inundated informal displacement settlements, destroying temporary plastic shelters and creating catastrophic sanitary conditions for thousands of families. Disaster response teams mobilized emergency drainage pumps and emergency clothing distributions. In United States, emergency coordination committees met to assess secondary vulnerabilities across North America.",Humanitarian Impact,2026-07-23,BBC News,United States,North America
ART-10099,Hypersonic missile barrage targets critical defense installations and radar outposts,"Air defense surveillance networks detected high-velocity aerodynamic missile trajectories aimed at strategic command nodes and hardened munitions storage facilities. Military spokespersons stated that mobile interceptor batteries engaged multiple inbound warheads, while combat search-and-rescue teams mobilized across blast perimeters. According to senior officials in Sudan, recent indicators across Red Sea & Horn of Africa underscore the urgency of coordinated multilateral action.",Military Conflict,2026-09-11,Deutsche Welle,Sudan,Red Sea & Horn of Africa
ART-11439,Disrupted municipal power grids and water filtration plants jeopardize civilian public health,"Public health authorities warned of escalating waterborne disease outbreaks after sustained infrastructure damage crippled municipal water purification networks and electrical sub-stations. Emergency relief teams deployed portable purification modules and oral rehydration packets to mitigate sanitary hazards. In Iran, emergency coordination committees met to assess secondary vulnerabilities across Persian Gulf.",Humanitarian Impact,2026-06-21,Bloomberg,Iran,Persian Gulf
ART-10035,Hypersonic missile barrage targets critical defense installations and radar outposts,"Air defense surveillance networks detected high-velocity aerodynamic missile trajectories aimed at strategic command nodes and hardened munitions storage facilities. Military spokespersons stated that mobile interceptor batteries engaged multiple inbound warheads, while combat search-and-rescue teams mobilized across blast perimeters. In Japan, emergency coordination committees met to assess secondary vulnerabilities across East Asia.",Military Conflict,2026-02-01,Financial Times,Japan,East Asia
ART-10569,Liquefied natural gas terminal throttles shipments amid regional maritime insurance restrictions,Major LNG export liquefaction facilities reduced cargo loadings after maritime underwriters imposed prohibitive war-risk insurance premiums on LNG tankers navigating adjacent waterways. European and Asian utility operators scrambled to secure spot replacement cargoes ahead of peak seasonal heating demand. International stakeholders operating within Eastern Europe called on officials in Russia to exercise maximum caution.,Energy Risk,2026-07-26,Nikkei Asia,Russia,Eastern Europe
ART-10545,Liquefied natural gas terminal throttles shipments amid regional maritime insurance restrictions,"Major LNG export liquefaction facilities reduced cargo loadings after maritime underwriters imposed prohibitive war-risk insurance premiums on LNG tankers navigating adjacent waterways. European and Asian utility operators scrambled to secure spot replacement cargoes ahead of peak seasonal heating demand. According to senior officials in Iran, recent indicators across Persian Gulf underscore the urgency of coordinated multilateral action.",Energy Risk,2026-02-25,Bloomberg,Iran,Persian Gulf
ART-10628,Natural gas pipeline compression station suffers severe explosion amid geopolitical friction,"A critical natural gas compression station feeding industrial manufacturing hubs suffered a catastrophic pipeline failure, cutting regional gas transit volumes by over 40 percent. Energy distribution utilities immediately mandated industrial consumption rationing while emergency engineering teams assessed blast damage. In Poland, emergency coordination committees met to assess secondary vulnerabilities across Eastern Europe.",Energy Risk,2026-02-13,Nikkei Asia,Poland,Eastern Europe
ART-10895,Port congestion and customs clearance bottlenecks escalate across major maritime container terminals,"Logistics operators reported severe berthing queues and prolonged container dwell times exceeding historical highs at major oceanic gateway terminals. Freight forwarders cited vessel bunching, rail intermodal backlogs, and maritime rerouting schedules as compounding drivers of global supply chain gridlock. Strategic intelligence assessments issued in United States indicate that conditions in North America remain highly dynamic and fluid.",Trade & Shipping,2026-03-07,Associated Press,United States,North America
ART-10231,Urban warfare intensifies as mechanized units push into contested industrial outskirts,"Heavy machine gun fire, anti-tank guided missiles, and snipers engaged in ferocious building-to-building clashes in industrial sectors. Combat engineers detonated obstacle barriers under smoke screens while field artillery delivered preparatory barrages against reinforced strongpoints. International stakeholders operating within Eastern Europe called on officials in Poland to exercise maximum caution.",Military Conflict,2026-01-28,Deutsche Welle,Poland,Eastern Europe
ART-10177,Artillery barrages and tactical drone strikes intensify along contested frontline,"Heavy artillery exchanges and long-range unmanned aerial strikes escalated across contested frontline defense sectors overnight. Ground command headquarters confirmed multiple cruise missile interceptions and reinforced mechanized infantry brigades holding fortified trenches. Contested air defense batteries engaged low-altitude reconnaissance drones while combat engineers deployed perimeter minefields. According to senior officials in Saudi Arabia, recent indicators across Persian Gulf underscore the urgency of coordinated multilateral action.",Military Conflict,2026-03-28,Deutsche Welle,Saudi Arabia,Persian Gulf
ART-10441,United Nations Security Council convenes emergency session over border sovereignty dispute,"Permanent delegates at the United Nations Headquarters debated a draft resolution condemning territorial incursions and mandating the deployment of an international peacekeeping observer mission. Diplomatic attachés engaged in intense multilateral consultations to resolve contentious veto language regarding territorial sovereignty. In Israel, emergency coordination committees met to assess secondary vulnerabilities across Middle East.",Diplomatic / Political,2026-01-25,Reuters,Israel,Middle East
ART-11448,"Field hospitals face critical shortages of surgical anesthetics, electricity, and clean water","Medical relief organizations operating inside crisis sectors issued urgent distress alerts regarding depleted pharmaceuticals, damaged municipal water treatment facilities, and erratic generator fuel supplies necessary to maintain life-saving intensive care and trauma operating rooms. International stakeholders operating within Middle East called on officials in Turkey to exercise maximum caution.",Humanitarian Impact,2026-07-14,Wall Street Journal,Turkey,Middle East
ART-11479,Disrupted municipal power grids and water filtration plants jeopardize civilian public health,Public health authorities warned of escalating waterborne disease outbreaks after sustained infrastructure damage crippled municipal water purification networks and electrical sub-stations. Emergency relief teams deployed portable purification modules and oral rehydration packets to mitigate sanitary hazards. Field correspondents in India reported that ongoing developments across South Asia are compounding operational risks.,Humanitarian Impact,2026-02-21,Wall Street Journal,India,South Asia
ART-10794,Air cargo freight rates surge as commercial shippers seek alternatives to disrupted ocean lanes,"Air logistics forwarders recorded historic price increases per kilogram of air cargo as manufacturers chartered dedicated freighter aircraft to bypass blocked maritime shipping corridors. Cargo airlines expanded flight schedules between manufacturing hubs to accommodate high-value automotive and electronics freight. In China, emergency coordination committees met to assess secondary vulnerabilities across East Asia.",Trade & Shipping,2026-10-10,Associated Press,China,East Asia
ART-10269,Multilateral peace conference deadlocked over territorial governance and treaty guarantees,Diplomatic negotiations stalled after opposing delegations rejected compromise terms concerning international border administration and security guarantees. Facilitators from neutral states urged both delegations to maintain working-level communications and prevent the total breakdown of diplomatic dialogue. International stakeholders operating within Persian Gulf called on officials in Iran to exercise maximum caution.,Diplomatic / Political,2026-07-22,Nikkei Asia,Iran,Persian Gulf
ART-10190,Air defense interceptors scramble as hostile bomber formations approach territorial airspace,Tactical fighter squadrons conducted emergency combat air patrols after long-range strategic bombers were detected operating near sovereign air defense identification zones. Defense ministry officials confirmed that electronic warfare aircraft shadowed the formations until they altered course away from defensive boundaries. International stakeholders operating within Red Sea & Horn of Africa called on officials in Egypt to exercise maximum caution.,Military Conflict,2026-10-12,UN News,Egypt,Red Sea & Horn of Africa
ART-10466,Ambassadorial recall and formal diplomatic demarche issued over treaty violation,"The foreign ministry formally summoned the resident ambassador to deliver a stern diplomatic demarche protesting recent unilateral border treaties and sovereignty violations. State officials announced the immediate recall of senior diplomatic legations for urgent foreign policy strategy reviews. According to senior officials in Israel, recent indicators across Middle East underscore the urgency of coordinated multilateral action.",Diplomatic / Political,2026-08-14,Bloomberg,Israel,Middle East
ART-10606,Power grid operators initiate emergency load shedding following sabotage of high-voltage transmission lines,National electrical transmission coordinators implemented rolling blackouts across metropolitan centers after key electrical substations and cross-border interconnectors sustained coordinated physical sabotage. Energy officials urged citizens to conserve electricity while backup diesel generators were deployed to hospitals. International stakeholders operating within Eastern Europe called on officials in Ukraine to exercise maximum caution.,Energy Risk,2026-08-02,Wall Street Journal,Ukraine,Eastern Europe
ART-11032,Manufacturing purchasing managers index drops into contraction territory amid input price spikes,"National manufacturing indices slumped below the critical 50-point threshold, signaling industrial output contraction across export-oriented sectors. Factory managers reported elevated input acquisition costs, backlog accumulation, and declining international export orders due to geopolitical uncertainty. In China, emergency coordination committees met to assess secondary vulnerabilities across East Asia.",Economic Impact,2026-10-09,Nikkei Asia,China,East Asia
ART-10558,Power grid operators initiate emergency load shedding following sabotage of high-voltage transmission lines,"National electrical transmission coordinators implemented rolling blackouts across metropolitan centers after key electrical substations and cross-border interconnectors sustained coordinated physical sabotage. Energy officials urged citizens to conserve electricity while backup diesel generators were deployed to hospitals. In United Kingdom, emergency coordination committees met to assess secondary vulnerabilities across Western Europe.",Energy Risk,2026-04-24,Deutsche Welle,United Kingdom,Western Europe
ART-11182,Sovereign credit rating placed under negative review following capital flight and currency depreciation,"International credit rating agencies placed sovereign debt issuances on negative watch, citing widening fiscal deficits, rapid foreign exchange reserve depletion, and heightened geopolitical risk premia. Domestic currency valuations experienced sharp depreciations against global reserve currencies. Field correspondents in Sudan reported that ongoing developments across Red Sea & Horn of Africa are compounding operational risks.",Economic Impact,2026-06-24,Financial Times,Sudan,Red Sea & Horn of Africa
ART-10158,Air defense interceptors scramble as hostile bomber formations approach territorial airspace,Tactical fighter squadrons conducted emergency combat air patrols after long-range strategic bombers were detected operating near sovereign air defense identification zones. Defense ministry officials confirmed that electronic warfare aircraft shadowed the formations until they altered course away from defensive boundaries. International stakeholders operating within East Asia called on officials in South Korea to exercise maximum caution.,Military Conflict,2026-02-15,Reuters,South Korea,East Asia
ART-10213,Armored battalion mobilizes main battle tanks as cross-border incursions escalate,"Mechanized combat divisions equipped with main battle tanks and armored fighting vehicles initiated defensive counter-maneuvers following reported hostile border crossings. Military leadership enacted wartime emergency protocol, stationing self-propelled howitzers and air surveillance batteries across frontline tactical sectors. Analysts tracking developments in China highlighted that multilateral actors in East Asia are preparing contingency measures.",Military Conflict,2026-03-25,BBC News,China,East Asia
ART-10222,Air defense interceptors scramble as hostile bomber formations approach territorial airspace,Tactical fighter squadrons conducted emergency combat air patrols after long-range strategic bombers were detected operating near sovereign air defense identification zones. Defense ministry officials confirmed that electronic warfare aircraft shadowed the formations until they altered course away from defensive boundaries. International stakeholders operating within Western Europe called on officials in Germany to exercise maximum caution.,Military Conflict,2026-02-05,UN News,Germany,Western Europe
ART-10313,United Nations Security Council convenes emergency session over border sovereignty dispute,"Permanent delegates at the United Nations Headquarters debated a draft resolution condemning territorial incursions and mandating the deployment of an international peacekeeping observer mission. Diplomatic attachés engaged in intense multilateral consultations to resolve contentious veto language regarding territorial sovereignty. In United States, emergency coordination committees met to assess secondary vulnerabilities across North America.",Diplomatic / Political,2026-07-03,Reuters,United States,North America
ART-11551,Armored battalion mobilizes main battle tanks as cross-border incursions escalate,"Mechanized combat divisions equipped with main battle tanks and armored fighting vehicles initiated defensive counter-maneuvers following reported hostile border crossings. Military leadership enacted wartime emergency protocol, stationing self-propelled howitzers and air surveillance batteries across frontline tactical sectors. International stakeholders operating within Red Sea & Horn of Africa called on officials in Yemen to exercise maximum caution.",Military Conflict,2026-08-27,Wall Street Journal,Yemen,Red Sea & Horn of Africa
ART-11184,Manufacturing purchasing managers index drops into contraction territory amid input price spikes,"National manufacturing indices slumped below the critical 50-point threshold, signaling industrial output contraction across export-oriented sectors. Factory managers reported elevated input acquisition costs, backlog accumulation, and declining international export orders due to geopolitical uncertainty. According to senior officials in Egypt, recent indicators across Red Sea & Horn of Africa underscore the urgency of coordinated multilateral action.",Economic Impact,2026-08-03,Financial Times,Egypt,Red Sea & Horn of Africa
ART-11089,Foreign direct investment inflows contract sharply amid cross-border geopolitical instability,Economic development ministries reported a substantial deceleration in inbound foreign direct investment as multinational corporations suspended cross-border capital expansion projects. Investment analysts cited sovereign expropriation risks and geopolitical volatility as primary drivers of capital hesitation. Authorities in Iran emphasized that immediate stability in Persian Gulf remains essential to mitigating broader systemic fallout.,Economic Impact,2026-08-20,UN News,Iran,Persian Gulf
ART-10930,Air cargo freight rates surge as commercial shippers seek alternatives to disrupted ocean lanes,Air logistics forwarders recorded historic price increases per kilogram of air cargo as manufacturers chartered dedicated freighter aircraft to bypass blocked maritime shipping corridors. Cargo airlines expanded flight schedules between manufacturing hubs to accommodate high-value automotive and electronics freight. Analysts tracking developments in Russia highlighted that multilateral actors in Eastern Europe are preparing contingency measures.,Trade & Shipping,2026-03-12,Reuters,Russia,Eastern Europe
ART-10224,Tactical ballistic missiles intercept hostile command post in retaliatory strike,"Military command launched precision ballistic missiles targeting an underground tactical operations center following sustained perimeter rocket attacks. Satellite damage assessments confirmed extensive structural destruction to communications masts and command bunkers. Reporting from India, diplomatic and local observers noted that strategic shifts in South Asia continue to dictate regional outcomes.",Military Conflict,2026-07-20,Nikkei Asia,India,South Asia
ART-10685,Uranium enrichment and nuclear fuel supply chains threatened by geopolitical trade curbs,Civilian nuclear power operators warned of long-term fuel fabrication vulnerabilities as geopolitical tensions disrupted international uranium enrichment and nuclear fuel rod shipments. Power plant managers initiated fuel conservation measures to safeguard baseload electrical generation capacity. International stakeholders operating within Red Sea & Horn of Africa called on officials in Sudan to exercise maximum caution.,Energy Risk,2026-05-12,BBC News,Sudan,Red Sea & Horn of Africa
ART-10471,Special presidential envoy conducts whirlwind diplomatic tour across regional capitals,"Traveling through key allied capitals, the senior diplomatic envoy presented confidential de-escalation proposals designed to avert broader regional conflict. Discussions centered on mutual troop withdrawals, diplomatic concessions, and security guarantees backed by multilateral institutions. Field correspondents in United States reported that ongoing developments across North America are compounding operational risks.",Diplomatic / Political,2026-08-09,Wall Street Journal,United States,North America
ART-11513,Malnutrition rates spike among pediatric populations in besieged urban pockets,"International aid workers documented severe acute malnutrition among infants and children cut off from standard commercial food distribution networks. Humanitarian flights attempted emergency air-drops of therapeutic nutritional paste while requesting immediate humanitarian pauses. In Israel, emergency coordination committees met to assess secondary vulnerabilities across Middle East.",Humanitarian Impact,2026-05-21,UN News,Israel,Middle East
ART-11557,Refugee displacement crisis deepens as civilian populations flee contested border zones,"International migration agencies reported that hundreds of thousands of displaced civilians have crossed international frontiers seeking asylum, overwhelming border reception facilities and temporary transit camps. Relief agencies mobilized emergency winterization tents, thermal blankets, and clean water distribution systems. According to senior officials in Iran, recent indicators across Persian Gulf underscore the urgency of coordinated multilateral action.",Humanitarian Impact,2026-09-04,Al Jazeera,Iran,Persian Gulf
ART-10182,Air defense interceptors scramble as hostile bomber formations approach territorial airspace,Tactical fighter squadrons conducted emergency combat air patrols after long-range strategic bombers were detected operating near sovereign air defense identification zones. Defense ministry officials confirmed that electronic warfare aircraft shadowed the formations until they altered course away from defensive boundaries. International stakeholders operating within Western Europe called on officials in United Kingdom to exercise maximum caution.,Military Conflict,2026-06-02,Reuters,United Kingdom,Western Europe
ART-10723,Offshore drilling platform security elevated following hostile drone reconnaissance sightings,"Offshore energy operators implemented maximum security protocols across deepwater drilling rigs after unidentified aerial drones were observed conducting surveillance over gas extraction platforms. Naval patrol craft were deployed to maintain exclusion perimeters around strategic energy infrastructure. According to senior officials in Saudi Arabia, recent indicators across Persian Gulf underscore the urgency of coordinated multilateral action.",Energy Risk,2026-02-16,Al Jazeera,Saudi Arabia,Persian Gulf
ART-10486,Foreign ministers issue joint communique calling for de-escalation and diplomatic roadmaps,Senior diplomats representing regional powers issued a coordinated statement demanding an immediate halt to escalating rhetoric and the restoration of established diplomatic channels. The communique proposed a three-phase transition roadmap including demilitarized buffer zones and internationally monitored elections. Field correspondents in Iran reported that ongoing developments across Persian Gulf are compounding operational risks.,Diplomatic / Political,2026-06-22,Financial Times,Iran,Persian Gulf
ART-10458,Ambassadorial recall and formal diplomatic demarche issued over treaty violation,"The foreign ministry formally summoned the resident ambassador to deliver a stern diplomatic demarche protesting recent unilateral border treaties and sovereignty violations. State officials announced the immediate recall of senior diplomatic legations for urgent foreign policy strategy reviews. Reporting from Saudi Arabia, diplomatic and local observers noted that strategic shifts in Persian Gulf continue to dictate regional outcomes.",Diplomatic / Political,2026-06-17,Associated Press,Saudi Arabia,Persian Gulf
ART-10764,Natural gas pipeline compression station suffers severe explosion amid geopolitical friction,"A critical natural gas compression station feeding industrial manufacturing hubs suffered a catastrophic pipeline failure, cutting regional gas transit volumes by over 40 percent. Energy distribution utilities immediately mandated industrial consumption rationing while emergency engineering teams assessed blast damage. In Ukraine, emergency coordination committees met to assess secondary vulnerabilities across Eastern Europe.",Energy Risk,2026-03-15,BBC News,Ukraine,Eastern Europe
ART-11580,Hypersonic missile barrage targets critical defense installations and radar outposts,"Air defense surveillance networks detected high-velocity aerodynamic missile trajectories aimed at strategic command nodes and hardened munitions storage facilities. Military spokespersons stated that mobile interceptor batteries engaged multiple inbound warheads, while combat search-and-rescue teams mobilized across blast perimeters. Authorities in Saudi Arabia emphasized that immediate stability in Persian Gulf remains essential to mitigating broader systemic fallout.",Military Conflict,2026-10-26,Bloomberg,Saudi Arabia,Persian Gulf
ART-10015,Urban warfare intensifies as mechanized units push into contested industrial outskirts,"Heavy machine gun fire, anti-tank guided missiles, and snipers engaged in ferocious building-to-building clashes in industrial sectors. Combat engineers detonated obstacle barriers under smoke screens while field artillery delivered preparatory barrages against reinforced strongpoints. According to senior officials in Russia, recent indicators across Eastern Europe underscore the urgency of coordinated multilateral action.",Military Conflict,2026-01-27,Financial Times,Russia,Eastern Europe
ART-11252,Corporate debt default risk rises as borrowing costs spike following geopolitical credit repricing,"Credit default swap spreads widened significantly across corporate debt markets as lenders repriced risk margins for businesses exposed to cross-border supply shocks. Debt restructuring advisors noted a sharp uptick in emergency corporate credit facility requests. According to senior officials in Yemen, recent indicators across Red Sea & Horn of Africa underscore the urgency of coordinated multilateral action.",Economic Impact,2026-03-02,UN News,Yemen,Red Sea & Horn of Africa
ART-11429,United Nations launches emergency humanitarian relief appeal for food aid and medical shelter,"Humanitarian coordinators formally issued a multilateral funding appeal seeking urgent donor contributions to support frontline field clinics and nutritional distribution hubs. Aid convoys reported severe logistical hurdles attempting to deliver relief supplies to isolated civilian populations trapped along combat axes. According to senior officials in Taiwan, recent indicators across East Asia underscore the urgency of coordinated multilateral action.",Humanitarian Impact,2026-08-20,Bloomberg,Taiwan,East Asia
ART-10918,Container shipping carriers divert cargo fleets around Cape of Good Hope amid maritime threats,"Leading international container shipping lines announced indefinite rerouting of commercial vessels around southern Africa to avoid high-risk maritime straits. The maritime diversion adds 10 to 14 days to standard transit voyages, absorbing container fleet capacity, delaying port turnarounds, and triggering sharp increases in spot ocean freight rates. Field correspondents in India reported that ongoing developments across South Asia are compounding operational risks.",Trade & Shipping,2026-02-11,Reuters,India,South Asia
ART-10772,Customs authority impounds containerized shipments under expanded cross-border trade sanctions,Port customs officials seized hundreds of cargo containers suspected of violating expanded international sanctions targeting dual-use industrial components. Importers and freight forwarders faced lengthy legal audits and storage fees as customs clearance procedures were dramatically expanded. International stakeholders operating within Eastern Europe called on officials in Russia to exercise maximum caution.,Trade & Shipping,2026-02-13,BBC News,Russia,Eastern Europe
ART-10783,Port congestion and customs clearance bottlenecks escalate across major maritime container terminals,"Logistics operators reported severe berthing queues and prolonged container dwell times exceeding historical highs at major oceanic gateway terminals. Freight forwarders cited vessel bunching, rail intermodal backlogs, and maritime rerouting schedules as compounding drivers of global supply chain gridlock. International stakeholders operating within Middle East called on officials in Israel to exercise maximum caution.",Trade & Shipping,2026-02-17,BBC News,Israel,Middle East
ART-11227,Consumer confidence plunges as energy and food price inflation erodes household purchasing power,"National economic sentiment surveys revealed the steepest monthly drop in consumer confidence in several years as rising utility bills and grocery costs squeezed household budgets. Economists warned that declining domestic retail consumption will act as a major drag on quarterly gross domestic product. According to senior officials in South Korea, recent indicators across East Asia underscore the urgency of coordinated multilateral action.",Economic Impact,2026-01-04,Wall Street Journal,South Korea,East Asia
ART-10981,Global automotive supply chains stall as crucial raw material cargo shipments face port delays,"Major automotive assembly plants announced temporary production line shutdowns due to critical parts shortages resulting from delayed maritime shipping containers. Logistics coordinators reported that specialized component vessels had been delayed over two weeks due to harbor congestion. In Saudi Arabia, emergency coordination committees met to assess secondary vulnerabilities across Persian Gulf.",Trade & Shipping,2026-01-04,Associated Press,Saudi Arabia,Persian Gulf
ART-10829,Global automotive supply chains stall as crucial raw material cargo shipments face port delays,"Major automotive assembly plants announced temporary production line shutdowns due to critical parts shortages resulting from delayed maritime shipping containers. Logistics coordinators reported that specialized component vessels had been delayed over two weeks due to harbor congestion. Reporting from Yemen, diplomatic and local observers noted that strategic shifts in Red Sea & Horn of Africa continue to dictate regional outcomes.",Trade & Shipping,2026-10-20,Al Jazeera,Yemen,Red Sea & Horn of Africa
ART-11103,Stock exchange volatility index spikes as investors rotate capital into sovereign bonds and gold,"Equities across regional bourses recorded broad sell-offs, with industrial, aviation, and consumer discretionary shares leading declines. Capital allocators rotated liquidity into sovereign treasury securities, bullion, and cash equivalents amid heightened geopolitical uncertainty and macroeconomic stagflation fears. According to senior officials in Sudan, recent indicators across Red Sea & Horn of Africa underscore the urgency of coordinated multilateral action.",Economic Impact,2026-03-03,Bloomberg,Sudan,Red Sea & Horn of Africa
ART-10289,United Nations Security Council convenes emergency session over border sovereignty dispute,"Permanent delegates at the United Nations Headquarters debated a draft resolution condemning territorial incursions and mandating the deployment of an international peacekeeping observer mission. Diplomatic attachés engaged in intense multilateral consultations to resolve contentious veto language regarding territorial sovereignty. According to senior officials in United Kingdom, recent indicators across Western Europe underscore the urgency of coordinated multilateral action.",Diplomatic / Political,2026-03-23,Al Jazeera,United Kingdom,Western Europe
ART-10847,Port congestion and customs clearance bottlenecks escalate across major maritime container terminals,"Logistics operators reported severe berthing queues and prolonged container dwell times exceeding historical highs at major oceanic gateway terminals. Freight forwarders cited vessel bunching, rail intermodal backlogs, and maritime rerouting schedules as compounding drivers of global supply chain gridlock. Authorities in Egypt emphasized that immediate stability in Red Sea & Horn of Africa remains essential to mitigating broader systemic fallout.",Trade & Shipping,2026-09-21,UN News,Egypt,Red Sea & Horn of Africa
ART-11090,Bilateral currency swaps activated as commercial banking system faces dollar liquidity squeeze,"Central monetary authorities tapped bilateral foreign currency swap lines to inject hard currency liquidity into domestic commercial banks struggling with overseas settlement obligations. Treasury officials emphasized that foreign reserve backstops remain adequate to maintain interbank clearing operations. Reporting from India, diplomatic and local observers noted that strategic shifts in South Asia continue to dictate regional outcomes.",Economic Impact,2026-07-10,Bloomberg,India,South Asia
ART-11567,Refugee displacement crisis deepens as civilian populations flee contested border zones,"International migration agencies reported that hundreds of thousands of displaced civilians have crossed international frontiers seeking asylum, overwhelming border reception facilities and temporary transit camps. Relief agencies mobilized emergency winterization tents, thermal blankets, and clean water distribution systems. International stakeholders operating within South Asia called on officials in Pakistan to exercise maximum caution.",Humanitarian Impact,2026-10-08,Associated Press,Pakistan,South Asia
ART-11571,Corporate debt default risk rises as borrowing costs spike following geopolitical credit repricing,Credit default swap spreads widened significantly across corporate debt markets as lenders repriced risk margins for businesses exposed to cross-border supply shocks. Debt restructuring advisors noted a sharp uptick in emergency corporate credit facility requests. International stakeholders operating within East Asia called on officials in Taiwan to exercise maximum caution.,Economic Impact,2026-03-10,Nikkei Asia,Taiwan,East Asia
ART-10237,Armored battalion mobilizes main battle tanks as cross-border incursions escalate,"Mechanized combat divisions equipped with main battle tanks and armored fighting vehicles initiated defensive counter-maneuvers following reported hostile border crossings. Military leadership enacted wartime emergency protocol, stationing self-propelled howitzers and air surveillance batteries across frontline tactical sectors. In Israel, emergency coordination committees met to assess secondary vulnerabilities across Middle East.",Military Conflict,2026-01-24,Bloomberg,Israel,Middle East
ART-10527,Major crude oil pipeline flow suspended following strategic transit sabotage threat,"Energy operators halted pumping operations along a major transcontinental crude pipeline after intelligence reports identified credible security threats against remote pumping stations. Energy security ministries initiated pipeline integrity inspections, while oil refinery operators tapped reserve stockpiles to maintain downstream distillation output. International stakeholders operating within South Asia called on officials in India to exercise maximum caution.",Energy Risk,2026-02-21,Associated Press,India,South Asia
ART-10892,Customs authority impounds containerized shipments under expanded cross-border trade sanctions,"Port customs officials seized hundreds of cargo containers suspected of violating expanded international sanctions targeting dual-use industrial components. Importers and freight forwarders faced lengthy legal audits and storage fees as customs clearance procedures were dramatically expanded. According to senior officials in Germany, recent indicators across Western Europe underscore the urgency of coordinated multilateral action.",Trade & Shipping,2026-05-23,Wall Street Journal,Germany,Western Europe
ART-11038,Sovereign credit rating placed under negative review following capital flight and currency depreciation,"International credit rating agencies placed sovereign debt issuances on negative watch, citing widening fiscal deficits, rapid foreign exchange reserve depletion, and heightened geopolitical risk premia. Domestic currency valuations experienced sharp depreciations against global reserve currencies. Strategic intelligence assessments issued in Germany indicate that conditions in Western Europe remain highly dynamic and fluid.",Economic Impact,2026-02-13,BBC News,Germany,Western Europe
ART-11118,Sovereign credit rating placed under negative review following capital flight and currency depreciation,"International credit rating agencies placed sovereign debt issuances on negative watch, citing widening fiscal deficits, rapid foreign exchange reserve depletion, and heightened geopolitical risk premia. Domestic currency valuations experienced sharp depreciations against global reserve currencies. International stakeholders operating within North America called on officials in United States to exercise maximum caution.",Economic Impact,2026-10-05,Wall Street Journal,United States,North America
ART-10432,Bilateral ceasefire negotiations resume under international diplomatic mediation,"Special diplomatic envoys and foreign ministers convened high-stakes closed-door consultations aimed at establishing an immediate humanitarian truce and verifiable demilitarization framework. Negotiators reviewed draft protocols addressing prisoner-of-war exchanges, border verification monitors, and the formal cessation of cross-border hostilities. International stakeholders operating within Western Europe called on officials in United Kingdom to exercise maximum caution.",Diplomatic / Political,2026-09-15,Deutsche Welle,United Kingdom,Western Europe
ART-10495,Special presidential envoy conducts whirlwind diplomatic tour across regional capitals,"Traveling through key allied capitals, the senior diplomatic envoy presented confidential de-escalation proposals designed to avert broader regional conflict. Discussions centered on mutual troop withdrawals, diplomatic concessions, and security guarantees backed by multilateral institutions. In Iran, emergency coordination committees met to assess secondary vulnerabilities across Persian Gulf.",Diplomatic / Political,2026-04-24,Bloomberg,Iran,Persian Gulf
ART-10290,Ambassadorial recall and formal diplomatic demarche issued over treaty violation,"The foreign ministry formally summoned the resident ambassador to deliver a stern diplomatic demarche protesting recent unilateral border treaties and sovereignty violations. State officials announced the immediate recall of senior diplomatic legations for urgent foreign policy strategy reviews. In Qatar, emergency coordination committees met to assess secondary vulnerabilities across Persian Gulf.",Diplomatic / Political,2026-01-03,Reuters,Qatar,Persian Gulf
ART-11405,United Nations launches emergency humanitarian relief appeal for food aid and medical shelter,"Humanitarian coordinators formally issued a multilateral funding appeal seeking urgent donor contributions to support frontline field clinics and nutritional distribution hubs. Aid convoys reported severe logistical hurdles attempting to deliver relief supplies to isolated civilian populations trapped along combat axes. According to senior officials in Israel, recent indicators across Middle East underscore the urgency of coordinated multilateral action.",Humanitarian Impact,2026-05-23,Deutsche Welle,Israel,Middle East
ART-10102,Air defense interceptors scramble as hostile bomber formations approach territorial airspace,"Tactical fighter squadrons conducted emergency combat air patrols after long-range strategic bombers were detected operating near sovereign air defense identification zones. Defense ministry officials confirmed that electronic warfare aircraft shadowed the formations until they altered course away from defensive boundaries. In Egypt, emergency coordination committees met to assess secondary vulnerabilities across Red Sea & Horn of Africa.",Military Conflict,2026-09-18,Deutsche Welle,Egypt,Red Sea & Horn of Africa
ART-10649,Liquefied natural gas terminal throttles shipments amid regional maritime insurance restrictions,"Major LNG export liquefaction facilities reduced cargo loadings after maritime underwriters imposed prohibitive war-risk insurance premiums on LNG tankers navigating adjacent waterways. European and Asian utility operators scrambled to secure spot replacement cargoes ahead of peak seasonal heating demand. Reporting from Saudi Arabia, diplomatic and local observers noted that strategic shifts in Persian Gulf continue to dictate regional outcomes.",Energy Risk,2026-06-09,UN News,Saudi Arabia,Persian Gulf
ART-10114,Naval task force engages hostile explosive drone boats in strategic strait,"Guided missile destroyers deployed on maritime security patrol neutralized several unmanned explosive surface vessels attempting to strike military logistics convoys. Naval fleet commanders ordered elevated combat readiness and deployed electronic jamming countermeasures to disable hostile telemetry links along contested maritime transit corridors. According to senior officials in United Kingdom, recent indicators across Western Europe underscore the urgency of coordinated multilateral action.",Military Conflict,2026-01-19,Associated Press,United Kingdom,Western Europe
ART-10719,Major crude oil pipeline flow suspended following strategic transit sabotage threat,"Energy operators halted pumping operations along a major transcontinental crude pipeline after intelligence reports identified credible security threats against remote pumping stations. Energy security ministries initiated pipeline integrity inspections, while oil refinery operators tapped reserve stockpiles to maintain downstream distillation output. In United States, emergency coordination committees met to assess secondary vulnerabilities across North America.",Energy Risk,2026-08-23,Deutsche Welle,United States,North America
ART-10286,Foreign ministers issue joint communique calling for de-escalation and diplomatic roadmaps,"Senior diplomats representing regional powers issued a coordinated statement demanding an immediate halt to escalating rhetoric and the restoration of established diplomatic channels. The communique proposed a three-phase transition roadmap including demilitarized buffer zones and internationally monitored elections. In Sudan, emergency coordination committees met to assess secondary vulnerabilities across Red Sea & Horn of Africa.",Diplomatic / Political,2026-09-13,Reuters,Sudan,Red Sea & Horn of Africa
ART-11114,Bilateral currency swaps activated as commercial banking system faces dollar liquidity squeeze,Central monetary authorities tapped bilateral foreign currency swap lines to inject hard currency liquidity into domestic commercial banks struggling with overseas settlement obligations. Treasury officials emphasized that foreign reserve backstops remain adequate to maintain interbank clearing operations. International stakeholders operating within Eastern Europe called on officials in Poland to exercise maximum caution.,Economic Impact,2026-03-10,Wall Street Journal,Poland,Eastern Europe
ART-11400,"Field hospitals face critical shortages of surgical anesthetics, electricity, and clean water","Medical relief organizations operating inside crisis sectors issued urgent distress alerts regarding depleted pharmaceuticals, damaged municipal water treatment facilities, and erratic generator fuel supplies necessary to maintain life-saving intensive care and trauma operating rooms. Reporting from United Kingdom, diplomatic and local observers noted that strategic shifts in Western Europe continue to dictate regional outcomes.",Humanitarian Impact,2026-09-02,UN News,United Kingdom,Western Europe
ART-11212,Corporate debt default risk rises as borrowing costs spike following geopolitical credit repricing,"Credit default swap spreads widened significantly across corporate debt markets as lenders repriced risk margins for businesses exposed to cross-border supply shocks. Debt restructuring advisors noted a sharp uptick in emergency corporate credit facility requests. According to senior officials in Qatar, recent indicators across Persian Gulf underscore the urgency of coordinated multilateral action.",Economic Impact,2026-02-26,BBC News,Qatar,Persian Gulf
ART-10052,Cross-border commando raid triggers intense infantry firefight along buffer line,"Special forces detachments conducted reconnaissance incursions into contested border sectors, sparking sustained firefights with entrenched hostile infantry. Rapid deployment armored battalions were dispatched with close air support to establish defensive perimeters and extract forward patrol units under heavy mortar suppression. International stakeholders operating within Persian Gulf called on officials in Qatar to exercise maximum caution.",Military Conflict,2026-10-14,Associated Press,Qatar,Persian Gulf
ART-11180,Corporate debt default risk rises as borrowing costs spike following geopolitical credit repricing,"Credit default swap spreads widened significantly across corporate debt markets as lenders repriced risk margins for businesses exposed to cross-border supply shocks. Debt restructuring advisors noted a sharp uptick in emergency corporate credit facility requests. According to senior officials in Russia, recent indicators across Eastern Europe underscore the urgency of coordinated multilateral action.",Economic Impact,2026-03-06,Nikkei Asia,Russia,Eastern Europe
ART-10233,Artillery barrages and tactical drone strikes intensify along contested frontline,Heavy artillery exchanges and long-range unmanned aerial strikes escalated across contested frontline defense sectors overnight. Ground command headquarters confirmed multiple cruise missile interceptions and reinforced mechanized infantry brigades holding fortified trenches. Contested air defense batteries engaged low-altitude reconnaissance drones while combat engineers deployed perimeter minefields. International stakeholders operating within South Asia called on officials in Pakistan to exercise maximum caution.,Military Conflict,2026-02-28,Financial Times,Pakistan,South Asia
ART-10830,Container shipping carriers divert cargo fleets around Cape of Good Hope amid maritime threats,"Leading international container shipping lines announced indefinite rerouting of commercial vessels around southern Africa to avoid high-risk maritime straits. The maritime diversion adds 10 to 14 days to standard transit voyages, absorbing container fleet capacity, delaying port turnarounds, and triggering sharp increases in spot ocean freight rates. Analysts tracking developments in Israel highlighted that multilateral actors in Middle East are preparing contingency measures.",Trade & Shipping,2026-03-22,Al Jazeera,Israel,Middle East
ART-11261,Central banks signal emergency interest rate adjustments as geopolitical inflation pressures broaden,Monetary policy committees convened extraordinary policy meetings to evaluate persistent macroeconomic shocks stemming from import price inflation and commodity supply friction. Financial market analysts revised benchmark interest rate trajectories upward as headline consumer price indices reflected elevated freight and producer input expenses. Field correspondents in Sudan reported that ongoing developments across Red Sea & Horn of Africa are compounding operational risks.,Economic Impact,2026-02-03,Al Jazeera,Sudan,Red Sea & Horn of Africa
ART-11538,,Crude oil transport and pipeline networks faced severe operational friction across key refining hubs.,Energy Risk,2026-05-18,Bloomberg,Russia,Eastern Europe
ART-10599,Major crude oil pipeline flow suspended following strategic transit sabotage threat,"Energy operators halted pumping operations along a major transcontinental crude pipeline after intelligence reports identified credible security threats against remote pumping stations. Energy security ministries initiated pipeline integrity inspections, while oil refinery operators tapped reserve stockpiles to maintain downstream distillation output. In Egypt, emergency coordination committees met to assess secondary vulnerabilities across Red Sea & Horn of Africa.",Energy Risk,2026-06-06,Deutsche Welle,Egypt,Red Sea & Horn of Africa
ART-10347,Regional security summit yields preliminary multilateral mutual non-aggression pact,"Heads of state concluded an emergency multilateral summit with a joint communique pledging adherence to non-aggression principles and established arbitration treaties. Diplomatic working groups were tasked with establishing direct hotline communications between military defense commands to mitigate miscalculation risks. According to senior officials in United Kingdom, recent indicators across Western Europe underscore the urgency of coordinated multilateral action.",Diplomatic / Political,2026-02-01,Al Jazeera,United Kingdom,Western Europe
ART-11158,Sovereign credit rating placed under negative review following capital flight and currency depreciation,"International credit rating agencies placed sovereign debt issuances on negative watch, citing widening fiscal deficits, rapid foreign exchange reserve depletion, and heightened geopolitical risk premia. Domestic currency valuations experienced sharp depreciations against global reserve currencies. Field correspondents in South Korea reported that ongoing developments across East Asia are compounding operational risks.",Economic Impact,2026-10-24,Bloomberg,South Korea,East Asia
ART-10634,Strategic petroleum reserve release authorized to counterbalance global supply disruptions,Energy authorities authorized the emergency drawdown of millions of barrels of crude oil from national strategic petroleum reserves to stabilize domestic fuel supply chains. Energy department officials coordinated the release with international energy partners to offset prolonged refinery feedstock shortages. International stakeholders operating within Western Europe called on officials in Germany to exercise maximum caution.,Energy Risk,2026-07-07,Financial Times,Germany,Western Europe
ART-10557,Uranium enrichment and nuclear fuel supply chains threatened by geopolitical trade curbs,Civilian nuclear power operators warned of long-term fuel fabrication vulnerabilities as geopolitical tensions disrupted international uranium enrichment and nuclear fuel rod shipments. Power plant managers initiated fuel conservation measures to safeguard baseload electrical generation capacity. Analysts tracking developments in Saudi Arabia highlighted that multilateral actors in Persian Gulf are preparing contingency measures.,Energy Risk,2026-07-11,Nikkei Asia,Saudi Arabia,Persian Gulf
ART-10814,Container shipping carriers divert cargo fleets around Cape of Good Hope amid maritime threats,"Leading international container shipping lines announced indefinite rerouting of commercial vessels around southern Africa to avoid high-risk maritime straits. The maritime diversion adds 10 to 14 days to standard transit voyages, absorbing container fleet capacity, delaying port turnarounds, and triggering sharp increases in spot ocean freight rates. International stakeholders operating within Red Sea & Horn of Africa called on officials in Egypt to exercise maximum caution.",Trade & Shipping,2026-07-17,Financial Times,Egypt,Red Sea & Horn of Africa
ART-11579,United Nations launches emergency humanitarian relief appeal for food aid and medical shelter,"Humanitarian coordinators formally issued a multilateral funding appeal seeking urgent donor contributions to support frontline field clinics and nutritional distribution hubs. Aid convoys reported severe logistical hurdles attempting to deliver relief supplies to isolated civilian populations trapped along combat axes. According to senior officials in Poland, recent indicators across Eastern Europe underscore the urgency of coordinated multilateral action.",Humanitarian Impact,2026-03-04,Al Jazeera,Poland,Eastern Europe
ART-11126,Sovereign credit rating placed under negative review following capital flight and currency depreciation,"International credit rating agencies placed sovereign debt issuances on negative watch, citing widening fiscal deficits, rapid foreign exchange reserve depletion, and heightened geopolitical risk premia. Domestic currency valuations experienced sharp depreciations against global reserve currencies. International stakeholders operating within East Asia called on officials in South Korea to exercise maximum caution.",Economic Impact,2026-07-13,Financial Times,South Korea,East Asia
ART-10530,Strategic petroleum reserve release authorized to counterbalance global supply disruptions,Energy authorities authorized the emergency drawdown of millions of barrels of crude oil from national strategic petroleum reserves to stabilize domestic fuel supply chains. Energy department officials coordinated the release with international energy partners to offset prolonged refinery feedstock shortages. International stakeholders operating within East Asia called on officials in Taiwan to exercise maximum caution.,Energy Risk,2026-04-27,Deutsche Welle,Taiwan,East Asia
ART-11481,Malnutrition rates spike among pediatric populations in besieged urban pockets,"International aid workers documented severe acute malnutrition among infants and children cut off from standard commercial food distribution networks. Humanitarian flights attempted emergency air-drops of therapeutic nutritional paste while requesting immediate humanitarian pauses. In Taiwan, emergency coordination committees met to assess secondary vulnerabilities across East Asia.",Humanitarian Impact,2026-10-18,UN News,Taiwan,East Asia
ART-11217,Foreign direct investment inflows contract sharply amid cross-border geopolitical instability,"Economic development ministries reported a substantial deceleration in inbound foreign direct investment as multinational corporations suspended cross-border capital expansion projects. Investment analysts cited sovereign expropriation risks and geopolitical volatility as primary drivers of capital hesitation. In Ukraine, emergency coordination committees met to assess secondary vulnerabilities across Eastern Europe.",Economic Impact,2026-02-07,Wall Street Journal,Ukraine,Eastern Europe
ART-10148,Cross-border commando raid triggers intense infantry firefight along buffer line,"Special forces detachments conducted reconnaissance incursions into contested border sectors, sparking sustained firefights with entrenched hostile infantry. Rapid deployment armored battalions were dispatched with close air support to establish defensive perimeters and extract forward patrol units under heavy mortar suppression. In South Korea, emergency coordination committees met to assess secondary vulnerabilities across East Asia.",Military Conflict,2026-03-21,Financial Times,South Korea,East Asia
ART-10139,Hypersonic missile barrage targets critical defense installations and radar outposts,"Air defense surveillance networks detected high-velocity aerodynamic missile trajectories aimed at strategic command nodes and hardened munitions storage facilities. Military spokespersons stated that mobile interceptor batteries engaged multiple inbound warheads, while combat search-and-rescue teams mobilized across blast perimeters. Authorities in Saudi Arabia emphasized that immediate stability in Persian Gulf remains essential to mitigating broader systemic fallout.",Military Conflict,2026-10-26,Bloomberg,Saudi Arabia,Persian Gulf
ART-11474,Makeshift refugee settlements overwhelmed by torrential flooding and freezing weather,"Severe seasonal weather inundated informal displacement settlements, destroying temporary plastic shelters and creating catastrophic sanitary conditions for thousands of families. Disaster response teams mobilized emergency drainage pumps and emergency clothing distributions. International stakeholders operating within Middle East called on officials in Israel to exercise maximum caution.",Humanitarian Impact,2026-08-14,Reuters,Israel,Middle East
ART-10519,Major crude oil pipeline flow suspended following strategic transit sabotage threat,"Energy operators halted pumping operations along a major transcontinental crude pipeline after intelligence reports identified credible security threats against remote pumping stations. Energy security ministries initiated pipeline integrity inspections, while oil refinery operators tapped reserve stockpiles to maintain downstream distillation output. International stakeholders operating within South Asia called on officials in India to exercise maximum caution.",Energy Risk,2026-04-25,Associated Press,India,South Asia
ART-10500,Parliamentary committee ratifies strategic bilateral defense cooperation treaty,"Legislators voted overwhelmingly to approve a comprehensive security alliance treaty authorizing joint intelligence sharing, reciprocal military base access, and coordinated defense procurement. Government ministers emphasized that the diplomatic accord reinforces regional deterrence without violating international neutrality accords. In United States, emergency coordination committees met to assess secondary vulnerabilities across North America.",Diplomatic / Political,2026-02-19,Associated Press,United States,North America
ART-10644,Natural gas pipeline compression station suffers severe explosion amid geopolitical friction,"A critical natural gas compression station feeding industrial manufacturing hubs suffered a catastrophic pipeline failure, cutting regional gas transit volumes by over 40 percent. Energy distribution utilities immediately mandated industrial consumption rationing while emergency engineering teams assessed blast damage. Field correspondents in Poland reported that ongoing developments across Eastern Europe are compounding operational risks.",Energy Risk,2026-10-14,Nikkei Asia,Poland,Eastern Europe
ART-10556,Natural gas pipeline compression station suffers severe explosion amid geopolitical friction,"A critical natural gas compression station feeding industrial manufacturing hubs suffered a catastrophic pipeline failure, cutting regional gas transit volumes by over 40 percent. Energy distribution utilities immediately mandated industrial consumption rationing while emergency engineering teams assessed blast damage. In United States, emergency coordination committees met to assess secondary vulnerabilities across North America.",Energy Risk,2026-02-10,Associated Press,United States,North America
ART-10716,Natural gas pipeline compression station suffers severe explosion amid geopolitical friction,"A critical natural gas compression station feeding industrial manufacturing hubs suffered a catastrophic pipeline failure, cutting regional gas transit volumes by over 40 percent. Energy distribution utilities immediately mandated industrial consumption rationing while emergency engineering teams assessed blast damage. International stakeholders operating within Persian Gulf called on officials in Iran to exercise maximum caution.",Energy Risk,2026-03-01,Reuters,Iran,Persian Gulf
ART-10637,Uranium enrichment and nuclear fuel supply chains threatened by geopolitical trade curbs,"Civilian nuclear power operators warned of long-term fuel fabrication vulnerabilities as geopolitical tensions disrupted international uranium enrichment and nuclear fuel rod shipments. Power plant managers initiated fuel conservation measures to safeguard baseload electrical generation capacity. According to senior officials in Poland, recent indicators across Eastern Europe underscore the urgency of coordinated multilateral action.",Energy Risk,2026-02-14,Reuters,Poland,Eastern Europe
ART-10121,Artillery barrages and tactical drone strikes intensify along contested frontline,Heavy artillery exchanges and long-range unmanned aerial strikes escalated across contested frontline defense sectors overnight. Ground command headquarters confirmed multiple cruise missile interceptions and reinforced mechanized infantry brigades holding fortified trenches. Contested air defense batteries engaged low-altitude reconnaissance drones while combat engineers deployed perimeter minefields. Field correspondents in Sudan reported that ongoing developments across Red Sea & Horn of Africa are compounding operational risks.,Military Conflict,2026-06-09,UN News,Sudan,Red Sea & Horn of Africa
ART-10480,Bilateral ceasefire negotiations resume under international diplomatic mediation,"Special diplomatic envoys and foreign ministers convened high-stakes closed-door consultations aimed at establishing an immediate humanitarian truce and verifiable demilitarization framework. Negotiators reviewed draft protocols addressing prisoner-of-war exchanges, border verification monitors, and the formal cessation of cross-border hostilities. According to senior officials in Japan, recent indicators across East Asia underscore the urgency of coordinated multilateral action.",Diplomatic / Political,2026-09-06,Nikkei Asia,Japan,East Asia
ART-11190,Sovereign credit rating placed under negative review following capital flight and currency depreciation,"International credit rating agencies placed sovereign debt issuances on negative watch, citing widening fiscal deficits, rapid foreign exchange reserve depletion, and heightened geopolitical risk premia. Domestic currency valuations experienced sharp depreciations against global reserve currencies. In Qatar, emergency coordination committees met to assess secondary vulnerabilities across Persian Gulf.",Economic Impact,2026-10-26,Bloomberg,Qatar,Persian Gulf
ART-10220,Cross-border commando raid triggers intense infantry firefight along buffer line,"Special forces detachments conducted reconnaissance incursions into contested border sectors, sparking sustained firefights with entrenched hostile infantry. Rapid deployment armored battalions were dispatched with close air support to establish defensive perimeters and extract forward patrol units under heavy mortar suppression. According to senior officials in India, recent indicators across South Asia underscore the urgency of coordinated multilateral action.",Military Conflict,2026-08-02,Reuters,India,South Asia
ART-10303,Special presidential envoy conducts whirlwind diplomatic tour across regional capitals,"Traveling through key allied capitals, the senior diplomatic envoy presented confidential de-escalation proposals designed to avert broader regional conflict. Discussions centered on mutual troop withdrawals, diplomatic concessions, and security guarantees backed by multilateral institutions. International stakeholders operating within East Asia called on officials in Taiwan to exercise maximum caution.",Diplomatic / Political,2026-04-26,Reuters,Taiwan,East Asia
ART-11305,Malnutrition rates spike among pediatric populations in besieged urban pockets,"International aid workers documented severe acute malnutrition among infants and children cut off from standard commercial food distribution networks. Humanitarian flights attempted emergency air-drops of therapeutic nutritional paste while requesting immediate humanitarian pauses. According to senior officials in Egypt, recent indicators across Red Sea & Horn of Africa underscore the urgency of coordinated multilateral action.",Humanitarian Impact,2026-06-14,Associated Press,Egypt,Red Sea & Horn of Africa
ART-10912,Bilateral tariff escalation and export licensing controls enacted on critical high-tech components,"Commerce ministries imposed sweeping tariff increases and strict export license restrictions on key industrial raw materials, advanced machine tools, and semiconductor wafers. Trade associations warned that compliance friction and retaliatory tariffs threaten to disrupt global electronic manufacturing supply chains. According to senior officials in Israel, recent indicators across Middle East underscore the urgency of coordinated multilateral action.",Trade & Shipping,2026-05-05,Bloomberg,Israel,Middle East
ART-10585,Liquefied natural gas terminal throttles shipments amid regional maritime insurance restrictions,"Major LNG export liquefaction facilities reduced cargo loadings after maritime underwriters imposed prohibitive war-risk insurance premiums on LNG tankers navigating adjacent waterways. European and Asian utility operators scrambled to secure spot replacement cargoes ahead of peak seasonal heating demand. In Israel, emergency coordination committees met to assess secondary vulnerabilities across Middle East.",Energy Risk,2026-10-05,Financial Times,Israel,Middle East
ART-10185,Artillery barrages and tactical drone strikes intensify along contested frontline,"Heavy artillery exchanges and long-range unmanned aerial strikes escalated across contested frontline defense sectors overnight. Ground command headquarters confirmed multiple cruise missile interceptions and reinforced mechanized infantry brigades holding fortified trenches. Contested air defense batteries engaged low-altitude reconnaissance drones while combat engineers deployed perimeter minefields. In Qatar, emergency coordination committees met to assess secondary vulnerabilities across Persian Gulf.",Military Conflict,2026-10-16,Financial Times,Qatar,Persian Gulf
ART-10589,Uranium enrichment and nuclear fuel supply chains threatened by geopolitical trade curbs,"Civilian nuclear power operators warned of long-term fuel fabrication vulnerabilities as geopolitical tensions disrupted international uranium enrichment and nuclear fuel rod shipments. Power plant managers initiated fuel conservation measures to safeguard baseload electrical generation capacity. In United Kingdom, emergency coordination committees met to assess secondary vulnerabilities across Western Europe.",Energy Risk,2026-04-02,UN News,United Kingdom,Western Europe
ART-11076,Corporate debt default risk rises as borrowing costs spike following geopolitical credit repricing,Credit default swap spreads widened significantly across corporate debt markets as lenders repriced risk margins for businesses exposed to cross-border supply shocks. Debt restructuring advisors noted a sharp uptick in emergency corporate credit facility requests. Field correspondents in Qatar reported that ongoing developments across Persian Gulf are compounding operational risks.,Economic Impact,2026-06-10,BBC News,Qatar,Persian Gulf
ART-10846,Container shipping carriers divert cargo fleets around Cape of Good Hope amid maritime threats,"Leading international container shipping lines announced indefinite rerouting of commercial vessels around southern Africa to avoid high-risk maritime straits. The maritime diversion adds 10 to 14 days to standard transit voyages, absorbing container fleet capacity, delaying port turnarounds, and triggering sharp increases in spot ocean freight rates. According to senior officials in China, recent indicators across East Asia underscore the urgency of coordinated multilateral action.",Trade & Shipping,2026-10-03,BBC News,China,East Asia
ART-11436,Civilian evacuation corridors established under international red cross mediation,"Humanitarian organizations coordinated temporary civilian safe-passage corridors to evacuate vulnerable elderly, women, and pediatric patients from active hostility perimeters. International observers monitored compliance to ensure unhindered transit for humanitarian convoys transporting essential rations and emergency medical supplies. Analysts tracking developments in India highlighted that multilateral actors in South Asia are preparing contingency measures.",Humanitarian Impact,2026-10-04,Associated Press,India,South Asia
ART-10878,Container shipping carriers divert cargo fleets around Cape of Good Hope amid maritime threats,"Leading international container shipping lines announced indefinite rerouting of commercial vessels around southern Africa to avoid high-risk maritime straits. The maritime diversion adds 10 to 14 days to standard transit voyages, absorbing container fleet capacity, delaying port turnarounds, and triggering sharp increases in spot ocean freight rates. In United States, emergency coordination committees met to assess secondary vulnerabilities across North America.",Trade & Shipping,2026-10-06,Al Jazeera,United States,North America
ART-11330,Makeshift refugee settlements overwhelmed by torrential flooding and freezing weather,"Severe seasonal weather inundated informal displacement settlements, destroying temporary plastic shelters and creating catastrophic sanitary conditions for thousands of families. Disaster response teams mobilized emergency drainage pumps and emergency clothing distributions. Field correspondents in United States reported that ongoing developments across North America are compounding operational risks.",Humanitarian Impact,2026-09-22,Wall Street Journal,United States,North America
ART-10881,Dry bulk carrier grain shipments stranded in territorial waters amid maritime security impasse,Dozens of bulk cargo vessels carrying millions of metric tons of wheat and agricultural commodities remained anchored outside key commercial ports due to unconfirmed maritime passage clearances and mine threat assessments. Agricultural traders warned of contract defaults and grain supply shortages in import-dependent nations. International stakeholders operating within Red Sea & Horn of Africa called on officials in Yemen to exercise maximum caution.,Trade & Shipping,2026-03-16,Deutsche Welle,Yemen,Red Sea & Horn of Africa
ART-10887,Port congestion and customs clearance bottlenecks escalate across major maritime container terminals,"Logistics operators reported severe berthing queues and prolonged container dwell times exceeding historical highs at major oceanic gateway terminals. Freight forwarders cited vessel bunching, rail intermodal backlogs, and maritime rerouting schedules as compounding drivers of global supply chain gridlock. International stakeholders operating within East Asia called on officials in Japan to exercise maximum caution.",Trade & Shipping,2026-09-21,UN News,Japan,East Asia
ART-11143,Stock exchange volatility index spikes as investors rotate capital into sovereign bonds and gold,"Equities across regional bourses recorded broad sell-offs, with industrial, aviation, and consumer discretionary shares leading declines. Capital allocators rotated liquidity into sovereign treasury securities, bullion, and cash equivalents amid heightened geopolitical uncertainty and macroeconomic stagflation fears. According to senior officials in South Korea, recent indicators across East Asia underscore the urgency of coordinated multilateral action.",Economic Impact,2026-10-07,Deutsche Welle,South Korea,East Asia
ART-11054,Sovereign credit rating placed under negative review following capital flight and currency depreciation,"International credit rating agencies placed sovereign debt issuances on negative watch, citing widening fiscal deficits, rapid foreign exchange reserve depletion, and heightened geopolitical risk premia. Domestic currency valuations experienced sharp depreciations against global reserve currencies. In Japan, emergency coordination committees met to assess secondary vulnerabilities across East Asia.",Economic Impact,2026-09-18,BBC News,Japan,East Asia
ART-11313,Malnutrition rates spike among pediatric populations in besieged urban pockets,"International aid workers documented severe acute malnutrition among infants and children cut off from standard commercial food distribution networks. Humanitarian flights attempted emergency air-drops of therapeutic nutritional paste while requesting immediate humanitarian pauses. In Yemen, emergency coordination committees met to assess secondary vulnerabilities across Red Sea & Horn of Africa.",Humanitarian Impact,2026-06-10,UN News,Yemen,Red Sea & Horn of Africa
ART-10168,Tactical ballistic missiles intercept hostile command post in retaliatory strike,Military command launched precision ballistic missiles targeting an underground tactical operations center following sustained perimeter rocket attacks. Satellite damage assessments confirmed extensive structural destruction to communications masts and command bunkers. International stakeholders operating within East Asia called on officials in Taiwan to exercise maximum caution.,Military Conflict,2026-03-17,UN News,Taiwan,East Asia
ART-11210,Bilateral currency swaps activated as commercial banking system faces dollar liquidity squeeze,Central monetary authorities tapped bilateral foreign currency swap lines to inject hard currency liquidity into domestic commercial banks struggling with overseas settlement obligations. Treasury officials emphasized that foreign reserve backstops remain adequate to maintain interbank clearing operations. Strategic intelligence assessments issued in Israel indicate that conditions in Middle East remain highly dynamic and fluid.,Economic Impact,2026-08-12,BBC News,Israel,Middle East
ART-11326,Refugee displacement crisis deepens as civilian populations flee contested border zones,"International migration agencies reported that hundreds of thousands of displaced civilians have crossed international frontiers seeking asylum, overwhelming border reception facilities and temporary transit camps. Relief agencies mobilized emergency winterization tents, thermal blankets, and clean water distribution systems. According to senior officials in United Kingdom, recent indicators across Western Europe underscore the urgency of coordinated multilateral action.",Humanitarian Impact,2026-10-09,Bloomberg,United Kingdom,Western Europe
ART-10212,Cross-border commando raid triggers intense infantry firefight along buffer line,"Special forces detachments conducted reconnaissance incursions into contested border sectors, sparking sustained firefights with entrenched hostile infantry. Rapid deployment armored battalions were dispatched with close air support to establish defensive perimeters and extract forward patrol units under heavy mortar suppression. In Japan, emergency coordination committees met to assess secondary vulnerabilities across East Asia.",Military Conflict,2026-09-03,Financial Times,Japan,East Asia
ART-11407,Disrupted municipal power grids and water filtration plants jeopardize civilian public health,Public health authorities warned of escalating waterborne disease outbreaks after sustained infrastructure damage crippled municipal water purification networks and electrical sub-stations. Emergency relief teams deployed portable purification modules and oral rehydration packets to mitigate sanitary hazards. Authorities in Taiwan emphasized that immediate stability in East Asia remains essential to mitigating broader systemic fallout.,Humanitarian Impact,2026-10-03,Bloomberg,Taiwan,East Asia
ART-11211,Consumer confidence plunges as energy and food price inflation erodes household purchasing power,"National economic sentiment surveys revealed the steepest monthly drop in consumer confidence in several years as rising utility bills and grocery costs squeezed household budgets. Economists warned that declining domestic retail consumption will act as a major drag on quarterly gross domestic product. According to senior officials in Pakistan, recent indicators across South Asia underscore the urgency of coordinated multilateral action.",Economic Impact,2026-09-22,Nikkei Asia,Pakistan,South Asia
ART-11194,Bilateral currency swaps activated as commercial banking system faces dollar liquidity squeeze,Central monetary authorities tapped bilateral foreign currency swap lines to inject hard currency liquidity into domestic commercial banks struggling with overseas settlement obligations. Treasury officials emphasized that foreign reserve backstops remain adequate to maintain interbank clearing operations. Strategic intelligence assessments issued in Japan indicate that conditions in East Asia remain highly dynamic and fluid.,Economic Impact,2026-01-19,Bloomberg,Japan,East Asia
ART-11413,United Nations launches emergency humanitarian relief appeal for food aid and medical shelter,"Humanitarian coordinators formally issued a multilateral funding appeal seeking urgent donor contributions to support frontline field clinics and nutritional distribution hubs. Aid convoys reported severe logistical hurdles attempting to deliver relief supplies to isolated civilian populations trapped along combat axes. According to senior officials in Taiwan, recent indicators across East Asia underscore the urgency of coordinated multilateral action.",Humanitarian Impact,2026-03-21,Al Jazeera,Taiwan,East Asia
ART-10417,United Nations Security Council convenes emergency session over border sovereignty dispute,Permanent delegates at the United Nations Headquarters debated a draft resolution condemning territorial incursions and mandating the deployment of an international peacekeeping observer mission. Diplomatic attachés engaged in intense multilateral consultations to resolve contentious veto language regarding territorial sovereignty. International stakeholders operating within Persian Gulf called on officials in Saudi Arabia to exercise maximum caution.,Diplomatic / Political,2026-04-10,Nikkei Asia,Saudi Arabia,Persian Gulf
ART-10579,Offshore drilling platform security elevated following hostile drone reconnaissance sightings,Offshore energy operators implemented maximum security protocols across deepwater drilling rigs after unidentified aerial drones were observed conducting surveillance over gas extraction platforms. Naval patrol craft were deployed to maintain exclusion perimeters around strategic energy infrastructure. Strategic intelligence assessments issued in Taiwan indicate that conditions in East Asia remain highly dynamic and fluid.,Energy Risk,2026-07-08,Nikkei Asia,Taiwan,East Asia
ART-11204,Corporate debt default risk rises as borrowing costs spike following geopolitical credit repricing,"Credit default swap spreads widened significantly across corporate debt markets as lenders repriced risk margins for businesses exposed to cross-border supply shocks. Debt restructuring advisors noted a sharp uptick in emergency corporate credit facility requests. Reporting from Russia, diplomatic and local observers noted that strategic shifts in Eastern Europe continue to dictate regional outcomes.",Economic Impact,2026-06-22,Nikkei Asia,Russia,Eastern Europe
ART-11325,United Nations launches emergency humanitarian relief appeal for food aid and medical shelter,Humanitarian coordinators formally issued a multilateral funding appeal seeking urgent donor contributions to support frontline field clinics and nutritional distribution hubs. Aid convoys reported severe logistical hurdles attempting to deliver relief supplies to isolated civilian populations trapped along combat axes. International stakeholders operating within Western Europe called on officials in Germany to exercise maximum caution.,Humanitarian Impact,2026-04-21,Associated Press,Germany,Western Europe
ART-10420,Parliamentary committee ratifies strategic bilateral defense cooperation treaty,"Legislators voted overwhelmingly to approve a comprehensive security alliance treaty authorizing joint intelligence sharing, reciprocal military base access, and coordinated defense procurement. Government ministers emphasized that the diplomatic accord reinforces regional deterrence without violating international neutrality accords. According to senior officials in Russia, recent indicators across Eastern Europe underscore the urgency of coordinated multilateral action.",Diplomatic / Political,2026-03-19,Nikkei Asia,Russia,Eastern Europe
ART-11218,Bilateral currency swaps activated as commercial banking system faces dollar liquidity squeeze,Central monetary authorities tapped bilateral foreign currency swap lines to inject hard currency liquidity into domestic commercial banks struggling with overseas settlement obligations. Treasury officials emphasized that foreign reserve backstops remain adequate to maintain interbank clearing operations. International stakeholders operating within Middle East called on officials in Turkey to exercise maximum caution.,Economic Impact,2026-10-14,BBC News,Turkey,Middle East
ART-10941,Global automotive supply chains stall as crucial raw material cargo shipments face port delays,"Major automotive assembly plants announced temporary production line shutdowns due to critical parts shortages resulting from delayed maritime shipping containers. Logistics coordinators reported that specialized component vessels had been delayed over two weeks due to harbor congestion. Reporting from Germany, diplomatic and local observers noted that strategic shifts in Western Europe continue to dictate regional outcomes.",Trade & Shipping,2026-06-21,Deutsche Welle,Germany,Western Europe
ART-10318,Foreign ministers issue joint communique calling for de-escalation and diplomatic roadmaps,"Senior diplomats representing regional powers issued a coordinated statement demanding an immediate halt to escalating rhetoric and the restoration of established diplomatic channels. The communique proposed a three-phase transition roadmap including demilitarized buffer zones and internationally monitored elections. In Turkey, emergency coordination committees met to assess secondary vulnerabilities across Middle East.",Diplomatic / Political,2026-06-13,BBC News,Turkey,Middle East
ART-10752,OPEC+ convenes emergency ministerial meeting as maritime transit tensions threaten crude exports,"Petroleum exporting ministers scheduled extraordinary virtual consultations to review market stability and global spare crude production capacity following maritime bottlenecks in key transit chokepoints. Energy analysts cautioned that export delays could quickly deplete OECD commercial crude reserves and elevate spot price volatility. Reporting from South Korea, diplomatic and local observers noted that strategic shifts in East Asia continue to dictate regional outcomes.",Energy Risk,2026-07-28,Wall Street Journal,South Korea,East Asia
ART-10123,Hypersonic missile barrage targets critical defense installations and radar outposts,"Air defense surveillance networks detected high-velocity aerodynamic missile trajectories aimed at strategic command nodes and hardened munitions storage facilities. Military spokespersons stated that mobile interceptor batteries engaged multiple inbound warheads, while combat search-and-rescue teams mobilized across blast perimeters. According to senior officials in Germany, recent indicators across Western Europe underscore the urgency of coordinated multilateral action.",Military Conflict,2026-06-16,Reuters,Germany,Western Europe
ART-10654,Power grid operators initiate emergency load shedding following sabotage of high-voltage transmission lines,"National electrical transmission coordinators implemented rolling blackouts across metropolitan centers after key electrical substations and cross-border interconnectors sustained coordinated physical sabotage. Energy officials urged citizens to conserve electricity while backup diesel generators were deployed to hospitals. According to senior officials in Sudan, recent indicators across Red Sea & Horn of Africa underscore the urgency of coordinated multilateral action.",Energy Risk,2026-08-13,Wall Street Journal,Sudan,Red Sea & Horn of Africa
ART-11489,Malnutrition rates spike among pediatric populations in besieged urban pockets,"International aid workers documented severe acute malnutrition among infants and children cut off from standard commercial food distribution networks. Humanitarian flights attempted emergency air-drops of therapeutic nutritional paste while requesting immediate humanitarian pauses. In Sudan, emergency coordination committees met to assess secondary vulnerabilities across Red Sea & Horn of Africa.",Humanitarian Impact,2026-10-02,Bloomberg,Sudan,Red Sea & Horn of Africa
ART-10742,Power grid operators initiate emergency load shedding following sabotage of high-voltage transmission lines,National electrical transmission coordinators implemented rolling blackouts across metropolitan centers after key electrical substations and cross-border interconnectors sustained coordinated physical sabotage. Energy officials urged citizens to conserve electricity while backup diesel generators were deployed to hospitals. Strategic intelligence assessments issued in India indicate that conditions in South Asia remain highly dynamic and fluid.,Energy Risk,2026-03-17,UN News,India,South Asia
ART-10325,Multilateral peace conference deadlocked over territorial governance and treaty guarantees,"Diplomatic negotiations stalled after opposing delegations rejected compromise terms concerning international border administration and security guarantees. Facilitators from neutral states urged both delegations to maintain working-level communications and prevent the total breakdown of diplomatic dialogue. According to senior officials in Iran, recent indicators across Persian Gulf underscore the urgency of coordinated multilateral action.",Diplomatic / Political,2026-03-26,Financial Times,Iran,Persian Gulf
ART-10974,Container shipping carriers divert cargo fleets around Cape of Good Hope amid maritime threats,"Leading international container shipping lines announced indefinite rerouting of commercial vessels around southern Africa to avoid high-risk maritime straits. The maritime diversion adds 10 to 14 days to standard transit voyages, absorbing container fleet capacity, delaying port turnarounds, and triggering sharp increases in spot ocean freight rates. According to senior officials in Saudi Arabia, recent indicators across Persian Gulf underscore the urgency of coordinated multilateral action.",Trade & Shipping,2026-04-18,Al Jazeera,Saudi Arabia,Persian Gulf
ART-11384,"Field hospitals face critical shortages of surgical anesthetics, electricity, and clean water","Medical relief organizations operating inside crisis sectors issued urgent distress alerts regarding depleted pharmaceuticals, damaged municipal water treatment facilities, and erratic generator fuel supplies necessary to maintain life-saving intensive care and trauma operating rooms. In Egypt, emergency coordination committees met to assess secondary vulnerabilities across Red Sea & Horn of Africa.",Humanitarian Impact,2026-02-19,BBC News,Egypt,Red Sea & Horn of Africa
ART-10876,Customs authority impounds containerized shipments under expanded cross-border trade sanctions,"Port customs officials seized hundreds of cargo containers suspected of violating expanded international sanctions targeting dual-use industrial components. Importers and freight forwarders faced lengthy legal audits and storage fees as customs clearance procedures were dramatically expanded. According to senior officials in Qatar, recent indicators across Persian Gulf underscore the urgency of coordinated multilateral action.",Trade & Shipping,2026-03-12,BBC News,Qatar,Persian Gulf
ART-11012,Customs authority impounds containerized shipments under expanded cross-border trade sanctions,"Port customs officials seized hundreds of cargo containers suspected of violating expanded international sanctions targeting dual-use industrial components. Importers and freight forwarders faced lengthy legal audits and storage fees as customs clearance procedures were dramatically expanded. According to senior officials in Sudan, recent indicators across Red Sea & Horn of Africa underscore the urgency of coordinated multilateral action.",Trade & Shipping,2026-01-25,Deutsche Welle,Sudan,Red Sea & Horn of Africa
ART-11112,Manufacturing purchasing managers index drops into contraction territory amid input price spikes,"National manufacturing indices slumped below the critical 50-point threshold, signaling industrial output contraction across export-oriented sectors. Factory managers reported elevated input acquisition costs, backlog accumulation, and declining international export orders due to geopolitical uncertainty. According to senior officials in Qatar, recent indicators across Persian Gulf underscore the urgency of coordinated multilateral action.",Economic Impact,2026-09-11,Reuters,Qatar,Persian Gulf
ART-11231,Stock exchange volatility index spikes as investors rotate capital into sovereign bonds and gold,"Equities across regional bourses recorded broad sell-offs, with industrial, aviation, and consumer discretionary shares leading declines. Capital allocators rotated liquidity into sovereign treasury securities, bullion, and cash equivalents amid heightened geopolitical uncertainty and macroeconomic stagflation fears. In South Korea, emergency coordination committees met to assess secondary vulnerabilities across East Asia.",Economic Impact,2026-01-10,Associated Press,South Korea,East Asia
ART-10192,Tactical ballistic missiles intercept hostile command post in retaliatory strike,Military command launched precision ballistic missiles targeting an underground tactical operations center following sustained perimeter rocket attacks. Satellite damage assessments confirmed extensive structural destruction to communications masts and command bunkers. International stakeholders operating within Persian Gulf called on officials in Qatar to exercise maximum caution.,Military Conflict,2026-05-27,Al Jazeera,Qatar,Persian Gulf
ART-11395,Mobile medical teams deploy to remote border crossings as civilian trauma casualties mount,"Emergency medical NGOs deployed mobile surgical units and trauma ambulances along primary refugee transit highways to treat shrapnel injuries and dehydration. Medical directors reported that regional clinics have exhausted their primary supplies of blood plasma and IV fluids. In Israel, emergency coordination committees met to assess secondary vulnerabilities across Middle East.",Humanitarian Impact,2026-06-26,Deutsche Welle,Israel,Middle East
ART-10937,Dry bulk carrier grain shipments stranded in territorial waters amid maritime security impasse,"Dozens of bulk cargo vessels carrying millions of metric tons of wheat and agricultural commodities remained anchored outside key commercial ports due to unconfirmed maritime passage clearances and mine threat assessments. Agricultural traders warned of contract defaults and grain supply shortages in import-dependent nations. According to senior officials in South Korea, recent indicators across East Asia underscore the urgency of coordinated multilateral action.",Trade & Shipping,2026-01-15,BBC News,South Korea,East Asia
ART-10142,Air defense interceptors scramble as hostile bomber formations approach territorial airspace,Tactical fighter squadrons conducted emergency combat air patrols after long-range strategic bombers were detected operating near sovereign air defense identification zones. Defense ministry officials confirmed that electronic warfare aircraft shadowed the formations until they altered course away from defensive boundaries. Analysts tracking developments in United Kingdom highlighted that multilateral actors in Western Europe are preparing contingency measures.,Military Conflict,2026-01-20,UN News,United Kingdom,Western Europe
ART-11452,Civilian evacuation corridors established under international red cross mediation,"Humanitarian organizations coordinated temporary civilian safe-passage corridors to evacuate vulnerable elderly, women, and pediatric patients from active hostility perimeters. International observers monitored compliance to ensure unhindered transit for humanitarian convoys transporting essential rations and emergency medical supplies. International stakeholders operating within Eastern Europe called on officials in Russia to exercise maximum caution.",Humanitarian Impact,2026-07-11,Nikkei Asia,Russia,Eastern Europe
ART-10588,Natural gas pipeline compression station suffers severe explosion amid geopolitical friction,"A critical natural gas compression station feeding industrial manufacturing hubs suffered a catastrophic pipeline failure, cutting regional gas transit volumes by over 40 percent. Energy distribution utilities immediately mandated industrial consumption rationing while emergency engineering teams assessed blast damage. In India, emergency coordination committees met to assess secondary vulnerabilities across South Asia.",Energy Risk,2026-02-28,Wall Street Journal,India,South Asia
ART-10540,Natural gas pipeline compression station suffers severe explosion amid geopolitical friction,"A critical natural gas compression station feeding industrial manufacturing hubs suffered a catastrophic pipeline failure, cutting regional gas transit volumes by over 40 percent. Energy distribution utilities immediately mandated industrial consumption rationing while emergency engineering teams assessed blast damage. Strategic intelligence assessments issued in Saudi Arabia indicate that conditions in Persian Gulf remain highly dynamic and fluid.",Energy Risk,2026-04-03,Al Jazeera,Saudi Arabia,Persian Gulf
ART-11029,Central banks signal emergency interest rate adjustments as geopolitical inflation pressures broaden,Monetary policy committees convened extraordinary policy meetings to evaluate persistent macroeconomic shocks stemming from import price inflation and commodity supply friction. Financial market analysts revised benchmark interest rate trajectories upward as headline consumer price indices reflected elevated freight and producer input expenses. Analysts tracking developments in Ukraine highlighted that multilateral actors in Eastern Europe are preparing contingency measures.,Economic Impact,2026-08-16,Al Jazeera,Ukraine,Eastern Europe
ART-11569,Air defense interceptors scramble as hostile bomber formations approach territorial airspace,Tactical fighter squadrons conducted emergency combat air patrols after long-range strategic bombers were detected operating near sovereign air defense identification zones. Defense ministry officials confirmed that electronic warfare aircraft shadowed the formations until they altered course away from defensive boundaries. International stakeholders operating within Red Sea & Horn of Africa called on officials in Egypt to exercise maximum caution.,Military Conflict,2026-05-22,Bloomberg,Egypt,Red Sea & Horn of Africa
ART-11548,Natural gas pipeline compression station suffers severe explosion amid geopolitical friction,"A critical natural gas compression station feeding industrial manufacturing hubs suffered a catastrophic pipeline failure, cutting regional gas transit volumes by over 40 percent. Energy distribution utilities immediately mandated industrial consumption rationing while emergency engineering teams assessed blast damage. International stakeholders operating within Eastern Europe called on officials in Poland to exercise maximum caution.",Energy Risk,2026-08-18,Al Jazeera,Poland,Eastern Europe
ART-10456,Bilateral ceasefire negotiations resume under international diplomatic mediation,"Special diplomatic envoys and foreign ministers convened high-stakes closed-door consultations aimed at establishing an immediate humanitarian truce and verifiable demilitarization framework. Negotiators reviewed draft protocols addressing prisoner-of-war exchanges, border verification monitors, and the formal cessation of cross-border hostilities. In Egypt, emergency coordination committees met to assess secondary vulnerabilities across Red Sea & Horn of Africa.",Diplomatic / Political,2026-03-10,Associated Press,Egypt,Red Sea & Horn of Africa
ART-10477,Multilateral peace conference deadlocked over territorial governance and treaty guarantees,Diplomatic negotiations stalled after opposing delegations rejected compromise terms concerning international border administration and security guarantees. Facilitators from neutral states urged both delegations to maintain working-level communications and prevent the total breakdown of diplomatic dialogue. International stakeholders operating within South Asia called on officials in Pakistan to exercise maximum caution.,Diplomatic / Political,2026-07-06,BBC News,Pakistan,South Asia
ART-10135,Urban warfare intensifies as mechanized units push into contested industrial outskirts,"Heavy machine gun fire, anti-tank guided missiles, and snipers engaged in ferocious building-to-building clashes in industrial sectors. Combat engineers detonated obstacle barriers under smoke screens while field artillery delivered preparatory barrages against reinforced strongpoints. According to senior officials in Russia, recent indicators across Eastern Europe underscore the urgency of coordinated multilateral action.",Military Conflict,2026-05-18,Reuters,Russia,Eastern Europe
ART-10699,Offshore drilling platform security elevated following hostile drone reconnaissance sightings,"Offshore energy operators implemented maximum security protocols across deepwater drilling rigs after unidentified aerial drones were observed conducting surveillance over gas extraction platforms. Naval patrol craft were deployed to maintain exclusion perimeters around strategic energy infrastructure. In Saudi Arabia, emergency coordination committees met to assess secondary vulnerabilities across Persian Gulf.",Energy Risk,2026-06-16,BBC News,Saudi Arabia,Persian Gulf
ART-10209,Artillery barrages and tactical drone strikes intensify along contested frontline,"Heavy artillery exchanges and long-range unmanned aerial strikes escalated across contested frontline defense sectors overnight. Ground command headquarters confirmed multiple cruise missile interceptions and reinforced mechanized infantry brigades holding fortified trenches. Contested air defense batteries engaged low-altitude reconnaissance drones while combat engineers deployed perimeter minefields. According to senior officials in Poland, recent indicators across Eastern Europe underscore the urgency of coordinated multilateral action.",Military Conflict,2026-06-21,Nikkei Asia,Poland,Eastern Europe
ART-10547,Offshore drilling platform security elevated following hostile drone reconnaissance sightings,Offshore energy operators implemented maximum security protocols across deepwater drilling rigs after unidentified aerial drones were observed conducting surveillance over gas extraction platforms. Naval patrol craft were deployed to maintain exclusion perimeters around strategic energy infrastructure. International stakeholders operating within Middle East called on officials in Israel to exercise maximum caution.,Energy Risk,2026-10-18,Financial Times,Israel,Middle East
ART-10680,OPEC+ convenes emergency ministerial meeting as maritime transit tensions threaten crude exports,"Petroleum exporting ministers scheduled extraordinary virtual consultations to review market stability and global spare crude production capacity following maritime bottlenecks in key transit chokepoints. Energy analysts cautioned that export delays could quickly deplete OECD commercial crude reserves and elevate spot price volatility. In Sudan, emergency coordination committees met to assess secondary vulnerabilities across Red Sea & Horn of Africa.",Energy Risk,2026-01-13,Deutsche Welle,Sudan,Red Sea & Horn of Africa
ART-10057,Artillery barrages and tactical drone strikes intensify along contested frontline,"Heavy artillery exchanges and long-range unmanned aerial strikes escalated across contested frontline defense sectors overnight. Ground command headquarters confirmed multiple cruise missile interceptions and reinforced mechanized infantry brigades holding fortified trenches. Contested air defense batteries engaged low-altitude reconnaissance drones while combat engineers deployed perimeter minefields. In Poland, emergency coordination committees met to assess secondary vulnerabilities across Eastern Europe.",Military Conflict,2026-06-08,Associated Press,Poland,Eastern Europe
ART-11193,Foreign direct investment inflows contract sharply amid cross-border geopolitical instability,"Economic development ministries reported a substantial deceleration in inbound foreign direct investment as multinational corporations suspended cross-border capital expansion projects. Investment analysts cited sovereign expropriation risks and geopolitical volatility as primary drivers of capital hesitation. In Sudan, emergency coordination committees met to assess secondary vulnerabilities across Red Sea & Horn of Africa.",Economic Impact,2026-06-08,Financial Times,Sudan,Red Sea & Horn of Africa
ART-10026,Naval task force engages hostile explosive drone boats in strategic strait,Guided missile destroyers deployed on maritime security patrol neutralized several unmanned explosive surface vessels attempting to strike military logistics convoys. Naval fleet commanders ordered elevated combat readiness and deployed electronic jamming countermeasures to disable hostile telemetry links along contested maritime transit corridors. International stakeholders operating within Western Europe called on officials in United Kingdom to exercise maximum caution.,Military Conflict,2026-04-20,Nikkei Asia,United Kingdom,Western Europe
ART-10508,Parliamentary committee ratifies strategic bilateral defense cooperation treaty,"Legislators voted overwhelmingly to approve a comprehensive security alliance treaty authorizing joint intelligence sharing, reciprocal military base access, and coordinated defense procurement. Government ministers emphasized that the diplomatic accord reinforces regional deterrence without violating international neutrality accords. In Yemen, emergency coordination committees met to assess secondary vulnerabilities across Red Sea & Horn of Africa.",Diplomatic / Political,2026-09-21,Al Jazeera,Yemen,Red Sea & Horn of Africa
ART-11173,Central banks signal emergency interest rate adjustments as geopolitical inflation pressures broaden,"Monetary policy committees convened extraordinary policy meetings to evaluate persistent macroeconomic shocks stemming from import price inflation and commodity supply friction. Financial market analysts revised benchmark interest rate trajectories upward as headline consumer price indices reflected elevated freight and producer input expenses. According to senior officials in Pakistan, recent indicators across South Asia underscore the urgency of coordinated multilateral action.",Economic Impact,2026-05-03,UN News,Pakistan,South Asia
ART-11356,Civilian evacuation corridors established under international red cross mediation,"Humanitarian organizations coordinated temporary civilian safe-passage corridors to evacuate vulnerable elderly, women, and pediatric patients from active hostility perimeters. International observers monitored compliance to ensure unhindered transit for humanitarian convoys transporting essential rations and emergency medical supplies. In Egypt, emergency coordination committees met to assess secondary vulnerabilities across Red Sea & Horn of Africa.",Humanitarian Impact,2026-10-14,UN News,Egypt,Red Sea & Horn of Africa
ART-10038,Air defense interceptors scramble as hostile bomber formations approach territorial airspace,Tactical fighter squadrons conducted emergency combat air patrols after long-range strategic bombers were detected operating near sovereign air defense identification zones. Defense ministry officials confirmed that electronic warfare aircraft shadowed the formations until they altered course away from defensive boundaries. Field correspondents in China reported that ongoing developments across East Asia are compounding operational risks.,Military Conflict,2026-07-26,Al Jazeera,China,East Asia
ART-11424,"Field hospitals face critical shortages of surgical anesthetics, electricity, and clean water","Medical relief organizations operating inside crisis sectors issued urgent distress alerts regarding depleted pharmaceuticals, damaged municipal water treatment facilities, and erratic generator fuel supplies necessary to maintain life-saving intensive care and trauma operating rooms. International stakeholders operating within Eastern Europe called on officials in Ukraine to exercise maximum caution.",Humanitarian Impact,2026-04-10,Bloomberg,Ukraine,Eastern Europe
ART-10834,Air cargo freight rates surge as commercial shippers seek alternatives to disrupted ocean lanes,"Air logistics forwarders recorded historic price increases per kilogram of air cargo as manufacturers chartered dedicated freighter aircraft to bypass blocked maritime shipping corridors. Cargo airlines expanded flight schedules between manufacturing hubs to accommodate high-value automotive and electronics freight. In United Kingdom, emergency coordination committees met to assess secondary vulnerabilities across Western Europe.",Trade & Shipping,2026-07-18,UN News,United Kingdom,Western Europe
ART-10785,Dry bulk carrier grain shipments stranded in territorial waters amid maritime security impasse,"Dozens of bulk cargo vessels carrying millions of metric tons of wheat and agricultural commodities remained anchored outside key commercial ports due to unconfirmed maritime passage clearances and mine threat assessments. Agricultural traders warned of contract defaults and grain supply shortages in import-dependent nations. In Ukraine, emergency coordination committees met to assess secondary vulnerabilities across Eastern Europe.",Trade & Shipping,2026-09-06,Al Jazeera,Ukraine,Eastern Europe
ART-10270,Foreign ministers issue joint communique calling for de-escalation and diplomatic roadmaps,"Senior diplomats representing regional powers issued a coordinated statement demanding an immediate halt to escalating rhetoric and the restoration of established diplomatic channels. The communique proposed a three-phase transition roadmap including demilitarized buffer zones and internationally monitored elections. In Qatar, emergency coordination committees met to assess secondary vulnerabilities across Persian Gulf.",Diplomatic / Political,2026-02-11,Bloomberg,Qatar,Persian Gulf
ART-11534,Diplomatic communique issued regarding border status,,Diplomatic / Political,2026-04-12,Reuters,Israel,Middle East
ART-11352,"Field hospitals face critical shortages of surgical anesthetics, electricity, and clean water","Medical relief organizations operating inside crisis sectors issued urgent distress alerts regarding depleted pharmaceuticals, damaged municipal water treatment facilities, and erratic generator fuel supplies necessary to maintain life-saving intensive care and trauma operating rooms. International stakeholders operating within Persian Gulf called on officials in Saudi Arabia to exercise maximum caution.",Humanitarian Impact,2026-10-06,Wall Street Journal,Saudi Arabia,Persian Gulf
ART-11543,Artillery barrages and tactical drone strikes intensify along contested frontline,"Heavy artillery exchanges and long-range unmanned aerial strikes escalated across contested frontline defense sectors overnight. Ground command headquarters confirmed multiple cruise missile interceptions and reinforced mechanized infantry brigades holding fortified trenches. Contested air defense batteries engaged low-altitude reconnaissance drones while combat engineers deployed perimeter minefields. According to senior officials in Poland, recent indicators across Eastern Europe underscore the urgency of coordinated multilateral action.",Military Conflict,2026-06-21,Nikkei Asia,Poland,Eastern Europe
ART-11504,"Field hospitals face critical shortages of surgical anesthetics, electricity, and clean water","Medical relief organizations operating inside crisis sectors issued urgent distress alerts regarding depleted pharmaceuticals, damaged municipal water treatment facilities, and erratic generator fuel supplies necessary to maintain life-saving intensive care and trauma operating rooms. International stakeholders operating within Red Sea & Horn of Africa called on officials in Sudan to exercise maximum caution.",Humanitarian Impact,2026-09-20,Financial Times,Sudan,Red Sea & Horn of Africa
ART-10573,Uranium enrichment and nuclear fuel supply chains threatened by geopolitical trade curbs,"Civilian nuclear power operators warned of long-term fuel fabrication vulnerabilities as geopolitical tensions disrupted international uranium enrichment and nuclear fuel rod shipments. Power plant managers initiated fuel conservation measures to safeguard baseload electrical generation capacity. According to senior officials in United Kingdom, recent indicators across Western Europe underscore the urgency of coordinated multilateral action.",Energy Risk,2026-02-11,Wall Street Journal,United Kingdom,Western Europe
ART-11009,Dry bulk carrier grain shipments stranded in territorial waters amid maritime security impasse,"Dozens of bulk cargo vessels carrying millions of metric tons of wheat and agricultural commodities remained anchored outside key commercial ports due to unconfirmed maritime passage clearances and mine threat assessments. Agricultural traders warned of contract defaults and grain supply shortages in import-dependent nations. According to senior officials in Russia, recent indicators across Eastern Europe underscore the urgency of coordinated multilateral action.",Trade & Shipping,2026-01-25,Deutsche Welle,Russia,Eastern Europe
ART-10396,Parliamentary committee ratifies strategic bilateral defense cooperation treaty,"Legislators voted overwhelmingly to approve a comprehensive security alliance treaty authorizing joint intelligence sharing, reciprocal military base access, and coordinated defense procurement. Government ministers emphasized that the diplomatic accord reinforces regional deterrence without violating international neutrality accords. According to senior officials in Pakistan, recent indicators across South Asia underscore the urgency of coordinated multilateral action.",Diplomatic / Political,2026-10-15,Bloomberg,Pakistan,South Asia
ART-10995,Maritime insurance syndicates cancel commercial hull coverage for vessels navigating disputed waters,Global marine insurance underwriters formally notified shipowners that war-risk hull and machinery insurance policies would be rescinded for vessels transiting designated high-risk maritime corridors. Ship operators faced the choice between exorbitant special indemnity premiums or canceling scheduled voyages. International stakeholders operating within Eastern Europe called on officials in Ukraine to exercise maximum caution.,Trade & Shipping,2026-04-09,Nikkei Asia,Ukraine,Eastern Europe
ART-10032,Tactical ballistic missiles intercept hostile command post in retaliatory strike,"Military command launched precision ballistic missiles targeting an underground tactical operations center following sustained perimeter rocket attacks. Satellite damage assessments confirmed extensive structural destruction to communications masts and command bunkers. According to senior officials in Taiwan, recent indicators across East Asia underscore the urgency of coordinated multilateral action.",Military Conflict,2026-04-25,Nikkei Asia,Taiwan,East Asia
ART-10984,Bilateral tariff escalation and export licensing controls enacted on critical high-tech components,"Commerce ministries imposed sweeping tariff increases and strict export license restrictions on key industrial raw materials, advanced machine tools, and semiconductor wafers. Trade associations warned that compliance friction and retaliatory tariffs threaten to disrupt global electronic manufacturing supply chains. According to senior officials in Taiwan, recent indicators across East Asia underscore the urgency of coordinated multilateral action.",Trade & Shipping,2026-05-17,Nikkei Asia,Taiwan,East Asia
ART-11264,Manufacturing purchasing managers index drops into contraction territory amid input price spikes,"National manufacturing indices slumped below the critical 50-point threshold, signaling industrial output contraction across export-oriented sectors. Factory managers reported elevated input acquisition costs, backlog accumulation, and declining international export orders due to geopolitical uncertainty. In Ukraine, emergency coordination committees met to assess secondary vulnerabilities across Eastern Europe.",Economic Impact,2026-03-08,Associated Press,Ukraine,Eastern Europe
ART-10332,Parliamentary committee ratifies strategic bilateral defense cooperation treaty,"Legislators voted overwhelmingly to approve a comprehensive security alliance treaty authorizing joint intelligence sharing, reciprocal military base access, and coordinated defense procurement. Government ministers emphasized that the diplomatic accord reinforces regional deterrence without violating international neutrality accords. International stakeholders operating within Western Europe called on officials in United Kingdom to exercise maximum caution.",Diplomatic / Political,2026-06-06,Bloomberg,United Kingdom,Western Europe
ART-10707,Offshore drilling platform security elevated following hostile drone reconnaissance sightings,Offshore energy operators implemented maximum security protocols across deepwater drilling rigs after unidentified aerial drones were observed conducting surveillance over gas extraction platforms. Naval patrol craft were deployed to maintain exclusion perimeters around strategic energy infrastructure. International stakeholders operating within Red Sea & Horn of Africa called on officials in Sudan to exercise maximum caution.,Energy Risk,2026-10-17,Associated Press,Sudan,Red Sea & Horn of Africa
ART-10989,Global automotive supply chains stall as crucial raw material cargo shipments face port delays,Major automotive assembly plants announced temporary production line shutdowns due to critical parts shortages resulting from delayed maritime shipping containers. Logistics coordinators reported that specialized component vessels had been delayed over two weeks due to harbor congestion. International stakeholders operating within Red Sea & Horn of Africa called on officials in Egypt to exercise maximum caution.,Trade & Shipping,2026-09-13,Financial Times,Egypt,Red Sea & Horn of Africa
ART-10484,Parliamentary committee ratifies strategic bilateral defense cooperation treaty,"Legislators voted overwhelmingly to approve a comprehensive security alliance treaty authorizing joint intelligence sharing, reciprocal military base access, and coordinated defense procurement. Government ministers emphasized that the diplomatic accord reinforces regional deterrence without violating international neutrality accords. According to senior officials in Qatar, recent indicators across Persian Gulf underscore the urgency of coordinated multilateral action.",Diplomatic / Political,2026-07-19,Al Jazeera,Qatar,Persian Gulf
ART-11186,Bilateral currency swaps activated as commercial banking system faces dollar liquidity squeeze,"Central monetary authorities tapped bilateral foreign currency swap lines to inject hard currency liquidity into domestic commercial banks struggling with overseas settlement obligations. Treasury officials emphasized that foreign reserve backstops remain adequate to maintain interbank clearing operations. In Yemen, emergency coordination committees met to assess secondary vulnerabilities across Red Sea & Horn of Africa.",Economic Impact,2026-03-12,Deutsche Welle,Yemen,Red Sea & Horn of Africa
ART-10631,Major crude oil pipeline flow suspended following strategic transit sabotage threat,"Energy operators halted pumping operations along a major transcontinental crude pipeline after intelligence reports identified credible security threats against remote pumping stations. Energy security ministries initiated pipeline integrity inspections, while oil refinery operators tapped reserve stockpiles to maintain downstream distillation output. Analysts tracking developments in Egypt highlighted that multilateral actors in Red Sea & Horn of Africa are preparing contingency measures.",Energy Risk,2026-02-24,Bloomberg,Egypt,Red Sea & Horn of Africa
ART-11045,Central banks signal emergency interest rate adjustments as geopolitical inflation pressures broaden,"Monetary policy committees convened extraordinary policy meetings to evaluate persistent macroeconomic shocks stemming from import price inflation and commodity supply friction. Financial market analysts revised benchmark interest rate trajectories upward as headline consumer price indices reflected elevated freight and producer input expenses. According to senior officials in United Kingdom, recent indicators across Western Europe underscore the urgency of coordinated multilateral action.",Economic Impact,2026-02-01,Financial Times,United Kingdom,Western Europe
ART-11155,Consumer confidence plunges as energy and food price inflation erodes household purchasing power,"National economic sentiment surveys revealed the steepest monthly drop in consumer confidence in several years as rising utility bills and grocery costs squeezed household budgets. Economists warned that declining domestic retail consumption will act as a major drag on quarterly gross domestic product. According to senior officials in Egypt, recent indicators across Red Sea & Horn of Africa underscore the urgency of coordinated multilateral action.",Economic Impact,2026-09-26,Associated Press,Egypt,Red Sea & Horn of Africa
ART-10970,Air cargo freight rates surge as commercial shippers seek alternatives to disrupted ocean lanes,Air logistics forwarders recorded historic price increases per kilogram of air cargo as manufacturers chartered dedicated freighter aircraft to bypass blocked maritime shipping corridors. Cargo airlines expanded flight schedules between manufacturing hubs to accommodate high-value automotive and electronics freight. Strategic intelligence assessments issued in Saudi Arabia indicate that conditions in Persian Gulf remain highly dynamic and fluid.,Trade & Shipping,2026-07-22,Reuters,Saudi Arabia,Persian Gulf
ART-10320,Bilateral ceasefire negotiations resume under international diplomatic mediation,"Special diplomatic envoys and foreign ministers convened high-stakes closed-door consultations aimed at establishing an immediate humanitarian truce and verifiable demilitarization framework. Negotiators reviewed draft protocols addressing prisoner-of-war exchanges, border verification monitors, and the formal cessation of cross-border hostilities. In South Korea, emergency coordination committees met to assess secondary vulnerabilities across East Asia.",Diplomatic / Political,2026-05-09,Associated Press,South Korea,East Asia
ART-10529,Liquefied natural gas terminal throttles shipments amid regional maritime insurance restrictions,"Major LNG export liquefaction facilities reduced cargo loadings after maritime underwriters imposed prohibitive war-risk insurance premiums on LNG tankers navigating adjacent waterways. European and Asian utility operators scrambled to secure spot replacement cargoes ahead of peak seasonal heating demand. According to senior officials in Israel, recent indicators across Middle East underscore the urgency of coordinated multilateral action.",Energy Risk,2026-06-21,Al Jazeera,Israel,Middle East
ART-10523,Offshore drilling platform security elevated following hostile drone reconnaissance sightings,"Offshore energy operators implemented maximum security protocols across deepwater drilling rigs after unidentified aerial drones were observed conducting surveillance over gas extraction platforms. Naval patrol craft were deployed to maintain exclusion perimeters around strategic energy infrastructure. In Japan, emergency coordination committees met to assess secondary vulnerabilities across East Asia.",Energy Risk,2026-09-28,Wall Street Journal,Japan,East Asia
ART-10256,Bilateral ceasefire negotiations resume under international diplomatic mediation,"Special diplomatic envoys and foreign ministers convened high-stakes closed-door consultations aimed at establishing an immediate humanitarian truce and verifiable demilitarization framework. Negotiators reviewed draft protocols addressing prisoner-of-war exchanges, border verification monitors, and the formal cessation of cross-border hostilities. In China, emergency coordination committees met to assess secondary vulnerabilities across East Asia.",Diplomatic / Political,2026-05-05,Associated Press,China,East Asia
ART-10915,Maritime insurance syndicates cancel commercial hull coverage for vessels navigating disputed waters,"Global marine insurance underwriters formally notified shipowners that war-risk hull and machinery insurance policies would be rescinded for vessels transiting designated high-risk maritime corridors. Ship operators faced the choice between exorbitant special indemnity premiums or canceling scheduled voyages. According to senior officials in Yemen, recent indicators across Red Sea & Horn of Africa underscore the urgency of coordinated multilateral action.",Trade & Shipping,2026-05-10,Associated Press,Yemen,Red Sea & Horn of Africa
ART-10277,Multilateral peace conference deadlocked over territorial governance and treaty guarantees,"Diplomatic negotiations stalled after opposing delegations rejected compromise terms concerning international border administration and security guarantees. Facilitators from neutral states urged both delegations to maintain working-level communications and prevent the total breakdown of diplomatic dialogue. According to senior officials in Yemen, recent indicators across Red Sea & Horn of Africa underscore the urgency of coordinated multilateral action.",Diplomatic / Political,2026-10-27,Bloomberg,Yemen,Red Sea & Horn of Africa
ART-10987,Maritime insurance syndicates cancel commercial hull coverage for vessels navigating disputed waters,"Global marine insurance underwriters formally notified shipowners that war-risk hull and machinery insurance policies would be rescinded for vessels transiting designated high-risk maritime corridors. Ship operators faced the choice between exorbitant special indemnity premiums or canceling scheduled voyages. According to senior officials in Russia, recent indicators across Eastern Europe underscore the urgency of coordinated multilateral action.",Trade & Shipping,2026-01-21,Al Jazeera,Russia,Eastern Europe
ART-10611,Offshore drilling platform security elevated following hostile drone reconnaissance sightings,Offshore energy operators implemented maximum security protocols across deepwater drilling rigs after unidentified aerial drones were observed conducting surveillance over gas extraction platforms. Naval patrol craft were deployed to maintain exclusion perimeters around strategic energy infrastructure. International stakeholders operating within East Asia called on officials in Japan to exercise maximum caution.,Energy Risk,2026-08-27,Financial Times,Japan,East Asia
ART-10096,Tactical ballistic missiles intercept hostile command post in retaliatory strike,"Military command launched precision ballistic missiles targeting an underground tactical operations center following sustained perimeter rocket attacks. Satellite damage assessments confirmed extensive structural destruction to communications masts and command bunkers. In China, emergency coordination committees met to assess secondary vulnerabilities across East Asia.",Military Conflict,2026-02-15,Wall Street Journal,China,East Asia
ART-10735,Major crude oil pipeline flow suspended following strategic transit sabotage threat,"Energy operators halted pumping operations along a major transcontinental crude pipeline after intelligence reports identified credible security threats against remote pumping stations. Energy security ministries initiated pipeline integrity inspections, while oil refinery operators tapped reserve stockpiles to maintain downstream distillation output. According to senior officials in Germany, recent indicators across Western Europe underscore the urgency of coordinated multilateral action.",Energy Risk,2026-10-25,Nikkei Asia,Germany,Western Europe
ART-10862,Container shipping carriers divert cargo fleets around Cape of Good Hope amid maritime threats,"Leading international container shipping lines announced indefinite rerouting of commercial vessels around southern Africa to avoid high-risk maritime straits. The maritime diversion adds 10 to 14 days to standard transit voyages, absorbing container fleet capacity, delaying port turnarounds, and triggering sharp increases in spot ocean freight rates. Authorities in China emphasized that immediate stability in East Asia remains essential to mitigating broader systemic fallout.",Trade & Shipping,2026-07-03,Wall Street Journal,China,East Asia
ART-11447,Disrupted municipal power grids and water filtration plants jeopardize civilian public health,Public health authorities warned of escalating waterborne disease outbreaks after sustained infrastructure damage crippled municipal water purification networks and electrical sub-stations. Emergency relief teams deployed portable purification modules and oral rehydration packets to mitigate sanitary hazards. Field correspondents in Russia reported that ongoing developments across Eastern Europe are compounding operational risks.,Humanitarian Impact,2026-01-25,Deutsche Welle,Russia,Eastern Europe
ART-10837,Global automotive supply chains stall as crucial raw material cargo shipments face port delays,Major automotive assembly plants announced temporary production line shutdowns due to critical parts shortages resulting from delayed maritime shipping containers. Logistics coordinators reported that specialized component vessels had been delayed over two weeks due to harbor congestion. International stakeholders operating within Persian Gulf called on officials in Iran to exercise maximum caution.,Trade & Shipping,2026-10-14,Bloomberg,Iran,Persian Gulf
ART-10163,Hypersonic missile barrage targets critical defense installations and radar outposts,"Air defense surveillance networks detected high-velocity aerodynamic missile trajectories aimed at strategic command nodes and hardened munitions storage facilities. Military spokespersons stated that mobile interceptor batteries engaged multiple inbound warheads, while combat search-and-rescue teams mobilized across blast perimeters. In Iran, emergency coordination committees met to assess secondary vulnerabilities across Persian Gulf.",Military Conflict,2026-10-21,Reuters,Iran,Persian Gulf
ART-11266,Bilateral currency swaps activated as commercial banking system faces dollar liquidity squeeze,Central monetary authorities tapped bilateral foreign currency swap lines to inject hard currency liquidity into domestic commercial banks struggling with overseas settlement obligations. Treasury officials emphasized that foreign reserve backstops remain adequate to maintain interbank clearing operations. Strategic intelligence assessments issued in Iran indicate that conditions in Persian Gulf remain highly dynamic and fluid.,Economic Impact,2026-08-01,Associated Press,Iran,Persian Gulf
ART-11247,Stock exchange volatility index spikes as investors rotate capital into sovereign bonds and gold,"Equities across regional bourses recorded broad sell-offs, with industrial, aviation, and consumer discretionary shares leading declines. Capital allocators rotated liquidity into sovereign treasury securities, bullion, and cash equivalents amid heightened geopolitical uncertainty and macroeconomic stagflation fears. In United Kingdom, emergency coordination committees met to assess secondary vulnerabilities across Western Europe.",Economic Impact,2026-05-04,Al Jazeera,United Kingdom,Western Europe
ART-10162,Naval task force engages hostile explosive drone boats in strategic strait,"Guided missile destroyers deployed on maritime security patrol neutralized several unmanned explosive surface vessels attempting to strike military logistics convoys. Naval fleet commanders ordered elevated combat readiness and deployed electronic jamming countermeasures to disable hostile telemetry links along contested maritime transit corridors. According to senior officials in United States, recent indicators across North America underscore the urgency of coordinated multilateral action.",Military Conflict,2026-05-05,Nikkei Asia,United States,North America
ART-10532,Natural gas pipeline compression station suffers severe explosion amid geopolitical friction,"A critical natural gas compression station feeding industrial manufacturing hubs suffered a catastrophic pipeline failure, cutting regional gas transit volumes by over 40 percent. Energy distribution utilities immediately mandated industrial consumption rationing while emergency engineering teams assessed blast damage. Reporting from Japan, diplomatic and local observers noted that strategic shifts in East Asia continue to dictate regional outcomes.",Energy Risk,2026-06-26,Al Jazeera,Japan,East Asia
ART-11528,"Field hospitals face critical shortages of surgical anesthetics, electricity, and clean water","Medical relief organizations operating inside crisis sectors issued urgent distress alerts regarding depleted pharmaceuticals, damaged municipal water treatment facilities, and erratic generator fuel supplies necessary to maintain life-saving intensive care and trauma operating rooms. International stakeholders operating within Persian Gulf called on officials in Iran to exercise maximum caution.",Humanitarian Impact,2026-06-08,Al Jazeera,Iran,Persian Gulf
ART-11348,Civilian evacuation corridors established under international red cross mediation,"Humanitarian organizations coordinated temporary civilian safe-passage corridors to evacuate vulnerable elderly, women, and pediatric patients from active hostility perimeters. International observers monitored compliance to ensure unhindered transit for humanitarian convoys transporting essential rations and emergency medical supplies. According to senior officials in India, recent indicators across South Asia underscore the urgency of coordinated multilateral action.",Humanitarian Impact,2026-01-25,Reuters,India,South Asia
ART-11083,Consumer confidence plunges as energy and food price inflation erodes household purchasing power,"National economic sentiment surveys revealed the steepest monthly drop in consumer confidence in several years as rising utility bills and grocery costs squeezed household budgets. Economists warned that declining domestic retail consumption will act as a major drag on quarterly gross domestic product. According to senior officials in Qatar, recent indicators across Persian Gulf underscore the urgency of coordinated multilateral action.",Economic Impact,2026-09-05,UN News,Qatar,Persian Gulf
ART-11157,Central banks signal emergency interest rate adjustments as geopolitical inflation pressures broaden,"Monetary policy committees convened extraordinary policy meetings to evaluate persistent macroeconomic shocks stemming from import price inflation and commodity supply friction. Financial market analysts revised benchmark interest rate trajectories upward as headline consumer price indices reflected elevated freight and producer input expenses. According to senior officials in Germany, recent indicators across Western Europe underscore the urgency of coordinated multilateral action.",Economic Impact,2026-02-13,Reuters,Germany,Western Europe
ART-11237,Central banks signal emergency interest rate adjustments as geopolitical inflation pressures broaden,Monetary policy committees convened extraordinary policy meetings to evaluate persistent macroeconomic shocks stemming from import price inflation and commodity supply friction. Financial market analysts revised benchmark interest rate trajectories upward as headline consumer price indices reflected elevated freight and producer input expenses. International stakeholders operating within Eastern Europe called on officials in Poland to exercise maximum caution.,Economic Impact,2026-06-10,Reuters,Poland,Eastern Europe
ART-11298,Makeshift refugee settlements overwhelmed by torrential flooding and freezing weather,"Severe seasonal weather inundated informal displacement settlements, destroying temporary plastic shelters and creating catastrophic sanitary conditions for thousands of families. Disaster response teams mobilized emergency drainage pumps and emergency clothing distributions. According to senior officials in South Korea, recent indicators across East Asia underscore the urgency of coordinated multilateral action.",Humanitarian Impact,2026-03-23,Wall Street Journal,South Korea,East Asia
ART-10555,Offshore drilling platform security elevated following hostile drone reconnaissance sightings,"Offshore energy operators implemented maximum security protocols across deepwater drilling rigs after unidentified aerial drones were observed conducting surveillance over gas extraction platforms. Naval patrol craft were deployed to maintain exclusion perimeters around strategic energy infrastructure. In Turkey, emergency coordination committees met to assess secondary vulnerabilities across Middle East.",Energy Risk,2026-07-14,Deutsche Welle,Turkey,Middle East
ART-10725,Uranium enrichment and nuclear fuel supply chains threatened by geopolitical trade curbs,"Civilian nuclear power operators warned of long-term fuel fabrication vulnerabilities as geopolitical tensions disrupted international uranium enrichment and nuclear fuel rod shipments. Power plant managers initiated fuel conservation measures to safeguard baseload electrical generation capacity. According to senior officials in Germany, recent indicators across Western Europe underscore the urgency of coordinated multilateral action.",Energy Risk,2026-10-17,Nikkei Asia,Germany,Western Europe
ART-11276,Civilian evacuation corridors established under international red cross mediation,"Humanitarian organizations coordinated temporary civilian safe-passage corridors to evacuate vulnerable elderly, women, and pediatric patients from active hostility perimeters. International observers monitored compliance to ensure unhindered transit for humanitarian convoys transporting essential rations and emergency medical supplies. According to senior officials in India, recent indicators across South Asia underscore the urgency of coordinated multilateral action.",Humanitarian Impact,2026-06-06,Associated Press,India,South Asia
ART-11294,Refugee displacement crisis deepens as civilian populations flee contested border zones,"International migration agencies reported that hundreds of thousands of displaced civilians have crossed international frontiers seeking asylum, overwhelming border reception facilities and temporary transit camps. Relief agencies mobilized emergency winterization tents, thermal blankets, and clean water distribution systems. International stakeholders operating within South Asia called on officials in India to exercise maximum caution.",Humanitarian Impact,2026-08-10,Financial Times,India,South Asia
ART-10117,Armored battalion mobilizes main battle tanks as cross-border incursions escalate,"Mechanized combat divisions equipped with main battle tanks and armored fighting vehicles initiated defensive counter-maneuvers following reported hostile border crossings. Military leadership enacted wartime emergency protocol, stationing self-propelled howitzers and air surveillance batteries across frontline tactical sectors. International stakeholders operating within Eastern Europe called on officials in Poland to exercise maximum caution.",Military Conflict,2026-06-14,Nikkei Asia,Poland,Eastern Europe
ART-10592,OPEC+ convenes emergency ministerial meeting as maritime transit tensions threaten crude exports,Petroleum exporting ministers scheduled extraordinary virtual consultations to review market stability and global spare crude production capacity following maritime bottlenecks in key transit chokepoints. Energy analysts cautioned that export delays could quickly deplete OECD commercial crude reserves and elevate spot price volatility. Field correspondents in India reported that ongoing developments across South Asia are compounding operational risks.,Energy Risk,2026-09-24,Nikkei Asia,India,South Asia
ART-10042,Naval task force engages hostile explosive drone boats in strategic strait,Guided missile destroyers deployed on maritime security patrol neutralized several unmanned explosive surface vessels attempting to strike military logistics convoys. Naval fleet commanders ordered elevated combat readiness and deployed electronic jamming countermeasures to disable hostile telemetry links along contested maritime transit corridors. Field correspondents in Sudan reported that ongoing developments across Red Sea & Horn of Africa are compounding operational risks.,Military Conflict,2026-08-09,Bloomberg,Sudan,Red Sea & Horn of Africa
ART-10232,Tactical ballistic missiles intercept hostile command post in retaliatory strike,"Military command launched precision ballistic missiles targeting an underground tactical operations center following sustained perimeter rocket attacks. Satellite damage assessments confirmed extensive structural destruction to communications masts and command bunkers. In Poland, emergency coordination committees met to assess secondary vulnerabilities across Eastern Europe.",Military Conflict,2026-09-19,Associated Press,Poland,Eastern Europe
ART-11101,Central banks signal emergency interest rate adjustments as geopolitical inflation pressures broaden,"Monetary policy committees convened extraordinary policy meetings to evaluate persistent macroeconomic shocks stemming from import price inflation and commodity supply friction. Financial market analysts revised benchmark interest rate trajectories upward as headline consumer price indices reflected elevated freight and producer input expenses. In Poland, emergency coordination committees met to assess secondary vulnerabilities across Eastern Europe.",Economic Impact,2026-05-05,Deutsche Welle,Poland,Eastern Europe
ART-11366,Refugee displacement crisis deepens as civilian populations flee contested border zones,"International migration agencies reported that hundreds of thousands of displaced civilians have crossed international frontiers seeking asylum, overwhelming border reception facilities and temporary transit camps. Relief agencies mobilized emergency winterization tents, thermal blankets, and clean water distribution systems. In Iran, emergency coordination committees met to assess secondary vulnerabilities across Persian Gulf.",Humanitarian Impact,2026-01-02,Nikkei Asia,Iran,Persian Gulf
ART-11385,Malnutrition rates spike among pediatric populations in besieged urban pockets,International aid workers documented severe acute malnutrition among infants and children cut off from standard commercial food distribution networks. Humanitarian flights attempted emergency air-drops of therapeutic nutritional paste while requesting immediate humanitarian pauses. International stakeholders operating within Eastern Europe called on officials in Ukraine to exercise maximum caution.,Humanitarian Impact,2026-08-15,Associated Press,Ukraine,Eastern Europe
ART-10712,OPEC+ convenes emergency ministerial meeting as maritime transit tensions threaten crude exports,Petroleum exporting ministers scheduled extraordinary virtual consultations to review market stability and global spare crude production capacity following maritime bottlenecks in key transit chokepoints. Energy analysts cautioned that export delays could quickly deplete OECD commercial crude reserves and elevate spot price volatility. Analysts tracking developments in Japan highlighted that multilateral actors in East Asia are preparing contingency measures.,Energy Risk,2026-02-05,Al Jazeera,Japan,East Asia
ART-10944,Bilateral tariff escalation and export licensing controls enacted on critical high-tech components,"Commerce ministries imposed sweeping tariff increases and strict export license restrictions on key industrial raw materials, advanced machine tools, and semiconductor wafers. Trade associations warned that compliance friction and retaliatory tariffs threaten to disrupt global electronic manufacturing supply chains. International stakeholders operating within East Asia called on officials in Japan to exercise maximum caution.",Trade & Shipping,2026-08-22,Deutsche Welle,Japan,East Asia
ART-11020,Customs authority impounds containerized shipments under expanded cross-border trade sanctions,Port customs officials seized hundreds of cargo containers suspected of violating expanded international sanctions targeting dual-use industrial components. Importers and freight forwarders faced lengthy legal audits and storage fees as customs clearance procedures were dramatically expanded. International stakeholders operating within East Asia called on officials in Japan to exercise maximum caution.,Trade & Shipping,2026-07-05,Nikkei Asia,Japan,East Asia
ART-11550,Port congestion and customs clearance bottlenecks escalate across major maritime container terminals,"Logistics operators reported severe berthing queues and prolonged container dwell times exceeding historical highs at major oceanic gateway terminals. Freight forwarders cited vessel bunching, rail intermodal backlogs, and maritime rerouting schedules as compounding drivers of global supply chain gridlock. According to senior officials in United Kingdom, recent indicators across Western Europe underscore the urgency of coordinated multilateral action.",Trade & Shipping,2026-08-07,Associated Press,United Kingdom,Western Europe
ART-11414,Refugee displacement crisis deepens as civilian populations flee contested border zones,"International migration agencies reported that hundreds of thousands of displaced civilians have crossed international frontiers seeking asylum, overwhelming border reception facilities and temporary transit camps. Relief agencies mobilized emergency winterization tents, thermal blankets, and clean water distribution systems. In South Korea, emergency coordination committees met to assess secondary vulnerabilities across East Asia.",Humanitarian Impact,2026-05-03,Financial Times,South Korea,East Asia
ART-10184,Tactical ballistic missiles intercept hostile command post in retaliatory strike,"Military command launched precision ballistic missiles targeting an underground tactical operations center following sustained perimeter rocket attacks. Satellite damage assessments confirmed extensive structural destruction to communications masts and command bunkers. According to senior officials in Japan, recent indicators across East Asia underscore the urgency of coordinated multilateral action.",Military Conflict,2026-03-06,Bloomberg,Japan,East Asia
ART-11048,Manufacturing purchasing managers index drops into contraction territory amid input price spikes,"National manufacturing indices slumped below the critical 50-point threshold, signaling industrial output contraction across export-oriented sectors. Factory managers reported elevated input acquisition costs, backlog accumulation, and declining international export orders due to geopolitical uncertainty. International stakeholders operating within East Asia called on officials in Taiwan to exercise maximum caution.",Economic Impact,2026-02-09,Wall Street Journal,Taiwan,East Asia
ART-10069,Armored battalion mobilizes main battle tanks as cross-border incursions escalate,"Mechanized combat divisions equipped with main battle tanks and armored fighting vehicles initiated defensive counter-maneuvers following reported hostile border crossings. Military leadership enacted wartime emergency protocol, stationing self-propelled howitzers and air surveillance batteries across frontline tactical sectors. Strategic intelligence assessments issued in China indicate that conditions in East Asia remain highly dynamic and fluid.",Military Conflict,2026-03-26,Bloomberg,China,East Asia
ART-11554,Foreign ministers issue joint communique calling for de-escalation and diplomatic roadmaps,"Senior diplomats representing regional powers issued a coordinated statement demanding an immediate halt to escalating rhetoric and the restoration of established diplomatic channels. The communique proposed a three-phase transition roadmap including demilitarized buffer zones and internationally monitored elections. According to senior officials in Pakistan, recent indicators across South Asia underscore the urgency of coordinated multilateral action.",Diplomatic / Political,2026-04-26,UN News,Pakistan,South Asia
ART-10662,Power grid operators initiate emergency load shedding following sabotage of high-voltage transmission lines,"National electrical transmission coordinators implemented rolling blackouts across metropolitan centers after key electrical substations and cross-border interconnectors sustained coordinated physical sabotage. Energy officials urged citizens to conserve electricity while backup diesel generators were deployed to hospitals. In Israel, emergency coordination committees met to assess secondary vulnerabilities across Middle East.",Energy Risk,2026-09-23,Wall Street Journal,Israel,Middle East
ART-10997,Global automotive supply chains stall as crucial raw material cargo shipments face port delays,Major automotive assembly plants announced temporary production line shutdowns due to critical parts shortages resulting from delayed maritime shipping containers. Logistics coordinators reported that specialized component vessels had been delayed over two weeks due to harbor congestion. International stakeholders operating within Red Sea & Horn of Africa called on officials in Sudan to exercise maximum caution.,Trade & Shipping,2026-03-19,Financial Times,Sudan,Red Sea & Horn of Africa
ART-10097,Artillery barrages and tactical drone strikes intensify along contested frontline,"Heavy artillery exchanges and long-range unmanned aerial strikes escalated across contested frontline defense sectors overnight. Ground command headquarters confirmed multiple cruise missile interceptions and reinforced mechanized infantry brigades holding fortified trenches. Contested air defense batteries engaged low-altitude reconnaissance drones while combat engineers deployed perimeter minefields. In United States, emergency coordination committees met to assess secondary vulnerabilities across North America.",Military Conflict,2026-09-11,BBC News,United States,North America
ART-10982,Container shipping carriers divert cargo fleets around Cape of Good Hope amid maritime threats,"Leading international container shipping lines announced indefinite rerouting of commercial vessels around southern Africa to avoid high-risk maritime straits. The maritime diversion adds 10 to 14 days to standard transit voyages, absorbing container fleet capacity, delaying port turnarounds, and triggering sharp increases in spot ocean freight rates. According to senior officials in United Kingdom, recent indicators across Western Europe underscore the urgency of coordinated multilateral action.",Trade & Shipping,2026-02-11,Reuters,United Kingdom,Western Europe
ART-10122,Naval task force engages hostile explosive drone boats in strategic strait,"Guided missile destroyers deployed on maritime security patrol neutralized several unmanned explosive surface vessels attempting to strike military logistics convoys. Naval fleet commanders ordered elevated combat readiness and deployed electronic jamming countermeasures to disable hostile telemetry links along contested maritime transit corridors. According to senior officials in United States, recent indicators across North America underscore the urgency of coordinated multilateral action.",Military Conflict,2026-08-08,Al Jazeera,United States,North America
ART-11430,Refugee displacement crisis deepens as civilian populations flee contested border zones,"International migration agencies reported that hundreds of thousands of displaced civilians have crossed international frontiers seeking asylum, overwhelming border reception facilities and temporary transit camps. Relief agencies mobilized emergency winterization tents, thermal blankets, and clean water distribution systems. Analysts tracking developments in Pakistan highlighted that multilateral actors in South Asia are preparing contingency measures.",Humanitarian Impact,2026-04-08,Wall Street Journal,Pakistan,South Asia
ART-11358,Refugee displacement crisis deepens as civilian populations flee contested border zones,"International migration agencies reported that hundreds of thousands of displaced civilians have crossed international frontiers seeking asylum, overwhelming border reception facilities and temporary transit camps. Relief agencies mobilized emergency winterization tents, thermal blankets, and clean water distribution systems. Strategic intelligence assessments issued in Turkey indicate that conditions in Middle East remain highly dynamic and fluid.",Humanitarian Impact,2026-08-25,Deutsche Welle,Turkey,Middle East
ART-10697,Liquefied natural gas terminal throttles shipments amid regional maritime insurance restrictions,Major LNG export liquefaction facilities reduced cargo loadings after maritime underwriters imposed prohibitive war-risk insurance premiums on LNG tankers navigating adjacent waterways. European and Asian utility operators scrambled to secure spot replacement cargoes ahead of peak seasonal heating demand. International stakeholders operating within Red Sea & Horn of Africa called on officials in Yemen to exercise maximum caution.,Energy Risk,2026-01-27,Associated Press,Yemen,Red Sea & Horn of Africa
ART-10991,Port congestion and customs clearance bottlenecks escalate across major maritime container terminals,"Logistics operators reported severe berthing queues and prolonged container dwell times exceeding historical highs at major oceanic gateway terminals. Freight forwarders cited vessel bunching, rail intermodal backlogs, and maritime rerouting schedules as compounding drivers of global supply chain gridlock. In Turkey, emergency coordination committees met to assess secondary vulnerabilities across Middle East.",Trade & Shipping,2026-01-18,Al Jazeera,Turkey,Middle East
ART-10692,Natural gas pipeline compression station suffers severe explosion amid geopolitical friction,"A critical natural gas compression station feeding industrial manufacturing hubs suffered a catastrophic pipeline failure, cutting regional gas transit volumes by over 40 percent. Energy distribution utilities immediately mandated industrial consumption rationing while emergency engineering teams assessed blast damage. According to senior officials in Japan, recent indicators across East Asia underscore the urgency of coordinated multilateral action.",Energy Risk,2026-02-16,Bloomberg,Japan,East Asia
ART-11403,Mobile medical teams deploy to remote border crossings as civilian trauma casualties mount,"Emergency medical NGOs deployed mobile surgical units and trauma ambulances along primary refugee transit highways to treat shrapnel injuries and dehydration. Medical directors reported that regional clinics have exhausted their primary supplies of blood plasma and IV fluids. Reporting from Japan, diplomatic and local observers noted that strategic shifts in East Asia continue to dictate regional outcomes.",Humanitarian Impact,2026-09-25,Associated Press,Japan,East Asia
ART-11415,Disrupted municipal power grids and water filtration plants jeopardize civilian public health,"Public health authorities warned of escalating waterborne disease outbreaks after sustained infrastructure damage crippled municipal water purification networks and electrical sub-stations. Emergency relief teams deployed portable purification modules and oral rehydration packets to mitigate sanitary hazards. In Pakistan, emergency coordination committees met to assess secondary vulnerabilities across South Asia.",Humanitarian Impact,2026-02-01,Deutsche Welle,Pakistan,South Asia
ART-10252,Cross-border commando raid triggers intense infantry firefight along buffer line,"Special forces detachments conducted reconnaissance incursions into contested border sectors, sparking sustained firefights with entrenched hostile infantry. Rapid deployment armored battalions were dispatched with close air support to establish defensive perimeters and extract forward patrol units under heavy mortar suppression. According to senior officials in Poland, recent indicators across Eastern Europe underscore the urgency of coordinated multilateral action.",Military Conflict,2026-02-14,Associated Press,Poland,Eastern Europe
ART-11525,United Nations launches emergency humanitarian relief appeal for food aid and medical shelter,"Humanitarian coordinators formally issued a multilateral funding appeal seeking urgent donor contributions to support frontline field clinics and nutritional distribution hubs. Aid convoys reported severe logistical hurdles attempting to deliver relief supplies to isolated civilian populations trapped along combat axes. In China, emergency coordination committees met to assess secondary vulnerabilities across East Asia.",Humanitarian Impact,2026-04-03,Deutsche Welle,China,East Asia
ART-10358,Foreign ministers issue joint communique calling for de-escalation and diplomatic roadmaps,Senior diplomats representing regional powers issued a coordinated statement demanding an immediate halt to escalating rhetoric and the restoration of established diplomatic channels. The communique proposed a three-phase transition roadmap including demilitarized buffer zones and internationally monitored elections. International stakeholders operating within Red Sea & Horn of Africa called on officials in Yemen to exercise maximum caution.,Diplomatic / Political,2026-05-20,Deutsche Welle,Yemen,Red Sea & Horn of Africa
ART-10274,Ambassadorial recall and formal diplomatic demarche issued over treaty violation,"The foreign ministry formally summoned the resident ambassador to deliver a stern diplomatic demarche protesting recent unilateral border treaties and sovereignty violations. State officials announced the immediate recall of senior diplomatic legations for urgent foreign policy strategy reviews. In Yemen, emergency coordination committees met to assess secondary vulnerabilities across Red Sea & Horn of Africa.",Diplomatic / Political,2026-08-11,Financial Times,Yemen,Red Sea & Horn of Africa
ART-10747,Offshore drilling platform security elevated following hostile drone reconnaissance sightings,"Offshore energy operators implemented maximum security protocols across deepwater drilling rigs after unidentified aerial drones were observed conducting surveillance over gas extraction platforms. Naval patrol craft were deployed to maintain exclusion perimeters around strategic energy infrastructure. In Egypt, emergency coordination committees met to assess secondary vulnerabilities across Red Sea & Horn of Africa.",Energy Risk,2026-08-10,BBC News,Egypt,Red Sea & Horn of Africa
ART-11549,Container shipping carriers divert cargo fleets around Cape of Good Hope amid maritime threats,"Leading international container shipping lines announced indefinite rerouting of commercial vessels around southern Africa to avoid high-risk maritime straits. The maritime diversion adds 10 to 14 days to standard transit voyages, absorbing container fleet capacity, delaying port turnarounds, and triggering sharp increases in spot ocean freight rates. Reporting from South Korea, diplomatic and local observers noted that strategic shifts in East Asia continue to dictate regional outcomes.",Trade & Shipping,2026-10-21,Reuters,South Korea,East Asia
ART-10024,Tactical ballistic missiles intercept hostile command post in retaliatory strike,"Military command launched precision ballistic missiles targeting an underground tactical operations center following sustained perimeter rocket attacks. Satellite damage assessments confirmed extensive structural destruction to communications masts and command bunkers. According to senior officials in Germany, recent indicators across Western Europe underscore the urgency of coordinated multilateral action.",Military Conflict,2026-07-10,Associated Press,Germany,Western Europe
ART-10459,Regional security summit yields preliminary multilateral mutual non-aggression pact,"Heads of state concluded an emergency multilateral summit with a joint communique pledging adherence to non-aggression principles and established arbitration treaties. Diplomatic working groups were tasked with establishing direct hotline communications between military defense commands to mitigate miscalculation risks. According to senior officials in Sudan, recent indicators across Red Sea & Horn of Africa underscore the urgency of coordinated multilateral action.",Diplomatic / Political,2026-02-27,Financial Times,Sudan,Red Sea & Horn of Africa
ART-11535,,Crude oil transport and pipeline networks faced severe operational friction across key refining hubs.,Energy Risk,2026-05-18,Bloomberg,Saudi Arabia,Persian Gulf
ART-10001,Artillery barrages and tactical drone strikes intensify along contested frontline,"Heavy artillery exchanges and long-range unmanned aerial strikes escalated across contested frontline defense sectors overnight. Ground command headquarters confirmed multiple cruise missile interceptions and reinforced mechanized infantry brigades holding fortified trenches. Contested air defense batteries engaged low-altitude reconnaissance drones while combat engineers deployed perimeter minefields. In Iran, emergency coordination committees met to assess secondary vulnerabilities across Persian Gulf.",Military Conflict,2026-05-24,Reuters,Iran,Persian Gulf
ART-11375,Disrupted municipal power grids and water filtration plants jeopardize civilian public health,"Public health authorities warned of escalating waterborne disease outbreaks after sustained infrastructure damage crippled municipal water purification networks and electrical sub-stations. Emergency relief teams deployed portable purification modules and oral rehydration packets to mitigate sanitary hazards. In Saudi Arabia, emergency coordination committees met to assess secondary vulnerabilities across Persian Gulf.",Humanitarian Impact,2026-08-28,Nikkei Asia,Saudi Arabia,Persian Gulf
ART-10665,Liquefied natural gas terminal throttles shipments amid regional maritime insurance restrictions,"Major LNG export liquefaction facilities reduced cargo loadings after maritime underwriters imposed prohibitive war-risk insurance premiums on LNG tankers navigating adjacent waterways. European and Asian utility operators scrambled to secure spot replacement cargoes ahead of peak seasonal heating demand. According to senior officials in Taiwan, recent indicators across East Asia underscore the urgency of coordinated multilateral action.",Energy Risk,2026-08-12,Wall Street Journal,Taiwan,East Asia
ART-11510,Refugee displacement crisis deepens as civilian populations flee contested border zones,"International migration agencies reported that hundreds of thousands of displaced civilians have crossed international frontiers seeking asylum, overwhelming border reception facilities and temporary transit camps. Relief agencies mobilized emergency winterization tents, thermal blankets, and clean water distribution systems. Field correspondents in Egypt reported that ongoing developments across Red Sea & Horn of Africa are compounding operational risks.",Humanitarian Impact,2026-07-12,UN News,Egypt,Red Sea & Horn of Africa
ART-10686,Power grid operators initiate emergency load shedding following sabotage of high-voltage transmission lines,National electrical transmission coordinators implemented rolling blackouts across metropolitan centers after key electrical substations and cross-border interconnectors sustained coordinated physical sabotage. Energy officials urged citizens to conserve electricity while backup diesel generators were deployed to hospitals. Analysts tracking developments in India highlighted that multilateral actors in South Asia are preparing contingency measures.,Energy Risk,2026-01-16,Associated Press,India,South Asia
ART-11098,Bilateral currency swaps activated as commercial banking system faces dollar liquidity squeeze,Central monetary authorities tapped bilateral foreign currency swap lines to inject hard currency liquidity into domestic commercial banks struggling with overseas settlement obligations. Treasury officials emphasized that foreign reserve backstops remain adequate to maintain interbank clearing operations. International stakeholders operating within Eastern Europe called on officials in Ukraine to exercise maximum caution.,Economic Impact,2026-10-14,Financial Times,Ukraine,Eastern Europe
ART-10260,Parliamentary committee ratifies strategic bilateral defense cooperation treaty,"Legislators voted overwhelmingly to approve a comprehensive security alliance treaty authorizing joint intelligence sharing, reciprocal military base access, and coordinated defense procurement. Government ministers emphasized that the diplomatic accord reinforces regional deterrence without violating international neutrality accords. Authorities in United Kingdom emphasized that immediate stability in Western Europe remains essential to mitigating broader systemic fallout.",Diplomatic / Political,2026-01-19,Wall Street Journal,United Kingdom,Western Europe
ART-11381,United Nations launches emergency humanitarian relief appeal for food aid and medical shelter,Humanitarian coordinators formally issued a multilateral funding appeal seeking urgent donor contributions to support frontline field clinics and nutritional distribution hubs. Aid convoys reported severe logistical hurdles attempting to deliver relief supplies to isolated civilian populations trapped along combat axes. Field correspondents in Turkey reported that ongoing developments across Middle East are compounding operational risks.,Humanitarian Impact,2026-10-19,Wall Street Journal,Turkey,Middle East
ART-10044,Cross-border commando raid triggers intense infantry firefight along buffer line,"Special forces detachments conducted reconnaissance incursions into contested border sectors, sparking sustained firefights with entrenched hostile infantry. Rapid deployment armored battalions were dispatched with close air support to establish defensive perimeters and extract forward patrol units under heavy mortar suppression. According to senior officials in Israel, recent indicators across Middle East underscore the urgency of coordinated multilateral action.",Military Conflict,2026-07-06,Financial Times,Israel,Middle East
ART-10379,Regional security summit yields preliminary multilateral mutual non-aggression pact,"Heads of state concluded an emergency multilateral summit with a joint communique pledging adherence to non-aggression principles and established arbitration treaties. Diplomatic working groups were tasked with establishing direct hotline communications between military defense commands to mitigate miscalculation risks. According to senior officials in Saudi Arabia, recent indicators across Persian Gulf underscore the urgency of coordinated multilateral action.",Diplomatic / Political,2026-03-18,Reuters,Saudi Arabia,Persian Gulf
ART-11177,Foreign direct investment inflows contract sharply amid cross-border geopolitical instability,Economic development ministries reported a substantial deceleration in inbound foreign direct investment as multinational corporations suspended cross-border capital expansion projects. Investment analysts cited sovereign expropriation risks and geopolitical volatility as primary drivers of capital hesitation. Field correspondents in Saudi Arabia reported that ongoing developments across Persian Gulf are compounding operational risks.,Economic Impact,2026-03-16,Al Jazeera,Saudi Arabia,Persian Gulf
ART-11148,Corporate debt default risk rises as borrowing costs spike following geopolitical credit repricing,Credit default swap spreads widened significantly across corporate debt markets as lenders repriced risk margins for businesses exposed to cross-border supply shocks. Debt restructuring advisors noted a sharp uptick in emergency corporate credit facility requests. Strategic intelligence assessments issued in South Korea indicate that conditions in East Asia remain highly dynamic and fluid.,Economic Impact,2026-07-01,Financial Times,South Korea,East Asia
ART-11458,Makeshift refugee settlements overwhelmed by torrential flooding and freezing weather,"Severe seasonal weather inundated informal displacement settlements, destroying temporary plastic shelters and creating catastrophic sanitary conditions for thousands of families. Disaster response teams mobilized emergency drainage pumps and emergency clothing distributions. In India, emergency coordination committees met to assess secondary vulnerabilities across South Asia.",Humanitarian Impact,2026-10-08,BBC News,India,South Asia
ART-11040,Manufacturing purchasing managers index drops into contraction territory amid input price spikes,"National manufacturing indices slumped below the critical 50-point threshold, signaling industrial output contraction across export-oriented sectors. Factory managers reported elevated input acquisition costs, backlog accumulation, and declining international export orders due to geopolitical uncertainty. Field correspondents in Turkey reported that ongoing developments across Middle East are compounding operational risks.",Economic Impact,2026-04-17,Deutsche Welle,Turkey,Middle East
ART-10106,Naval task force engages hostile explosive drone boats in strategic strait,Guided missile destroyers deployed on maritime security patrol neutralized several unmanned explosive surface vessels attempting to strike military logistics convoys. Naval fleet commanders ordered elevated combat readiness and deployed electronic jamming countermeasures to disable hostile telemetry links along contested maritime transit corridors. Field correspondents in Israel reported that ongoing developments across Middle East are compounding operational risks.,Military Conflict,2026-08-05,Deutsche Welle,Israel,Middle East
ART-10404,Parliamentary committee ratifies strategic bilateral defense cooperation treaty,"Legislators voted overwhelmingly to approve a comprehensive security alliance treaty authorizing joint intelligence sharing, reciprocal military base access, and coordinated defense procurement. Government ministers emphasized that the diplomatic accord reinforces regional deterrence without violating international neutrality accords. In United Kingdom, emergency coordination committees met to assess secondary vulnerabilities across Western Europe.",Diplomatic / Political,2026-05-13,Reuters,United Kingdom,Western Europe
ART-10845,Global automotive supply chains stall as crucial raw material cargo shipments face port delays,Major automotive assembly plants announced temporary production line shutdowns due to critical parts shortages resulting from delayed maritime shipping containers. Logistics coordinators reported that specialized component vessels had been delayed over two weeks due to harbor congestion. International stakeholders operating within South Asia called on officials in Pakistan to exercise maximum caution.,Trade & Shipping,2026-02-14,UN News,Pakistan,South Asia
ART-11343,Disrupted municipal power grids and water filtration plants jeopardize civilian public health,"Public health authorities warned of escalating waterborne disease outbreaks after sustained infrastructure damage crippled municipal water purification networks and electrical sub-stations. Emergency relief teams deployed portable purification modules and oral rehydration packets to mitigate sanitary hazards. In Ukraine, emergency coordination committees met to assess secondary vulnerabilities across Eastern Europe.",Humanitarian Impact,2026-05-09,Deutsche Welle,Ukraine,Eastern Europe
ART-10549,Uranium enrichment and nuclear fuel supply chains threatened by geopolitical trade curbs,"Civilian nuclear power operators warned of long-term fuel fabrication vulnerabilities as geopolitical tensions disrupted international uranium enrichment and nuclear fuel rod shipments. Power plant managers initiated fuel conservation measures to safeguard baseload electrical generation capacity. According to senior officials in Egypt, recent indicators across Red Sea & Horn of Africa underscore the urgency of coordinated multilateral action.",Energy Risk,2026-01-21,Wall Street Journal,Egypt,Red Sea & Horn of Africa
ART-11323,Mobile medical teams deploy to remote border crossings as civilian trauma casualties mount,"Emergency medical NGOs deployed mobile surgical units and trauma ambulances along primary refugee transit highways to treat shrapnel injuries and dehydration. Medical directors reported that regional clinics have exhausted their primary supplies of blood plasma and IV fluids. According to senior officials in Japan, recent indicators across East Asia underscore the urgency of coordinated multilateral action.",Humanitarian Impact,2026-04-17,Reuters,Japan,East Asia
ART-11005,Global automotive supply chains stall as crucial raw material cargo shipments face port delays,"Major automotive assembly plants announced temporary production line shutdowns due to critical parts shortages resulting from delayed maritime shipping containers. Logistics coordinators reported that specialized component vessels had been delayed over two weeks due to harbor congestion. In Qatar, emergency coordination committees met to assess secondary vulnerabilities across Persian Gulf.",Trade & Shipping,2026-04-20,UN News,Qatar,Persian Gulf
ART-10505,United Nations Security Council convenes emergency session over border sovereignty dispute,Permanent delegates at the United Nations Headquarters debated a draft resolution condemning territorial incursions and mandating the deployment of an international peacekeeping observer mission. Diplomatic attachés engaged in intense multilateral consultations to resolve contentious veto language regarding territorial sovereignty. Authorities in Saudi Arabia emphasized that immediate stability in Persian Gulf remains essential to mitigating broader systemic fallout.,Diplomatic / Political,2026-04-04,BBC News,Saudi Arabia,Persian Gulf
ART-10003,Hypersonic missile barrage targets critical defense installations and radar outposts,"Air defense surveillance networks detected high-velocity aerodynamic missile trajectories aimed at strategic command nodes and hardened munitions storage facilities. Military spokespersons stated that mobile interceptor batteries engaged multiple inbound warheads, while combat search-and-rescue teams mobilized across blast perimeters. Field correspondents in Russia reported that ongoing developments across Eastern Europe are compounding operational risks.",Military Conflict,2026-04-03,Reuters,Russia,Eastern Europe
ART-11064,Manufacturing purchasing managers index drops into contraction territory amid input price spikes,"National manufacturing indices slumped below the critical 50-point threshold, signaling industrial output contraction across export-oriented sectors. Factory managers reported elevated input acquisition costs, backlog accumulation, and declining international export orders due to geopolitical uncertainty. According to senior officials in Turkey, recent indicators across Middle East underscore the urgency of coordinated multilateral action.",Economic Impact,2026-01-07,Bloomberg,Turkey,Middle East
ART-11561,Port congestion and customs clearance bottlenecks escalate across major maritime container terminals,"Logistics operators reported severe berthing queues and prolonged container dwell times exceeding historical highs at major oceanic gateway terminals. Freight forwarders cited vessel bunching, rail intermodal backlogs, and maritime rerouting schedules as compounding drivers of global supply chain gridlock. Strategic intelligence assessments issued in Japan indicate that conditions in East Asia remain highly dynamic and fluid.",Trade & Shipping,2026-09-18,Bloomberg,Japan,East Asia
ART-11460,Civilian evacuation corridors established under international red cross mediation,"Humanitarian organizations coordinated temporary civilian safe-passage corridors to evacuate vulnerable elderly, women, and pediatric patients from active hostility perimeters. International observers monitored compliance to ensure unhindered transit for humanitarian convoys transporting essential rations and emergency medical supplies. In Turkey, emergency coordination committees met to assess secondary vulnerabilities across Middle East.",Humanitarian Impact,2026-06-04,Financial Times,Turkey,Middle East
ART-10612,Natural gas pipeline compression station suffers severe explosion amid geopolitical friction,"A critical natural gas compression station feeding industrial manufacturing hubs suffered a catastrophic pipeline failure, cutting regional gas transit volumes by over 40 percent. Energy distribution utilities immediately mandated industrial consumption rationing while emergency engineering teams assessed blast damage. In Yemen, emergency coordination committees met to assess secondary vulnerabilities across Red Sea & Horn of Africa.",Energy Risk,2026-02-02,Al Jazeera,Yemen,Red Sea & Horn of Africa
ART-10107,Hypersonic missile barrage targets critical defense installations and radar outposts,"Air defense surveillance networks detected high-velocity aerodynamic missile trajectories aimed at strategic command nodes and hardened munitions storage facilities. Military spokespersons stated that mobile interceptor batteries engaged multiple inbound warheads, while combat search-and-rescue teams mobilized across blast perimeters. International stakeholders operating within North America called on officials in United States to exercise maximum caution.",Military Conflict,2026-04-11,Deutsche Welle,United States,North America
ART-10816,Bilateral tariff escalation and export licensing controls enacted on critical high-tech components,"Commerce ministries imposed sweeping tariff increases and strict export license restrictions on key industrial raw materials, advanced machine tools, and semiconductor wafers. Trade associations warned that compliance friction and retaliatory tariffs threaten to disrupt global electronic manufacturing supply chains. International stakeholders operating within South Asia called on officials in India to exercise maximum caution.",Trade & Shipping,2026-02-08,Bloomberg,India,South Asia
ART-10327,Special presidential envoy conducts whirlwind diplomatic tour across regional capitals,"Traveling through key allied capitals, the senior diplomatic envoy presented confidential de-escalation proposals designed to avert broader regional conflict. Discussions centered on mutual troop withdrawals, diplomatic concessions, and security guarantees backed by multilateral institutions. International stakeholders operating within East Asia called on officials in South Korea to exercise maximum caution.",Diplomatic / Political,2026-02-20,Bloomberg,South Korea,East Asia
ART-10300,Parliamentary committee ratifies strategic bilateral defense cooperation treaty,"Legislators voted overwhelmingly to approve a comprehensive security alliance treaty authorizing joint intelligence sharing, reciprocal military base access, and coordinated defense procurement. Government ministers emphasized that the diplomatic accord reinforces regional deterrence without violating international neutrality accords. Field correspondents in Iran reported that ongoing developments across Persian Gulf are compounding operational risks.",Diplomatic / Political,2026-06-24,UN News,Iran,Persian Gulf
ART-10543,Major crude oil pipeline flow suspended following strategic transit sabotage threat,"Energy operators halted pumping operations along a major transcontinental crude pipeline after intelligence reports identified credible security threats against remote pumping stations. Energy security ministries initiated pipeline integrity inspections, while oil refinery operators tapped reserve stockpiles to maintain downstream distillation output. In Qatar, emergency coordination committees met to assess secondary vulnerabilities across Persian Gulf.",Energy Risk,2026-06-15,Bloomberg,Qatar,Persian Gulf
ART-10976,Bilateral tariff escalation and export licensing controls enacted on critical high-tech components,"Commerce ministries imposed sweeping tariff increases and strict export license restrictions on key industrial raw materials, advanced machine tools, and semiconductor wafers. Trade associations warned that compliance friction and retaliatory tariffs threaten to disrupt global electronic manufacturing supply chains. Authorities in China emphasized that immediate stability in East Asia remains essential to mitigating broader systemic fallout.",Trade & Shipping,2026-07-09,Associated Press,China,East Asia
ART-10907,Maritime insurance syndicates cancel commercial hull coverage for vessels navigating disputed waters,"Global marine insurance underwriters formally notified shipowners that war-risk hull and machinery insurance policies would be rescinded for vessels transiting designated high-risk maritime corridors. Ship operators faced the choice between exorbitant special indemnity premiums or canceling scheduled voyages. In Pakistan, emergency coordination committees met to assess secondary vulnerabilities across South Asia.",Trade & Shipping,2026-07-01,Wall Street Journal,Pakistan,South Asia
ART-10272,Bilateral ceasefire negotiations resume under international diplomatic mediation,"Special diplomatic envoys and foreign ministers convened high-stakes closed-door consultations aimed at establishing an immediate humanitarian truce and verifiable demilitarization framework. Negotiators reviewed draft protocols addressing prisoner-of-war exchanges, border verification monitors, and the formal cessation of cross-border hostilities. Field correspondents in United Kingdom reported that ongoing developments across Western Europe are compounding operational risks.",Diplomatic / Political,2026-06-13,Nikkei Asia,United Kingdom,Western Europe
ART-10275,Regional security summit yields preliminary multilateral mutual non-aggression pact,"Heads of state concluded an emergency multilateral summit with a joint communique pledging adherence to non-aggression principles and established arbitration treaties. Diplomatic working groups were tasked with establishing direct hotline communications between military defense commands to mitigate miscalculation risks. Reporting from Saudi Arabia, diplomatic and local observers noted that strategic shifts in Persian Gulf continue to dictate regional outcomes.",Diplomatic / Political,2026-05-03,Bloomberg,Saudi Arabia,Persian Gulf
ART-11165,Central banks signal emergency interest rate adjustments as geopolitical inflation pressures broaden,"Monetary policy committees convened extraordinary policy meetings to evaluate persistent macroeconomic shocks stemming from import price inflation and commodity supply friction. Financial market analysts revised benchmark interest rate trajectories upward as headline consumer price indices reflected elevated freight and producer input expenses. Reporting from Russia, diplomatic and local observers noted that strategic shifts in Eastern Europe continue to dictate regional outcomes.",Economic Impact,2026-06-06,UN News,Russia,Eastern Europe
ART-11574,Regional security summit yields preliminary multilateral mutual non-aggression pact,"Heads of state concluded an emergency multilateral summit with a joint communique pledging adherence to non-aggression principles and established arbitration treaties. Diplomatic working groups were tasked with establishing direct hotline communications between military defense commands to mitigate miscalculation risks. In United Kingdom, emergency coordination committees met to assess secondary vulnerabilities across Western Europe.",Diplomatic / Political,2026-04-20,BBC News,United Kingdom,Western Europe
ART-10011,Hypersonic missile barrage targets critical defense installations and radar outposts,"Air defense surveillance networks detected high-velocity aerodynamic missile trajectories aimed at strategic command nodes and hardened munitions storage facilities. Military spokespersons stated that mobile interceptor batteries engaged multiple inbound warheads, while combat search-and-rescue teams mobilized across blast perimeters. International stakeholders operating within East Asia called on officials in China to exercise maximum caution.",Military Conflict,2026-05-13,Associated Press,China,East Asia
ART-11455,Disrupted municipal power grids and water filtration plants jeopardize civilian public health,Public health authorities warned of escalating waterborne disease outbreaks after sustained infrastructure damage crippled municipal water purification networks and electrical sub-stations. Emergency relief teams deployed portable purification modules and oral rehydration packets to mitigate sanitary hazards. Analysts tracking developments in China highlighted that multilateral actors in East Asia are preparing contingency measures.,Humanitarian Impact,2026-07-24,Wall Street Journal,China,East Asia
ART-11317,United Nations launches emergency humanitarian relief appeal for food aid and medical shelter,"Humanitarian coordinators formally issued a multilateral funding appeal seeking urgent donor contributions to support frontline field clinics and nutritional distribution hubs. Aid convoys reported severe logistical hurdles attempting to deliver relief supplies to isolated civilian populations trapped along combat axes. According to senior officials in United States, recent indicators across North America underscore the urgency of coordinated multilateral action.",Humanitarian Impact,2026-09-19,Associated Press,United States,North America
ART-10812,Customs authority impounds containerized shipments under expanded cross-border trade sanctions,"Port customs officials seized hundreds of cargo containers suspected of violating expanded international sanctions targeting dual-use industrial components. Importers and freight forwarders faced lengthy legal audits and storage fees as customs clearance procedures were dramatically expanded. According to senior officials in Japan, recent indicators across East Asia underscore the urgency of coordinated multilateral action.",Trade & Shipping,2026-03-19,Nikkei Asia,Japan,East Asia
ART-10584,OPEC+ convenes emergency ministerial meeting as maritime transit tensions threaten crude exports,"Petroleum exporting ministers scheduled extraordinary virtual consultations to review market stability and global spare crude production capacity following maritime bottlenecks in key transit chokepoints. Energy analysts cautioned that export delays could quickly deplete OECD commercial crude reserves and elevate spot price volatility. In Egypt, emergency coordination committees met to assess secondary vulnerabilities across Red Sea & Horn of Africa.",Energy Risk,2026-08-11,BBC News,Egypt,Red Sea & Horn of Africa
ART-11338,Makeshift refugee settlements overwhelmed by torrential flooding and freezing weather,"Severe seasonal weather inundated informal displacement settlements, destroying temporary plastic shelters and creating catastrophic sanitary conditions for thousands of families. Disaster response teams mobilized emergency drainage pumps and emergency clothing distributions. According to senior officials in South Korea, recent indicators across East Asia underscore the urgency of coordinated multilateral action.",Humanitarian Impact,2026-02-23,BBC News,South Korea,East Asia
ART-11337,Malnutrition rates spike among pediatric populations in besieged urban pockets,"International aid workers documented severe acute malnutrition among infants and children cut off from standard commercial food distribution networks. Humanitarian flights attempted emergency air-drops of therapeutic nutritional paste while requesting immediate humanitarian pauses. According to senior officials in India, recent indicators across South Asia underscore the urgency of coordinated multilateral action.",Humanitarian Impact,2026-10-09,Deutsche Welle,India,South Asia
ART-10065,Artillery barrages and tactical drone strikes intensify along contested frontline,Heavy artillery exchanges and long-range unmanned aerial strikes escalated across contested frontline defense sectors overnight. Ground command headquarters confirmed multiple cruise missile interceptions and reinforced mechanized infantry brigades holding fortified trenches. Contested air defense batteries engaged low-altitude reconnaissance drones while combat engineers deployed perimeter minefields. Analysts tracking developments in Iran highlighted that multilateral actors in Persian Gulf are preparing contingency measures.,Military Conflict,2026-03-23,Associated Press,Iran,Persian Gulf
ART-11572,Liquefied natural gas terminal throttles shipments amid regional maritime insurance restrictions,"Major LNG export liquefaction facilities reduced cargo loadings after maritime underwriters imposed prohibitive war-risk insurance premiums on LNG tankers navigating adjacent waterways. European and Asian utility operators scrambled to secure spot replacement cargoes ahead of peak seasonal heating demand. According to senior officials in Egypt, recent indicators across Red Sea & Horn of Africa underscore the urgency of coordinated multilateral action.",Energy Risk,2026-05-15,BBC News,Egypt,Red Sea & Horn of Africa
ART-10153,Artillery barrages and tactical drone strikes intensify along contested frontline,Heavy artillery exchanges and long-range unmanned aerial strikes escalated across contested frontline defense sectors overnight. Ground command headquarters confirmed multiple cruise missile interceptions and reinforced mechanized infantry brigades holding fortified trenches. Contested air defense batteries engaged low-altitude reconnaissance drones while combat engineers deployed perimeter minefields. Authorities in China emphasized that immediate stability in East Asia remains essential to mitigating broader systemic fallout.,Military Conflict,2026-01-19,UN News,China,East Asia
ART-10643,Offshore drilling platform security elevated following hostile drone reconnaissance sightings,"Offshore energy operators implemented maximum security protocols across deepwater drilling rigs after unidentified aerial drones were observed conducting surveillance over gas extraction platforms. Naval patrol craft were deployed to maintain exclusion perimeters around strategic energy infrastructure. Reporting from United States, diplomatic and local observers noted that strategic shifts in North America continue to dictate regional outcomes.",Energy Risk,2026-03-02,UN News,United States,North America
ART-11147,Consumer confidence plunges as energy and food price inflation erodes household purchasing power,National economic sentiment surveys revealed the steepest monthly drop in consumer confidence in several years as rising utility bills and grocery costs squeezed household budgets. Economists warned that declining domestic retail consumption will act as a major drag on quarterly gross domestic product. Strategic intelligence assessments issued in Turkey indicate that conditions in Middle East remain highly dynamic and fluid.,Economic Impact,2026-07-16,Al Jazeera,Turkey,Middle East
ART-11515,Mobile medical teams deploy to remote border crossings as civilian trauma casualties mount,Emergency medical NGOs deployed mobile surgical units and trauma ambulances along primary refugee transit highways to treat shrapnel injuries and dehydration. Medical directors reported that regional clinics have exhausted their primary supplies of blood plasma and IV fluids. International stakeholders operating within Eastern Europe called on officials in Ukraine to exercise maximum caution.,Humanitarian Impact,2026-07-27,Financial Times,Ukraine,Eastern Europe
ART-10676,Natural gas pipeline compression station suffers severe explosion amid geopolitical friction,"A critical natural gas compression station feeding industrial manufacturing hubs suffered a catastrophic pipeline failure, cutting regional gas transit volumes by over 40 percent. Energy distribution utilities immediately mandated industrial consumption rationing while emergency engineering teams assessed blast damage. International stakeholders operating within Western Europe called on officials in United Kingdom to exercise maximum caution.",Energy Risk,2026-02-16,Associated Press,United Kingdom,Western Europe
ART-10914,Air cargo freight rates surge as commercial shippers seek alternatives to disrupted ocean lanes,Air logistics forwarders recorded historic price increases per kilogram of air cargo as manufacturers chartered dedicated freighter aircraft to bypass blocked maritime shipping corridors. Cargo airlines expanded flight schedules between manufacturing hubs to accommodate high-value automotive and electronics freight. Analysts tracking developments in Germany highlighted that multilateral actors in Western Europe are preparing contingency measures.,Trade & Shipping,2026-01-05,Reuters,Germany,Western Europe
ART-11274,Bilateral currency swaps activated as commercial banking system faces dollar liquidity squeeze,"Central monetary authorities tapped bilateral foreign currency swap lines to inject hard currency liquidity into domestic commercial banks struggling with overseas settlement obligations. Treasury officials emphasized that foreign reserve backstops remain adequate to maintain interbank clearing operations. Reporting from Taiwan, diplomatic and local observers noted that strategic shifts in East Asia continue to dictate regional outcomes.",Economic Impact,2026-09-06,Wall Street Journal,Taiwan,East Asia
ART-10049,Artillery barrages and tactical drone strikes intensify along contested frontline,"Heavy artillery exchanges and long-range unmanned aerial strikes escalated across contested frontline defense sectors overnight. Ground command headquarters confirmed multiple cruise missile interceptions and reinforced mechanized infantry brigades holding fortified trenches. Contested air defense batteries engaged low-altitude reconnaissance drones while combat engineers deployed perimeter minefields. In Russia, emergency coordination committees met to assess secondary vulnerabilities across Eastern Europe.",Military Conflict,2026-08-19,Reuters,Russia,Eastern Europe
ART-10482,Ambassadorial recall and formal diplomatic demarche issued over treaty violation,The foreign ministry formally summoned the resident ambassador to deliver a stern diplomatic demarche protesting recent unilateral border treaties and sovereignty violations. State officials announced the immediate recall of senior diplomatic legations for urgent foreign policy strategy reviews. International stakeholders operating within South Asia called on officials in Pakistan to exercise maximum caution.,Diplomatic / Political,2026-05-21,Bloomberg,Pakistan,South Asia
ART-10630,Power grid operators initiate emergency load shedding following sabotage of high-voltage transmission lines,"National electrical transmission coordinators implemented rolling blackouts across metropolitan centers after key electrical substations and cross-border interconnectors sustained coordinated physical sabotage. Energy officials urged citizens to conserve electricity while backup diesel generators were deployed to hospitals. In Germany, emergency coordination committees met to assess secondary vulnerabilities across Western Europe.",Energy Risk,2026-02-04,Wall Street Journal,Germany,Western Europe
ART-10823,Port congestion and customs clearance bottlenecks escalate across major maritime container terminals,"Logistics operators reported severe berthing queues and prolonged container dwell times exceeding historical highs at major oceanic gateway terminals. Freight forwarders cited vessel bunching, rail intermodal backlogs, and maritime rerouting schedules as compounding drivers of global supply chain gridlock. According to senior officials in United Kingdom, recent indicators across Western Europe underscore the urgency of coordinated multilateral action.",Trade & Shipping,2026-08-07,Associated Press,United Kingdom,Western Europe
ART-11068,Corporate debt default risk rises as borrowing costs spike following geopolitical credit repricing,Credit default swap spreads widened significantly across corporate debt markets as lenders repriced risk margins for businesses exposed to cross-border supply shocks. Debt restructuring advisors noted a sharp uptick in emergency corporate credit facility requests. International stakeholders operating within East Asia called on officials in Taiwan to exercise maximum caution.,Economic Impact,2026-05-10,Financial Times,Taiwan,East Asia
ART-11172,Corporate debt default risk rises as borrowing costs spike following geopolitical credit repricing,"Credit default swap spreads widened significantly across corporate debt markets as lenders repriced risk margins for businesses exposed to cross-border supply shocks. Debt restructuring advisors noted a sharp uptick in emergency corporate credit facility requests. In Sudan, emergency coordination committees met to assess secondary vulnerabilities across Red Sea & Horn of Africa.",Economic Impact,2026-10-06,Financial Times,Sudan,Red Sea & Horn of Africa
ART-10454,Foreign ministers issue joint communique calling for de-escalation and diplomatic roadmaps,Senior diplomats representing regional powers issued a coordinated statement demanding an immediate halt to escalating rhetoric and the restoration of established diplomatic channels. The communique proposed a three-phase transition roadmap including demilitarized buffer zones and internationally monitored elections. Analysts tracking developments in United States highlighted that multilateral actors in North America are preparing contingency measures.,Diplomatic / Political,2026-05-03,Reuters,United States,North America
ART-10470,Foreign ministers issue joint communique calling for de-escalation and diplomatic roadmaps,"Senior diplomats representing regional powers issued a coordinated statement demanding an immediate halt to escalating rhetoric and the restoration of established diplomatic channels. The communique proposed a three-phase transition roadmap including demilitarized buffer zones and internationally monitored elections. In Japan, emergency coordination committees met to assess secondary vulnerabilities across East Asia.",Diplomatic / Political,2026-07-06,Nikkei Asia,Japan,East Asia
ART-10746,Strategic petroleum reserve release authorized to counterbalance global supply disruptions,Energy authorities authorized the emergency drawdown of millions of barrels of crude oil from national strategic petroleum reserves to stabilize domestic fuel supply chains. Energy department officials coordinated the release with international energy partners to offset prolonged refinery feedstock shortages. International stakeholders operating within Middle East called on officials in Turkey to exercise maximum caution.,Energy Risk,2026-10-14,Deutsche Welle,Turkey,Middle East
ART-11055,Stock exchange volatility index spikes as investors rotate capital into sovereign bonds and gold,"Equities across regional bourses recorded broad sell-offs, with industrial, aviation, and consumer discretionary shares leading declines. Capital allocators rotated liquidity into sovereign treasury securities, bullion, and cash equivalents amid heightened geopolitical uncertainty and macroeconomic stagflation fears. In Japan, emergency coordination committees met to assess secondary vulnerabilities across East Asia.",Economic Impact,2026-06-26,BBC News,Japan,East Asia
ART-10329,United Nations Security Council convenes emergency session over border sovereignty dispute,"Permanent delegates at the United Nations Headquarters debated a draft resolution condemning territorial incursions and mandating the deployment of an international peacekeeping observer mission. Diplomatic attachés engaged in intense multilateral consultations to resolve contentious veto language regarding territorial sovereignty. According to senior officials in Saudi Arabia, recent indicators across Persian Gulf underscore the urgency of coordinated multilateral action.",Diplomatic / Political,2026-02-21,BBC News,Saudi Arabia,Persian Gulf
ART-10375,Special presidential envoy conducts whirlwind diplomatic tour across regional capitals,"Traveling through key allied capitals, the senior diplomatic envoy presented confidential de-escalation proposals designed to avert broader regional conflict. Discussions centered on mutual troop withdrawals, diplomatic concessions, and security guarantees backed by multilateral institutions. International stakeholders operating within North America called on officials in United States to exercise maximum caution.",Diplomatic / Political,2026-04-07,Al Jazeera,United States,North America
ART-10669,Uranium enrichment and nuclear fuel supply chains threatened by geopolitical trade curbs,"Civilian nuclear power operators warned of long-term fuel fabrication vulnerabilities as geopolitical tensions disrupted international uranium enrichment and nuclear fuel rod shipments. Power plant managers initiated fuel conservation measures to safeguard baseload electrical generation capacity. In Egypt, emergency coordination committees met to assess secondary vulnerabilities across Red Sea & Horn of Africa.",Energy Risk,2026-10-06,Reuters,Egypt,Red Sea & Horn of Africa
ART-11035,Consumer confidence plunges as energy and food price inflation erodes household purchasing power,"National economic sentiment surveys revealed the steepest monthly drop in consumer confidence in several years as rising utility bills and grocery costs squeezed household budgets. Economists warned that declining domestic retail consumption will act as a major drag on quarterly gross domestic product. In Germany, emergency coordination committees met to assess secondary vulnerabilities across Western Europe.",Economic Impact,2026-02-02,Associated Press,Germany,Western Europe
ART-10923,Maritime insurance syndicates cancel commercial hull coverage for vessels navigating disputed waters,"Global marine insurance underwriters formally notified shipowners that war-risk hull and machinery insurance policies would be rescinded for vessels transiting designated high-risk maritime corridors. Ship operators faced the choice between exorbitant special indemnity premiums or canceling scheduled voyages. In Pakistan, emergency coordination committees met to assess secondary vulnerabilities across South Asia.",Trade & Shipping,2026-05-22,Deutsche Welle,Pakistan,South Asia
ART-10954,Air cargo freight rates surge as commercial shippers seek alternatives to disrupted ocean lanes,Air logistics forwarders recorded historic price increases per kilogram of air cargo as manufacturers chartered dedicated freighter aircraft to bypass blocked maritime shipping corridors. Cargo airlines expanded flight schedules between manufacturing hubs to accommodate high-value automotive and electronics freight. International stakeholders operating within Red Sea & Horn of Africa called on officials in Yemen to exercise maximum caution.,Trade & Shipping,2026-08-20,Nikkei Asia,Yemen,Red Sea & Horn of Africa
ART-10006,Air defense interceptors scramble as hostile bomber formations approach territorial airspace,Tactical fighter squadrons conducted emergency combat air patrols after long-range strategic bombers were detected operating near sovereign air defense identification zones. Defense ministry officials confirmed that electronic warfare aircraft shadowed the formations until they altered course away from defensive boundaries. Authorities in Germany emphasized that immediate stability in Western Europe remains essential to mitigating broader systemic fallout.,Military Conflict,2026-04-05,Wall Street Journal,Germany,Western Europe
ART-10189,Armored battalion mobilizes main battle tanks as cross-border incursions escalate,"Mechanized combat divisions equipped with main battle tanks and armored fighting vehicles initiated defensive counter-maneuvers following reported hostile border crossings. Military leadership enacted wartime emergency protocol, stationing self-propelled howitzers and air surveillance batteries across frontline tactical sectors. In United Kingdom, emergency coordination committees met to assess secondary vulnerabilities across Western Europe.",Military Conflict,2026-08-13,Financial Times,United Kingdom,Western Europe
ART-10521,Liquefied natural gas terminal throttles shipments amid regional maritime insurance restrictions,Major LNG export liquefaction facilities reduced cargo loadings after maritime underwriters imposed prohibitive war-risk insurance premiums on LNG tankers navigating adjacent waterways. European and Asian utility operators scrambled to secure spot replacement cargoes ahead of peak seasonal heating demand. International stakeholders operating within East Asia called on officials in Taiwan to exercise maximum caution.,Energy Risk,2026-06-19,Reuters,Taiwan,East Asia
ART-10382,Foreign ministers issue joint communique calling for de-escalation and diplomatic roadmaps,"Senior diplomats representing regional powers issued a coordinated statement demanding an immediate halt to escalating rhetoric and the restoration of established diplomatic channels. The communique proposed a three-phase transition roadmap including demilitarized buffer zones and internationally monitored elections. According to senior officials in Yemen, recent indicators across Red Sea & Horn of Africa underscore the urgency of coordinated multilateral action.",Diplomatic / Political,2026-03-27,Deutsche Welle,Yemen,Red Sea & Horn of Africa
ART-11297,Malnutrition rates spike among pediatric populations in besieged urban pockets,"International aid workers documented severe acute malnutrition among infants and children cut off from standard commercial food distribution networks. Humanitarian flights attempted emergency air-drops of therapeutic nutritional paste while requesting immediate humanitarian pauses. In Egypt, emergency coordination committees met to assess secondary vulnerabilities across Red Sea & Horn of Africa.",Humanitarian Impact,2026-01-15,Al Jazeera,Egypt,Red Sea & Horn of Africa
ART-11444,Civilian evacuation corridors established under international red cross mediation,"Humanitarian organizations coordinated temporary civilian safe-passage corridors to evacuate vulnerable elderly, women, and pediatric patients from active hostility perimeters. International observers monitored compliance to ensure unhindered transit for humanitarian convoys transporting essential rations and emergency medical supplies. Authorities in Sudan emphasized that immediate stability in Red Sea & Horn of Africa remains essential to mitigating broader systemic fallout.",Humanitarian Impact,2026-09-15,Deutsche Welle,Sudan,Red Sea & Horn of Africa
ART-11153,Foreign direct investment inflows contract sharply amid cross-border geopolitical instability,"Economic development ministries reported a substantial deceleration in inbound foreign direct investment as multinational corporations suspended cross-border capital expansion projects. Investment analysts cited sovereign expropriation risks and geopolitical volatility as primary drivers of capital hesitation. In Pakistan, emergency coordination committees met to assess secondary vulnerabilities across South Asia.",Economic Impact,2026-08-21,Associated Press,Pakistan,South Asia
ART-10566,Power grid operators initiate emergency load shedding following sabotage of high-voltage transmission lines,National electrical transmission coordinators implemented rolling blackouts across metropolitan centers after key electrical substations and cross-border interconnectors sustained coordinated physical sabotage. Energy officials urged citizens to conserve electricity while backup diesel generators were deployed to hospitals. Analysts tracking developments in Yemen highlighted that multilateral actors in Red Sea & Horn of Africa are preparing contingency measures.,Energy Risk,2026-02-25,Wall Street Journal,Yemen,Red Sea & Horn of Africa
ART-10238,Air defense interceptors scramble as hostile bomber formations approach territorial airspace,Tactical fighter squadrons conducted emergency combat air patrols after long-range strategic bombers were detected operating near sovereign air defense identification zones. Defense ministry officials confirmed that electronic warfare aircraft shadowed the formations until they altered course away from defensive boundaries. International stakeholders operating within Red Sea & Horn of Africa called on officials in Egypt to exercise maximum caution.,Military Conflict,2026-06-15,Deutsche Welle,Egypt,Red Sea & Horn of Africa
ART-10046,Air defense interceptors scramble as hostile bomber formations approach territorial airspace,"Tactical fighter squadrons conducted emergency combat air patrols after long-range strategic bombers were detected operating near sovereign air defense identification zones. Defense ministry officials confirmed that electronic warfare aircraft shadowed the formations until they altered course away from defensive boundaries. According to senior officials in Egypt, recent indicators across Red Sea & Horn of Africa underscore the urgency of coordinated multilateral action.",Military Conflict,2026-08-26,Wall Street Journal,Egypt,Red Sea & Horn of Africa
ART-11121,Foreign direct investment inflows contract sharply amid cross-border geopolitical instability,Economic development ministries reported a substantial deceleration in inbound foreign direct investment as multinational corporations suspended cross-border capital expansion projects. Investment analysts cited sovereign expropriation risks and geopolitical volatility as primary drivers of capital hesitation. Analysts tracking developments in United States highlighted that multilateral actors in North America are preparing contingency measures.,Economic Impact,2026-03-16,Financial Times,United States,North America
ART-11018,Air cargo freight rates surge as commercial shippers seek alternatives to disrupted ocean lanes,"Air logistics forwarders recorded historic price increases per kilogram of air cargo as manufacturers chartered dedicated freighter aircraft to bypass blocked maritime shipping corridors. Cargo airlines expanded flight schedules between manufacturing hubs to accommodate high-value automotive and electronics freight. According to senior officials in Qatar, recent indicators across Persian Gulf underscore the urgency of coordinated multilateral action.",Trade & Shipping,2026-09-23,Reuters,Qatar,Persian Gulf
ART-10355,Regional security summit yields preliminary multilateral mutual non-aggression pact,Heads of state concluded an emergency multilateral summit with a joint communique pledging adherence to non-aggression principles and established arbitration treaties. Diplomatic working groups were tasked with establishing direct hotline communications between military defense commands to mitigate miscalculation risks. Strategic intelligence assessments issued in Saudi Arabia indicate that conditions in Persian Gulf remain highly dynamic and fluid.,Diplomatic / Political,2026-09-20,Financial Times,Saudi Arabia,Persian Gulf
ART-10400,Bilateral ceasefire negotiations resume under international diplomatic mediation,"Special diplomatic envoys and foreign ministers convened high-stakes closed-door consultations aimed at establishing an immediate humanitarian truce and verifiable demilitarization framework. Negotiators reviewed draft protocols addressing prisoner-of-war exchanges, border verification monitors, and the formal cessation of cross-border hostilities. According to senior officials in Japan, recent indicators across East Asia underscore the urgency of coordinated multilateral action.",Diplomatic / Political,2026-03-05,Nikkei Asia,Japan,East Asia
ART-10883,Maritime insurance syndicates cancel commercial hull coverage for vessels navigating disputed waters,"Global marine insurance underwriters formally notified shipowners that war-risk hull and machinery insurance policies would be rescinded for vessels transiting designated high-risk maritime corridors. Ship operators faced the choice between exorbitant special indemnity premiums or canceling scheduled voyages. In Egypt, emergency coordination committees met to assess secondary vulnerabilities across Red Sea & Horn of Africa.",Trade & Shipping,2026-03-23,Associated Press,Egypt,Red Sea & Horn of Africa
ART-10089,Artillery barrages and tactical drone strikes intensify along contested frontline,"Heavy artillery exchanges and long-range unmanned aerial strikes escalated across contested frontline defense sectors overnight. Ground command headquarters confirmed multiple cruise missile interceptions and reinforced mechanized infantry brigades holding fortified trenches. Contested air defense batteries engaged low-altitude reconnaissance drones while combat engineers deployed perimeter minefields. According to senior officials in Sudan, recent indicators across Red Sea & Horn of Africa underscore the urgency of coordinated multilateral action.",Military Conflict,2026-07-07,UN News,Sudan,Red Sea & Horn of Africa
ART-11292,Civilian evacuation corridors established under international red cross mediation,"Humanitarian organizations coordinated temporary civilian safe-passage corridors to evacuate vulnerable elderly, women, and pediatric patients from active hostility perimeters. International observers monitored compliance to ensure unhindered transit for humanitarian convoys transporting essential rations and emergency medical supplies. International stakeholders operating within Red Sea & Horn of Africa called on officials in Yemen to exercise maximum caution.",Humanitarian Impact,2026-06-20,Deutsche Welle,Yemen,Red Sea & Horn of Africa
ART-11410,Makeshift refugee settlements overwhelmed by torrential flooding and freezing weather,"Severe seasonal weather inundated informal displacement settlements, destroying temporary plastic shelters and creating catastrophic sanitary conditions for thousands of families. Disaster response teams mobilized emergency drainage pumps and emergency clothing distributions. International stakeholders operating within Persian Gulf called on officials in Qatar to exercise maximum caution.",Humanitarian Impact,2026-10-10,Al Jazeera,Qatar,Persian Gulf
ART-10155,Hypersonic missile barrage targets critical defense installations and radar outposts,"Air defense surveillance networks detected high-velocity aerodynamic missile trajectories aimed at strategic command nodes and hardened munitions storage facilities. Military spokespersons stated that mobile interceptor batteries engaged multiple inbound warheads, while combat search-and-rescue teams mobilized across blast perimeters. According to senior officials in Japan, recent indicators across East Asia underscore the urgency of coordinated multilateral action.",Military Conflict,2026-08-21,Deutsche Welle,Japan,East Asia
ART-10869,Global automotive supply chains stall as crucial raw material cargo shipments face port delays,"Major automotive assembly plants announced temporary production line shutdowns due to critical parts shortages resulting from delayed maritime shipping containers. Logistics coordinators reported that specialized component vessels had been delayed over two weeks due to harbor congestion. In Pakistan, emergency coordination committees met to assess secondary vulnerabilities across South Asia.",Trade & Shipping,2026-05-28,UN News,Pakistan,South Asia
ART-10204,Cross-border commando raid triggers intense infantry firefight along buffer line,"Special forces detachments conducted reconnaissance incursions into contested border sectors, sparking sustained firefights with entrenched hostile infantry. Rapid deployment armored battalions were dispatched with close air support to establish defensive perimeters and extract forward patrol units under heavy mortar suppression. Reporting from Russia, diplomatic and local observers noted that strategic shifts in Eastern Europe continue to dictate regional outcomes.",Military Conflict,2026-08-10,Reuters,Russia,Eastern Europe
ART-11563,Stock exchange volatility index spikes as investors rotate capital into sovereign bonds and gold,"Equities across regional bourses recorded broad sell-offs, with industrial, aviation, and consumer discretionary shares leading declines. Capital allocators rotated liquidity into sovereign treasury securities, bullion, and cash equivalents amid heightened geopolitical uncertainty and macroeconomic stagflation fears. In Saudi Arabia, emergency coordination committees met to assess secondary vulnerabilities across Persian Gulf.",Economic Impact,2026-06-19,Wall Street Journal,Saudi Arabia,Persian Gulf
ART-11017,Dry bulk carrier grain shipments stranded in territorial waters amid maritime security impasse,Dozens of bulk cargo vessels carrying millions of metric tons of wheat and agricultural commodities remained anchored outside key commercial ports due to unconfirmed maritime passage clearances and mine threat assessments. Agricultural traders warned of contract defaults and grain supply shortages in import-dependent nations. International stakeholders operating within Western Europe called on officials in United Kingdom to exercise maximum caution.,Trade & Shipping,2026-03-15,Wall Street Journal,United Kingdom,Western Europe
ART-10687,Major crude oil pipeline flow suspended following strategic transit sabotage threat,"Energy operators halted pumping operations along a major transcontinental crude pipeline after intelligence reports identified credible security threats against remote pumping stations. Energy security ministries initiated pipeline integrity inspections, while oil refinery operators tapped reserve stockpiles to maintain downstream distillation output. International stakeholders operating within South Asia called on officials in Pakistan to exercise maximum caution.",Energy Risk,2026-02-17,Financial Times,Pakistan,South Asia
ART-10616,OPEC+ convenes emergency ministerial meeting as maritime transit tensions threaten crude exports,Petroleum exporting ministers scheduled extraordinary virtual consultations to review market stability and global spare crude production capacity following maritime bottlenecks in key transit chokepoints. Energy analysts cautioned that export delays could quickly deplete OECD commercial crude reserves and elevate spot price volatility. International stakeholders operating within Persian Gulf called on officials in Iran to exercise maximum caution.,Energy Risk,2026-06-28,Nikkei Asia,Iran,Persian Gulf
ART-11259,Consumer confidence plunges as energy and food price inflation erodes household purchasing power,"National economic sentiment surveys revealed the steepest monthly drop in consumer confidence in several years as rising utility bills and grocery costs squeezed household budgets. Economists warned that declining domestic retail consumption will act as a major drag on quarterly gross domestic product. In Sudan, emergency coordination committees met to assess secondary vulnerabilities across Red Sea & Horn of Africa.",Economic Impact,2026-02-06,BBC News,Sudan,Red Sea & Horn of Africa
ART-10629,Uranium enrichment and nuclear fuel supply chains threatened by geopolitical trade curbs,Civilian nuclear power operators warned of long-term fuel fabrication vulnerabilities as geopolitical tensions disrupted international uranium enrichment and nuclear fuel rod shipments. Power plant managers initiated fuel conservation measures to safeguard baseload electrical generation capacity. Authorities in Yemen emphasized that immediate stability in Red Sea & Horn of Africa remains essential to mitigating broader systemic fallout.,Energy Risk,2026-01-03,Al Jazeera,Yemen,Red Sea & Horn of Africa
ART-11541,Maritime shipping routes face extended commercial delays,Container ships transiting maritime corridors experienced cargo delay times exceeding historical averages.,,2026-06-21,Financial Times,Sudan,Red Sea & Horn of Africa
ART-10077,Armored battalion mobilizes main battle tanks as cross-border incursions escalate,"Mechanized combat divisions equipped with main battle tanks and armored fighting vehicles initiated defensive counter-maneuvers following reported hostile border crossings. Military leadership enacted wartime emergency protocol, stationing self-propelled howitzers and air surveillance batteries across frontline tactical sectors. In Sudan, emergency coordination committees met to assess secondary vulnerabilities across Red Sea & Horn of Africa.",Military Conflict,2026-02-17,UN News,Sudan,Red Sea & Horn of Africa
ART-11234,Bilateral currency swaps activated as commercial banking system faces dollar liquidity squeeze,"Central monetary authorities tapped bilateral foreign currency swap lines to inject hard currency liquidity into domestic commercial banks struggling with overseas settlement obligations. Treasury officials emphasized that foreign reserve backstops remain adequate to maintain interbank clearing operations. According to senior officials in Israel, recent indicators across Middle East underscore the urgency of coordinated multilateral action.",Economic Impact,2026-08-28,Nikkei Asia,Israel,Middle East
ART-11116,Corporate debt default risk rises as borrowing costs spike following geopolitical credit repricing,Credit default swap spreads widened significantly across corporate debt markets as lenders repriced risk margins for businesses exposed to cross-border supply shocks. Debt restructuring advisors noted a sharp uptick in emergency corporate credit facility requests. Analysts tracking developments in Japan highlighted that multilateral actors in East Asia are preparing contingency measures.,Economic Impact,2026-05-22,Reuters,Japan,East Asia
ART-11361,Malnutrition rates spike among pediatric populations in besieged urban pockets,"International aid workers documented severe acute malnutrition among infants and children cut off from standard commercial food distribution networks. Humanitarian flights attempted emergency air-drops of therapeutic nutritional paste while requesting immediate humanitarian pauses. In United Kingdom, emergency coordination committees met to assess secondary vulnerabilities across Western Europe.",Humanitarian Impact,2026-03-14,Financial Times,United Kingdom,Western Europe
ART-11004,Customs authority impounds containerized shipments under expanded cross-border trade sanctions,Port customs officials seized hundreds of cargo containers suspected of violating expanded international sanctions targeting dual-use industrial components. Importers and freight forwarders faced lengthy legal audits and storage fees as customs clearance procedures were dramatically expanded. International stakeholders operating within Persian Gulf called on officials in Iran to exercise maximum caution.,Trade & Shipping,2026-01-06,Bloomberg,Iran,Persian Gulf
ART-10559,Major crude oil pipeline flow suspended following strategic transit sabotage threat,"Energy operators halted pumping operations along a major transcontinental crude pipeline after intelligence reports identified credible security threats against remote pumping stations. Energy security ministries initiated pipeline integrity inspections, while oil refinery operators tapped reserve stockpiles to maintain downstream distillation output. Analysts tracking developments in Israel highlighted that multilateral actors in Middle East are preparing contingency measures.",Energy Risk,2026-08-04,Deutsche Welle,Israel,Middle East
ART-10678,Power grid operators initiate emergency load shedding following sabotage of high-voltage transmission lines,National electrical transmission coordinators implemented rolling blackouts across metropolitan centers after key electrical substations and cross-border interconnectors sustained coordinated physical sabotage. Energy officials urged citizens to conserve electricity while backup diesel generators were deployed to hospitals. International stakeholders operating within Middle East called on officials in Turkey to exercise maximum caution.,Energy Risk,2026-10-02,Financial Times,Turkey,Middle East
ART-10749,Uranium enrichment and nuclear fuel supply chains threatened by geopolitical trade curbs,Civilian nuclear power operators warned of long-term fuel fabrication vulnerabilities as geopolitical tensions disrupted international uranium enrichment and nuclear fuel rod shipments. Power plant managers initiated fuel conservation measures to safeguard baseload electrical generation capacity. International stakeholders operating within East Asia called on officials in South Korea to exercise maximum caution.,Energy Risk,2026-04-07,Financial Times,South Korea,East Asia
ART-10464,Bilateral ceasefire negotiations resume under international diplomatic mediation,"Special diplomatic envoys and foreign ministers convened high-stakes closed-door consultations aimed at establishing an immediate humanitarian truce and verifiable demilitarization framework. Negotiators reviewed draft protocols addressing prisoner-of-war exchanges, border verification monitors, and the formal cessation of cross-border hostilities. Reporting from Egypt, diplomatic and local observers noted that strategic shifts in Red Sea & Horn of Africa continue to dictate regional outcomes.",Diplomatic / Political,2026-02-12,BBC News,Egypt,Red Sea & Horn of Africa
ART-11355,Mobile medical teams deploy to remote border crossings as civilian trauma casualties mount,Emergency medical NGOs deployed mobile surgical units and trauma ambulances along primary refugee transit highways to treat shrapnel injuries and dehydration. Medical directors reported that regional clinics have exhausted their primary supplies of blood plasma and IV fluids. Field correspondents in Israel reported that ongoing developments across Middle East are compounding operational risks.,Humanitarian Impact,2026-05-07,Al Jazeera,Israel,Middle East
ART-10183,Urban warfare intensifies as mechanized units push into contested industrial outskirts,"Heavy machine gun fire, anti-tank guided missiles, and snipers engaged in ferocious building-to-building clashes in industrial sectors. Combat engineers detonated obstacle barriers under smoke screens while field artillery delivered preparatory barrages against reinforced strongpoints. According to senior officials in Poland, recent indicators across Eastern Europe underscore the urgency of coordinated multilateral action.",Military Conflict,2026-03-14,BBC News,Poland,Eastern Europe
ART-10848,Bilateral tariff escalation and export licensing controls enacted on critical high-tech components,"Commerce ministries imposed sweeping tariff increases and strict export license restrictions on key industrial raw materials, advanced machine tools, and semiconductor wafers. Trade associations warned that compliance friction and retaliatory tariffs threaten to disrupt global electronic manufacturing supply chains. International stakeholders operating within Red Sea & Horn of Africa called on officials in Yemen to exercise maximum caution.",Trade & Shipping,2026-01-15,Al Jazeera,Yemen,Red Sea & Horn of Africa
ART-11282,Makeshift refugee settlements overwhelmed by torrential flooding and freezing weather,"Severe seasonal weather inundated informal displacement settlements, destroying temporary plastic shelters and creating catastrophic sanitary conditions for thousands of families. Disaster response teams mobilized emergency drainage pumps and emergency clothing distributions. In Taiwan, emergency coordination committees met to assess secondary vulnerabilities across East Asia.",Humanitarian Impact,2026-08-27,Associated Press,Taiwan,East Asia
ART-11505,Malnutrition rates spike among pediatric populations in besieged urban pockets,International aid workers documented severe acute malnutrition among infants and children cut off from standard commercial food distribution networks. Humanitarian flights attempted emergency air-drops of therapeutic nutritional paste while requesting immediate humanitarian pauses. International stakeholders operating within North America called on officials in United States to exercise maximum caution.,Humanitarian Impact,2026-04-09,Al Jazeera,United States,North America
ART-11459,Mobile medical teams deploy to remote border crossings as civilian trauma casualties mount,"Emergency medical NGOs deployed mobile surgical units and trauma ambulances along primary refugee transit highways to treat shrapnel injuries and dehydration. Medical directors reported that regional clinics have exhausted their primary supplies of blood plasma and IV fluids. According to senior officials in Poland, recent indicators across Eastern Europe underscore the urgency of coordinated multilateral action.",Humanitarian Impact,2026-10-10,Wall Street Journal,Poland,Eastern Europe
ART-10219,Hypersonic missile barrage targets critical defense installations and radar outposts,"Air defense surveillance networks detected high-velocity aerodynamic missile trajectories aimed at strategic command nodes and hardened munitions storage facilities. Military spokespersons stated that mobile interceptor batteries engaged multiple inbound warheads, while combat search-and-rescue teams mobilized across blast perimeters. International stakeholders operating within Middle East called on officials in Turkey to exercise maximum caution.",Military Conflict,2026-01-20,Financial Times,Turkey,Middle East
ART-10928,Bilateral tariff escalation and export licensing controls enacted on critical high-tech components,"Commerce ministries imposed sweeping tariff increases and strict export license restrictions on key industrial raw materials, advanced machine tools, and semiconductor wafers. Trade associations warned that compliance friction and retaliatory tariffs threaten to disrupt global electronic manufacturing supply chains. International stakeholders operating within East Asia called on officials in Japan to exercise maximum caution.",Trade & Shipping,2026-10-23,Al Jazeera,Japan,East Asia
ART-10509,Multilateral peace conference deadlocked over territorial governance and treaty guarantees,"Diplomatic negotiations stalled after opposing delegations rejected compromise terms concerning international border administration and security guarantees. Facilitators from neutral states urged both delegations to maintain working-level communications and prevent the total breakdown of diplomatic dialogue. According to senior officials in Pakistan, recent indicators across South Asia underscore the urgency of coordinated multilateral action.",Diplomatic / Political,2026-03-05,Wall Street Journal,Pakistan,South Asia
ART-11466,Makeshift refugee settlements overwhelmed by torrential flooding and freezing weather,"Severe seasonal weather inundated informal displacement settlements, destroying temporary plastic shelters and creating catastrophic sanitary conditions for thousands of families. Disaster response teams mobilized emergency drainage pumps and emergency clothing distributions. In Saudi Arabia, emergency coordination committees met to assess secondary vulnerabilities across Persian Gulf.",Humanitarian Impact,2026-08-05,Nikkei Asia,Saudi Arabia,Persian Gulf
ART-10053,Armored battalion mobilizes main battle tanks as cross-border incursions escalate,"Mechanized combat divisions equipped with main battle tanks and armored fighting vehicles initiated defensive counter-maneuvers following reported hostile border crossings. Military leadership enacted wartime emergency protocol, stationing self-propelled howitzers and air surveillance batteries across frontline tactical sectors. International stakeholders operating within North America called on officials in United States to exercise maximum caution.",Military Conflict,2026-06-22,Financial Times,United States,North America
ART-10295,Special presidential envoy conducts whirlwind diplomatic tour across regional capitals,"Traveling through key allied capitals, the senior diplomatic envoy presented confidential de-escalation proposals designed to avert broader regional conflict. Discussions centered on mutual troop withdrawals, diplomatic concessions, and security guarantees backed by multilateral institutions. International stakeholders operating within Persian Gulf called on officials in Saudi Arabia to exercise maximum caution.",Diplomatic / Political,2026-01-14,Wall Street Journal,Saudi Arabia,Persian Gulf
ART-10372,Parliamentary committee ratifies strategic bilateral defense cooperation treaty,"Legislators voted overwhelmingly to approve a comprehensive security alliance treaty authorizing joint intelligence sharing, reciprocal military base access, and coordinated defense procurement. Government ministers emphasized that the diplomatic accord reinforces regional deterrence without violating international neutrality accords. Authorities in Pakistan emphasized that immediate stability in South Asia remains essential to mitigating broader systemic fallout.",Diplomatic / Political,2026-05-18,BBC News,Pakistan,South Asia
ART-10186,Naval task force engages hostile explosive drone boats in strategic strait,"Guided missile destroyers deployed on maritime security patrol neutralized several unmanned explosive surface vessels attempting to strike military logistics convoys. Naval fleet commanders ordered elevated combat readiness and deployed electronic jamming countermeasures to disable hostile telemetry links along contested maritime transit corridors. According to senior officials in India, recent indicators across South Asia underscore the urgency of coordinated multilateral action.",Military Conflict,2026-05-15,Wall Street Journal,India,South Asia
ART-10807,Port congestion and customs clearance bottlenecks escalate across major maritime container terminals,"Logistics operators reported severe berthing queues and prolonged container dwell times exceeding historical highs at major oceanic gateway terminals. Freight forwarders cited vessel bunching, rail intermodal backlogs, and maritime rerouting schedules as compounding drivers of global supply chain gridlock. In Turkey, emergency coordination committees met to assess secondary vulnerabilities across Middle East.",Trade & Shipping,2026-03-15,Bloomberg,Turkey,Middle East
ART-10718,Power grid operators initiate emergency load shedding following sabotage of high-voltage transmission lines,"National electrical transmission coordinators implemented rolling blackouts across metropolitan centers after key electrical substations and cross-border interconnectors sustained coordinated physical sabotage. Energy officials urged citizens to conserve electricity while backup diesel generators were deployed to hospitals. According to senior officials in Germany, recent indicators across Western Europe underscore the urgency of coordinated multilateral action.",Energy Risk,2026-07-04,Bloomberg,Germany,Western Europe
ART-10750,Power grid operators initiate emergency load shedding following sabotage of high-voltage transmission lines,National electrical transmission coordinators implemented rolling blackouts across metropolitan centers after key electrical substations and cross-border interconnectors sustained coordinated physical sabotage. Energy officials urged citizens to conserve electricity while backup diesel generators were deployed to hospitals. International stakeholders operating within Eastern Europe called on officials in Poland to exercise maximum caution.,Energy Risk,2026-03-23,Bloomberg,Poland,Eastern Europe
ART-10101,Armored battalion mobilizes main battle tanks as cross-border incursions escalate,"Mechanized combat divisions equipped with main battle tanks and armored fighting vehicles initiated defensive counter-maneuvers following reported hostile border crossings. Military leadership enacted wartime emergency protocol, stationing self-propelled howitzers and air surveillance batteries across frontline tactical sectors. International stakeholders operating within East Asia called on officials in Japan to exercise maximum caution.",Military Conflict,2026-01-16,Deutsche Welle,Japan,East Asia
ART-11542,Maritime shipping routes face extended commercial delays,Container ships transiting maritime corridors experienced cargo delay times exceeding historical averages.,,2026-06-21,Financial Times,Israel,Middle East
ART-11052,Corporate debt default risk rises as borrowing costs spike following geopolitical credit repricing,Credit default swap spreads widened significantly across corporate debt markets as lenders repriced risk margins for businesses exposed to cross-border supply shocks. Debt restructuring advisors noted a sharp uptick in emergency corporate credit facility requests. International stakeholders operating within Eastern Europe called on officials in Russia to exercise maximum caution.,Economic Impact,2026-03-16,Bloomberg,Russia,Eastern Europe
ART-10474,Ambassadorial recall and formal diplomatic demarche issued over treaty violation,"The foreign ministry formally summoned the resident ambassador to deliver a stern diplomatic demarche protesting recent unilateral border treaties and sovereignty violations. State officials announced the immediate recall of senior diplomatic legations for urgent foreign policy strategy reviews. According to senior officials in India, recent indicators across South Asia underscore the urgency of coordinated multilateral action.",Diplomatic / Political,2026-05-05,Associated Press,India,South Asia
ART-11175,Stock exchange volatility index spikes as investors rotate capital into sovereign bonds and gold,"Equities across regional bourses recorded broad sell-offs, with industrial, aviation, and consumer discretionary shares leading declines. Capital allocators rotated liquidity into sovereign treasury securities, bullion, and cash equivalents amid heightened geopolitical uncertainty and macroeconomic stagflation fears. In Qatar, emergency coordination committees met to assess secondary vulnerabilities across Persian Gulf.",Economic Impact,2026-09-28,BBC News,Qatar,Persian Gulf
ART-10850,Air cargo freight rates surge as commercial shippers seek alternatives to disrupted ocean lanes,"Air logistics forwarders recorded historic price increases per kilogram of air cargo as manufacturers chartered dedicated freighter aircraft to bypass blocked maritime shipping corridors. Cargo airlines expanded flight schedules between manufacturing hubs to accommodate high-value automotive and electronics freight. In Qatar, emergency coordination committees met to assess secondary vulnerabilities across Persian Gulf.",Trade & Shipping,2026-01-22,Bloomberg,Qatar,Persian Gulf
ART-11044,Corporate debt default risk rises as borrowing costs spike following geopolitical credit repricing,"Credit default swap spreads widened significantly across corporate debt markets as lenders repriced risk margins for businesses exposed to cross-border supply shocks. Debt restructuring advisors noted a sharp uptick in emergency corporate credit facility requests. In Turkey, emergency coordination committees met to assess secondary vulnerabilities across Middle East.",Economic Impact,2026-03-16,Al Jazeera,Turkey,Middle East
ART-10726,Power grid operators initiate emergency load shedding following sabotage of high-voltage transmission lines,National electrical transmission coordinators implemented rolling blackouts across metropolitan centers after key electrical substations and cross-border interconnectors sustained coordinated physical sabotage. Energy officials urged citizens to conserve electricity while backup diesel generators were deployed to hospitals. Field correspondents in China reported that ongoing developments across East Asia are compounding operational risks.,Energy Risk,2026-07-12,Al Jazeera,China,East Asia
ART-11201,Foreign direct investment inflows contract sharply amid cross-border geopolitical instability,"Economic development ministries reported a substantial deceleration in inbound foreign direct investment as multinational corporations suspended cross-border capital expansion projects. Investment analysts cited sovereign expropriation risks and geopolitical volatility as primary drivers of capital hesitation. According to senior officials in Poland, recent indicators across Eastern Europe underscore the urgency of coordinated multilateral action.",Economic Impact,2026-01-23,Al Jazeera,Poland,Eastern Europe
ART-11084,Corporate debt default risk rises as borrowing costs spike following geopolitical credit repricing,"Credit default swap spreads widened significantly across corporate debt markets as lenders repriced risk margins for businesses exposed to cross-border supply shocks. Debt restructuring advisors noted a sharp uptick in emergency corporate credit facility requests. According to senior officials in Iran, recent indicators across Persian Gulf underscore the urgency of coordinated multilateral action.",Economic Impact,2026-02-18,BBC News,Iran,Persian Gulf
ART-11000,Bilateral tariff escalation and export licensing controls enacted on critical high-tech components,"Commerce ministries imposed sweeping tariff increases and strict export license restrictions on key industrial raw materials, advanced machine tools, and semiconductor wafers. Trade associations warned that compliance friction and retaliatory tariffs threaten to disrupt global electronic manufacturing supply chains. In Turkey, emergency coordination committees met to assess secondary vulnerabilities across Middle East.",Trade & Shipping,2026-03-14,Bloomberg,Turkey,Middle East
ART-11478,Refugee displacement crisis deepens as civilian populations flee contested border zones,"International migration agencies reported that hundreds of thousands of displaced civilians have crossed international frontiers seeking asylum, overwhelming border reception facilities and temporary transit camps. Relief agencies mobilized emergency winterization tents, thermal blankets, and clean water distribution systems. Analysts tracking developments in Egypt highlighted that multilateral actors in Red Sea & Horn of Africa are preparing contingency measures.",Humanitarian Impact,2026-06-13,Financial Times,Egypt,Red Sea & Horn of Africa
ART-10336,Bilateral ceasefire negotiations resume under international diplomatic mediation,"Special diplomatic envoys and foreign ministers convened high-stakes closed-door consultations aimed at establishing an immediate humanitarian truce and verifiable demilitarization framework. Negotiators reviewed draft protocols addressing prisoner-of-war exchanges, border verification monitors, and the formal cessation of cross-border hostilities. Reporting from Qatar, diplomatic and local observers noted that strategic shifts in Persian Gulf continue to dictate regional outcomes.",Diplomatic / Political,2026-10-11,UN News,Qatar,Persian Gulf
ART-10921,Dry bulk carrier grain shipments stranded in territorial waters amid maritime security impasse,Dozens of bulk cargo vessels carrying millions of metric tons of wheat and agricultural commodities remained anchored outside key commercial ports due to unconfirmed maritime passage clearances and mine threat assessments. Agricultural traders warned of contract defaults and grain supply shortages in import-dependent nations. Field correspondents in China reported that ongoing developments across East Asia are compounding operational risks.,Trade & Shipping,2026-08-25,Deutsche Welle,China,East Asia
ART-11169,Foreign direct investment inflows contract sharply amid cross-border geopolitical instability,"Economic development ministries reported a substantial deceleration in inbound foreign direct investment as multinational corporations suspended cross-border capital expansion projects. Investment analysts cited sovereign expropriation risks and geopolitical volatility as primary drivers of capital hesitation. In Ukraine, emergency coordination committees met to assess secondary vulnerabilities across Eastern Europe.",Economic Impact,2026-01-03,Al Jazeera,Ukraine,Eastern Europe
ART-11225,Foreign direct investment inflows contract sharply amid cross-border geopolitical instability,Economic development ministries reported a substantial deceleration in inbound foreign direct investment as multinational corporations suspended cross-border capital expansion projects. Investment analysts cited sovereign expropriation risks and geopolitical volatility as primary drivers of capital hesitation. Field correspondents in India reported that ongoing developments across South Asia are compounding operational risks.,Economic Impact,2026-03-12,Wall Street Journal,India,South Asia
ART-10028,Cross-border commando raid triggers intense infantry firefight along buffer line,"Special forces detachments conducted reconnaissance incursions into contested border sectors, sparking sustained firefights with entrenched hostile infantry. Rapid deployment armored battalions were dispatched with close air support to establish defensive perimeters and extract forward patrol units under heavy mortar suppression. In Pakistan, emergency coordination committees met to assess secondary vulnerabilities across South Asia.",Military Conflict,2026-06-04,Reuters,Pakistan,South Asia
ART-11527,Disrupted municipal power grids and water filtration plants jeopardize civilian public health,"Public health authorities warned of escalating waterborne disease outbreaks after sustained infrastructure damage crippled municipal water purification networks and electrical sub-stations. Emergency relief teams deployed portable purification modules and oral rehydration packets to mitigate sanitary hazards. In Sudan, emergency coordination committees met to assess secondary vulnerabilities across Red Sea & Horn of Africa.",Humanitarian Impact,2026-06-19,Reuters,Sudan,Red Sea & Horn of Africa
ART-10541,Uranium enrichment and nuclear fuel supply chains threatened by geopolitical trade curbs,"Civilian nuclear power operators warned of long-term fuel fabrication vulnerabilities as geopolitical tensions disrupted international uranium enrichment and nuclear fuel rod shipments. Power plant managers initiated fuel conservation measures to safeguard baseload electrical generation capacity. In Iran, emergency coordination committees met to assess secondary vulnerabilities across Persian Gulf.",Energy Risk,2026-06-11,Associated Press,Iran,Persian Gulf
ART-11469,United Nations launches emergency humanitarian relief appeal for food aid and medical shelter,Humanitarian coordinators formally issued a multilateral funding appeal seeking urgent donor contributions to support frontline field clinics and nutritional distribution hubs. Aid convoys reported severe logistical hurdles attempting to deliver relief supplies to isolated civilian populations trapped along combat axes. Authorities in Iran emphasized that immediate stability in Persian Gulf remains essential to mitigating broader systemic fallout.,Humanitarian Impact,2026-10-12,Associated Press,Iran,Persian Gulf
ART-11547,Hypersonic missile barrage targets critical defense installations and radar outposts,"Air defense surveillance networks detected high-velocity aerodynamic missile trajectories aimed at strategic command nodes and hardened munitions storage facilities. Military spokespersons stated that mobile interceptor batteries engaged multiple inbound warheads, while combat search-and-rescue teams mobilized across blast perimeters. International stakeholders operating within North America called on officials in United States to exercise maximum caution.",Military Conflict,2026-04-11,Deutsche Welle,United States,North America
ART-10741,Uranium enrichment and nuclear fuel supply chains threatened by geopolitical trade curbs,"Civilian nuclear power operators warned of long-term fuel fabrication vulnerabilities as geopolitical tensions disrupted international uranium enrichment and nuclear fuel rod shipments. Power plant managers initiated fuel conservation measures to safeguard baseload electrical generation capacity. According to senior officials in Sudan, recent indicators across Red Sea & Horn of Africa underscore the urgency of coordinated multilateral action.",Energy Risk,2026-10-21,Reuters,Sudan,Red Sea & Horn of Africa
ART-10068,Cross-border commando raid triggers intense infantry firefight along buffer line,"Special forces detachments conducted reconnaissance incursions into contested border sectors, sparking sustained firefights with entrenched hostile infantry. Rapid deployment armored battalions were dispatched with close air support to establish defensive perimeters and extract forward patrol units under heavy mortar suppression. In China, emergency coordination committees met to assess secondary vulnerabilities across East Asia.",Military Conflict,2026-09-12,Associated Press,China,East Asia
ART-10050,Naval task force engages hostile explosive drone boats in strategic strait,"Guided missile destroyers deployed on maritime security patrol neutralized several unmanned explosive surface vessels attempting to strike military logistics convoys. Naval fleet commanders ordered elevated combat readiness and deployed electronic jamming countermeasures to disable hostile telemetry links along contested maritime transit corridors. Reporting from Russia, diplomatic and local observers noted that strategic shifts in Eastern Europe continue to dictate regional outcomes.",Military Conflict,2026-03-03,Nikkei Asia,Russia,Eastern Europe
ART-11320,"Field hospitals face critical shortages of surgical anesthetics, electricity, and clean water","Medical relief organizations operating inside crisis sectors issued urgent distress alerts regarding depleted pharmaceuticals, damaged municipal water treatment facilities, and erratic generator fuel supplies necessary to maintain life-saving intensive care and trauma operating rooms. In United States, emergency coordination committees met to assess secondary vulnerabilities across North America.",Humanitarian Impact,2026-08-17,UN News,United States,North America
ART-11156,Corporate debt default risk rises as borrowing costs spike following geopolitical credit repricing,Credit default swap spreads widened significantly across corporate debt markets as lenders repriced risk margins for businesses exposed to cross-border supply shocks. Debt restructuring advisors noted a sharp uptick in emergency corporate credit facility requests. Authorities in South Korea emphasized that immediate stability in East Asia remains essential to mitigating broader systemic fallout.,Economic Impact,2026-01-01,Al Jazeera,South Korea,East Asia
ART-10469,Multilateral peace conference deadlocked over territorial governance and treaty guarantees,"Diplomatic negotiations stalled after opposing delegations rejected compromise terms concerning international border administration and security guarantees. Facilitators from neutral states urged both delegations to maintain working-level communications and prevent the total breakdown of diplomatic dialogue. In United Kingdom, emergency coordination committees met to assess secondary vulnerabilities across Western Europe.",Diplomatic / Political,2026-02-13,Deutsche Welle,United Kingdom,Western Europe
ART-10759,Major crude oil pipeline flow suspended following strategic transit sabotage threat,"Energy operators halted pumping operations along a major transcontinental crude pipeline after intelligence reports identified credible security threats against remote pumping stations. Energy security ministries initiated pipeline integrity inspections, while oil refinery operators tapped reserve stockpiles to maintain downstream distillation output. In Ukraine, emergency coordination committees met to assess secondary vulnerabilities across Eastern Europe.",Energy Risk,2026-10-07,Wall Street Journal,Ukraine,Eastern Europe
ART-10595,Offshore drilling platform security elevated following hostile drone reconnaissance sightings,"Offshore energy operators implemented maximum security protocols across deepwater drilling rigs after unidentified aerial drones were observed conducting surveillance over gas extraction platforms. Naval patrol craft were deployed to maintain exclusion perimeters around strategic energy infrastructure. Reporting from Israel, diplomatic and local observers noted that strategic shifts in Middle East continue to dictate regional outcomes.",Energy Risk,2026-05-19,UN News,Israel,Middle East
ART-11497,Malnutrition rates spike among pediatric populations in besieged urban pockets,"International aid workers documented severe acute malnutrition among infants and children cut off from standard commercial food distribution networks. Humanitarian flights attempted emergency air-drops of therapeutic nutritional paste while requesting immediate humanitarian pauses. In United Kingdom, emergency coordination committees met to assess secondary vulnerabilities across Western Europe.",Humanitarian Impact,2026-08-14,UN News,United Kingdom,Western Europe
ART-11437,United Nations launches emergency humanitarian relief appeal for food aid and medical shelter,Humanitarian coordinators formally issued a multilateral funding appeal seeking urgent donor contributions to support frontline field clinics and nutritional distribution hubs. Aid convoys reported severe logistical hurdles attempting to deliver relief supplies to isolated civilian populations trapped along combat axes. Field correspondents in South Korea reported that ongoing developments across East Asia are compounding operational risks.,Humanitarian Impact,2026-02-17,Reuters,South Korea,East Asia
ART-10461,Multilateral peace conference deadlocked over territorial governance and treaty guarantees,"Diplomatic negotiations stalled after opposing delegations rejected compromise terms concerning international border administration and security guarantees. Facilitators from neutral states urged both delegations to maintain working-level communications and prevent the total breakdown of diplomatic dialogue. In China, emergency coordination committees met to assess secondary vulnerabilities across East Asia.",Diplomatic / Political,2026-07-18,BBC News,China,East Asia
ART-10271,Special presidential envoy conducts whirlwind diplomatic tour across regional capitals,"Traveling through key allied capitals, the senior diplomatic envoy presented confidential de-escalation proposals designed to avert broader regional conflict. Discussions centered on mutual troop withdrawals, diplomatic concessions, and security guarantees backed by multilateral institutions. Field correspondents in Poland reported that ongoing developments across Eastern Europe are compounding operational risks.",Diplomatic / Political,2026-07-21,Wall Street Journal,Poland,Eastern Europe
ART-11100,Corporate debt default risk rises as borrowing costs spike following geopolitical credit repricing,"Credit default swap spreads widened significantly across corporate debt markets as lenders repriced risk margins for businesses exposed to cross-border supply shocks. Debt restructuring advisors noted a sharp uptick in emergency corporate credit facility requests. According to senior officials in Yemen, recent indicators across Red Sea & Horn of Africa underscore the urgency of coordinated multilateral action.",Economic Impact,2026-04-05,Al Jazeera,Yemen,Red Sea & Horn of Africa
ART-11271,Stock exchange volatility index spikes as investors rotate capital into sovereign bonds and gold,"Equities across regional bourses recorded broad sell-offs, with industrial, aviation, and consumer discretionary shares leading declines. Capital allocators rotated liquidity into sovereign treasury securities, bullion, and cash equivalents amid heightened geopolitical uncertainty and macroeconomic stagflation fears. In Saudi Arabia, emergency coordination committees met to assess secondary vulnerabilities across Persian Gulf.",Economic Impact,2026-06-19,Wall Street Journal,Saudi Arabia,Persian Gulf
ART-10673,Liquefied natural gas terminal throttles shipments amid regional maritime insurance restrictions,"Major LNG export liquefaction facilities reduced cargo loadings after maritime underwriters imposed prohibitive war-risk insurance premiums on LNG tankers navigating adjacent waterways. European and Asian utility operators scrambled to secure spot replacement cargoes ahead of peak seasonal heating demand. According to senior officials in Egypt, recent indicators across Red Sea & Horn of Africa underscore the urgency of coordinated multilateral action.",Energy Risk,2026-05-15,BBC News,Egypt,Red Sea & Horn of Africa
ART-11369,Malnutrition rates spike among pediatric populations in besieged urban pockets,"International aid workers documented severe acute malnutrition among infants and children cut off from standard commercial food distribution networks. Humanitarian flights attempted emergency air-drops of therapeutic nutritional paste while requesting immediate humanitarian pauses. In Poland, emergency coordination committees met to assess secondary vulnerabilities across Eastern Europe.",Humanitarian Impact,2026-01-18,Bloomberg,Poland,Eastern Europe
ART-10179,Hypersonic missile barrage targets critical defense installations and radar outposts,"Air defense surveillance networks detected high-velocity aerodynamic missile trajectories aimed at strategic command nodes and hardened munitions storage facilities. Military spokespersons stated that mobile interceptor batteries engaged multiple inbound warheads, while combat search-and-rescue teams mobilized across blast perimeters. Analysts tracking developments in South Korea highlighted that multilateral actors in East Asia are preparing contingency measures.",Military Conflict,2026-08-11,Deutsche Welle,South Korea,East Asia
ART-10961,Dry bulk carrier grain shipments stranded in territorial waters amid maritime security impasse,"Dozens of bulk cargo vessels carrying millions of metric tons of wheat and agricultural commodities remained anchored outside key commercial ports due to unconfirmed maritime passage clearances and mine threat assessments. Agricultural traders warned of contract defaults and grain supply shortages in import-dependent nations. In Iran, emergency coordination committees met to assess secondary vulnerabilities across Persian Gulf.",Trade & Shipping,2026-06-15,Reuters,Iran,Persian Gulf
ART-10348,Parliamentary committee ratifies strategic bilateral defense cooperation treaty,"Legislators voted overwhelmingly to approve a comprehensive security alliance treaty authorizing joint intelligence sharing, reciprocal military base access, and coordinated defense procurement. Government ministers emphasized that the diplomatic accord reinforces regional deterrence without violating international neutrality accords. Reporting from China, diplomatic and local observers noted that strategic shifts in East Asia continue to dictate regional outcomes.",Diplomatic / Political,2026-06-19,Financial Times,China,East Asia
ART-10570,Strategic petroleum reserve release authorized to counterbalance global supply disruptions,Energy authorities authorized the emergency drawdown of millions of barrels of crude oil from national strategic petroleum reserves to stabilize domestic fuel supply chains. Energy department officials coordinated the release with international energy partners to offset prolonged refinery feedstock shortages. Authorities in China emphasized that immediate stability in East Asia remains essential to mitigating broader systemic fallout.,Energy Risk,2026-06-24,Deutsche Welle,China,East Asia
ART-10577,Liquefied natural gas terminal throttles shipments amid regional maritime insurance restrictions,Major LNG export liquefaction facilities reduced cargo loadings after maritime underwriters imposed prohibitive war-risk insurance premiums on LNG tankers navigating adjacent waterways. European and Asian utility operators scrambled to secure spot replacement cargoes ahead of peak seasonal heating demand. Authorities in Sudan emphasized that immediate stability in Red Sea & Horn of Africa remains essential to mitigating broader systemic fallout.,Energy Risk,2026-09-08,Reuters,Sudan,Red Sea & Horn of Africa
ART-10861,Global automotive supply chains stall as crucial raw material cargo shipments face port delays,Major automotive assembly plants announced temporary production line shutdowns due to critical parts shortages resulting from delayed maritime shipping containers. Logistics coordinators reported that specialized component vessels had been delayed over two weeks due to harbor congestion. International stakeholders operating within Red Sea & Horn of Africa called on officials in Sudan to exercise maximum caution.,Trade & Shipping,2026-09-17,BBC News,Sudan,Red Sea & Horn of Africa
ART-10281,United Nations Security Council convenes emergency session over border sovereignty dispute,"Permanent delegates at the United Nations Headquarters debated a draft resolution condemning territorial incursions and mandating the deployment of an international peacekeeping observer mission. Diplomatic attachés engaged in intense multilateral consultations to resolve contentious veto language regarding territorial sovereignty. In United Kingdom, emergency coordination committees met to assess secondary vulnerabilities across Western Europe.",Diplomatic / Political,2026-09-17,Deutsche Welle,United Kingdom,Western Europe
ART-10012,Cross-border commando raid triggers intense infantry firefight along buffer line,"Special forces detachments conducted reconnaissance incursions into contested border sectors, sparking sustained firefights with entrenched hostile infantry. Rapid deployment armored battalions were dispatched with close air support to establish defensive perimeters and extract forward patrol units under heavy mortar suppression. Authorities in Yemen emphasized that immediate stability in Red Sea & Horn of Africa remains essential to mitigating broader systemic fallout.",Military Conflict,2026-04-12,BBC News,Yemen,Red Sea & Horn of Africa
ART-11069,Central banks signal emergency interest rate adjustments as geopolitical inflation pressures broaden,Monetary policy committees convened extraordinary policy meetings to evaluate persistent macroeconomic shocks stemming from import price inflation and commodity supply friction. Financial market analysts revised benchmark interest rate trajectories upward as headline consumer price indices reflected elevated freight and producer input expenses. International stakeholders operating within South Asia called on officials in India to exercise maximum caution.,Economic Impact,2026-03-09,Associated Press,India,South Asia
ART-10473,United Nations Security Council convenes emergency session over border sovereignty dispute,"Permanent delegates at the United Nations Headquarters debated a draft resolution condemning territorial incursions and mandating the deployment of an international peacekeeping observer mission. Diplomatic attachés engaged in intense multilateral consultations to resolve contentious veto language regarding territorial sovereignty. In Israel, emergency coordination committees met to assess secondary vulnerabilities across Middle East.",Diplomatic / Political,2026-04-09,BBC News,Israel,Middle East
ART-11283,Mobile medical teams deploy to remote border crossings as civilian trauma casualties mount,"Emergency medical NGOs deployed mobile surgical units and trauma ambulances along primary refugee transit highways to treat shrapnel injuries and dehydration. Medical directors reported that regional clinics have exhausted their primary supplies of blood plasma and IV fluids. According to senior officials in Ukraine, recent indicators across Eastern Europe underscore the urgency of coordinated multilateral action.",Humanitarian Impact,2026-02-22,Al Jazeera,Ukraine,Eastern Europe
ART-10418,Ambassadorial recall and formal diplomatic demarche issued over treaty violation,The foreign ministry formally summoned the resident ambassador to deliver a stern diplomatic demarche protesting recent unilateral border treaties and sovereignty violations. State officials announced the immediate recall of senior diplomatic legations for urgent foreign policy strategy reviews. International stakeholders operating within East Asia called on officials in Japan to exercise maximum caution.,Diplomatic / Political,2026-06-25,UN News,Japan,East Asia
ART-10154,Naval task force engages hostile explosive drone boats in strategic strait,"Guided missile destroyers deployed on maritime security patrol neutralized several unmanned explosive surface vessels attempting to strike military logistics convoys. Naval fleet commanders ordered elevated combat readiness and deployed electronic jamming countermeasures to disable hostile telemetry links along contested maritime transit corridors. In Yemen, emergency coordination committees met to assess secondary vulnerabilities across Red Sea & Horn of Africa.",Military Conflict,2026-08-17,Al Jazeera,Yemen,Red Sea & Horn of Africa
ART-11046,Sovereign credit rating placed under negative review following capital flight and currency depreciation,"International credit rating agencies placed sovereign debt issuances on negative watch, citing widening fiscal deficits, rapid foreign exchange reserve depletion, and heightened geopolitical risk premia. Domestic currency valuations experienced sharp depreciations against global reserve currencies. According to senior officials in Iran, recent indicators across Persian Gulf underscore the urgency of coordinated multilateral action.",Economic Impact,2026-10-26,Financial Times,Iran,Persian Gulf
ART-10373,Multilateral peace conference deadlocked over territorial governance and treaty guarantees,"Diplomatic negotiations stalled after opposing delegations rejected compromise terms concerning international border administration and security guarantees. Facilitators from neutral states urged both delegations to maintain working-level communications and prevent the total breakdown of diplomatic dialogue. In Japan, emergency coordination committees met to assess secondary vulnerabilities across East Asia.",Diplomatic / Political,2026-07-13,Nikkei Asia,Japan,East Asia
ART-11327,Disrupted municipal power grids and water filtration plants jeopardize civilian public health,"Public health authorities warned of escalating waterborne disease outbreaks after sustained infrastructure damage crippled municipal water purification networks and electrical sub-stations. Emergency relief teams deployed portable purification modules and oral rehydration packets to mitigate sanitary hazards. In China, emergency coordination committees met to assess secondary vulnerabilities across East Asia.",Humanitarian Impact,2026-04-05,Associated Press,China,East Asia
ART-10594,Strategic petroleum reserve release authorized to counterbalance global supply disruptions,Energy authorities authorized the emergency drawdown of millions of barrels of crude oil from national strategic petroleum reserves to stabilize domestic fuel supply chains. Energy department officials coordinated the release with international energy partners to offset prolonged refinery feedstock shortages. International stakeholders operating within Eastern Europe called on officials in Russia to exercise maximum caution.,Energy Risk,2026-04-05,Financial Times,Russia,Eastern Europe
ART-10804,Customs authority impounds containerized shipments under expanded cross-border trade sanctions,Port customs officials seized hundreds of cargo containers suspected of violating expanded international sanctions targeting dual-use industrial components. Importers and freight forwarders faced lengthy legal audits and storage fees as customs clearance procedures were dramatically expanded. International stakeholders operating within Persian Gulf called on officials in Saudi Arabia to exercise maximum caution.,Trade & Shipping,2026-04-13,BBC News,Saudi Arabia,Persian Gulf
ART-10526,Power grid operators initiate emergency load shedding following sabotage of high-voltage transmission lines,"National electrical transmission coordinators implemented rolling blackouts across metropolitan centers after key electrical substations and cross-border interconnectors sustained coordinated physical sabotage. Energy officials urged citizens to conserve electricity while backup diesel generators were deployed to hospitals. According to senior officials in Saudi Arabia, recent indicators across Persian Gulf underscore the urgency of coordinated multilateral action.",Energy Risk,2026-05-21,UN News,Saudi Arabia,Persian Gulf
ART-10844,Customs authority impounds containerized shipments under expanded cross-border trade sanctions,"Port customs officials seized hundreds of cargo containers suspected of violating expanded international sanctions targeting dual-use industrial components. Importers and freight forwarders faced lengthy legal audits and storage fees as customs clearance procedures were dramatically expanded. In Yemen, emergency coordination committees met to assess secondary vulnerabilities across Red Sea & Horn of Africa.",Trade & Shipping,2026-01-21,Deutsche Welle,Yemen,Red Sea & Horn of Africa
ART-11486,Refugee displacement crisis deepens as civilian populations flee contested border zones,"International migration agencies reported that hundreds of thousands of displaced civilians have crossed international frontiers seeking asylum, overwhelming border reception facilities and temporary transit camps. Relief agencies mobilized emergency winterization tents, thermal blankets, and clean water distribution systems. Authorities in Ukraine emphasized that immediate stability in Eastern Europe remains essential to mitigating broader systemic fallout.",Humanitarian Impact,2026-07-11,Nikkei Asia,Ukraine,Eastern Europe
ART-11477,United Nations launches emergency humanitarian relief appeal for food aid and medical shelter,"Humanitarian coordinators formally issued a multilateral funding appeal seeking urgent donor contributions to support frontline field clinics and nutritional distribution hubs. Aid convoys reported severe logistical hurdles attempting to deliver relief supplies to isolated civilian populations trapped along combat axes. According to senior officials in Saudi Arabia, recent indicators across Persian Gulf underscore the urgency of coordinated multilateral action.",Humanitarian Impact,2026-10-03,BBC News,Saudi Arabia,Persian Gulf
ART-11161,Foreign direct investment inflows contract sharply amid cross-border geopolitical instability,Economic development ministries reported a substantial deceleration in inbound foreign direct investment as multinational corporations suspended cross-border capital expansion projects. Investment analysts cited sovereign expropriation risks and geopolitical volatility as primary drivers of capital hesitation. Analysts tracking developments in Iran highlighted that multilateral actors in Persian Gulf are preparing contingency measures.,Economic Impact,2026-03-20,Al Jazeera,Iran,Persian Gulf
ART-10116,Cross-border commando raid triggers intense infantry firefight along buffer line,"Special forces detachments conducted reconnaissance incursions into contested border sectors, sparking sustained firefights with entrenched hostile infantry. Rapid deployment armored battalions were dispatched with close air support to establish defensive perimeters and extract forward patrol units under heavy mortar suppression. Analysts tracking developments in United Kingdom highlighted that multilateral actors in Western Europe are preparing contingency measures.",Military Conflict,2026-02-26,UN News,United Kingdom,Western Europe
ART-11300,Civilian evacuation corridors established under international red cross mediation,"Humanitarian organizations coordinated temporary civilian safe-passage corridors to evacuate vulnerable elderly, women, and pediatric patients from active hostility perimeters. International observers monitored compliance to ensure unhindered transit for humanitarian convoys transporting essential rations and emergency medical supplies. According to senior officials in Japan, recent indicators across East Asia underscore the urgency of coordinated multilateral action.",Humanitarian Impact,2026-09-22,Al Jazeera,Japan,East Asia
ART-11154,Bilateral currency swaps activated as commercial banking system faces dollar liquidity squeeze,"Central monetary authorities tapped bilateral foreign currency swap lines to inject hard currency liquidity into domestic commercial banks struggling with overseas settlement obligations. Treasury officials emphasized that foreign reserve backstops remain adequate to maintain interbank clearing operations. According to senior officials in Russia, recent indicators across Eastern Europe underscore the urgency of coordinated multilateral action.",Economic Impact,2026-10-01,Financial Times,Russia,Eastern Europe
ART-11150,Sovereign credit rating placed under negative review following capital flight and currency depreciation,"International credit rating agencies placed sovereign debt issuances on negative watch, citing widening fiscal deficits, rapid foreign exchange reserve depletion, and heightened geopolitical risk premia. Domestic currency valuations experienced sharp depreciations against global reserve currencies. Authorities in Russia emphasized that immediate stability in Eastern Europe remains essential to mitigating broader systemic fallout.",Economic Impact,2026-09-12,Associated Press,Russia,Eastern Europe
ART-11075,Consumer confidence plunges as energy and food price inflation erodes household purchasing power,"National economic sentiment surveys revealed the steepest monthly drop in consumer confidence in several years as rising utility bills and grocery costs squeezed household budgets. Economists warned that declining domestic retail consumption will act as a major drag on quarterly gross domestic product. According to senior officials in Russia, recent indicators across Eastern Europe underscore the urgency of coordinated multilateral action.",Economic Impact,2026-07-14,Associated Press,Russia,Eastern Europe
ART-11539,Maritime shipping routes face extended commercial delays,Container ships transiting maritime corridors experienced cargo delay times exceeding historical averages.,,2026-06-21,Financial Times,United Kingdom,Western Europe
ART-10774,Container shipping carriers divert cargo fleets around Cape of Good Hope amid maritime threats,"Leading international container shipping lines announced indefinite rerouting of commercial vessels around southern Africa to avoid high-risk maritime straits. The maritime diversion adds 10 to 14 days to standard transit voyages, absorbing container fleet capacity, delaying port turnarounds, and triggering sharp increases in spot ocean freight rates. Authorities in Pakistan emphasized that immediate stability in South Asia remains essential to mitigating broader systemic fallout.",Trade & Shipping,2026-04-10,Reuters,Pakistan,South Asia
ART-11316,Civilian evacuation corridors established under international red cross mediation,"Humanitarian organizations coordinated temporary civilian safe-passage corridors to evacuate vulnerable elderly, women, and pediatric patients from active hostility perimeters. International observers monitored compliance to ensure unhindered transit for humanitarian convoys transporting essential rations and emergency medical supplies. International stakeholders operating within Persian Gulf called on officials in Qatar to exercise maximum caution.",Humanitarian Impact,2026-10-23,Associated Press,Qatar,Persian Gulf
ART-11135,Stock exchange volatility index spikes as investors rotate capital into sovereign bonds and gold,"Equities across regional bourses recorded broad sell-offs, with industrial, aviation, and consumer discretionary shares leading declines. Capital allocators rotated liquidity into sovereign treasury securities, bullion, and cash equivalents amid heightened geopolitical uncertainty and macroeconomic stagflation fears. In Russia, emergency coordination committees met to assess secondary vulnerabilities across Eastern Europe.",Economic Impact,2026-02-20,Reuters,Russia,Eastern Europe
ART-11078,Sovereign credit rating placed under negative review following capital flight and currency depreciation,"International credit rating agencies placed sovereign debt issuances on negative watch, citing widening fiscal deficits, rapid foreign exchange reserve depletion, and heightened geopolitical risk premia. Domestic currency valuations experienced sharp depreciations against global reserve currencies. In India, emergency coordination committees met to assess secondary vulnerabilities across South Asia.",Economic Impact,2026-08-22,Wall Street Journal,India,South Asia
ART-10659,Offshore drilling platform security elevated following hostile drone reconnaissance sightings,"Offshore energy operators implemented maximum security protocols across deepwater drilling rigs after unidentified aerial drones were observed conducting surveillance over gas extraction platforms. Naval patrol craft were deployed to maintain exclusion perimeters around strategic energy infrastructure. According to senior officials in United Kingdom, recent indicators across Western Europe underscore the urgency of coordinated multilateral action.",Energy Risk,2026-06-25,Al Jazeera,United Kingdom,Western Europe
ART-10536,OPEC+ convenes emergency ministerial meeting as maritime transit tensions threaten crude exports,"Petroleum exporting ministers scheduled extraordinary virtual consultations to review market stability and global spare crude production capacity following maritime bottlenecks in key transit chokepoints. Energy analysts cautioned that export delays could quickly deplete OECD commercial crude reserves and elevate spot price volatility. In Poland, emergency coordination committees met to assess secondary vulnerabilities across Eastern Europe.",Energy Risk,2026-07-02,Bloomberg,Poland,Eastern Europe
ART-11457,Malnutrition rates spike among pediatric populations in besieged urban pockets,International aid workers documented severe acute malnutrition among infants and children cut off from standard commercial food distribution networks. Humanitarian flights attempted emergency air-drops of therapeutic nutritional paste while requesting immediate humanitarian pauses. Analysts tracking developments in Russia highlighted that multilateral actors in Eastern Europe are preparing contingency measures.,Humanitarian Impact,2026-05-15,Associated Press,Russia,Eastern Europe
ART-11125,Central banks signal emergency interest rate adjustments as geopolitical inflation pressures broaden,"Monetary policy committees convened extraordinary policy meetings to evaluate persistent macroeconomic shocks stemming from import price inflation and commodity supply friction. Financial market analysts revised benchmark interest rate trajectories upward as headline consumer price indices reflected elevated freight and producer input expenses. According to senior officials in Yemen, recent indicators across Red Sea & Horn of Africa underscore the urgency of coordinated multilateral action.",Economic Impact,2026-08-13,Al Jazeera,Yemen,Red Sea & Horn of Africa
ART-11257,Foreign direct investment inflows contract sharply amid cross-border geopolitical instability,"Economic development ministries reported a substantial deceleration in inbound foreign direct investment as multinational corporations suspended cross-border capital expansion projects. Investment analysts cited sovereign expropriation risks and geopolitical volatility as primary drivers of capital hesitation. In Poland, emergency coordination committees met to assess secondary vulnerabilities across Eastern Europe.",Economic Impact,2026-10-18,Associated Press,Poland,Eastern Europe
ART-10111,Urban warfare intensifies as mechanized units push into contested industrial outskirts,"Heavy machine gun fire, anti-tank guided missiles, and snipers engaged in ferocious building-to-building clashes in industrial sectors. Combat engineers detonated obstacle barriers under smoke screens while field artillery delivered preparatory barrages against reinforced strongpoints. In Taiwan, emergency coordination committees met to assess secondary vulnerabilities across East Asia.",Military Conflict,2026-03-20,Reuters,Taiwan,East Asia
ART-10927,Port congestion and customs clearance bottlenecks escalate across major maritime container terminals,"Logistics operators reported severe berthing queues and prolonged container dwell times exceeding historical highs at major oceanic gateway terminals. Freight forwarders cited vessel bunching, rail intermodal backlogs, and maritime rerouting schedules as compounding drivers of global supply chain gridlock. Reporting from Japan, diplomatic and local observers noted that strategic shifts in East Asia continue to dictate regional outcomes.",Trade & Shipping,2026-04-13,Associated Press,Japan,East Asia
ART-11287,Disrupted municipal power grids and water filtration plants jeopardize civilian public health,Public health authorities warned of escalating waterborne disease outbreaks after sustained infrastructure damage crippled municipal water purification networks and electrical sub-stations. Emergency relief teams deployed portable purification modules and oral rehydration packets to mitigate sanitary hazards. International stakeholders operating within East Asia called on officials in China to exercise maximum caution.,Humanitarian Impact,2026-08-24,Deutsche Welle,China,East Asia
ART-10245,Armored battalion mobilizes main battle tanks as cross-border incursions escalate,"Mechanized combat divisions equipped with main battle tanks and armored fighting vehicles initiated defensive counter-maneuvers following reported hostile border crossings. Military leadership enacted wartime emergency protocol, stationing self-propelled howitzers and air surveillance batteries across frontline tactical sectors. International stakeholders operating within East Asia called on officials in Taiwan to exercise maximum caution.",Military Conflict,2026-03-07,Wall Street Journal,Taiwan,East Asia
ART-10294,Foreign ministers issue joint communique calling for de-escalation and diplomatic roadmaps,"Senior diplomats representing regional powers issued a coordinated statement demanding an immediate halt to escalating rhetoric and the restoration of established diplomatic channels. The communique proposed a three-phase transition roadmap including demilitarized buffer zones and internationally monitored elections. In Iran, emergency coordination committees met to assess secondary vulnerabilities across Persian Gulf.",Diplomatic / Political,2026-09-20,Al Jazeera,Iran,Persian Gulf
ART-10362,Ambassadorial recall and formal diplomatic demarche issued over treaty violation,"The foreign ministry formally summoned the resident ambassador to deliver a stern diplomatic demarche protesting recent unilateral border treaties and sovereignty violations. State officials announced the immediate recall of senior diplomatic legations for urgent foreign policy strategy reviews. According to senior officials in United States, recent indicators across North America underscore the urgency of coordinated multilateral action.",Diplomatic / Political,2026-04-19,UN News,United States,North America
ART-10503,Special presidential envoy conducts whirlwind diplomatic tour across regional capitals,"Traveling through key allied capitals, the senior diplomatic envoy presented confidential de-escalation proposals designed to avert broader regional conflict. Discussions centered on mutual troop withdrawals, diplomatic concessions, and security guarantees backed by multilateral institutions. International stakeholders operating within Persian Gulf called on officials in Qatar to exercise maximum caution.",Diplomatic / Political,2026-02-19,Deutsche Welle,Qatar,Persian Gulf
ART-11351,Disrupted municipal power grids and water filtration plants jeopardize civilian public health,"Public health authorities warned of escalating waterborne disease outbreaks after sustained infrastructure damage crippled municipal water purification networks and electrical sub-stations. Emergency relief teams deployed portable purification modules and oral rehydration packets to mitigate sanitary hazards. According to senior officials in Qatar, recent indicators across Persian Gulf underscore the urgency of coordinated multilateral action.",Humanitarian Impact,2026-06-26,Deutsche Welle,Qatar,Persian Gulf
ART-10609,Liquefied natural gas terminal throttles shipments amid regional maritime insurance restrictions,Major LNG export liquefaction facilities reduced cargo loadings after maritime underwriters imposed prohibitive war-risk insurance premiums on LNG tankers navigating adjacent waterways. European and Asian utility operators scrambled to secure spot replacement cargoes ahead of peak seasonal heating demand. International stakeholders operating within Eastern Europe called on officials in Poland to exercise maximum caution.,Energy Risk,2026-04-06,Bloomberg,Poland,Eastern Europe
ART-10998,Container shipping carriers divert cargo fleets around Cape of Good Hope amid maritime threats,"Leading international container shipping lines announced indefinite rerouting of commercial vessels around southern Africa to avoid high-risk maritime straits. The maritime diversion adds 10 to 14 days to standard transit voyages, absorbing container fleet capacity, delaying port turnarounds, and triggering sharp increases in spot ocean freight rates. In Qatar, emergency coordination committees met to assess secondary vulnerabilities across Persian Gulf.",Trade & Shipping,2026-09-15,BBC News,Qatar,Persian Gulf
ART-11008,Bilateral tariff escalation and export licensing controls enacted on critical high-tech components,"Commerce ministries imposed sweeping tariff increases and strict export license restrictions on key industrial raw materials, advanced machine tools, and semiconductor wafers. Trade associations warned that compliance friction and retaliatory tariffs threaten to disrupt global electronic manufacturing supply chains. In Pakistan, emergency coordination committees met to assess secondary vulnerabilities across South Asia.",Trade & Shipping,2026-03-05,Al Jazeera,Pakistan,South Asia
ART-10809,Dry bulk carrier grain shipments stranded in territorial waters amid maritime security impasse,"Dozens of bulk cargo vessels carrying millions of metric tons of wheat and agricultural commodities remained anchored outside key commercial ports due to unconfirmed maritime passage clearances and mine threat assessments. Agricultural traders warned of contract defaults and grain supply shortages in import-dependent nations. In Israel, emergency coordination committees met to assess secondary vulnerabilities across Middle East.",Trade & Shipping,2026-04-12,Wall Street Journal,Israel,Middle East
ART-10164,Cross-border commando raid triggers intense infantry firefight along buffer line,"Special forces detachments conducted reconnaissance incursions into contested border sectors, sparking sustained firefights with entrenched hostile infantry. Rapid deployment armored battalions were dispatched with close air support to establish defensive perimeters and extract forward patrol units under heavy mortar suppression. Strategic intelligence assessments issued in United Kingdom indicate that conditions in Western Europe remain highly dynamic and fluid.",Military Conflict,2026-09-01,Nikkei Asia,United Kingdom,Western Europe
ART-10307,Regional security summit yields preliminary multilateral mutual non-aggression pact,"Heads of state concluded an emergency multilateral summit with a joint communique pledging adherence to non-aggression principles and established arbitration treaties. Diplomatic working groups were tasked with establishing direct hotline communications between military defense commands to mitigate miscalculation risks. According to senior officials in India, recent indicators across South Asia underscore the urgency of coordinated multilateral action.",Diplomatic / Political,2026-03-11,Deutsche Welle,India,South Asia
ART-11328,"Field hospitals face critical shortages of surgical anesthetics, electricity, and clean water","Medical relief organizations operating inside crisis sectors issued urgent distress alerts regarding depleted pharmaceuticals, damaged municipal water treatment facilities, and erratic generator fuel supplies necessary to maintain life-saving intensive care and trauma operating rooms. According to senior officials in United Kingdom, recent indicators across Western Europe underscore the urgency of coordinated multilateral action.",Humanitarian Impact,2026-09-16,Al Jazeera,United Kingdom,Western Europe
ART-10360,Bilateral ceasefire negotiations resume under international diplomatic mediation,"Special diplomatic envoys and foreign ministers convened high-stakes closed-door consultations aimed at establishing an immediate humanitarian truce and verifiable demilitarization framework. Negotiators reviewed draft protocols addressing prisoner-of-war exchanges, border verification monitors, and the formal cessation of cross-border hostilities. According to senior officials in Pakistan, recent indicators across South Asia underscore the urgency of coordinated multilateral action.",Diplomatic / Political,2026-06-12,Reuters,Pakistan,South Asia
ART-10608,OPEC+ convenes emergency ministerial meeting as maritime transit tensions threaten crude exports,"Petroleum exporting ministers scheduled extraordinary virtual consultations to review market stability and global spare crude production capacity following maritime bottlenecks in key transit chokepoints. Energy analysts cautioned that export delays could quickly deplete OECD commercial crude reserves and elevate spot price volatility. According to senior officials in United States, recent indicators across North America underscore the urgency of coordinated multilateral action.",Energy Risk,2026-01-27,Nikkei Asia,United States,North America
ART-11314,Makeshift refugee settlements overwhelmed by torrential flooding and freezing weather,"Severe seasonal weather inundated informal displacement settlements, destroying temporary plastic shelters and creating catastrophic sanitary conditions for thousands of families. Disaster response teams mobilized emergency drainage pumps and emergency clothing distributions. International stakeholders operating within South Asia called on officials in Pakistan to exercise maximum caution.",Humanitarian Impact,2026-09-27,Associated Press,Pakistan,South Asia
ART-11453,United Nations launches emergency humanitarian relief appeal for food aid and medical shelter,Humanitarian coordinators formally issued a multilateral funding appeal seeking urgent donor contributions to support frontline field clinics and nutritional distribution hubs. Aid convoys reported severe logistical hurdles attempting to deliver relief supplies to isolated civilian populations trapped along combat axes. International stakeholders operating within East Asia called on officials in Taiwan to exercise maximum caution.,Humanitarian Impact,2026-09-17,Associated Press,Taiwan,East Asia
ART-10552,OPEC+ convenes emergency ministerial meeting as maritime transit tensions threaten crude exports,"Petroleum exporting ministers scheduled extraordinary virtual consultations to review market stability and global spare crude production capacity following maritime bottlenecks in key transit chokepoints. Energy analysts cautioned that export delays could quickly deplete OECD commercial crude reserves and elevate spot price volatility. According to senior officials in Japan, recent indicators across East Asia underscore the urgency of coordinated multilateral action.",Energy Risk,2026-09-12,Deutsche Welle,Japan,East Asia
ART-10796,Customs authority impounds containerized shipments under expanded cross-border trade sanctions,Port customs officials seized hundreds of cargo containers suspected of violating expanded international sanctions targeting dual-use industrial components. Importers and freight forwarders faced lengthy legal audits and storage fees as customs clearance procedures were dramatically expanded. International stakeholders operating within East Asia called on officials in Japan to exercise maximum caution.,Trade & Shipping,2026-10-19,Bloomberg,Japan,East Asia
ART-11377,Malnutrition rates spike among pediatric populations in besieged urban pockets,International aid workers documented severe acute malnutrition among infants and children cut off from standard commercial food distribution networks. Humanitarian flights attempted emergency air-drops of therapeutic nutritional paste while requesting immediate humanitarian pauses. Strategic intelligence assessments issued in United States indicate that conditions in North America remain highly dynamic and fluid.,Humanitarian Impact,2026-08-23,Bloomberg,United States,North America
ART-10146,Naval task force engages hostile explosive drone boats in strategic strait,"Guided missile destroyers deployed on maritime security patrol neutralized several unmanned explosive surface vessels attempting to strike military logistics convoys. Naval fleet commanders ordered elevated combat readiness and deployed electronic jamming countermeasures to disable hostile telemetry links along contested maritime transit corridors. In United Kingdom, emergency coordination committees met to assess secondary vulnerabilities across Western Europe.",Military Conflict,2026-08-23,Wall Street Journal,United Kingdom,Western Europe
ART-10832,Bilateral tariff escalation and export licensing controls enacted on critical high-tech components,"Commerce ministries imposed sweeping tariff increases and strict export license restrictions on key industrial raw materials, advanced machine tools, and semiconductor wafers. Trade associations warned that compliance friction and retaliatory tariffs threaten to disrupt global electronic manufacturing supply chains. Authorities in China emphasized that immediate stability in East Asia remains essential to mitigating broader systemic fallout.",Trade & Shipping,2026-07-26,Al Jazeera,China,East Asia
ART-10076,Cross-border commando raid triggers intense infantry firefight along buffer line,"Special forces detachments conducted reconnaissance incursions into contested border sectors, sparking sustained firefights with entrenched hostile infantry. Rapid deployment armored battalions were dispatched with close air support to establish defensive perimeters and extract forward patrol units under heavy mortar suppression. International stakeholders operating within Eastern Europe called on officials in Russia to exercise maximum caution.",Military Conflict,2026-07-20,Associated Press,Russia,Eastern Europe
ART-10234,Naval task force engages hostile explosive drone boats in strategic strait,Guided missile destroyers deployed on maritime security patrol neutralized several unmanned explosive surface vessels attempting to strike military logistics convoys. Naval fleet commanders ordered elevated combat readiness and deployed electronic jamming countermeasures to disable hostile telemetry links along contested maritime transit corridors. Strategic intelligence assessments issued in Iran indicate that conditions in Persian Gulf remain highly dynamic and fluid.,Military Conflict,2026-04-19,Wall Street Journal,Iran,Persian Gulf
ART-11456,"Field hospitals face critical shortages of surgical anesthetics, electricity, and clean water","Medical relief organizations operating inside crisis sectors issued urgent distress alerts regarding depleted pharmaceuticals, damaged municipal water treatment facilities, and erratic generator fuel supplies necessary to maintain life-saving intensive care and trauma operating rooms. Authorities in Russia emphasized that immediate stability in Eastern Europe remains essential to mitigating broader systemic fallout.",Humanitarian Impact,2026-09-09,BBC News,Russia,Eastern Europe
ART-11341,United Nations launches emergency humanitarian relief appeal for food aid and medical shelter,Humanitarian coordinators formally issued a multilateral funding appeal seeking urgent donor contributions to support frontline field clinics and nutritional distribution hubs. Aid convoys reported severe logistical hurdles attempting to deliver relief supplies to isolated civilian populations trapped along combat axes. International stakeholders operating within East Asia called on officials in China to exercise maximum caution.,Humanitarian Impact,2026-07-18,Wall Street Journal,China,East Asia
ART-10225,Artillery barrages and tactical drone strikes intensify along contested frontline,"Heavy artillery exchanges and long-range unmanned aerial strikes escalated across contested frontline defense sectors overnight. Ground command headquarters confirmed multiple cruise missile interceptions and reinforced mechanized infantry brigades holding fortified trenches. Contested air defense batteries engaged low-altitude reconnaissance drones while combat engineers deployed perimeter minefields. According to senior officials in South Korea, recent indicators across East Asia underscore the urgency of coordinated multilateral action.",Military Conflict,2026-08-14,Financial Times,South Korea,East Asia
ART-10950,Container shipping carriers divert cargo fleets around Cape of Good Hope amid maritime threats,"Leading international container shipping lines announced indefinite rerouting of commercial vessels around southern Africa to avoid high-risk maritime straits. The maritime diversion adds 10 to 14 days to standard transit voyages, absorbing container fleet capacity, delaying port turnarounds, and triggering sharp increases in spot ocean freight rates. In South Korea, emergency coordination committees met to assess secondary vulnerabilities across East Asia.",Trade & Shipping,2026-04-07,Deutsche Welle,South Korea,East Asia
ART-10149,Armored battalion mobilizes main battle tanks as cross-border incursions escalate,"Mechanized combat divisions equipped with main battle tanks and armored fighting vehicles initiated defensive counter-maneuvers following reported hostile border crossings. Military leadership enacted wartime emergency protocol, stationing self-propelled howitzers and air surveillance batteries across frontline tactical sectors. International stakeholders operating within Middle East called on officials in Israel to exercise maximum caution.",Military Conflict,2026-05-06,Reuters,Israel,Middle East
ART-11149,Central banks signal emergency interest rate adjustments as geopolitical inflation pressures broaden,"Monetary policy committees convened extraordinary policy meetings to evaluate persistent macroeconomic shocks stemming from import price inflation and commodity supply friction. Financial market analysts revised benchmark interest rate trajectories upward as headline consumer price indices reflected elevated freight and producer input expenses. According to senior officials in Japan, recent indicators across East Asia underscore the urgency of coordinated multilateral action.",Economic Impact,2026-06-12,Nikkei Asia,Japan,East Asia
ART-11441,Malnutrition rates spike among pediatric populations in besieged urban pockets,International aid workers documented severe acute malnutrition among infants and children cut off from standard commercial food distribution networks. Humanitarian flights attempted emergency air-drops of therapeutic nutritional paste while requesting immediate humanitarian pauses. Field correspondents in Pakistan reported that ongoing developments across South Asia are compounding operational risks.,Humanitarian Impact,2026-09-10,BBC News,Pakistan,South Asia
ART-10653,Uranium enrichment and nuclear fuel supply chains threatened by geopolitical trade curbs,Civilian nuclear power operators warned of long-term fuel fabrication vulnerabilities as geopolitical tensions disrupted international uranium enrichment and nuclear fuel rod shipments. Power plant managers initiated fuel conservation measures to safeguard baseload electrical generation capacity. International stakeholders operating within Persian Gulf called on officials in Iran to exercise maximum caution.,Energy Risk,2026-02-25,UN News,Iran,Persian Gulf
ART-11033,Foreign direct investment inflows contract sharply amid cross-border geopolitical instability,Economic development ministries reported a substantial deceleration in inbound foreign direct investment as multinational corporations suspended cross-border capital expansion projects. Investment analysts cited sovereign expropriation risks and geopolitical volatility as primary drivers of capital hesitation. Authorities in Russia emphasized that immediate stability in Eastern Europe remains essential to mitigating broader systemic fallout.,Economic Impact,2026-01-05,Bloomberg,Russia,Eastern Europe
ART-11412,Civilian evacuation corridors established under international red cross mediation,"Humanitarian organizations coordinated temporary civilian safe-passage corridors to evacuate vulnerable elderly, women, and pediatric patients from active hostility perimeters. International observers monitored compliance to ensure unhindered transit for humanitarian convoys transporting essential rations and emergency medical supplies. Field correspondents in Taiwan reported that ongoing developments across East Asia are compounding operational risks.",Humanitarian Impact,2026-01-27,Associated Press,Taiwan,East Asia
ART-11386,Makeshift refugee settlements overwhelmed by torrential flooding and freezing weather,"Severe seasonal weather inundated informal displacement settlements, destroying temporary plastic shelters and creating catastrophic sanitary conditions for thousands of families. Disaster response teams mobilized emergency drainage pumps and emergency clothing distributions. According to senior officials in Qatar, recent indicators across Persian Gulf underscore the urgency of coordinated multilateral action.",Humanitarian Impact,2026-01-11,Reuters,Qatar,Persian Gulf
ART-11059,Consumer confidence plunges as energy and food price inflation erodes household purchasing power,National economic sentiment surveys revealed the steepest monthly drop in consumer confidence in several years as rising utility bills and grocery costs squeezed household budgets. Economists warned that declining domestic retail consumption will act as a major drag on quarterly gross domestic product. International stakeholders operating within Middle East called on officials in Israel to exercise maximum caution.,Economic Impact,2026-06-08,Al Jazeera,Israel,Middle East
ART-10374,Foreign ministers issue joint communique calling for de-escalation and diplomatic roadmaps,"Senior diplomats representing regional powers issued a coordinated statement demanding an immediate halt to escalating rhetoric and the restoration of established diplomatic channels. The communique proposed a three-phase transition roadmap including demilitarized buffer zones and internationally monitored elections. According to senior officials in United Kingdom, recent indicators across Western Europe underscore the urgency of coordinated multilateral action.",Diplomatic / Political,2026-02-10,Reuters,United Kingdom,Western Europe
ART-10328,Bilateral ceasefire negotiations resume under international diplomatic mediation,"Special diplomatic envoys and foreign ministers convened high-stakes closed-door consultations aimed at establishing an immediate humanitarian truce and verifiable demilitarization framework. Negotiators reviewed draft protocols addressing prisoner-of-war exchanges, border verification monitors, and the formal cessation of cross-border hostilities. Strategic intelligence assessments issued in Egypt indicate that conditions in Red Sea & Horn of Africa remain highly dynamic and fluid.",Diplomatic / Political,2026-07-17,Al Jazeera,Egypt,Red Sea & Horn of Africa
ART-11573,Corporate debt default risk rises as borrowing costs spike following geopolitical credit repricing,"Credit default swap spreads widened significantly across corporate debt markets as lenders repriced risk margins for businesses exposed to cross-border supply shocks. Debt restructuring advisors noted a sharp uptick in emergency corporate credit facility requests. Reporting from Russia, diplomatic and local observers noted that strategic shifts in Eastern Europe continue to dictate regional outcomes.",Economic Impact,2026-06-22,Nikkei Asia,Russia,Eastern Europe
ART-11223,Stock exchange volatility index spikes as investors rotate capital into sovereign bonds and gold,"Equities across regional bourses recorded broad sell-offs, with industrial, aviation, and consumer discretionary shares leading declines. Capital allocators rotated liquidity into sovereign treasury securities, bullion, and cash equivalents amid heightened geopolitical uncertainty and macroeconomic stagflation fears. In South Korea, emergency coordination committees met to assess secondary vulnerabilities across East Asia.",Economic Impact,2026-03-06,Wall Street Journal,South Korea,East Asia
ART-10808,Bilateral tariff escalation and export licensing controls enacted on critical high-tech components,"Commerce ministries imposed sweeping tariff increases and strict export license restrictions on key industrial raw materials, advanced machine tools, and semiconductor wafers. Trade associations warned that compliance friction and retaliatory tariffs threaten to disrupt global electronic manufacturing supply chains. In Pakistan, emergency coordination committees met to assess secondary vulnerabilities across South Asia.",Trade & Shipping,2026-04-02,BBC News,Pakistan,South Asia
ART-10064,Tactical ballistic missiles intercept hostile command post in retaliatory strike,Military command launched precision ballistic missiles targeting an underground tactical operations center following sustained perimeter rocket attacks. Satellite damage assessments confirmed extensive structural destruction to communications masts and command bunkers. Analysts tracking developments in Yemen highlighted that multilateral actors in Red Sea & Horn of Africa are preparing contingency measures.,Military Conflict,2026-07-18,Al Jazeera,Yemen,Red Sea & Horn of Africa
ART-11540,Maritime shipping routes face extended commercial delays,Container ships transiting maritime corridors experienced cargo delay times exceeding historical averages.,,2026-06-21,Financial Times,Qatar,Persian Gulf
ART-10702,Power grid operators initiate emergency load shedding following sabotage of high-voltage transmission lines,National electrical transmission coordinators implemented rolling blackouts across metropolitan centers after key electrical substations and cross-border interconnectors sustained coordinated physical sabotage. Energy officials urged citizens to conserve electricity while backup diesel generators were deployed to hospitals. Analysts tracking developments in Russia highlighted that multilateral actors in Eastern Europe are preparing contingency measures.,Energy Risk,2026-05-21,Deutsche Welle,Russia,Eastern Europe
ART-11036,Corporate debt default risk rises as borrowing costs spike following geopolitical credit repricing,"Credit default swap spreads widened significantly across corporate debt markets as lenders repriced risk margins for businesses exposed to cross-border supply shocks. Debt restructuring advisors noted a sharp uptick in emergency corporate credit facility requests. In Yemen, emergency coordination committees met to assess secondary vulnerabilities across Red Sea & Horn of Africa.",Economic Impact,2026-10-20,Wall Street Journal,Yemen,Red Sea & Horn of Africa
ART-10321,United Nations Security Council convenes emergency session over border sovereignty dispute,Permanent delegates at the United Nations Headquarters debated a draft resolution condemning territorial incursions and mandating the deployment of an international peacekeeping observer mission. Diplomatic attachés engaged in intense multilateral consultations to resolve contentious veto language regarding territorial sovereignty. Field correspondents in Qatar reported that ongoing developments across Persian Gulf are compounding operational risks.,Diplomatic / Political,2026-08-23,Wall Street Journal,Qatar,Persian Gulf
ART-11010,Air cargo freight rates surge as commercial shippers seek alternatives to disrupted ocean lanes,"Air logistics forwarders recorded historic price increases per kilogram of air cargo as manufacturers chartered dedicated freighter aircraft to bypass blocked maritime shipping corridors. Cargo airlines expanded flight schedules between manufacturing hubs to accommodate high-value automotive and electronics freight. In China, emergency coordination committees met to assess secondary vulnerabilities across East Asia.",Trade & Shipping,2026-04-25,Financial Times,China,East Asia
ART-10377,United Nations Security Council convenes emergency session over border sovereignty dispute,"Permanent delegates at the United Nations Headquarters debated a draft resolution condemning territorial incursions and mandating the deployment of an international peacekeeping observer mission. Diplomatic attachés engaged in intense multilateral consultations to resolve contentious veto language regarding territorial sovereignty. In China, emergency coordination committees met to assess secondary vulnerabilities across East Asia.",Diplomatic / Political,2026-09-22,Reuters,China,East Asia
ART-10542,Power grid operators initiate emergency load shedding following sabotage of high-voltage transmission lines,"National electrical transmission coordinators implemented rolling blackouts across metropolitan centers after key electrical substations and cross-border interconnectors sustained coordinated physical sabotage. Energy officials urged citizens to conserve electricity while backup diesel generators were deployed to hospitals. Reporting from Egypt, diplomatic and local observers noted that strategic shifts in Red Sea & Horn of Africa continue to dictate regional outcomes.",Energy Risk,2026-03-21,Bloomberg,Egypt,Red Sea & Horn of Africa
ART-10884,Customs authority impounds containerized shipments under expanded cross-border trade sanctions,Port customs officials seized hundreds of cargo containers suspected of violating expanded international sanctions targeting dual-use industrial components. Importers and freight forwarders faced lengthy legal audits and storage fees as customs clearance procedures were dramatically expanded. International stakeholders operating within North America called on officials in United States to exercise maximum caution.,Trade & Shipping,2026-02-27,Al Jazeera,United States,North America
ART-10349,Multilateral peace conference deadlocked over territorial governance and treaty guarantees,Diplomatic negotiations stalled after opposing delegations rejected compromise terms concerning international border administration and security guarantees. Facilitators from neutral states urged both delegations to maintain working-level communications and prevent the total breakdown of diplomatic dialogue. Authorities in United Kingdom emphasized that immediate stability in Western Europe remains essential to mitigating broader systemic fallout.,Diplomatic / Political,2026-08-20,Al Jazeera,United Kingdom,Western Europe
ART-10568,OPEC+ convenes emergency ministerial meeting as maritime transit tensions threaten crude exports,"Petroleum exporting ministers scheduled extraordinary virtual consultations to review market stability and global spare crude production capacity following maritime bottlenecks in key transit chokepoints. Energy analysts cautioned that export delays could quickly deplete OECD commercial crude reserves and elevate spot price volatility. In Russia, emergency coordination committees met to assess secondary vulnerabilities across Eastern Europe.",Energy Risk,2026-07-12,Al Jazeera,Russia,Eastern Europe
ART-10115,Hypersonic missile barrage targets critical defense installations and radar outposts,"Air defense surveillance networks detected high-velocity aerodynamic missile trajectories aimed at strategic command nodes and hardened munitions storage facilities. Military spokespersons stated that mobile interceptor batteries engaged multiple inbound warheads, while combat search-and-rescue teams mobilized across blast perimeters. Field correspondents in Egypt reported that ongoing developments across Red Sea & Horn of Africa are compounding operational risks.",Military Conflict,2026-10-03,Financial Times,Egypt,Red Sea & Horn of Africa
ART-10765,Uranium enrichment and nuclear fuel supply chains threatened by geopolitical trade curbs,"Civilian nuclear power operators warned of long-term fuel fabrication vulnerabilities as geopolitical tensions disrupted international uranium enrichment and nuclear fuel rod shipments. Power plant managers initiated fuel conservation measures to safeguard baseload electrical generation capacity. According to senior officials in Germany, recent indicators across Western Europe underscore the urgency of coordinated multilateral action.",Energy Risk,2026-10-02,UN News,Germany,Western Europe
ART-10298,Ambassadorial recall and formal diplomatic demarche issued over treaty violation,The foreign ministry formally summoned the resident ambassador to deliver a stern diplomatic demarche protesting recent unilateral border treaties and sovereignty violations. State officials announced the immediate recall of senior diplomatic legations for urgent foreign policy strategy reviews. International stakeholders operating within Red Sea & Horn of Africa called on officials in Egypt to exercise maximum caution.,Diplomatic / Political,2026-07-02,Al Jazeera,Egypt,Red Sea & Horn of Africa
ART-10575,Major crude oil pipeline flow suspended following strategic transit sabotage threat,"Energy operators halted pumping operations along a major transcontinental crude pipeline after intelligence reports identified credible security threats against remote pumping stations. Energy security ministries initiated pipeline integrity inspections, while oil refinery operators tapped reserve stockpiles to maintain downstream distillation output. According to senior officials in Qatar, recent indicators across Persian Gulf underscore the urgency of coordinated multilateral action.",Energy Risk,2026-06-15,Financial Times,Qatar,Persian Gulf
ART-10720,OPEC+ convenes emergency ministerial meeting as maritime transit tensions threaten crude exports,Petroleum exporting ministers scheduled extraordinary virtual consultations to review market stability and global spare crude production capacity following maritime bottlenecks in key transit chokepoints. Energy analysts cautioned that export delays could quickly deplete OECD commercial crude reserves and elevate spot price volatility. Field correspondents in Iran reported that ongoing developments across Persian Gulf are compounding operational risks.,Energy Risk,2026-01-23,Bloomberg,Iran,Persian Gulf
ART-10229,Armored battalion mobilizes main battle tanks as cross-border incursions escalate,"Mechanized combat divisions equipped with main battle tanks and armored fighting vehicles initiated defensive counter-maneuvers following reported hostile border crossings. Military leadership enacted wartime emergency protocol, stationing self-propelled howitzers and air surveillance batteries across frontline tactical sectors. Analysts tracking developments in Iran highlighted that multilateral actors in Persian Gulf are preparing contingency measures.",Military Conflict,2026-03-26,BBC News,Iran,Persian Gulf
ART-10968,Bilateral tariff escalation and export licensing controls enacted on critical high-tech components,"Commerce ministries imposed sweeping tariff increases and strict export license restrictions on key industrial raw materials, advanced machine tools, and semiconductor wafers. Trade associations warned that compliance friction and retaliatory tariffs threaten to disrupt global electronic manufacturing supply chains. International stakeholders operating within Red Sea & Horn of Africa called on officials in Egypt to exercise maximum caution.",Trade & Shipping,2026-09-10,Reuters,Egypt,Red Sea & Horn of Africa
ART-11263,Stock exchange volatility index spikes as investors rotate capital into sovereign bonds and gold,"Equities across regional bourses recorded broad sell-offs, with industrial, aviation, and consumer discretionary shares leading declines. Capital allocators rotated liquidity into sovereign treasury securities, bullion, and cash equivalents amid heightened geopolitical uncertainty and macroeconomic stagflation fears. International stakeholders operating within Persian Gulf called on officials in Qatar to exercise maximum caution.",Economic Impact,2026-06-25,Nikkei Asia,Qatar,Persian Gulf
ART-10836,Customs authority impounds containerized shipments under expanded cross-border trade sanctions,Port customs officials seized hundreds of cargo containers suspected of violating expanded international sanctions targeting dual-use industrial components. Importers and freight forwarders faced lengthy legal audits and storage fees as customs clearance procedures were dramatically expanded. International stakeholders operating within Red Sea & Horn of Africa called on officials in Egypt to exercise maximum caution.,Trade & Shipping,2026-06-23,Financial Times,Egypt,Red Sea & Horn of Africa
ART-11373,United Nations launches emergency humanitarian relief appeal for food aid and medical shelter,Humanitarian coordinators formally issued a multilateral funding appeal seeking urgent donor contributions to support frontline field clinics and nutritional distribution hubs. Aid convoys reported severe logistical hurdles attempting to deliver relief supplies to isolated civilian populations trapped along combat axes. International stakeholders operating within North America called on officials in United States to exercise maximum caution.,Humanitarian Impact,2026-05-14,BBC News,United States,North America
ART-10966,Container shipping carriers divert cargo fleets around Cape of Good Hope amid maritime threats,"Leading international container shipping lines announced indefinite rerouting of commercial vessels around southern Africa to avoid high-risk maritime straits. The maritime diversion adds 10 to 14 days to standard transit voyages, absorbing container fleet capacity, delaying port turnarounds, and triggering sharp increases in spot ocean freight rates. According to senior officials in Israel, recent indicators across Middle East underscore the urgency of coordinated multilateral action.",Trade & Shipping,2026-06-25,Reuters,Israel,Middle East
ART-10896,Bilateral tariff escalation and export licensing controls enacted on critical high-tech components,"Commerce ministries imposed sweeping tariff increases and strict export license restrictions on key industrial raw materials, advanced machine tools, and semiconductor wafers. Trade associations warned that compliance friction and retaliatory tariffs threaten to disrupt global electronic manufacturing supply chains. Reporting from Iran, diplomatic and local observers noted that strategic shifts in Persian Gulf continue to dictate regional outcomes.",Trade & Shipping,2026-09-16,Associated Press,Iran,Persian Gulf
ART-10230,Air defense interceptors scramble as hostile bomber formations approach territorial airspace,"Tactical fighter squadrons conducted emergency combat air patrols after long-range strategic bombers were detected operating near sovereign air defense identification zones. Defense ministry officials confirmed that electronic warfare aircraft shadowed the formations until they altered course away from defensive boundaries. According to senior officials in Japan, recent indicators across East Asia underscore the urgency of coordinated multilateral action.",Military Conflict,2026-06-18,Nikkei Asia,Japan,East Asia
ART-10994,Air cargo freight rates surge as commercial shippers seek alternatives to disrupted ocean lanes,"Air logistics forwarders recorded historic price increases per kilogram of air cargo as manufacturers chartered dedicated freighter aircraft to bypass blocked maritime shipping corridors. Cargo airlines expanded flight schedules between manufacturing hubs to accommodate high-value automotive and electronics freight. According to senior officials in China, recent indicators across East Asia underscore the urgency of coordinated multilateral action.",Trade & Shipping,2026-01-09,Nikkei Asia,China,East Asia
ART-10093,Armored battalion mobilizes main battle tanks as cross-border incursions escalate,"Mechanized combat divisions equipped with main battle tanks and armored fighting vehicles initiated defensive counter-maneuvers following reported hostile border crossings. Military leadership enacted wartime emergency protocol, stationing self-propelled howitzers and air surveillance batteries across frontline tactical sectors. According to senior officials in India, recent indicators across South Asia underscore the urgency of coordinated multilateral action.",Military Conflict,2026-10-18,Nikkei Asia,India,South Asia
ART-11546,Bilateral currency swaps activated as commercial banking system faces dollar liquidity squeeze,Central monetary authorities tapped bilateral foreign currency swap lines to inject hard currency liquidity into domestic commercial banks struggling with overseas settlement obligations. Treasury officials emphasized that foreign reserve backstops remain adequate to maintain interbank clearing operations. Strategic intelligence assessments issued in Egypt indicate that conditions in Red Sea & Horn of Africa remain highly dynamic and fluid.,Economic Impact,2026-06-05,Wall Street Journal,Egypt,Red Sea & Horn of Africa
ART-10548,Natural gas pipeline compression station suffers severe explosion amid geopolitical friction,"A critical natural gas compression station feeding industrial manufacturing hubs suffered a catastrophic pipeline failure, cutting regional gas transit volumes by over 40 percent. Energy distribution utilities immediately mandated industrial consumption rationing while emergency engineering teams assessed blast damage. In Ukraine, emergency coordination committees met to assess secondary vulnerabilities across Eastern Europe.",Energy Risk,2026-09-07,Wall Street Journal,Ukraine,Eastern Europe
ART-10841,Dry bulk carrier grain shipments stranded in territorial waters amid maritime security impasse,Dozens of bulk cargo vessels carrying millions of metric tons of wheat and agricultural commodities remained anchored outside key commercial ports due to unconfirmed maritime passage clearances and mine threat assessments. Agricultural traders warned of contract defaults and grain supply shortages in import-dependent nations. Field correspondents in United Kingdom reported that ongoing developments across Western Europe are compounding operational risks.,Trade & Shipping,2026-07-12,UN News,United Kingdom,Western Europe
ART-10127,Urban warfare intensifies as mechanized units push into contested industrial outskirts,"Heavy machine gun fire, anti-tank guided missiles, and snipers engaged in ferocious building-to-building clashes in industrial sectors. Combat engineers detonated obstacle barriers under smoke screens while field artillery delivered preparatory barrages against reinforced strongpoints. International stakeholders operating within South Asia called on officials in Pakistan to exercise maximum caution.",Military Conflict,2026-01-15,Al Jazeera,Pakistan,South Asia
ART-10803,Maritime insurance syndicates cancel commercial hull coverage for vessels navigating disputed waters,"Global marine insurance underwriters formally notified shipowners that war-risk hull and machinery insurance policies would be rescinded for vessels transiting designated high-risk maritime corridors. Ship operators faced the choice between exorbitant special indemnity premiums or canceling scheduled voyages. According to senior officials in Japan, recent indicators across East Asia underscore the urgency of coordinated multilateral action.",Trade & Shipping,2026-09-02,Financial Times,Japan,East Asia
ART-10825,Dry bulk carrier grain shipments stranded in territorial waters amid maritime security impasse,"Dozens of bulk cargo vessels carrying millions of metric tons of wheat and agricultural commodities remained anchored outside key commercial ports due to unconfirmed maritime passage clearances and mine threat assessments. Agricultural traders warned of contract defaults and grain supply shortages in import-dependent nations. In Japan, emergency coordination committees met to assess secondary vulnerabilities across East Asia.",Trade & Shipping,2026-09-20,Bloomberg,Japan,East Asia
ART-10226,Naval task force engages hostile explosive drone boats in strategic strait,Guided missile destroyers deployed on maritime security patrol neutralized several unmanned explosive surface vessels attempting to strike military logistics convoys. Naval fleet commanders ordered elevated combat readiness and deployed electronic jamming countermeasures to disable hostile telemetry links along contested maritime transit corridors. International stakeholders operating within Western Europe called on officials in Germany to exercise maximum caution.,Military Conflict,2026-07-13,Al Jazeera,Germany,Western Europe
ART-11105,Foreign direct investment inflows contract sharply amid cross-border geopolitical instability,"Economic development ministries reported a substantial deceleration in inbound foreign direct investment as multinational corporations suspended cross-border capital expansion projects. Investment analysts cited sovereign expropriation risks and geopolitical volatility as primary drivers of capital hesitation. In South Korea, emergency coordination committees met to assess secondary vulnerabilities across East Asia.",Economic Impact,2026-06-13,Al Jazeera,South Korea,East Asia
ART-11431,Disrupted municipal power grids and water filtration plants jeopardize civilian public health,"Public health authorities warned of escalating waterborne disease outbreaks after sustained infrastructure damage crippled municipal water purification networks and electrical sub-stations. Emergency relief teams deployed portable purification modules and oral rehydration packets to mitigate sanitary hazards. In Ukraine, emergency coordination committees met to assess secondary vulnerabilities across Eastern Europe.",Humanitarian Impact,2026-06-09,BBC News,Ukraine,Eastern Europe
ART-10335,Special presidential envoy conducts whirlwind diplomatic tour across regional capitals,"Traveling through key allied capitals, the senior diplomatic envoy presented confidential de-escalation proposals designed to avert broader regional conflict. Discussions centered on mutual troop withdrawals, diplomatic concessions, and security guarantees backed by multilateral institutions. In Turkey, emergency coordination committees met to assess secondary vulnerabilities across Middle East.",Diplomatic / Political,2026-10-19,Bloomberg,Turkey,Middle East
ART-10165,Armored battalion mobilizes main battle tanks as cross-border incursions escalate,"Mechanized combat divisions equipped with main battle tanks and armored fighting vehicles initiated defensive counter-maneuvers following reported hostile border crossings. Military leadership enacted wartime emergency protocol, stationing self-propelled howitzers and air surveillance batteries across frontline tactical sectors. According to senior officials in China, recent indicators across East Asia underscore the urgency of coordinated multilateral action.",Military Conflict,2026-02-15,Associated Press,China,East Asia
ART-11208,Manufacturing purchasing managers index drops into contraction territory amid input price spikes,"National manufacturing indices slumped below the critical 50-point threshold, signaling industrial output contraction across export-oriented sectors. Factory managers reported elevated input acquisition costs, backlog accumulation, and declining international export orders due to geopolitical uncertainty. International stakeholders operating within East Asia called on officials in Japan to exercise maximum caution.",Economic Impact,2026-04-25,Financial Times,Japan,East Asia
ART-10446,Foreign ministers issue joint communique calling for de-escalation and diplomatic roadmaps,Senior diplomats representing regional powers issued a coordinated statement demanding an immediate halt to escalating rhetoric and the restoration of established diplomatic channels. The communique proposed a three-phase transition roadmap including demilitarized buffer zones and internationally monitored elections. Field correspondents in Ukraine reported that ongoing developments across Eastern Europe are compounding operational risks.,Diplomatic / Political,2026-07-27,Nikkei Asia,Ukraine,Eastern Europe
ART-10109,Armored battalion mobilizes main battle tanks as cross-border incursions escalate,"Mechanized combat divisions equipped with main battle tanks and armored fighting vehicles initiated defensive counter-maneuvers following reported hostile border crossings. Military leadership enacted wartime emergency protocol, stationing self-propelled howitzers and air surveillance batteries across frontline tactical sectors. International stakeholders operating within South Asia called on officials in Pakistan to exercise maximum caution.",Military Conflict,2026-09-24,Reuters,Pakistan,South Asia
ART-11209,Foreign direct investment inflows contract sharply amid cross-border geopolitical instability,Economic development ministries reported a substantial deceleration in inbound foreign direct investment as multinational corporations suspended cross-border capital expansion projects. Investment analysts cited sovereign expropriation risks and geopolitical volatility as primary drivers of capital hesitation. Authorities in United States emphasized that immediate stability in North America remains essential to mitigating broader systemic fallout.,Economic Impact,2026-07-22,Nikkei Asia,United States,North America
ART-10939,Maritime insurance syndicates cancel commercial hull coverage for vessels navigating disputed waters,"Global marine insurance underwriters formally notified shipowners that war-risk hull and machinery insurance policies would be rescinded for vessels transiting designated high-risk maritime corridors. Ship operators faced the choice between exorbitant special indemnity premiums or canceling scheduled voyages. In Germany, emergency coordination committees met to assess secondary vulnerabilities across Western Europe.",Trade & Shipping,2026-09-22,Associated Press,Germany,Western Europe
ART-10646,Power grid operators initiate emergency load shedding following sabotage of high-voltage transmission lines,"National electrical transmission coordinators implemented rolling blackouts across metropolitan centers after key electrical substations and cross-border interconnectors sustained coordinated physical sabotage. Energy officials urged citizens to conserve electricity while backup diesel generators were deployed to hospitals. In Pakistan, emergency coordination committees met to assess secondary vulnerabilities across South Asia.",Energy Risk,2026-07-03,Wall Street Journal,Pakistan,South Asia
ART-10957,Global automotive supply chains stall as crucial raw material cargo shipments face port delays,"Major automotive assembly plants announced temporary production line shutdowns due to critical parts shortages resulting from delayed maritime shipping containers. Logistics coordinators reported that specialized component vessels had been delayed over two weeks due to harbor congestion. According to senior officials in Egypt, recent indicators across Red Sea & Horn of Africa underscore the urgency of coordinated multilateral action.",Trade & Shipping,2026-05-24,Nikkei Asia,Egypt,Red Sea & Horn of Africa
ART-10247,Urban warfare intensifies as mechanized units push into contested industrial outskirts,"Heavy machine gun fire, anti-tank guided missiles, and snipers engaged in ferocious building-to-building clashes in industrial sectors. Combat engineers detonated obstacle barriers under smoke screens while field artillery delivered preparatory barrages against reinforced strongpoints. International stakeholders operating within Persian Gulf called on officials in Saudi Arabia to exercise maximum caution.",Military Conflict,2026-04-18,Deutsche Welle,Saudi Arabia,Persian Gulf
ART-10554,Strategic petroleum reserve release authorized to counterbalance global supply disruptions,Energy authorities authorized the emergency drawdown of millions of barrels of crude oil from national strategic petroleum reserves to stabilize domestic fuel supply chains. Energy department officials coordinated the release with international energy partners to offset prolonged refinery feedstock shortages. International stakeholders operating within East Asia called on officials in Taiwan to exercise maximum caution.,Energy Risk,2026-07-02,Reuters,Taiwan,East Asia
ART-10839,Port congestion and customs clearance bottlenecks escalate across major maritime container terminals,"Logistics operators reported severe berthing queues and prolonged container dwell times exceeding historical highs at major oceanic gateway terminals. Freight forwarders cited vessel bunching, rail intermodal backlogs, and maritime rerouting schedules as compounding drivers of global supply chain gridlock. According to senior officials in Egypt, recent indicators across Red Sea & Horn of Africa underscore the urgency of coordinated multilateral action.",Trade & Shipping,2026-09-14,Financial Times,Egypt,Red Sea & Horn of Africa
ART-10119,Urban warfare intensifies as mechanized units push into contested industrial outskirts,"Heavy machine gun fire, anti-tank guided missiles, and snipers engaged in ferocious building-to-building clashes in industrial sectors. Combat engineers detonated obstacle barriers under smoke screens while field artillery delivered preparatory barrages against reinforced strongpoints. In Poland, emergency coordination committees met to assess secondary vulnerabilities across Eastern Europe.",Military Conflict,2026-03-23,Al Jazeera,Poland,Eastern Europe
ART-11500,Civilian evacuation corridors established under international red cross mediation,"Humanitarian organizations coordinated temporary civilian safe-passage corridors to evacuate vulnerable elderly, women, and pediatric patients from active hostility perimeters. International observers monitored compliance to ensure unhindered transit for humanitarian convoys transporting essential rations and emergency medical supplies. International stakeholders operating within Red Sea & Horn of Africa called on officials in Yemen to exercise maximum caution.",Humanitarian Impact,2026-08-02,Reuters,Yemen,Red Sea & Horn of Africa
ART-10909,Global automotive supply chains stall as crucial raw material cargo shipments face port delays,"Major automotive assembly plants announced temporary production line shutdowns due to critical parts shortages resulting from delayed maritime shipping containers. Logistics coordinators reported that specialized component vessels had been delayed over two weeks due to harbor congestion. In Egypt, emergency coordination committees met to assess secondary vulnerabilities across Red Sea & Horn of Africa.",Trade & Shipping,2026-07-06,Financial Times,Egypt,Red Sea & Horn of Africa
ART-10874,Air cargo freight rates surge as commercial shippers seek alternatives to disrupted ocean lanes,Air logistics forwarders recorded historic price increases per kilogram of air cargo as manufacturers chartered dedicated freighter aircraft to bypass blocked maritime shipping corridors. Cargo airlines expanded flight schedules between manufacturing hubs to accommodate high-value automotive and electronics freight. International stakeholders operating within Red Sea & Horn of Africa called on officials in Egypt to exercise maximum caution.,Trade & Shipping,2026-06-04,UN News,Egypt,Red Sea & Horn of Africa
ART-10562,Strategic petroleum reserve release authorized to counterbalance global supply disruptions,"Energy authorities authorized the emergency drawdown of millions of barrels of crude oil from national strategic petroleum reserves to stabilize domestic fuel supply chains. Energy department officials coordinated the release with international energy partners to offset prolonged refinery feedstock shortages. Reporting from Yemen, diplomatic and local observers noted that strategic shifts in Red Sea & Horn of Africa continue to dictate regional outcomes.",Energy Risk,2026-05-05,BBC News,Yemen,Red Sea & Horn of Africa
ART-11393,Malnutrition rates spike among pediatric populations in besieged urban pockets,"International aid workers documented severe acute malnutrition among infants and children cut off from standard commercial food distribution networks. Humanitarian flights attempted emergency air-drops of therapeutic nutritional paste while requesting immediate humanitarian pauses. In Poland, emergency coordination committees met to assess secondary vulnerabilities across Eastern Europe.",Humanitarian Impact,2026-06-27,Associated Press,Poland,Eastern Europe
ART-11026,Bilateral currency swaps activated as commercial banking system faces dollar liquidity squeeze,Central monetary authorities tapped bilateral foreign currency swap lines to inject hard currency liquidity into domestic commercial banks struggling with overseas settlement obligations. Treasury officials emphasized that foreign reserve backstops remain adequate to maintain interbank clearing operations. Field correspondents in Japan reported that ongoing developments across East Asia are compounding operational risks.,Economic Impact,2026-03-06,Bloomberg,Japan,East Asia
ART-10510,Foreign ministers issue joint communique calling for de-escalation and diplomatic roadmaps,"Senior diplomats representing regional powers issued a coordinated statement demanding an immediate halt to escalating rhetoric and the restoration of established diplomatic channels. The communique proposed a three-phase transition roadmap including demilitarized buffer zones and internationally monitored elections. According to senior officials in Qatar, recent indicators across Persian Gulf underscore the urgency of coordinated multilateral action.",Diplomatic / Political,2026-06-28,Reuters,Qatar,Persian Gulf
ART-11239,Stock exchange volatility index spikes as investors rotate capital into sovereign bonds and gold,"Equities across regional bourses recorded broad sell-offs, with industrial, aviation, and consumer discretionary shares leading declines. Capital allocators rotated liquidity into sovereign treasury securities, bullion, and cash equivalents amid heightened geopolitical uncertainty and macroeconomic stagflation fears. In India, emergency coordination committees met to assess secondary vulnerabilities across South Asia.",Economic Impact,2026-07-06,Wall Street Journal,India,South Asia
ART-11065,Foreign direct investment inflows contract sharply amid cross-border geopolitical instability,"Economic development ministries reported a substantial deceleration in inbound foreign direct investment as multinational corporations suspended cross-border capital expansion projects. Investment analysts cited sovereign expropriation risks and geopolitical volatility as primary drivers of capital hesitation. Reporting from Turkey, diplomatic and local observers noted that strategic shifts in Middle East continue to dictate regional outcomes.",Economic Impact,2026-05-01,Associated Press,Turkey,Middle East
ART-10517,Uranium enrichment and nuclear fuel supply chains threatened by geopolitical trade curbs,"Civilian nuclear power operators warned of long-term fuel fabrication vulnerabilities as geopolitical tensions disrupted international uranium enrichment and nuclear fuel rod shipments. Power plant managers initiated fuel conservation measures to safeguard baseload electrical generation capacity. In India, emergency coordination committees met to assess secondary vulnerabilities across South Asia.",Energy Risk,2026-07-07,Nikkei Asia,India,South Asia
ART-10586,Strategic petroleum reserve release authorized to counterbalance global supply disruptions,"Energy authorities authorized the emergency drawdown of millions of barrels of crude oil from national strategic petroleum reserves to stabilize domestic fuel supply chains. Energy department officials coordinated the release with international energy partners to offset prolonged refinery feedstock shortages. According to senior officials in Iran, recent indicators across Persian Gulf underscore the urgency of coordinated multilateral action.",Energy Risk,2026-08-15,Bloomberg,Iran,Persian Gulf
ART-10641,Liquefied natural gas terminal throttles shipments amid regional maritime insurance restrictions,"Major LNG export liquefaction facilities reduced cargo loadings after maritime underwriters imposed prohibitive war-risk insurance premiums on LNG tankers navigating adjacent waterways. European and Asian utility operators scrambled to secure spot replacement cargoes ahead of peak seasonal heating demand. According to senior officials in Yemen, recent indicators across Red Sea & Horn of Africa underscore the urgency of coordinated multilateral action.",Energy Risk,2026-06-13,BBC News,Yemen,Red Sea & Horn of Africa
ART-11299,Mobile medical teams deploy to remote border crossings as civilian trauma casualties mount,Emergency medical NGOs deployed mobile surgical units and trauma ambulances along primary refugee transit highways to treat shrapnel injuries and dehydration. Medical directors reported that regional clinics have exhausted their primary supplies of blood plasma and IV fluids. Strategic intelligence assessments issued in Saudi Arabia indicate that conditions in Persian Gulf remain highly dynamic and fluid.,Humanitarian Impact,2026-07-23,Wall Street Journal,Saudi Arabia,Persian Gulf
ART-10200,Tactical ballistic missiles intercept hostile command post in retaliatory strike,"Military command launched precision ballistic missiles targeting an underground tactical operations center following sustained perimeter rocket attacks. Satellite damage assessments confirmed extensive structural destruction to communications masts and command bunkers. According to senior officials in South Korea, recent indicators across East Asia underscore the urgency of coordinated multilateral action.",Military Conflict,2026-06-15,Associated Press,South Korea,East Asia
ART-10666,Strategic petroleum reserve release authorized to counterbalance global supply disruptions,"Energy authorities authorized the emergency drawdown of millions of barrels of crude oil from national strategic petroleum reserves to stabilize domestic fuel supply chains. Energy department officials coordinated the release with international energy partners to offset prolonged refinery feedstock shortages. According to senior officials in Iran, recent indicators across Persian Gulf underscore the urgency of coordinated multilateral action.",Energy Risk,2026-06-08,Reuters,Iran,Persian Gulf
ART-11364,Civilian evacuation corridors established under international red cross mediation,"Humanitarian organizations coordinated temporary civilian safe-passage corridors to evacuate vulnerable elderly, women, and pediatric patients from active hostility perimeters. International observers monitored compliance to ensure unhindered transit for humanitarian convoys transporting essential rations and emergency medical supplies. In Pakistan, emergency coordination committees met to assess secondary vulnerabilities across South Asia.",Humanitarian Impact,2026-06-28,Bloomberg,Pakistan,South Asia
ART-10622,Power grid operators initiate emergency load shedding following sabotage of high-voltage transmission lines,National electrical transmission coordinators implemented rolling blackouts across metropolitan centers after key electrical substations and cross-border interconnectors sustained coordinated physical sabotage. Energy officials urged citizens to conserve electricity while backup diesel generators were deployed to hospitals. Field correspondents in Yemen reported that ongoing developments across Red Sea & Horn of Africa are compounding operational risks.,Energy Risk,2026-10-11,UN News,Yemen,Red Sea & Horn of Africa
ART-10488,Bilateral ceasefire negotiations resume under international diplomatic mediation,"Special diplomatic envoys and foreign ministers convened high-stakes closed-door consultations aimed at establishing an immediate humanitarian truce and verifiable demilitarization framework. Negotiators reviewed draft protocols addressing prisoner-of-war exchanges, border verification monitors, and the formal cessation of cross-border hostilities. In Ukraine, emergency coordination committees met to assess secondary vulnerabilities across Eastern Europe.",Diplomatic / Political,2026-04-09,Associated Press,Ukraine,Eastern Europe
ART-10959,Port congestion and customs clearance bottlenecks escalate across major maritime container terminals,"Logistics operators reported severe berthing queues and prolonged container dwell times exceeding historical highs at major oceanic gateway terminals. Freight forwarders cited vessel bunching, rail intermodal backlogs, and maritime rerouting schedules as compounding drivers of global supply chain gridlock. In Turkey, emergency coordination committees met to assess secondary vulnerabilities across Middle East.",Trade & Shipping,2026-01-10,Bloomberg,Turkey,Middle East
ART-11451,Mobile medical teams deploy to remote border crossings as civilian trauma casualties mount,Emergency medical NGOs deployed mobile surgical units and trauma ambulances along primary refugee transit highways to treat shrapnel injuries and dehydration. Medical directors reported that regional clinics have exhausted their primary supplies of blood plasma and IV fluids. Authorities in Poland emphasized that immediate stability in Eastern Europe remains essential to mitigating broader systemic fallout.,Humanitarian Impact,2026-04-25,Deutsche Welle,Poland,Eastern Europe
ART-10084,Cross-border commando raid triggers intense infantry firefight along buffer line,"Special forces detachments conducted reconnaissance incursions into contested border sectors, sparking sustained firefights with entrenched hostile infantry. Rapid deployment armored battalions were dispatched with close air support to establish defensive perimeters and extract forward patrol units under heavy mortar suppression. According to senior officials in Japan, recent indicators across East Asia underscore the urgency of coordinated multilateral action.",Military Conflict,2026-06-21,UN News,Japan,East Asia
ART-11067,Consumer confidence plunges as energy and food price inflation erodes household purchasing power,National economic sentiment surveys revealed the steepest monthly drop in consumer confidence in several years as rising utility bills and grocery costs squeezed household budgets. Economists warned that declining domestic retail consumption will act as a major drag on quarterly gross domestic product. International stakeholders operating within Eastern Europe called on officials in Ukraine to exercise maximum caution.,Economic Impact,2026-05-25,UN News,Ukraine,Eastern Europe
ART-10655,Major crude oil pipeline flow suspended following strategic transit sabotage threat,"Energy operators halted pumping operations along a major transcontinental crude pipeline after intelligence reports identified credible security threats against remote pumping stations. Energy security ministries initiated pipeline integrity inspections, while oil refinery operators tapped reserve stockpiles to maintain downstream distillation output. According to senior officials in Russia, recent indicators across Eastern Europe underscore the urgency of coordinated multilateral action.",Energy Risk,2026-07-09,Bloomberg,Russia,Eastern Europe
ART-10240,Tactical ballistic missiles intercept hostile command post in retaliatory strike,"Military command launched precision ballistic missiles targeting an underground tactical operations center following sustained perimeter rocket attacks. Satellite damage assessments confirmed extensive structural destruction to communications masts and command bunkers. Reporting from Russia, diplomatic and local observers noted that strategic shifts in Eastern Europe continue to dictate regional outcomes.",Military Conflict,2026-10-06,Bloomberg,Russia,Eastern Europe
ART-11031,Stock exchange volatility index spikes as investors rotate capital into sovereign bonds and gold,"Equities across regional bourses recorded broad sell-offs, with industrial, aviation, and consumer discretionary shares leading declines. Capital allocators rotated liquidity into sovereign treasury securities, bullion, and cash equivalents amid heightened geopolitical uncertainty and macroeconomic stagflation fears. Analysts tracking developments in India highlighted that multilateral actors in South Asia are preparing contingency measures.",Economic Impact,2026-02-15,Deutsche Welle,India,South Asia
ART-10334,Foreign ministers issue joint communique calling for de-escalation and diplomatic roadmaps,Senior diplomats representing regional powers issued a coordinated statement demanding an immediate halt to escalating rhetoric and the restoration of established diplomatic channels. The communique proposed a three-phase transition roadmap including demilitarized buffer zones and internationally monitored elections. Analysts tracking developments in South Korea highlighted that multilateral actors in East Asia are preparing contingency measures.,Diplomatic / Political,2026-05-05,Wall Street Journal,South Korea,East Asia
ART-10047,Urban warfare intensifies as mechanized units push into contested industrial outskirts,"Heavy machine gun fire, anti-tank guided missiles, and snipers engaged in ferocious building-to-building clashes in industrial sectors. Combat engineers detonated obstacle barriers under smoke screens while field artillery delivered preparatory barrages against reinforced strongpoints. In South Korea, emergency coordination committees met to assess secondary vulnerabilities across East Asia.",Military Conflict,2026-04-05,Al Jazeera,South Korea,East Asia
ART-10854,Container shipping carriers divert cargo fleets around Cape of Good Hope amid maritime threats,"Leading international container shipping lines announced indefinite rerouting of commercial vessels around southern Africa to avoid high-risk maritime straits. The maritime diversion adds 10 to 14 days to standard transit voyages, absorbing container fleet capacity, delaying port turnarounds, and triggering sharp increases in spot ocean freight rates. According to senior officials in Poland, recent indicators across Eastern Europe underscore the urgency of coordinated multilateral action.",Trade & Shipping,2026-10-08,Wall Street Journal,Poland,Eastern Europe
ART-11302,Refugee displacement crisis deepens as civilian populations flee contested border zones,"International migration agencies reported that hundreds of thousands of displaced civilians have crossed international frontiers seeking asylum, overwhelming border reception facilities and temporary transit camps. Relief agencies mobilized emergency winterization tents, thermal blankets, and clean water distribution systems. International stakeholders operating within Red Sea & Horn of Africa called on officials in Egypt to exercise maximum caution.",Humanitarian Impact,2026-10-16,Wall Street Journal,Egypt,Red Sea & Horn of Africa
ART-10901,Global automotive supply chains stall as crucial raw material cargo shipments face port delays,"Major automotive assembly plants announced temporary production line shutdowns due to critical parts shortages resulting from delayed maritime shipping containers. Logistics coordinators reported that specialized component vessels had been delayed over two weeks due to harbor congestion. In India, emergency coordination committees met to assess secondary vulnerabilities across South Asia.",Trade & Shipping,2026-09-09,Nikkei Asia,India,South Asia
ART-10817,Dry bulk carrier grain shipments stranded in territorial waters amid maritime security impasse,Dozens of bulk cargo vessels carrying millions of metric tons of wheat and agricultural commodities remained anchored outside key commercial ports due to unconfirmed maritime passage clearances and mine threat assessments. Agricultural traders warned of contract defaults and grain supply shortages in import-dependent nations. Authorities in Taiwan emphasized that immediate stability in East Asia remains essential to mitigating broader systemic fallout.,Trade & Shipping,2026-03-06,Bloomberg,Taiwan,East Asia
ART-10193,Artillery barrages and tactical drone strikes intensify along contested frontline,Heavy artillery exchanges and long-range unmanned aerial strikes escalated across contested frontline defense sectors overnight. Ground command headquarters confirmed multiple cruise missile interceptions and reinforced mechanized infantry brigades holding fortified trenches. Contested air defense batteries engaged low-altitude reconnaissance drones while combat engineers deployed perimeter minefields. Field correspondents in China reported that ongoing developments across East Asia are compounding operational risks.,Military Conflict,2026-05-20,Financial Times,China,East Asia
ART-10424,Bilateral ceasefire negotiations resume under international diplomatic mediation,"Special diplomatic envoys and foreign ministers convened high-stakes closed-door consultations aimed at establishing an immediate humanitarian truce and verifiable demilitarization framework. Negotiators reviewed draft protocols addressing prisoner-of-war exchanges, border verification monitors, and the formal cessation of cross-border hostilities. In India, emergency coordination committees met to assess secondary vulnerabilities across South Asia.",Diplomatic / Political,2026-07-18,Reuters,India,South Asia
ART-10528,OPEC+ convenes emergency ministerial meeting as maritime transit tensions threaten crude exports,Petroleum exporting ministers scheduled extraordinary virtual consultations to review market stability and global spare crude production capacity following maritime bottlenecks in key transit chokepoints. Energy analysts cautioned that export delays could quickly deplete OECD commercial crude reserves and elevate spot price volatility. Analysts tracking developments in Poland highlighted that multilateral actors in Eastern Europe are preparing contingency measures.,Energy Risk,2026-06-16,Al Jazeera,Poland,Eastern Europe
ART-11536,,Crude oil transport and pipeline networks faced severe operational friction across key refining hubs.,Energy Risk,2026-05-18,Bloomberg,Russia,Eastern Europe
ART-10463,Special presidential envoy conducts whirlwind diplomatic tour across regional capitals,"Traveling through key allied capitals, the senior diplomatic envoy presented confidential de-escalation proposals designed to avert broader regional conflict. Discussions centered on mutual troop withdrawals, diplomatic concessions, and security guarantees backed by multilateral institutions. In Israel, emergency coordination committees met to assess secondary vulnerabilities across Middle East.",Diplomatic / Political,2026-03-09,Associated Press,Israel,Middle East
ART-10771,Maritime insurance syndicates cancel commercial hull coverage for vessels navigating disputed waters,"Global marine insurance underwriters formally notified shipowners that war-risk hull and machinery insurance policies would be rescinded for vessels transiting designated high-risk maritime corridors. Ship operators faced the choice between exorbitant special indemnity premiums or canceling scheduled voyages. In Poland, emergency coordination committees met to assess secondary vulnerabilities across Eastern Europe.",Trade & Shipping,2026-10-08,Al Jazeera,Poland,Eastern Europe
ART-11532,Diplomatic communique issued regarding border status,,Diplomatic / Political,2026-04-12,Reuters,Egypt,Red Sea & Horn of Africa
ART-10287,Special presidential envoy conducts whirlwind diplomatic tour across regional capitals,"Traveling through key allied capitals, the senior diplomatic envoy presented confidential de-escalation proposals designed to avert broader regional conflict. Discussions centered on mutual troop withdrawals, diplomatic concessions, and security guarantees backed by multilateral institutions. International stakeholders operating within Red Sea & Horn of Africa called on officials in Egypt to exercise maximum caution.",Diplomatic / Political,2026-04-12,Associated Press,Egypt,Red Sea & Horn of Africa
ART-11333,United Nations launches emergency humanitarian relief appeal for food aid and medical shelter,Humanitarian coordinators formally issued a multilateral funding appeal seeking urgent donor contributions to support frontline field clinics and nutritional distribution hubs. Aid convoys reported severe logistical hurdles attempting to deliver relief supplies to isolated civilian populations trapped along combat axes. International stakeholders operating within East Asia called on officials in China to exercise maximum caution.,Humanitarian Impact,2026-09-19,Associated Press,China,East Asia
ART-10126,Air defense interceptors scramble as hostile bomber formations approach territorial airspace,"Tactical fighter squadrons conducted emergency combat air patrols after long-range strategic bombers were detected operating near sovereign air defense identification zones. Defense ministry officials confirmed that electronic warfare aircraft shadowed the formations until they altered course away from defensive boundaries. In Israel, emergency coordination committees met to assess secondary vulnerabilities across Middle East.",Military Conflict,2026-07-24,Financial Times,Israel,Middle East
ART-10027,Hypersonic missile barrage targets critical defense installations and radar outposts,"Air defense surveillance networks detected high-velocity aerodynamic missile trajectories aimed at strategic command nodes and hardened munitions storage facilities. Military spokespersons stated that mobile interceptor batteries engaged multiple inbound warheads, while combat search-and-rescue teams mobilized across blast perimeters. International stakeholders operating within Red Sea & Horn of Africa called on officials in Yemen to exercise maximum caution.",Military Conflict,2026-09-25,Nikkei Asia,Yemen,Red Sea & Horn of Africa
ART-11219,Consumer confidence plunges as energy and food price inflation erodes household purchasing power,"National economic sentiment surveys revealed the steepest monthly drop in consumer confidence in several years as rising utility bills and grocery costs squeezed household budgets. Economists warned that declining domestic retail consumption will act as a major drag on quarterly gross domestic product. According to senior officials in Pakistan, recent indicators across South Asia underscore the urgency of coordinated multilateral action.",Economic Impact,2026-09-22,UN News,Pakistan,South Asia
ART-10412,Parliamentary committee ratifies strategic bilateral defense cooperation treaty,"Legislators voted overwhelmingly to approve a comprehensive security alliance treaty authorizing joint intelligence sharing, reciprocal military base access, and coordinated defense procurement. Government ministers emphasized that the diplomatic accord reinforces regional deterrence without violating international neutrality accords. International stakeholders operating within East Asia called on officials in China to exercise maximum caution.",Diplomatic / Political,2026-06-15,Financial Times,China,East Asia
ART-10468,Parliamentary committee ratifies strategic bilateral defense cooperation treaty,"Legislators voted overwhelmingly to approve a comprehensive security alliance treaty authorizing joint intelligence sharing, reciprocal military base access, and coordinated defense procurement. Government ministers emphasized that the diplomatic accord reinforces regional deterrence without violating international neutrality accords. Strategic intelligence assessments issued in Qatar indicate that conditions in Persian Gulf remain highly dynamic and fluid.",Diplomatic / Political,2026-06-26,UN News,Qatar,Persian Gulf
ART-10004,Cross-border commando raid triggers intense infantry firefight along buffer line,"Special forces detachments conducted reconnaissance incursions into contested border sectors, sparking sustained firefights with entrenched hostile infantry. Rapid deployment armored battalions were dispatched with close air support to establish defensive perimeters and extract forward patrol units under heavy mortar suppression. In South Korea, emergency coordination committees met to assess secondary vulnerabilities across East Asia.",Military Conflict,2026-09-23,Financial Times,South Korea,East Asia
ART-10103,Urban warfare intensifies as mechanized units push into contested industrial outskirts,"Heavy machine gun fire, anti-tank guided missiles, and snipers engaged in ferocious building-to-building clashes in industrial sectors. Combat engineers detonated obstacle barriers under smoke screens while field artillery delivered preparatory barrages against reinforced strongpoints. Strategic intelligence assessments issued in Pakistan indicate that conditions in South Asia remain highly dynamic and fluid.",Military Conflict,2026-07-09,Financial Times,Pakistan,South Asia
ART-10339,Regional security summit yields preliminary multilateral mutual non-aggression pact,"Heads of state concluded an emergency multilateral summit with a joint communique pledging adherence to non-aggression principles and established arbitration treaties. Diplomatic working groups were tasked with establishing direct hotline communications between military defense commands to mitigate miscalculation risks. According to senior officials in United Kingdom, recent indicators across Western Europe underscore the urgency of coordinated multilateral action.",Diplomatic / Political,2026-07-08,Al Jazeera,United Kingdom,Western Europe
ART-11086,Sovereign credit rating placed under negative review following capital flight and currency depreciation,"International credit rating agencies placed sovereign debt issuances on negative watch, citing widening fiscal deficits, rapid foreign exchange reserve depletion, and heightened geopolitical risk premia. Domestic currency valuations experienced sharp depreciations against global reserve currencies. International stakeholders operating within East Asia called on officials in South Korea to exercise maximum caution.",Economic Impact,2026-07-16,Bloomberg,South Korea,East Asia
ART-10059,Hypersonic missile barrage targets critical defense installations and radar outposts,"Air defense surveillance networks detected high-velocity aerodynamic missile trajectories aimed at strategic command nodes and hardened munitions storage facilities. Military spokespersons stated that mobile interceptor batteries engaged multiple inbound warheads, while combat search-and-rescue teams mobilized across blast perimeters. International stakeholders operating within East Asia called on officials in South Korea to exercise maximum caution.",Military Conflict,2026-02-22,Wall Street Journal,South Korea,East Asia
ART-11265,Foreign direct investment inflows contract sharply amid cross-border geopolitical instability,"Economic development ministries reported a substantial deceleration in inbound foreign direct investment as multinational corporations suspended cross-border capital expansion projects. Investment analysts cited sovereign expropriation risks and geopolitical volatility as primary drivers of capital hesitation. According to senior officials in United Kingdom, recent indicators across Western Europe underscore the urgency of coordinated multilateral action.",Economic Impact,2026-03-07,Bloomberg,United Kingdom,Western Europe
ART-11418,Makeshift refugee settlements overwhelmed by torrential flooding and freezing weather,"Severe seasonal weather inundated informal displacement settlements, destroying temporary plastic shelters and creating catastrophic sanitary conditions for thousands of families. Disaster response teams mobilized emergency drainage pumps and emergency clothing distributions. According to senior officials in Ukraine, recent indicators across Eastern Europe underscore the urgency of coordinated multilateral action.",Humanitarian Impact,2026-07-21,Associated Press,Ukraine,Eastern Europe
ART-10409,United Nations Security Council convenes emergency session over border sovereignty dispute,"Permanent delegates at the United Nations Headquarters debated a draft resolution condemning territorial incursions and mandating the deployment of an international peacekeeping observer mission. Diplomatic attachés engaged in intense multilateral consultations to resolve contentious veto language regarding territorial sovereignty. In South Korea, emergency coordination committees met to assess secondary vulnerabilities across East Asia.",Diplomatic / Political,2026-06-21,Bloomberg,South Korea,East Asia
ART-10370,Ambassadorial recall and formal diplomatic demarche issued over treaty violation,"The foreign ministry formally summoned the resident ambassador to deliver a stern diplomatic demarche protesting recent unilateral border treaties and sovereignty violations. State officials announced the immediate recall of senior diplomatic legations for urgent foreign policy strategy reviews. In Taiwan, emergency coordination committees met to assess secondary vulnerabilities across East Asia.",Diplomatic / Political,2026-09-09,Financial Times,Taiwan,East Asia
ART-10246,Air defense interceptors scramble as hostile bomber formations approach territorial airspace,"Tactical fighter squadrons conducted emergency combat air patrols after long-range strategic bombers were detected operating near sovereign air defense identification zones. Defense ministry officials confirmed that electronic warfare aircraft shadowed the formations until they altered course away from defensive boundaries. In Germany, emergency coordination committees met to assess secondary vulnerabilities across Western Europe.",Military Conflict,2026-08-01,Associated Press,Germany,Western Europe
ART-10323,Regional security summit yields preliminary multilateral mutual non-aggression pact,Heads of state concluded an emergency multilateral summit with a joint communique pledging adherence to non-aggression principles and established arbitration treaties. Diplomatic working groups were tasked with establishing direct hotline communications between military defense commands to mitigate miscalculation risks. International stakeholders operating within Western Europe called on officials in Germany to exercise maximum caution.,Diplomatic / Political,2026-02-23,BBC News,Germany,Western Europe
ART-11206,Sovereign credit rating placed under negative review following capital flight and currency depreciation,"International credit rating agencies placed sovereign debt issuances on negative watch, citing widening fiscal deficits, rapid foreign exchange reserve depletion, and heightened geopolitical risk premia. Domestic currency valuations experienced sharp depreciations against global reserve currencies. In Poland, emergency coordination committees met to assess secondary vulnerabilities across Eastern Europe.",Economic Impact,2026-09-21,Bloomberg,Poland,Eastern Europe
ART-10380,Parliamentary committee ratifies strategic bilateral defense cooperation treaty,"Legislators voted overwhelmingly to approve a comprehensive security alliance treaty authorizing joint intelligence sharing, reciprocal military base access, and coordinated defense procurement. Government ministers emphasized that the diplomatic accord reinforces regional deterrence without violating international neutrality accords. International stakeholders operating within South Asia called on officials in Pakistan to exercise maximum caution.",Diplomatic / Political,2026-05-25,Financial Times,Pakistan,South Asia
ART-11093,Central banks signal emergency interest rate adjustments as geopolitical inflation pressures broaden,"Monetary policy committees convened extraordinary policy meetings to evaluate persistent macroeconomic shocks stemming from import price inflation and commodity supply friction. Financial market analysts revised benchmark interest rate trajectories upward as headline consumer price indices reflected elevated freight and producer input expenses. According to senior officials in India, recent indicators across South Asia underscore the urgency of coordinated multilateral action.",Economic Impact,2026-07-10,Nikkei Asia,India,South Asia
ART-10440,Bilateral ceasefire negotiations resume under international diplomatic mediation,"Special diplomatic envoys and foreign ministers convened high-stakes closed-door consultations aimed at establishing an immediate humanitarian truce and verifiable demilitarization framework. Negotiators reviewed draft protocols addressing prisoner-of-war exchanges, border verification monitors, and the formal cessation of cross-border hostilities. Reporting from South Korea, diplomatic and local observers noted that strategic shifts in East Asia continue to dictate regional outcomes.",Diplomatic / Political,2026-09-06,Al Jazeera,South Korea,East Asia
ART-10619,Offshore drilling platform security elevated following hostile drone reconnaissance sightings,"Offshore energy operators implemented maximum security protocols across deepwater drilling rigs after unidentified aerial drones were observed conducting surveillance over gas extraction platforms. Naval patrol craft were deployed to maintain exclusion perimeters around strategic energy infrastructure. In Yemen, emergency coordination committees met to assess secondary vulnerabilities across Red Sea & Horn of Africa.",Energy Risk,2026-10-23,Nikkei Asia,Yemen,Red Sea & Horn of Africa
ART-10346,Ambassadorial recall and formal diplomatic demarche issued over treaty violation,"The foreign ministry formally summoned the resident ambassador to deliver a stern diplomatic demarche protesting recent unilateral border treaties and sovereignty violations. State officials announced the immediate recall of senior diplomatic legations for urgent foreign policy strategy reviews. According to senior officials in Taiwan, recent indicators across East Asia underscore the urgency of coordinated multilateral action.",Diplomatic / Political,2026-09-16,Bloomberg,Taiwan,East Asia
ART-10485,Multilateral peace conference deadlocked over territorial governance and treaty guarantees,Diplomatic negotiations stalled after opposing delegations rejected compromise terms concerning international border administration and security guarantees. Facilitators from neutral states urged both delegations to maintain working-level communications and prevent the total breakdown of diplomatic dialogue. Analysts tracking developments in South Korea highlighted that multilateral actors in East Asia are preparing contingency measures.,Diplomatic / Political,2026-06-26,Reuters,South Korea,East Asia
ART-11566,OPEC+ convenes emergency ministerial meeting as maritime transit tensions threaten crude exports,Petroleum exporting ministers scheduled extraordinary virtual consultations to review market stability and global spare crude production capacity following maritime bottlenecks in key transit chokepoints. Energy analysts cautioned that export delays could quickly deplete OECD commercial crude reserves and elevate spot price volatility. International stakeholders operating within Eastern Europe called on officials in Poland to exercise maximum caution.,Energy Risk,2026-02-05,Wall Street Journal,Poland,Eastern Europe
ART-11072,Manufacturing purchasing managers index drops into contraction territory amid input price spikes,"National manufacturing indices slumped below the critical 50-point threshold, signaling industrial output contraction across export-oriented sectors. Factory managers reported elevated input acquisition costs, backlog accumulation, and declining international export orders due to geopolitical uncertainty. Field correspondents in Saudi Arabia reported that ongoing developments across Persian Gulf are compounding operational risks.",Economic Impact,2026-04-19,Wall Street Journal,Saudi Arabia,Persian Gulf
ART-10533,Uranium enrichment and nuclear fuel supply chains threatened by geopolitical trade curbs,"Civilian nuclear power operators warned of long-term fuel fabrication vulnerabilities as geopolitical tensions disrupted international uranium enrichment and nuclear fuel rod shipments. Power plant managers initiated fuel conservation measures to safeguard baseload electrical generation capacity. According to senior officials in Iran, recent indicators across Persian Gulf underscore the urgency of coordinated multilateral action.",Energy Risk,2026-02-01,Al Jazeera,Iran,Persian Gulf
ART-10618,Strategic petroleum reserve release authorized to counterbalance global supply disruptions,Energy authorities authorized the emergency drawdown of millions of barrels of crude oil from national strategic petroleum reserves to stabilize domestic fuel supply chains. Energy department officials coordinated the release with international energy partners to offset prolonged refinery feedstock shortages. International stakeholders operating within Persian Gulf called on officials in Saudi Arabia to exercise maximum caution.,Energy Risk,2026-07-24,Bloomberg,Saudi Arabia,Persian Gulf
ART-10819,Maritime insurance syndicates cancel commercial hull coverage for vessels navigating disputed waters,"Global marine insurance underwriters formally notified shipowners that war-risk hull and machinery insurance policies would be rescinded for vessels transiting designated high-risk maritime corridors. Ship operators faced the choice between exorbitant special indemnity premiums or canceling scheduled voyages. According to senior officials in Pakistan, recent indicators across South Asia underscore the urgency of coordinated multilateral action.",Trade & Shipping,2026-10-07,Al Jazeera,Pakistan,South Asia
ART-10890,Air cargo freight rates surge as commercial shippers seek alternatives to disrupted ocean lanes,"Air logistics forwarders recorded historic price increases per kilogram of air cargo as manufacturers chartered dedicated freighter aircraft to bypass blocked maritime shipping corridors. Cargo airlines expanded flight schedules between manufacturing hubs to accommodate high-value automotive and electronics freight. According to senior officials in Yemen, recent indicators across Red Sea & Horn of Africa underscore the urgency of coordinated multilateral action.",Trade & Shipping,2026-10-14,BBC News,Yemen,Red Sea & Horn of Africa
ART-11428,Civilian evacuation corridors established under international red cross mediation,"Humanitarian organizations coordinated temporary civilian safe-passage corridors to evacuate vulnerable elderly, women, and pediatric patients from active hostility perimeters. International observers monitored compliance to ensure unhindered transit for humanitarian convoys transporting essential rations and emergency medical supplies. In United Kingdom, emergency coordination committees met to assess secondary vulnerabilities across Western Europe.",Humanitarian Impact,2026-08-22,Associated Press,United Kingdom,Western Europe
ART-11408,"Field hospitals face critical shortages of surgical anesthetics, electricity, and clean water","Medical relief organizations operating inside crisis sectors issued urgent distress alerts regarding depleted pharmaceuticals, damaged municipal water treatment facilities, and erratic generator fuel supplies necessary to maintain life-saving intensive care and trauma operating rooms. Strategic intelligence assessments issued in Sudan indicate that conditions in Red Sea & Horn of Africa remain highly dynamic and fluid.",Humanitarian Impact,2026-01-01,Nikkei Asia,Sudan,Red Sea & Horn of Africa
ART-10701,Uranium enrichment and nuclear fuel supply chains threatened by geopolitical trade curbs,Civilian nuclear power operators warned of long-term fuel fabrication vulnerabilities as geopolitical tensions disrupted international uranium enrichment and nuclear fuel rod shipments. Power plant managers initiated fuel conservation measures to safeguard baseload electrical generation capacity. International stakeholders operating within Eastern Europe called on officials in Ukraine to exercise maximum caution.,Energy Risk,2026-03-17,UN News,Ukraine,Eastern Europe
ART-11454,Refugee displacement crisis deepens as civilian populations flee contested border zones,"International migration agencies reported that hundreds of thousands of displaced civilians have crossed international frontiers seeking asylum, overwhelming border reception facilities and temporary transit camps. Relief agencies mobilized emergency winterization tents, thermal blankets, and clean water distribution systems. International stakeholders operating within Red Sea & Horn of Africa called on officials in Yemen to exercise maximum caution.",Humanitarian Impact,2026-09-01,Reuters,Yemen,Red Sea & Horn of Africa
ART-11214,Sovereign credit rating placed under negative review following capital flight and currency depreciation,"International credit rating agencies placed sovereign debt issuances on negative watch, citing widening fiscal deficits, rapid foreign exchange reserve depletion, and heightened geopolitical risk premia. Domestic currency valuations experienced sharp depreciations against global reserve currencies. According to senior officials in Iran, recent indicators across Persian Gulf underscore the urgency of coordinated multilateral action.",Economic Impact,2026-02-09,Bloomberg,Iran,Persian Gulf
ART-11502,Refugee displacement crisis deepens as civilian populations flee contested border zones,"International migration agencies reported that hundreds of thousands of displaced civilians have crossed international frontiers seeking asylum, overwhelming border reception facilities and temporary transit camps. Relief agencies mobilized emergency winterization tents, thermal blankets, and clean water distribution systems. Analysts tracking developments in Russia highlighted that multilateral actors in Eastern Europe are preparing contingency measures.",Humanitarian Impact,2026-09-24,Bloomberg,Russia,Eastern Europe
ART-10273,United Nations Security Council convenes emergency session over border sovereignty dispute,Permanent delegates at the United Nations Headquarters debated a draft resolution condemning territorial incursions and mandating the deployment of an international peacekeeping observer mission. Diplomatic attachés engaged in intense multilateral consultations to resolve contentious veto language regarding territorial sovereignty. International stakeholders operating within Red Sea & Horn of Africa called on officials in Sudan to exercise maximum caution.,Diplomatic / Political,2026-01-12,Nikkei Asia,Sudan,Red Sea & Horn of Africa
ART-10063,Urban warfare intensifies as mechanized units push into contested industrial outskirts,"Heavy machine gun fire, anti-tank guided missiles, and snipers engaged in ferocious building-to-building clashes in industrial sectors. Combat engineers detonated obstacle barriers under smoke screens while field artillery delivered preparatory barrages against reinforced strongpoints. International stakeholders operating within North America called on officials in United States to exercise maximum caution.",Military Conflict,2026-06-01,Reuters,United States,North America
ART-11213,Central banks signal emergency interest rate adjustments as geopolitical inflation pressures broaden,Monetary policy committees convened extraordinary policy meetings to evaluate persistent macroeconomic shocks stemming from import price inflation and commodity supply friction. Financial market analysts revised benchmark interest rate trajectories upward as headline consumer price indices reflected elevated freight and producer input expenses. Authorities in Israel emphasized that immediate stability in Middle East remains essential to mitigating broader systemic fallout.,Economic Impact,2026-03-13,Associated Press,Israel,Middle East
ART-10104,Tactical ballistic missiles intercept hostile command post in retaliatory strike,"Military command launched precision ballistic missiles targeting an underground tactical operations center following sustained perimeter rocket attacks. Satellite damage assessments confirmed extensive structural destruction to communications masts and command bunkers. According to senior officials in Egypt, recent indicators across Red Sea & Horn of Africa underscore the urgency of coordinated multilateral action.",Military Conflict,2026-07-22,BBC News,Egypt,Red Sea & Horn of Africa
ART-11107,Consumer confidence plunges as energy and food price inflation erodes household purchasing power,National economic sentiment surveys revealed the steepest monthly drop in consumer confidence in several years as rising utility bills and grocery costs squeezed household budgets. Economists warned that declining domestic retail consumption will act as a major drag on quarterly gross domestic product. International stakeholders operating within Middle East called on officials in Turkey to exercise maximum caution.,Economic Impact,2026-09-14,Wall Street Journal,Turkey,Middle East
ART-10762,Strategic petroleum reserve release authorized to counterbalance global supply disruptions,Energy authorities authorized the emergency drawdown of millions of barrels of crude oil from national strategic petroleum reserves to stabilize domestic fuel supply chains. Energy department officials coordinated the release with international energy partners to offset prolonged refinery feedstock shortages. International stakeholders operating within Middle East called on officials in Turkey to exercise maximum caution.,Energy Risk,2026-01-13,Associated Press,Turkey,Middle East
ART-10241,Artillery barrages and tactical drone strikes intensify along contested frontline,"Heavy artillery exchanges and long-range unmanned aerial strikes escalated across contested frontline defense sectors overnight. Ground command headquarters confirmed multiple cruise missile interceptions and reinforced mechanized infantry brigades holding fortified trenches. Contested air defense batteries engaged low-altitude reconnaissance drones while combat engineers deployed perimeter minefields. According to senior officials in United States, recent indicators across North America underscore the urgency of coordinated multilateral action.",Military Conflict,2026-07-22,Al Jazeera,United States,North America
ART-10979,Maritime insurance syndicates cancel commercial hull coverage for vessels navigating disputed waters,"Global marine insurance underwriters formally notified shipowners that war-risk hull and machinery insurance policies would be rescinded for vessels transiting designated high-risk maritime corridors. Ship operators faced the choice between exorbitant special indemnity premiums or canceling scheduled voyages. In Poland, emergency coordination committees met to assess secondary vulnerabilities across Eastern Europe.",Trade & Shipping,2026-08-27,UN News,Poland,Eastern Europe
ART-11129,Foreign direct investment inflows contract sharply amid cross-border geopolitical instability,Economic development ministries reported a substantial deceleration in inbound foreign direct investment as multinational corporations suspended cross-border capital expansion projects. Investment analysts cited sovereign expropriation risks and geopolitical volatility as primary drivers of capital hesitation. International stakeholders operating within Persian Gulf called on officials in Iran to exercise maximum caution.,Economic Impact,2026-06-21,Nikkei Asia,Iran,Persian Gulf
ART-10917,Global automotive supply chains stall as crucial raw material cargo shipments face port delays,Major automotive assembly plants announced temporary production line shutdowns due to critical parts shortages resulting from delayed maritime shipping containers. Logistics coordinators reported that specialized component vessels had been delayed over two weeks due to harbor congestion. International stakeholders operating within East Asia called on officials in Taiwan to exercise maximum caution.,Trade & Shipping,2026-05-14,BBC News,Taiwan,East Asia
ART-11224,Manufacturing purchasing managers index drops into contraction territory amid input price spikes,"National manufacturing indices slumped below the critical 50-point threshold, signaling industrial output contraction across export-oriented sectors. Factory managers reported elevated input acquisition costs, backlog accumulation, and declining international export orders due to geopolitical uncertainty. In China, emergency coordination committees met to assess secondary vulnerabilities across East Asia.",Economic Impact,2026-06-02,Associated Press,China,East Asia
ART-10284,Parliamentary committee ratifies strategic bilateral defense cooperation treaty,"Legislators voted overwhelmingly to approve a comprehensive security alliance treaty authorizing joint intelligence sharing, reciprocal military base access, and coordinated defense procurement. Government ministers emphasized that the diplomatic accord reinforces regional deterrence without violating international neutrality accords. In Israel, emergency coordination committees met to assess secondary vulnerabilities across Middle East.",Diplomatic / Political,2026-08-09,Bloomberg,Israel,Middle East
ART-10787,Maritime insurance syndicates cancel commercial hull coverage for vessels navigating disputed waters,Global marine insurance underwriters formally notified shipowners that war-risk hull and machinery insurance policies would be rescinded for vessels transiting designated high-risk maritime corridors. Ship operators faced the choice between exorbitant special indemnity premiums or canceling scheduled voyages. Field correspondents in Ukraine reported that ongoing developments across Eastern Europe are compounding operational risks.,Trade & Shipping,2026-09-28,Nikkei Asia,Ukraine,Eastern Europe
ART-10882,Air cargo freight rates surge as commercial shippers seek alternatives to disrupted ocean lanes,Air logistics forwarders recorded historic price increases per kilogram of air cargo as manufacturers chartered dedicated freighter aircraft to bypass blocked maritime shipping corridors. Cargo airlines expanded flight schedules between manufacturing hubs to accommodate high-value automotive and electronics freight. Analysts tracking developments in Pakistan highlighted that multilateral actors in South Asia are preparing contingency measures.,Trade & Shipping,2026-09-09,Wall Street Journal,Pakistan,South Asia
ART-10088,Tactical ballistic missiles intercept hostile command post in retaliatory strike,"Military command launched precision ballistic missiles targeting an underground tactical operations center following sustained perimeter rocket attacks. Satellite damage assessments confirmed extensive structural destruction to communications masts and command bunkers. According to senior officials in Russia, recent indicators across Eastern Europe underscore the urgency of coordinated multilateral action.",Military Conflict,2026-10-16,Financial Times,Russia,Eastern Europe
ART-10301,Multilateral peace conference deadlocked over territorial governance and treaty guarantees,"Diplomatic negotiations stalled after opposing delegations rejected compromise terms concerning international border administration and security guarantees. Facilitators from neutral states urged both delegations to maintain working-level communications and prevent the total breakdown of diplomatic dialogue. According to senior officials in Poland, recent indicators across Eastern Europe underscore the urgency of coordinated multilateral action.",Diplomatic / Political,2026-03-11,Nikkei Asia,Poland,Eastern Europe
ART-10855,Port congestion and customs clearance bottlenecks escalate across major maritime container terminals,"Logistics operators reported severe berthing queues and prolonged container dwell times exceeding historical highs at major oceanic gateway terminals. Freight forwarders cited vessel bunching, rail intermodal backlogs, and maritime rerouting schedules as compounding drivers of global supply chain gridlock. According to senior officials in Egypt, recent indicators across Red Sea & Horn of Africa underscore the urgency of coordinated multilateral action.",Trade & Shipping,2026-05-01,UN News,Egypt,Red Sea & Horn of Africa
ART-10171,Hypersonic missile barrage targets critical defense installations and radar outposts,"Air defense surveillance networks detected high-velocity aerodynamic missile trajectories aimed at strategic command nodes and hardened munitions storage facilities. Military spokespersons stated that mobile interceptor batteries engaged multiple inbound warheads, while combat search-and-rescue teams mobilized across blast perimeters. International stakeholders operating within Persian Gulf called on officials in Saudi Arabia to exercise maximum caution.",Military Conflict,2026-08-18,Al Jazeera,Saudi Arabia,Persian Gulf
ART-10908,Customs authority impounds containerized shipments under expanded cross-border trade sanctions,"Port customs officials seized hundreds of cargo containers suspected of violating expanded international sanctions targeting dual-use industrial components. Importers and freight forwarders faced lengthy legal audits and storage fees as customs clearance procedures were dramatically expanded. According to senior officials in Ukraine, recent indicators across Eastern Europe underscore the urgency of coordinated multilateral action.",Trade & Shipping,2026-04-12,Nikkei Asia,Ukraine,Eastern Europe
ART-11142,Sovereign credit rating placed under negative review following capital flight and currency depreciation,"International credit rating agencies placed sovereign debt issuances on negative watch, citing widening fiscal deficits, rapid foreign exchange reserve depletion, and heightened geopolitical risk premia. Domestic currency valuations experienced sharp depreciations against global reserve currencies. In Qatar, emergency coordination committees met to assess secondary vulnerabilities across Persian Gulf.",Economic Impact,2026-08-06,Deutsche Welle,Qatar,Persian Gulf
ART-10640,OPEC+ convenes emergency ministerial meeting as maritime transit tensions threaten crude exports,"Petroleum exporting ministers scheduled extraordinary virtual consultations to review market stability and global spare crude production capacity following maritime bottlenecks in key transit chokepoints. Energy analysts cautioned that export delays could quickly deplete OECD commercial crude reserves and elevate spot price volatility. According to senior officials in Pakistan, recent indicators across South Asia underscore the urgency of coordinated multilateral action.",Energy Risk,2026-05-22,Al Jazeera,Pakistan,South Asia
ART-11496,"Field hospitals face critical shortages of surgical anesthetics, electricity, and clean water","Medical relief organizations operating inside crisis sectors issued urgent distress alerts regarding depleted pharmaceuticals, damaged municipal water treatment facilities, and erratic generator fuel supplies necessary to maintain life-saving intensive care and trauma operating rooms. In United States, emergency coordination committees met to assess secondary vulnerabilities across North America.",Humanitarian Impact,2026-02-19,Nikkei Asia,United States,North America
ART-10849,Dry bulk carrier grain shipments stranded in territorial waters amid maritime security impasse,"Dozens of bulk cargo vessels carrying millions of metric tons of wheat and agricultural commodities remained anchored outside key commercial ports due to unconfirmed maritime passage clearances and mine threat assessments. Agricultural traders warned of contract defaults and grain supply shortages in import-dependent nations. In Taiwan, emergency coordination committees met to assess secondary vulnerabilities across East Asia.",Trade & Shipping,2026-10-26,Reuters,Taiwan,East Asia
ART-10789,Global automotive supply chains stall as crucial raw material cargo shipments face port delays,"Major automotive assembly plants announced temporary production line shutdowns due to critical parts shortages resulting from delayed maritime shipping containers. Logistics coordinators reported that specialized component vessels had been delayed over two weeks due to harbor congestion. According to senior officials in United Kingdom, recent indicators across Western Europe underscore the urgency of coordinated multilateral action.",Trade & Shipping,2026-06-24,Financial Times,United Kingdom,Western Europe
ART-10266,Ambassadorial recall and formal diplomatic demarche issued over treaty violation,"The foreign ministry formally summoned the resident ambassador to deliver a stern diplomatic demarche protesting recent unilateral border treaties and sovereignty violations. State officials announced the immediate recall of senior diplomatic legations for urgent foreign policy strategy reviews. In Russia, emergency coordination committees met to assess secondary vulnerabilities across Eastern Europe.",Diplomatic / Political,2026-08-23,Financial Times,Russia,Eastern Europe
ART-10197,Armored battalion mobilizes main battle tanks as cross-border incursions escalate,"Mechanized combat divisions equipped with main battle tanks and armored fighting vehicles initiated defensive counter-maneuvers following reported hostile border crossings. Military leadership enacted wartime emergency protocol, stationing self-propelled howitzers and air surveillance batteries across frontline tactical sectors. International stakeholders operating within Red Sea & Horn of Africa called on officials in Yemen to exercise maximum caution.",Military Conflict,2026-08-27,Wall Street Journal,Yemen,Red Sea & Horn of Africa
ART-10900,Customs authority impounds containerized shipments under expanded cross-border trade sanctions,"Port customs officials seized hundreds of cargo containers suspected of violating expanded international sanctions targeting dual-use industrial components. Importers and freight forwarders faced lengthy legal audits and storage fees as customs clearance procedures were dramatically expanded. According to senior officials in Ukraine, recent indicators across Eastern Europe underscore the urgency of coordinated multilateral action.",Trade & Shipping,2026-06-22,Reuters,Ukraine,Eastern Europe
ART-11471,Disrupted municipal power grids and water filtration plants jeopardize civilian public health,"Public health authorities warned of escalating waterborne disease outbreaks after sustained infrastructure damage crippled municipal water purification networks and electrical sub-stations. Emergency relief teams deployed portable purification modules and oral rehydration packets to mitigate sanitary hazards. In United Kingdom, emergency coordination committees met to assess secondary vulnerabilities across Western Europe.",Humanitarian Impact,2026-01-16,Wall Street Journal,United Kingdom,Western Europe
ART-11199,Stock exchange volatility index spikes as investors rotate capital into sovereign bonds and gold,"Equities across regional bourses recorded broad sell-offs, with industrial, aviation, and consumer discretionary shares leading declines. Capital allocators rotated liquidity into sovereign treasury securities, bullion, and cash equivalents amid heightened geopolitical uncertainty and macroeconomic stagflation fears. Analysts tracking developments in Pakistan highlighted that multilateral actors in South Asia are preparing contingency measures.",Economic Impact,2026-08-06,Wall Street Journal,Pakistan,South Asia
ART-10690,Strategic petroleum reserve release authorized to counterbalance global supply disruptions,Energy authorities authorized the emergency drawdown of millions of barrels of crude oil from national strategic petroleum reserves to stabilize domestic fuel supply chains. Energy department officials coordinated the release with international energy partners to offset prolonged refinery feedstock shortages. International stakeholders operating within Red Sea & Horn of Africa called on officials in Yemen to exercise maximum caution.,Energy Risk,2026-06-16,Associated Press,Yemen,Red Sea & Horn of Africa
ART-10218,Naval task force engages hostile explosive drone boats in strategic strait,"Guided missile destroyers deployed on maritime security patrol neutralized several unmanned explosive surface vessels attempting to strike military logistics convoys. Naval fleet commanders ordered elevated combat readiness and deployed electronic jamming countermeasures to disable hostile telemetry links along contested maritime transit corridors. According to senior officials in India, recent indicators across South Asia underscore the urgency of coordinated multilateral action.",Military Conflict,2026-10-17,BBC News,India,South Asia
ART-10581,Uranium enrichment and nuclear fuel supply chains threatened by geopolitical trade curbs,Civilian nuclear power operators warned of long-term fuel fabrication vulnerabilities as geopolitical tensions disrupted international uranium enrichment and nuclear fuel rod shipments. Power plant managers initiated fuel conservation measures to safeguard baseload electrical generation capacity. Analysts tracking developments in Poland highlighted that multilateral actors in Eastern Europe are preparing contingency measures.,Energy Risk,2026-02-24,Al Jazeera,Poland,Eastern Europe
ART-11401,Malnutrition rates spike among pediatric populations in besieged urban pockets,International aid workers documented severe acute malnutrition among infants and children cut off from standard commercial food distribution networks. Humanitarian flights attempted emergency air-drops of therapeutic nutritional paste while requesting immediate humanitarian pauses. Strategic intelligence assessments issued in Turkey indicate that conditions in Middle East remain highly dynamic and fluid.,Humanitarian Impact,2026-07-17,Associated Press,Turkey,Middle East
ART-10113,Artillery barrages and tactical drone strikes intensify along contested frontline,"Heavy artillery exchanges and long-range unmanned aerial strikes escalated across contested frontline defense sectors overnight. Ground command headquarters confirmed multiple cruise missile interceptions and reinforced mechanized infantry brigades holding fortified trenches. Contested air defense batteries engaged low-altitude reconnaissance drones while combat engineers deployed perimeter minefields. In Poland, emergency coordination committees met to assess secondary vulnerabilities across Eastern Europe.",Military Conflict,2026-10-20,Bloomberg,Poland,Eastern Europe
ART-10515,Offshore drilling platform security elevated following hostile drone reconnaissance sightings,"Offshore energy operators implemented maximum security protocols across deepwater drilling rigs after unidentified aerial drones were observed conducting surveillance over gas extraction platforms. Naval patrol craft were deployed to maintain exclusion perimeters around strategic energy infrastructure. Reporting from Japan, diplomatic and local observers noted that strategic shifts in East Asia continue to dictate regional outcomes.",Energy Risk,2026-09-18,Al Jazeera,Japan,East Asia
ART-11232,Manufacturing purchasing managers index drops into contraction territory amid input price spikes,"National manufacturing indices slumped below the critical 50-point threshold, signaling industrial output contraction across export-oriented sectors. Factory managers reported elevated input acquisition costs, backlog accumulation, and declining international export orders due to geopolitical uncertainty. In India, emergency coordination committees met to assess secondary vulnerabilities across South Asia.",Economic Impact,2026-06-03,BBC News,India,South Asia
ART-10499,Regional security summit yields preliminary multilateral mutual non-aggression pact,"Heads of state concluded an emergency multilateral summit with a joint communique pledging adherence to non-aggression principles and established arbitration treaties. Diplomatic working groups were tasked with establishing direct hotline communications between military defense commands to mitigate miscalculation risks. In Japan, emergency coordination committees met to assess secondary vulnerabilities across East Asia.",Diplomatic / Political,2026-01-13,Deutsche Welle,Japan,East Asia
ART-10870,Container shipping carriers divert cargo fleets around Cape of Good Hope amid maritime threats,"Leading international container shipping lines announced indefinite rerouting of commercial vessels around southern Africa to avoid high-risk maritime straits. The maritime diversion adds 10 to 14 days to standard transit voyages, absorbing container fleet capacity, delaying port turnarounds, and triggering sharp increases in spot ocean freight rates. In Turkey, emergency coordination committees met to assess secondary vulnerabilities across Middle East.",Trade & Shipping,2026-04-13,Wall Street Journal,Turkey,Middle East
ART-10936,Bilateral tariff escalation and export licensing controls enacted on critical high-tech components,"Commerce ministries imposed sweeping tariff increases and strict export license restrictions on key industrial raw materials, advanced machine tools, and semiconductor wafers. Trade associations warned that compliance friction and retaliatory tariffs threaten to disrupt global electronic manufacturing supply chains. International stakeholders operating within Middle East called on officials in Israel to exercise maximum caution.",Trade & Shipping,2026-08-05,Nikkei Asia,Israel,Middle East
ART-11518,Refugee displacement crisis deepens as civilian populations flee contested border zones,"International migration agencies reported that hundreds of thousands of displaced civilians have crossed international frontiers seeking asylum, overwhelming border reception facilities and temporary transit camps. Relief agencies mobilized emergency winterization tents, thermal blankets, and clean water distribution systems. International stakeholders operating within Middle East called on officials in Israel to exercise maximum caution.",Humanitarian Impact,2026-10-09,Bloomberg,Israel,Middle East
ART-10802,Air cargo freight rates surge as commercial shippers seek alternatives to disrupted ocean lanes,"Air logistics forwarders recorded historic price increases per kilogram of air cargo as manufacturers chartered dedicated freighter aircraft to bypass blocked maritime shipping corridors. Cargo airlines expanded flight schedules between manufacturing hubs to accommodate high-value automotive and electronics freight. According to senior officials in Ukraine, recent indicators across Eastern Europe underscore the urgency of coordinated multilateral action.",Trade & Shipping,2026-01-21,Nikkei Asia,Ukraine,Eastern Europe
ART-10867,Maritime insurance syndicates cancel commercial hull coverage for vessels navigating disputed waters,Global marine insurance underwriters formally notified shipowners that war-risk hull and machinery insurance policies would be rescinded for vessels transiting designated high-risk maritime corridors. Ship operators faced the choice between exorbitant special indemnity premiums or canceling scheduled voyages. Analysts tracking developments in Iran highlighted that multilateral actors in Persian Gulf are preparing contingency measures.,Trade & Shipping,2026-08-03,Associated Press,Iran,Persian Gulf
ART-10175,Urban warfare intensifies as mechanized units push into contested industrial outskirts,"Heavy machine gun fire, anti-tank guided missiles, and snipers engaged in ferocious building-to-building clashes in industrial sectors. Combat engineers detonated obstacle barriers under smoke screens while field artillery delivered preparatory barrages against reinforced strongpoints. International stakeholders operating within South Asia called on officials in Pakistan to exercise maximum caution.",Military Conflict,2026-09-05,Reuters,Pakistan,South Asia
ART-10442,Ambassadorial recall and formal diplomatic demarche issued over treaty violation,"The foreign ministry formally summoned the resident ambassador to deliver a stern diplomatic demarche protesting recent unilateral border treaties and sovereignty violations. State officials announced the immediate recall of senior diplomatic legations for urgent foreign policy strategy reviews. In China, emergency coordination committees met to assess secondary vulnerabilities across East Asia.",Diplomatic / Political,2026-03-23,Associated Press,China,East Asia
ART-11141,Central banks signal emergency interest rate adjustments as geopolitical inflation pressures broaden,"Monetary policy committees convened extraordinary policy meetings to evaluate persistent macroeconomic shocks stemming from import price inflation and commodity supply friction. Financial market analysts revised benchmark interest rate trajectories upward as headline consumer price indices reflected elevated freight and producer input expenses. In United States, emergency coordination committees met to assess secondary vulnerabilities across North America.",Economic Impact,2026-02-15,Bloomberg,United States,North America
ART-10671,Major crude oil pipeline flow suspended following strategic transit sabotage threat,"Energy operators halted pumping operations along a major transcontinental crude pipeline after intelligence reports identified credible security threats against remote pumping stations. Energy security ministries initiated pipeline integrity inspections, while oil refinery operators tapped reserve stockpiles to maintain downstream distillation output. Analysts tracking developments in Ukraine highlighted that multilateral actors in Eastern Europe are preparing contingency measures.",Energy Risk,2026-03-05,Al Jazeera,Ukraine,Eastern Europe
ART-10427,Regional security summit yields preliminary multilateral mutual non-aggression pact,Heads of state concluded an emergency multilateral summit with a joint communique pledging adherence to non-aggression principles and established arbitration treaties. Diplomatic working groups were tasked with establishing direct hotline communications between military defense commands to mitigate miscalculation risks. Analysts tracking developments in United States highlighted that multilateral actors in North America are preparing contingency measures.,Diplomatic / Political,2026-10-22,Deutsche Welle,United States,North America
ART-10538,Strategic petroleum reserve release authorized to counterbalance global supply disruptions,"Energy authorities authorized the emergency drawdown of millions of barrels of crude oil from national strategic petroleum reserves to stabilize domestic fuel supply chains. Energy department officials coordinated the release with international energy partners to offset prolonged refinery feedstock shortages. According to senior officials in Pakistan, recent indicators across South Asia underscore the urgency of coordinated multilateral action.",Energy Risk,2026-10-05,Associated Press,Pakistan,South Asia
ART-10428,Parliamentary committee ratifies strategic bilateral defense cooperation treaty,"Legislators voted overwhelmingly to approve a comprehensive security alliance treaty authorizing joint intelligence sharing, reciprocal military base access, and coordinated defense procurement. Government ministers emphasized that the diplomatic accord reinforces regional deterrence without violating international neutrality accords. In Israel, emergency coordination committees met to assess secondary vulnerabilities across Middle East.",Diplomatic / Political,2026-10-26,Financial Times,Israel,Middle East
ART-11559,Dry bulk carrier grain shipments stranded in territorial waters amid maritime security impasse,Dozens of bulk cargo vessels carrying millions of metric tons of wheat and agricultural commodities remained anchored outside key commercial ports due to unconfirmed maritime passage clearances and mine threat assessments. Agricultural traders warned of contract defaults and grain supply shortages in import-dependent nations. International stakeholders operating within Middle East called on officials in Israel to exercise maximum caution.,Trade & Shipping,2026-08-06,Financial Times,Israel,Middle East
ART-11073,Foreign direct investment inflows contract sharply amid cross-border geopolitical instability,Economic development ministries reported a substantial deceleration in inbound foreign direct investment as multinational corporations suspended cross-border capital expansion projects. Investment analysts cited sovereign expropriation risks and geopolitical volatility as primary drivers of capital hesitation. Strategic intelligence assessments issued in United Kingdom indicate that conditions in Western Europe remain highly dynamic and fluid.,Economic Impact,2026-09-11,UN News,United Kingdom,Western Europe
ART-10002,Naval task force engages hostile explosive drone boats in strategic strait,"Guided missile destroyers deployed on maritime security patrol neutralized several unmanned explosive surface vessels attempting to strike military logistics convoys. Naval fleet commanders ordered elevated combat readiness and deployed electronic jamming countermeasures to disable hostile telemetry links along contested maritime transit corridors. According to senior officials in Saudi Arabia, recent indicators across Persian Gulf underscore the urgency of coordinated multilateral action.",Military Conflict,2026-09-22,Associated Press,Saudi Arabia,Persian Gulf
ART-11560,Maritime insurance syndicates cancel commercial hull coverage for vessels navigating disputed waters,Global marine insurance underwriters formally notified shipowners that war-risk hull and machinery insurance policies would be rescinded for vessels transiting designated high-risk maritime corridors. Ship operators faced the choice between exorbitant special indemnity premiums or canceling scheduled voyages. Field correspondents in Ukraine reported that ongoing developments across Eastern Europe are compounding operational risks.,Trade & Shipping,2026-09-28,Nikkei Asia,Ukraine,Eastern Europe
ART-11402,Makeshift refugee settlements overwhelmed by torrential flooding and freezing weather,"Severe seasonal weather inundated informal displacement settlements, destroying temporary plastic shelters and creating catastrophic sanitary conditions for thousands of families. Disaster response teams mobilized emergency drainage pumps and emergency clothing distributions. International stakeholders operating within South Asia called on officials in India to exercise maximum caution.",Humanitarian Impact,2026-05-27,UN News,India,South Asia
ART-11106,Bilateral currency swaps activated as commercial banking system faces dollar liquidity squeeze,"Central monetary authorities tapped bilateral foreign currency swap lines to inject hard currency liquidity into domestic commercial banks struggling with overseas settlement obligations. Treasury officials emphasized that foreign reserve backstops remain adequate to maintain interbank clearing operations. In Sudan, emergency coordination committees met to assess secondary vulnerabilities across Red Sea & Horn of Africa.",Economic Impact,2026-10-01,UN News,Sudan,Red Sea & Horn of Africa
ART-10717,Uranium enrichment and nuclear fuel supply chains threatened by geopolitical trade curbs,Civilian nuclear power operators warned of long-term fuel fabrication vulnerabilities as geopolitical tensions disrupted international uranium enrichment and nuclear fuel rod shipments. Power plant managers initiated fuel conservation measures to safeguard baseload electrical generation capacity. International stakeholders operating within Eastern Europe called on officials in Poland to exercise maximum caution.,Energy Risk,2026-05-20,Al Jazeera,Poland,Eastern Europe
ART-11087,Stock exchange volatility index spikes as investors rotate capital into sovereign bonds and gold,"Equities across regional bourses recorded broad sell-offs, with industrial, aviation, and consumer discretionary shares leading declines. Capital allocators rotated liquidity into sovereign treasury securities, bullion, and cash equivalents amid heightened geopolitical uncertainty and macroeconomic stagflation fears. International stakeholders operating within East Asia called on officials in Taiwan to exercise maximum caution.",Economic Impact,2026-07-14,UN News,Taiwan,East Asia
ART-11507,Mobile medical teams deploy to remote border crossings as civilian trauma casualties mount,"Emergency medical NGOs deployed mobile surgical units and trauma ambulances along primary refugee transit highways to treat shrapnel injuries and dehydration. Medical directors reported that regional clinics have exhausted their primary supplies of blood plasma and IV fluids. In Ukraine, emergency coordination committees met to assess secondary vulnerabilities across Eastern Europe.",Humanitarian Impact,2026-01-16,UN News,Ukraine,Eastern Europe
ART-11360,"Field hospitals face critical shortages of surgical anesthetics, electricity, and clean water","Medical relief organizations operating inside crisis sectors issued urgent distress alerts regarding depleted pharmaceuticals, damaged municipal water treatment facilities, and erratic generator fuel supplies necessary to maintain life-saving intensive care and trauma operating rooms. In Egypt, emergency coordination committees met to assess secondary vulnerabilities across Red Sea & Horn of Africa.",Humanitarian Impact,2026-04-14,Bloomberg,Egypt,Red Sea & Horn of Africa
ART-11318,Refugee displacement crisis deepens as civilian populations flee contested border zones,"International migration agencies reported that hundreds of thousands of displaced civilians have crossed international frontiers seeking asylum, overwhelming border reception facilities and temporary transit camps. Relief agencies mobilized emergency winterization tents, thermal blankets, and clean water distribution systems. International stakeholders operating within East Asia called on officials in Taiwan to exercise maximum caution.",Humanitarian Impact,2026-02-26,BBC News,Taiwan,East Asia
ART-10353,United Nations Security Council convenes emergency session over border sovereignty dispute,Permanent delegates at the United Nations Headquarters debated a draft resolution condemning territorial incursions and mandating the deployment of an international peacekeeping observer mission. Diplomatic attachés engaged in intense multilateral consultations to resolve contentious veto language regarding territorial sovereignty. Analysts tracking developments in South Korea highlighted that multilateral actors in East Asia are preparing contingency measures.,Diplomatic / Political,2026-10-27,Wall Street Journal,South Korea,East Asia
ART-10587,Offshore drilling platform security elevated following hostile drone reconnaissance sightings,Offshore energy operators implemented maximum security protocols across deepwater drilling rigs after unidentified aerial drones were observed conducting surveillance over gas extraction platforms. Naval patrol craft were deployed to maintain exclusion perimeters around strategic energy infrastructure. International stakeholders operating within Persian Gulf called on officials in Iran to exercise maximum caution.,Energy Risk,2026-04-12,Nikkei Asia,Iran,Persian Gulf
ART-11426,Makeshift refugee settlements overwhelmed by torrential flooding and freezing weather,"Severe seasonal weather inundated informal displacement settlements, destroying temporary plastic shelters and creating catastrophic sanitary conditions for thousands of families. Disaster response teams mobilized emergency drainage pumps and emergency clothing distributions. According to senior officials in Qatar, recent indicators across Persian Gulf underscore the urgency of coordinated multilateral action.",Humanitarian Impact,2026-05-05,Al Jazeera,Qatar,Persian Gulf
ART-11533,Diplomatic communique issued regarding border status,,Diplomatic / Political,2026-04-12,Reuters,Germany,Western Europe
ART-11362,Makeshift refugee settlements overwhelmed by torrential flooding and freezing weather,"Severe seasonal weather inundated informal displacement settlements, destroying temporary plastic shelters and creating catastrophic sanitary conditions for thousands of families. Disaster response teams mobilized emergency drainage pumps and emergency clothing distributions. According to senior officials in Ukraine, recent indicators across Eastern Europe underscore the urgency of coordinated multilateral action.",Humanitarian Impact,2026-04-09,Wall Street Journal,Ukraine,Eastern Europe
ART-11192,Manufacturing purchasing managers index drops into contraction territory amid input price spikes,"National manufacturing indices slumped below the critical 50-point threshold, signaling industrial output contraction across export-oriented sectors. Factory managers reported elevated input acquisition costs, backlog accumulation, and declining international export orders due to geopolitical uncertainty. Authorities in Japan emphasized that immediate stability in East Asia remains essential to mitigating broader systemic fallout.",Economic Impact,2026-08-27,Al Jazeera,Japan,East Asia
ART-10793,Dry bulk carrier grain shipments stranded in territorial waters amid maritime security impasse,"Dozens of bulk cargo vessels carrying millions of metric tons of wheat and agricultural commodities remained anchored outside key commercial ports due to unconfirmed maritime passage clearances and mine threat assessments. Agricultural traders warned of contract defaults and grain supply shortages in import-dependent nations. In Taiwan, emergency coordination committees met to assess secondary vulnerabilities across East Asia.",Trade & Shipping,2026-06-16,UN News,Taiwan,East Asia
ART-10732,Natural gas pipeline compression station suffers severe explosion amid geopolitical friction,"A critical natural gas compression station feeding industrial manufacturing hubs suffered a catastrophic pipeline failure, cutting regional gas transit volumes by over 40 percent. Energy distribution utilities immediately mandated industrial consumption rationing while emergency engineering teams assessed blast damage. Reporting from Ukraine, diplomatic and local observers noted that strategic shifts in Eastern Europe continue to dictate regional outcomes.",Energy Risk,2026-07-13,Associated Press,Ukraine,Eastern Europe
ART-10977,Dry bulk carrier grain shipments stranded in territorial waters amid maritime security impasse,"Dozens of bulk cargo vessels carrying millions of metric tons of wheat and agricultural commodities remained anchored outside key commercial ports due to unconfirmed maritime passage clearances and mine threat assessments. Agricultural traders warned of contract defaults and grain supply shortages in import-dependent nations. In Iran, emergency coordination committees met to assess secondary vulnerabilities across Persian Gulf.",Trade & Shipping,2026-06-14,Deutsche Welle,Iran,Persian Gulf
ART-11311,Disrupted municipal power grids and water filtration plants jeopardize civilian public health,"Public health authorities warned of escalating waterborne disease outbreaks after sustained infrastructure damage crippled municipal water purification networks and electrical sub-stations. Emergency relief teams deployed portable purification modules and oral rehydration packets to mitigate sanitary hazards. According to senior officials in Japan, recent indicators across East Asia underscore the urgency of coordinated multilateral action.",Humanitarian Impact,2026-10-11,Deutsche Welle,Japan,East Asia
ART-10546,Strategic petroleum reserve release authorized to counterbalance global supply disruptions,Energy authorities authorized the emergency drawdown of millions of barrels of crude oil from national strategic petroleum reserves to stabilize domestic fuel supply chains. Energy department officials coordinated the release with international energy partners to offset prolonged refinery feedstock shortages. International stakeholders operating within Eastern Europe called on officials in Poland to exercise maximum caution.,Energy Risk,2026-03-11,Deutsche Welle,Poland,Eastern Europe
ART-10805,Global automotive supply chains stall as crucial raw material cargo shipments face port delays,"Major automotive assembly plants announced temporary production line shutdowns due to critical parts shortages resulting from delayed maritime shipping containers. Logistics coordinators reported that specialized component vessels had been delayed over two weeks due to harbor congestion. According to senior officials in Saudi Arabia, recent indicators across Persian Gulf underscore the urgency of coordinated multilateral action.",Trade & Shipping,2026-09-17,Al Jazeera,Saudi Arabia,Persian Gulf
ART-10310,Foreign ministers issue joint communique calling for de-escalation and diplomatic roadmaps,Senior diplomats representing regional powers issued a coordinated statement demanding an immediate halt to escalating rhetoric and the restoration of established diplomatic channels. The communique proposed a three-phase transition roadmap including demilitarized buffer zones and internationally monitored elections. International stakeholders operating within Western Europe called on officials in Germany to exercise maximum caution.,Diplomatic / Political,2026-06-03,Associated Press,Germany,Western Europe
ART-10709,Uranium enrichment and nuclear fuel supply chains threatened by geopolitical trade curbs,Civilian nuclear power operators warned of long-term fuel fabrication vulnerabilities as geopolitical tensions disrupted international uranium enrichment and nuclear fuel rod shipments. Power plant managers initiated fuel conservation measures to safeguard baseload electrical generation capacity. International stakeholders operating within North America called on officials in United States to exercise maximum caution.,Energy Risk,2026-06-07,Nikkei Asia,United States,North America
ART-11409,Malnutrition rates spike among pediatric populations in besieged urban pockets,"International aid workers documented severe acute malnutrition among infants and children cut off from standard commercial food distribution networks. Humanitarian flights attempted emergency air-drops of therapeutic nutritional paste while requesting immediate humanitarian pauses. According to senior officials in Ukraine, recent indicators across Eastern Europe underscore the urgency of coordinated multilateral action.",Humanitarian Impact,2026-08-21,Bloomberg,Ukraine,Eastern Europe
ART-10835,Maritime insurance syndicates cancel commercial hull coverage for vessels navigating disputed waters,"Global marine insurance underwriters formally notified shipowners that war-risk hull and machinery insurance policies would be rescinded for vessels transiting designated high-risk maritime corridors. Ship operators faced the choice between exorbitant special indemnity premiums or canceling scheduled voyages. Reporting from Ukraine, diplomatic and local observers noted that strategic shifts in Eastern Europe continue to dictate regional outcomes.",Trade & Shipping,2026-09-19,Reuters,Ukraine,Eastern Europe
ART-11108,Corporate debt default risk rises as borrowing costs spike following geopolitical credit repricing,Credit default swap spreads widened significantly across corporate debt markets as lenders repriced risk margins for businesses exposed to cross-border supply shocks. Debt restructuring advisors noted a sharp uptick in emergency corporate credit facility requests. Authorities in Russia emphasized that immediate stability in Eastern Europe remains essential to mitigating broader systemic fallout.,Economic Impact,2026-08-19,Reuters,Russia,Eastern Europe
ART-10434,Ambassadorial recall and formal diplomatic demarche issued over treaty violation,"The foreign ministry formally summoned the resident ambassador to deliver a stern diplomatic demarche protesting recent unilateral border treaties and sovereignty violations. State officials announced the immediate recall of senior diplomatic legations for urgent foreign policy strategy reviews. According to senior officials in Pakistan, recent indicators across South Asia underscore the urgency of coordinated multilateral action.",Diplomatic / Political,2026-06-07,BBC News,Pakistan,South Asia
ART-10194,Naval task force engages hostile explosive drone boats in strategic strait,Guided missile destroyers deployed on maritime security patrol neutralized several unmanned explosive surface vessels attempting to strike military logistics convoys. Naval fleet commanders ordered elevated combat readiness and deployed electronic jamming countermeasures to disable hostile telemetry links along contested maritime transit corridors. International stakeholders operating within Eastern Europe called on officials in Russia to exercise maximum caution.,Military Conflict,2026-08-26,Wall Street Journal,Russia,Eastern Europe
ART-10531,Offshore drilling platform security elevated following hostile drone reconnaissance sightings,"Offshore energy operators implemented maximum security protocols across deepwater drilling rigs after unidentified aerial drones were observed conducting surveillance over gas extraction platforms. Naval patrol craft were deployed to maintain exclusion perimeters around strategic energy infrastructure. In Germany, emergency coordination committees met to assess secondary vulnerabilities across Western Europe.",Energy Risk,2026-09-11,Wall Street Journal,Germany,Western Europe
ART-10083,Hypersonic missile barrage targets critical defense installations and radar outposts,"Air defense surveillance networks detected high-velocity aerodynamic missile trajectories aimed at strategic command nodes and hardened munitions storage facilities. Military spokespersons stated that mobile interceptor batteries engaged multiple inbound warheads, while combat search-and-rescue teams mobilized across blast perimeters. According to senior officials in South Korea, recent indicators across East Asia underscore the urgency of coordinated multilateral action.",Military Conflict,2026-05-10,Reuters,South Korea,East Asia
ART-10601,Liquefied natural gas terminal throttles shipments amid regional maritime insurance restrictions,Major LNG export liquefaction facilities reduced cargo loadings after maritime underwriters imposed prohibitive war-risk insurance premiums on LNG tankers navigating adjacent waterways. European and Asian utility operators scrambled to secure spot replacement cargoes ahead of peak seasonal heating demand. Strategic intelligence assessments issued in United Kingdom indicate that conditions in Western Europe remain highly dynamic and fluid.,Energy Risk,2026-09-14,Al Jazeera,United Kingdom,Western Europe
ART-11443,Mobile medical teams deploy to remote border crossings as civilian trauma casualties mount,"Emergency medical NGOs deployed mobile surgical units and trauma ambulances along primary refugee transit highways to treat shrapnel injuries and dehydration. Medical directors reported that regional clinics have exhausted their primary supplies of blood plasma and IV fluids. According to senior officials in Saudi Arabia, recent indicators across Persian Gulf underscore the urgency of coordinated multilateral action.",Humanitarian Impact,2026-04-14,Nikkei Asia,Saudi Arabia,Persian Gulf
ART-10853,Global automotive supply chains stall as crucial raw material cargo shipments face port delays,Major automotive assembly plants announced temporary production line shutdowns due to critical parts shortages resulting from delayed maritime shipping containers. Logistics coordinators reported that specialized component vessels had been delayed over two weeks due to harbor congestion. International stakeholders operating within Middle East called on officials in Israel to exercise maximum caution.,Trade & Shipping,2026-05-18,Associated Press,Israel,Middle East
ART-11397,United Nations launches emergency humanitarian relief appeal for food aid and medical shelter,Humanitarian coordinators formally issued a multilateral funding appeal seeking urgent donor contributions to support frontline field clinics and nutritional distribution hubs. Aid convoys reported severe logistical hurdles attempting to deliver relief supplies to isolated civilian populations trapped along combat axes. Strategic intelligence assessments issued in India indicate that conditions in South Asia remain highly dynamic and fluid.,Humanitarian Impact,2026-03-21,Financial Times,India,South Asia
ART-10729,Liquefied natural gas terminal throttles shipments amid regional maritime insurance restrictions,"Major LNG export liquefaction facilities reduced cargo loadings after maritime underwriters imposed prohibitive war-risk insurance premiums on LNG tankers navigating adjacent waterways. European and Asian utility operators scrambled to secure spot replacement cargoes ahead of peak seasonal heating demand. According to senior officials in Russia, recent indicators across Eastern Europe underscore the urgency of coordinated multilateral action.",Energy Risk,2026-09-08,Nikkei Asia,Russia,Eastern Europe
ART-10933,Global automotive supply chains stall as crucial raw material cargo shipments face port delays,Major automotive assembly plants announced temporary production line shutdowns due to critical parts shortages resulting from delayed maritime shipping containers. Logistics coordinators reported that specialized component vessels had been delayed over two weeks due to harbor congestion. International stakeholders operating within North America called on officials in United States to exercise maximum caution.,Trade & Shipping,2026-08-16,Reuters,United States,North America
ART-11421,United Nations launches emergency humanitarian relief appeal for food aid and medical shelter,Humanitarian coordinators formally issued a multilateral funding appeal seeking urgent donor contributions to support frontline field clinics and nutritional distribution hubs. Aid convoys reported severe logistical hurdles attempting to deliver relief supplies to isolated civilian populations trapped along combat axes. International stakeholders operating within East Asia called on officials in China to exercise maximum caution.,Humanitarian Impact,2026-01-17,Reuters,China,East Asia
ART-10120,Tactical ballistic missiles intercept hostile command post in retaliatory strike,"Military command launched precision ballistic missiles targeting an underground tactical operations center following sustained perimeter rocket attacks. Satellite damage assessments confirmed extensive structural destruction to communications masts and command bunkers. According to senior officials in Turkey, recent indicators across Middle East underscore the urgency of coordinated multilateral action.",Military Conflict,2026-09-20,Wall Street Journal,Turkey,Middle East
ART-10013,Armored battalion mobilizes main battle tanks as cross-border incursions escalate,"Mechanized combat divisions equipped with main battle tanks and armored fighting vehicles initiated defensive counter-maneuvers following reported hostile border crossings. Military leadership enacted wartime emergency protocol, stationing self-propelled howitzers and air surveillance batteries across frontline tactical sectors. According to senior officials in Qatar, recent indicators across Persian Gulf underscore the urgency of coordinated multilateral action.",Military Conflict,2026-04-18,Bloomberg,Qatar,Persian Gulf
ART-10166,Air defense interceptors scramble as hostile bomber formations approach territorial airspace,"Tactical fighter squadrons conducted emergency combat air patrols after long-range strategic bombers were detected operating near sovereign air defense identification zones. Defense ministry officials confirmed that electronic warfare aircraft shadowed the formations until they altered course away from defensive boundaries. According to senior officials in United Kingdom, recent indicators across Western Europe underscore the urgency of coordinated multilateral action.",Military Conflict,2026-05-23,Nikkei Asia,United Kingdom,Western Europe
ART-11492,Civilian evacuation corridors established under international red cross mediation,"Humanitarian organizations coordinated temporary civilian safe-passage corridors to evacuate vulnerable elderly, women, and pediatric patients from active hostility perimeters. International observers monitored compliance to ensure unhindered transit for humanitarian convoys transporting essential rations and emergency medical supplies. In Russia, emergency coordination committees met to assess secondary vulnerabilities across Eastern Europe.",Humanitarian Impact,2026-10-08,Financial Times,Russia,Eastern Europe
ART-10593,Liquefied natural gas terminal throttles shipments amid regional maritime insurance restrictions,"Major LNG export liquefaction facilities reduced cargo loadings after maritime underwriters imposed prohibitive war-risk insurance premiums on LNG tankers navigating adjacent waterways. European and Asian utility operators scrambled to secure spot replacement cargoes ahead of peak seasonal heating demand. Reporting from India, diplomatic and local observers noted that strategic shifts in South Asia continue to dictate regional outcomes.",Energy Risk,2026-03-26,Associated Press,India,South Asia
ART-10617,Liquefied natural gas terminal throttles shipments amid regional maritime insurance restrictions,Major LNG export liquefaction facilities reduced cargo loadings after maritime underwriters imposed prohibitive war-risk insurance premiums on LNG tankers navigating adjacent waterways. European and Asian utility operators scrambled to secure spot replacement cargoes ahead of peak seasonal heating demand. International stakeholders operating within Red Sea & Horn of Africa called on officials in Egypt to exercise maximum caution.,Energy Risk,2026-06-04,UN News,Egypt,Red Sea & Horn of Africa
ART-10254,Air defense interceptors scramble as hostile bomber formations approach territorial airspace,"Tactical fighter squadrons conducted emergency combat air patrols after long-range strategic bombers were detected operating near sovereign air defense identification zones. Defense ministry officials confirmed that electronic warfare aircraft shadowed the formations until they altered course away from defensive boundaries. Reporting from Germany, diplomatic and local observers noted that strategic shifts in Western Europe continue to dictate regional outcomes.",Military Conflict,2026-03-11,Financial Times,Germany,Western Europe
ART-10261,Multilateral peace conference deadlocked over territorial governance and treaty guarantees,Diplomatic negotiations stalled after opposing delegations rejected compromise terms concerning international border administration and security guarantees. Facilitators from neutral states urged both delegations to maintain working-level communications and prevent the total breakdown of diplomatic dialogue. International stakeholders operating within Western Europe called on officials in United Kingdom to exercise maximum caution.,Diplomatic / Political,2026-01-15,Al Jazeera,United Kingdom,Western Europe
ART-10151,Urban warfare intensifies as mechanized units push into contested industrial outskirts,"Heavy machine gun fire, anti-tank guided missiles, and snipers engaged in ferocious building-to-building clashes in industrial sectors. Combat engineers detonated obstacle barriers under smoke screens while field artillery delivered preparatory barrages against reinforced strongpoints. Reporting from Turkey, diplomatic and local observers noted that strategic shifts in Middle East continue to dictate regional outcomes.",Military Conflict,2026-08-16,Nikkei Asia,Turkey,Middle East
ART-11280,"Field hospitals face critical shortages of surgical anesthetics, electricity, and clean water","Medical relief organizations operating inside crisis sectors issued urgent distress alerts regarding depleted pharmaceuticals, damaged municipal water treatment facilities, and erratic generator fuel supplies necessary to maintain life-saving intensive care and trauma operating rooms. International stakeholders operating within South Asia called on officials in Pakistan to exercise maximum caution.",Humanitarian Impact,2026-05-13,Associated Press,Pakistan,South Asia
ART-11411,Mobile medical teams deploy to remote border crossings as civilian trauma casualties mount,Emergency medical NGOs deployed mobile surgical units and trauma ambulances along primary refugee transit highways to treat shrapnel injuries and dehydration. Medical directors reported that regional clinics have exhausted their primary supplies of blood plasma and IV fluids. Field correspondents in Egypt reported that ongoing developments across Red Sea & Horn of Africa are compounding operational risks.,Humanitarian Impact,2026-03-03,Wall Street Journal,Egypt,Red Sea & Horn of Africa
ART-11501,United Nations launches emergency humanitarian relief appeal for food aid and medical shelter,Humanitarian coordinators formally issued a multilateral funding appeal seeking urgent donor contributions to support frontline field clinics and nutritional distribution hubs. Aid convoys reported severe logistical hurdles attempting to deliver relief supplies to isolated civilian populations trapped along combat axes. International stakeholders operating within Red Sea & Horn of Africa called on officials in Egypt to exercise maximum caution.,Humanitarian Impact,2026-04-27,BBC News,Egypt,Red Sea & Horn of Africa
ART-11433,Malnutrition rates spike among pediatric populations in besieged urban pockets,"International aid workers documented severe acute malnutrition among infants and children cut off from standard commercial food distribution networks. Humanitarian flights attempted emergency air-drops of therapeutic nutritional paste while requesting immediate humanitarian pauses. In Iran, emergency coordination committees met to assess secondary vulnerabilities across Persian Gulf.",Humanitarian Impact,2026-02-08,UN News,Iran,Persian Gulf
ART-11484,Civilian evacuation corridors established under international red cross mediation,"Humanitarian organizations coordinated temporary civilian safe-passage corridors to evacuate vulnerable elderly, women, and pediatric patients from active hostility perimeters. International observers monitored compliance to ensure unhindered transit for humanitarian convoys transporting essential rations and emergency medical supplies. Strategic intelligence assessments issued in Israel indicate that conditions in Middle East remain highly dynamic and fluid.",Humanitarian Impact,2026-06-20,Nikkei Asia,Israel,Middle East
ART-11049,Foreign direct investment inflows contract sharply amid cross-border geopolitical instability,Economic development ministries reported a substantial deceleration in inbound foreign direct investment as multinational corporations suspended cross-border capital expansion projects. Investment analysts cited sovereign expropriation risks and geopolitical volatility as primary drivers of capital hesitation. International stakeholders operating within Middle East called on officials in Turkey to exercise maximum caution.,Economic Impact,2026-01-11,Nikkei Asia,Turkey,Middle East
ART-10682,Strategic petroleum reserve release authorized to counterbalance global supply disruptions,"Energy authorities authorized the emergency drawdown of millions of barrels of crude oil from national strategic petroleum reserves to stabilize domestic fuel supply chains. Energy department officials coordinated the release with international energy partners to offset prolonged refinery feedstock shortages. In Turkey, emergency coordination committees met to assess secondary vulnerabilities across Middle East.",Energy Risk,2026-03-28,Wall Street Journal,Turkey,Middle East
ART-10715,Offshore drilling platform security elevated following hostile drone reconnaissance sightings,Offshore energy operators implemented maximum security protocols across deepwater drilling rigs after unidentified aerial drones were observed conducting surveillance over gas extraction platforms. Naval patrol craft were deployed to maintain exclusion perimeters around strategic energy infrastructure. Strategic intelligence assessments issued in United Kingdom indicate that conditions in Western Europe remain highly dynamic and fluid.,Energy Risk,2026-06-26,BBC News,United Kingdom,Western Europe
ART-10029,Armored battalion mobilizes main battle tanks as cross-border incursions escalate,"Mechanized combat divisions equipped with main battle tanks and armored fighting vehicles initiated defensive counter-maneuvers following reported hostile border crossings. Military leadership enacted wartime emergency protocol, stationing self-propelled howitzers and air surveillance batteries across frontline tactical sectors. According to senior officials in Russia, recent indicators across Eastern Europe underscore the urgency of coordinated multilateral action.",Military Conflict,2026-02-19,Financial Times,Russia,Eastern Europe
ART-10693,Uranium enrichment and nuclear fuel supply chains threatened by geopolitical trade curbs,Civilian nuclear power operators warned of long-term fuel fabrication vulnerabilities as geopolitical tensions disrupted international uranium enrichment and nuclear fuel rod shipments. Power plant managers initiated fuel conservation measures to safeguard baseload electrical generation capacity. Strategic intelligence assessments issued in Sudan indicate that conditions in Red Sea & Horn of Africa remain highly dynamic and fluid.,Energy Risk,2026-08-14,Deutsche Welle,Sudan,Red Sea & Horn of Africa
ART-10724,Natural gas pipeline compression station suffers severe explosion amid geopolitical friction,"A critical natural gas compression station feeding industrial manufacturing hubs suffered a catastrophic pipeline failure, cutting regional gas transit volumes by over 40 percent. Energy distribution utilities immediately mandated industrial consumption rationing while emergency engineering teams assessed blast damage. In Russia, emergency coordination committees met to assess secondary vulnerabilities across Eastern Europe.",Energy Risk,2026-06-09,Associated Press,Russia,Eastern Europe
ART-11003,Maritime insurance syndicates cancel commercial hull coverage for vessels navigating disputed waters,"Global marine insurance underwriters formally notified shipowners that war-risk hull and machinery insurance policies would be rescinded for vessels transiting designated high-risk maritime corridors. Ship operators faced the choice between exorbitant special indemnity premiums or canceling scheduled voyages. In Sudan, emergency coordination committees met to assess secondary vulnerabilities across Red Sea & Horn of Africa.",Trade & Shipping,2026-05-15,Wall Street Journal,Sudan,Red Sea & Horn of Africa
ART-10371,Regional security summit yields preliminary multilateral mutual non-aggression pact,Heads of state concluded an emergency multilateral summit with a joint communique pledging adherence to non-aggression principles and established arbitration treaties. Diplomatic working groups were tasked with establishing direct hotline communications between military defense commands to mitigate miscalculation risks. International stakeholders operating within Western Europe called on officials in United Kingdom to exercise maximum caution.,Diplomatic / Political,2026-04-23,Wall Street Journal,United Kingdom,Western Europe
ART-10036,Cross-border commando raid triggers intense infantry firefight along buffer line,"Special forces detachments conducted reconnaissance incursions into contested border sectors, sparking sustained firefights with entrenched hostile infantry. Rapid deployment armored battalions were dispatched with close air support to establish defensive perimeters and extract forward patrol units under heavy mortar suppression. In Israel, emergency coordination committees met to assess secondary vulnerabilities across Middle East.",Military Conflict,2026-06-28,Reuters,Israel,Middle East
ART-11494,Refugee displacement crisis deepens as civilian populations flee contested border zones,"International migration agencies reported that hundreds of thousands of displaced civilians have crossed international frontiers seeking asylum, overwhelming border reception facilities and temporary transit camps. Relief agencies mobilized emergency winterization tents, thermal blankets, and clean water distribution systems. According to senior officials in United States, recent indicators across North America underscore the urgency of coordinated multilateral action.",Humanitarian Impact,2026-08-11,Reuters,United States,North America
ART-10916,Customs authority impounds containerized shipments under expanded cross-border trade sanctions,"Port customs officials seized hundreds of cargo containers suspected of violating expanded international sanctions targeting dual-use industrial components. Importers and freight forwarders faced lengthy legal audits and storage fees as customs clearance procedures were dramatically expanded. According to senior officials in Ukraine, recent indicators across Eastern Europe underscore the urgency of coordinated multilateral action.",Trade & Shipping,2026-03-03,Financial Times,Ukraine,Eastern Europe
ART-10253,Armored battalion mobilizes main battle tanks as cross-border incursions escalate,"Mechanized combat divisions equipped with main battle tanks and armored fighting vehicles initiated defensive counter-maneuvers following reported hostile border crossings. Military leadership enacted wartime emergency protocol, stationing self-propelled howitzers and air surveillance batteries across frontline tactical sectors. International stakeholders operating within East Asia called on officials in Japan to exercise maximum caution.",Military Conflict,2026-02-17,Deutsche Welle,Japan,East Asia
ART-10754,Strategic petroleum reserve release authorized to counterbalance global supply disruptions,Energy authorities authorized the emergency drawdown of millions of barrels of crude oil from national strategic petroleum reserves to stabilize domestic fuel supply chains. Energy department officials coordinated the release with international energy partners to offset prolonged refinery feedstock shortages. Field correspondents in United States reported that ongoing developments across North America are compounding operational risks.,Energy Risk,2026-05-10,Bloomberg,United States,North America
ART-10920,Bilateral tariff escalation and export licensing controls enacted on critical high-tech components,"Commerce ministries imposed sweeping tariff increases and strict export license restrictions on key industrial raw materials, advanced machine tools, and semiconductor wafers. Trade associations warned that compliance friction and retaliatory tariffs threaten to disrupt global electronic manufacturing supply chains. Reporting from Taiwan, diplomatic and local observers noted that strategic shifts in East Asia continue to dictate regional outcomes.",Trade & Shipping,2026-07-27,Wall Street Journal,Taiwan,East Asia
ART-11021,Central banks signal emergency interest rate adjustments as geopolitical inflation pressures broaden,"Monetary policy committees convened extraordinary policy meetings to evaluate persistent macroeconomic shocks stemming from import price inflation and commodity supply friction. Financial market analysts revised benchmark interest rate trajectories upward as headline consumer price indices reflected elevated freight and producer input expenses. In India, emergency coordination committees met to assess secondary vulnerabilities across South Asia.",Economic Impact,2026-08-06,Reuters,India,South Asia
ART-10667,Offshore drilling platform security elevated following hostile drone reconnaissance sightings,Offshore energy operators implemented maximum security protocols across deepwater drilling rigs after unidentified aerial drones were observed conducting surveillance over gas extraction platforms. Naval patrol craft were deployed to maintain exclusion perimeters around strategic energy infrastructure. International stakeholders operating within Red Sea & Horn of Africa called on officials in Yemen to exercise maximum caution.,Energy Risk,2026-09-19,Al Jazeera,Yemen,Red Sea & Horn of Africa
ART-10060,Cross-border commando raid triggers intense infantry firefight along buffer line,"Special forces detachments conducted reconnaissance incursions into contested border sectors, sparking sustained firefights with entrenched hostile infantry. Rapid deployment armored battalions were dispatched with close air support to establish defensive perimeters and extract forward patrol units under heavy mortar suppression. International stakeholders operating within Persian Gulf called on officials in Iran to exercise maximum caution.",Military Conflict,2026-09-24,Associated Press,Iran,Persian Gulf
ART-11406,Refugee displacement crisis deepens as civilian populations flee contested border zones,"International migration agencies reported that hundreds of thousands of displaced civilians have crossed international frontiers seeking asylum, overwhelming border reception facilities and temporary transit camps. Relief agencies mobilized emergency winterization tents, thermal blankets, and clean water distribution systems. In India, emergency coordination committees met to assess secondary vulnerabilities across South Asia.",Humanitarian Impact,2026-05-26,UN News,India,South Asia
ART-11488,"Field hospitals face critical shortages of surgical anesthetics, electricity, and clean water","Medical relief organizations operating inside crisis sectors issued urgent distress alerts regarding depleted pharmaceuticals, damaged municipal water treatment facilities, and erratic generator fuel supplies necessary to maintain life-saving intensive care and trauma operating rooms. International stakeholders operating within Red Sea & Horn of Africa called on officials in Yemen to exercise maximum caution.",Humanitarian Impact,2026-02-25,Wall Street Journal,Yemen,Red Sea & Horn of Africa
ART-10706,Strategic petroleum reserve release authorized to counterbalance global supply disruptions,"Energy authorities authorized the emergency drawdown of millions of barrels of crude oil from national strategic petroleum reserves to stabilize domestic fuel supply chains. Energy department officials coordinated the release with international energy partners to offset prolonged refinery feedstock shortages. In Iran, emergency coordination committees met to assess secondary vulnerabilities across Persian Gulf.",Energy Risk,2026-10-09,Nikkei Asia,Iran,Persian Gulf
ART-10860,Customs authority impounds containerized shipments under expanded cross-border trade sanctions,Port customs officials seized hundreds of cargo containers suspected of violating expanded international sanctions targeting dual-use industrial components. Importers and freight forwarders faced lengthy legal audits and storage fees as customs clearance procedures were dramatically expanded. International stakeholders operating within North America called on officials in United States to exercise maximum caution.,Trade & Shipping,2026-04-13,Associated Press,United States,North America
ART-11422,Refugee displacement crisis deepens as civilian populations flee contested border zones,"International migration agencies reported that hundreds of thousands of displaced civilians have crossed international frontiers seeking asylum, overwhelming border reception facilities and temporary transit camps. Relief agencies mobilized emergency winterization tents, thermal blankets, and clean water distribution systems. Strategic intelligence assessments issued in South Korea indicate that conditions in East Asia remain highly dynamic and fluid.",Humanitarian Impact,2026-07-09,Associated Press,South Korea,East Asia
ART-11499,Mobile medical teams deploy to remote border crossings as civilian trauma casualties mount,Emergency medical NGOs deployed mobile surgical units and trauma ambulances along primary refugee transit highways to treat shrapnel injuries and dehydration. Medical directors reported that regional clinics have exhausted their primary supplies of blood plasma and IV fluids. International stakeholders operating within East Asia called on officials in South Korea to exercise maximum caution.,Humanitarian Impact,2026-01-02,Al Jazeera,South Korea,East Asia
ART-11363,Mobile medical teams deploy to remote border crossings as civilian trauma casualties mount,"Emergency medical NGOs deployed mobile surgical units and trauma ambulances along primary refugee transit highways to treat shrapnel injuries and dehydration. Medical directors reported that regional clinics have exhausted their primary supplies of blood plasma and IV fluids. Reporting from China, diplomatic and local observers noted that strategic shifts in East Asia continue to dictate regional outcomes.",Humanitarian Impact,2026-08-19,BBC News,China,East Asia
ART-11464,"Field hospitals face critical shortages of surgical anesthetics, electricity, and clean water","Medical relief organizations operating inside crisis sectors issued urgent distress alerts regarding depleted pharmaceuticals, damaged municipal water treatment facilities, and erratic generator fuel supplies necessary to maintain life-saving intensive care and trauma operating rooms. According to senior officials in Japan, recent indicators across East Asia underscore the urgency of coordinated multilateral action.",Humanitarian Impact,2026-07-17,Nikkei Asia,Japan,East Asia
ART-10740,Natural gas pipeline compression station suffers severe explosion amid geopolitical friction,"A critical natural gas compression station feeding industrial manufacturing hubs suffered a catastrophic pipeline failure, cutting regional gas transit volumes by over 40 percent. Energy distribution utilities immediately mandated industrial consumption rationing while emergency engineering teams assessed blast damage. Authorities in Egypt emphasized that immediate stability in Red Sea & Horn of Africa remains essential to mitigating broader systemic fallout.",Energy Risk,2026-04-15,Financial Times,Egypt,Red Sea & Horn of Africa
ART-11491,Mobile medical teams deploy to remote border crossings as civilian trauma casualties mount,Emergency medical NGOs deployed mobile surgical units and trauma ambulances along primary refugee transit highways to treat shrapnel injuries and dehydration. Medical directors reported that regional clinics have exhausted their primary supplies of blood plasma and IV fluids. Strategic intelligence assessments issued in Saudi Arabia indicate that conditions in Persian Gulf remain highly dynamic and fluid.,Humanitarian Impact,2026-05-11,Deutsche Welle,Saudi Arabia,Persian Gulf
ART-11562,Global automotive supply chains stall as crucial raw material cargo shipments face port delays,"Major automotive assembly plants announced temporary production line shutdowns due to critical parts shortages resulting from delayed maritime shipping containers. Logistics coordinators reported that specialized component vessels had been delayed over two weeks due to harbor congestion. According to senior officials in Taiwan, recent indicators across East Asia underscore the urgency of coordinated multilateral action.",Trade & Shipping,2026-06-23,Deutsche Welle,Taiwan,East Asia
ART-10447,Special presidential envoy conducts whirlwind diplomatic tour across regional capitals,"Traveling through key allied capitals, the senior diplomatic envoy presented confidential de-escalation proposals designed to avert broader regional conflict. Discussions centered on mutual troop withdrawals, diplomatic concessions, and security guarantees backed by multilateral institutions. International stakeholders operating within Persian Gulf called on officials in Iran to exercise maximum caution.",Diplomatic / Political,2026-04-05,Nikkei Asia,Iran,Persian Gulf
ART-10782,Container shipping carriers divert cargo fleets around Cape of Good Hope amid maritime threats,"Leading international container shipping lines announced indefinite rerouting of commercial vessels around southern Africa to avoid high-risk maritime straits. The maritime diversion adds 10 to 14 days to standard transit voyages, absorbing container fleet capacity, delaying port turnarounds, and triggering sharp increases in spot ocean freight rates. Reporting from South Korea, diplomatic and local observers noted that strategic shifts in East Asia continue to dictate regional outcomes.",Trade & Shipping,2026-10-21,Reuters,South Korea,East Asia
ART-10199,Urban warfare intensifies as mechanized units push into contested industrial outskirts,"Heavy machine gun fire, anti-tank guided missiles, and snipers engaged in ferocious building-to-building clashes in industrial sectors. Combat engineers detonated obstacle barriers under smoke screens while field artillery delivered preparatory barrages against reinforced strongpoints. International stakeholders operating within East Asia called on officials in South Korea to exercise maximum caution.",Military Conflict,2026-07-03,BBC News,South Korea,East Asia
ART-11404,Civilian evacuation corridors established under international red cross mediation,"Humanitarian organizations coordinated temporary civilian safe-passage corridors to evacuate vulnerable elderly, women, and pediatric patients from active hostility perimeters. International observers monitored compliance to ensure unhindered transit for humanitarian convoys transporting essential rations and emergency medical supplies. Strategic intelligence assessments issued in India indicate that conditions in South Asia remain highly dynamic and fluid.",Humanitarian Impact,2026-03-26,Bloomberg,India,South Asia
ART-10580,Natural gas pipeline compression station suffers severe explosion amid geopolitical friction,"A critical natural gas compression station feeding industrial manufacturing hubs suffered a catastrophic pipeline failure, cutting regional gas transit volumes by over 40 percent. Energy distribution utilities immediately mandated industrial consumption rationing while emergency engineering teams assessed blast damage. According to senior officials in Saudi Arabia, recent indicators across Persian Gulf underscore the urgency of coordinated multilateral action.",Energy Risk,2026-01-03,Wall Street Journal,Saudi Arabia,Persian Gulf
ART-10395,Regional security summit yields preliminary multilateral mutual non-aggression pact,"Heads of state concluded an emergency multilateral summit with a joint communique pledging adherence to non-aggression principles and established arbitration treaties. Diplomatic working groups were tasked with establishing direct hotline communications between military defense commands to mitigate miscalculation risks. In United Kingdom, emergency coordination committees met to assess secondary vulnerabilities across Western Europe.",Diplomatic / Political,2026-04-20,BBC News,United Kingdom,Western Europe
ART-10963,Maritime insurance syndicates cancel commercial hull coverage for vessels navigating disputed waters,"Global marine insurance underwriters formally notified shipowners that war-risk hull and machinery insurance policies would be rescinded for vessels transiting designated high-risk maritime corridors. Ship operators faced the choice between exorbitant special indemnity premiums or canceling scheduled voyages. In United Kingdom, emergency coordination committees met to assess secondary vulnerabilities across Western Europe.",Trade & Shipping,2026-07-19,Associated Press,United Kingdom,Western Europe
ART-10040,Tactical ballistic missiles intercept hostile command post in retaliatory strike,Military command launched precision ballistic missiles targeting an underground tactical operations center following sustained perimeter rocket attacks. Satellite damage assessments confirmed extensive structural destruction to communications masts and command bunkers. Authorities in Russia emphasized that immediate stability in Eastern Europe remains essential to mitigating broader systemic fallout.,Military Conflict,2026-07-02,Associated Press,Russia,Eastern Europe
ART-11241,Foreign direct investment inflows contract sharply amid cross-border geopolitical instability,"Economic development ministries reported a substantial deceleration in inbound foreign direct investment as multinational corporations suspended cross-border capital expansion projects. Investment analysts cited sovereign expropriation risks and geopolitical volatility as primary drivers of capital hesitation. According to senior officials in Pakistan, recent indicators across South Asia underscore the urgency of coordinated multilateral action.",Economic Impact,2026-02-11,Nikkei Asia,Pakistan,South Asia
ART-10073,Artillery barrages and tactical drone strikes intensify along contested frontline,Heavy artillery exchanges and long-range unmanned aerial strikes escalated across contested frontline defense sectors overnight. Ground command headquarters confirmed multiple cruise missile interceptions and reinforced mechanized infantry brigades holding fortified trenches. Contested air defense batteries engaged low-altitude reconnaissance drones while combat engineers deployed perimeter minefields. Authorities in Ukraine emphasized that immediate stability in Eastern Europe remains essential to mitigating broader systemic fallout.,Military Conflict,2026-06-13,Financial Times,Ukraine,Eastern Europe
ART-11520,"Field hospitals face critical shortages of surgical anesthetics, electricity, and clean water","Medical relief organizations operating inside crisis sectors issued urgent distress alerts regarding depleted pharmaceuticals, damaged municipal water treatment facilities, and erratic generator fuel supplies necessary to maintain life-saving intensive care and trauma operating rooms. International stakeholders operating within East Asia called on officials in South Korea to exercise maximum caution.",Humanitarian Impact,2026-07-01,Al Jazeera,South Korea,East Asia
ART-10657,Liquefied natural gas terminal throttles shipments amid regional maritime insurance restrictions,Major LNG export liquefaction facilities reduced cargo loadings after maritime underwriters imposed prohibitive war-risk insurance premiums on LNG tankers navigating adjacent waterways. European and Asian utility operators scrambled to secure spot replacement cargoes ahead of peak seasonal heating demand. International stakeholders operating within North America called on officials in United States to exercise maximum caution.,Energy Risk,2026-06-01,BBC News,United States,North America
ART-10316,Parliamentary committee ratifies strategic bilateral defense cooperation treaty,"Legislators voted overwhelmingly to approve a comprehensive security alliance treaty authorizing joint intelligence sharing, reciprocal military base access, and coordinated defense procurement. Government ministers emphasized that the diplomatic accord reinforces regional deterrence without violating international neutrality accords. International stakeholders operating within East Asia called on officials in Japan to exercise maximum caution.",Diplomatic / Political,2026-03-20,Reuters,Japan,East Asia
ART-10502,Foreign ministers issue joint communique calling for de-escalation and diplomatic roadmaps,"Senior diplomats representing regional powers issued a coordinated statement demanding an immediate halt to escalating rhetoric and the restoration of established diplomatic channels. The communique proposed a three-phase transition roadmap including demilitarized buffer zones and internationally monitored elections. According to senior officials in Pakistan, recent indicators across South Asia underscore the urgency of coordinated multilateral action.",Diplomatic / Political,2026-06-21,Nikkei Asia,Pakistan,South Asia
ART-11060,Corporate debt default risk rises as borrowing costs spike following geopolitical credit repricing,Credit default swap spreads widened significantly across corporate debt markets as lenders repriced risk margins for businesses exposed to cross-border supply shocks. Debt restructuring advisors noted a sharp uptick in emergency corporate credit facility requests. International stakeholders operating within East Asia called on officials in Taiwan to exercise maximum caution.,Economic Impact,2026-03-10,Nikkei Asia,Taiwan,East Asia
ART-11221,Central banks signal emergency interest rate adjustments as geopolitical inflation pressures broaden,Monetary policy committees convened extraordinary policy meetings to evaluate persistent macroeconomic shocks stemming from import price inflation and commodity supply friction. Financial market analysts revised benchmark interest rate trajectories upward as headline consumer price indices reflected elevated freight and producer input expenses. Authorities in United States emphasized that immediate stability in North America remains essential to mitigating broader systemic fallout.,Economic Impact,2026-06-16,Financial Times,United States,North America
ART-10761,Liquefied natural gas terminal throttles shipments amid regional maritime insurance restrictions,"Major LNG export liquefaction facilities reduced cargo loadings after maritime underwriters imposed prohibitive war-risk insurance premiums on LNG tankers navigating adjacent waterways. European and Asian utility operators scrambled to secure spot replacement cargoes ahead of peak seasonal heating demand. In United Kingdom, emergency coordination committees met to assess secondary vulnerabilities across Western Europe.",Energy Risk,2026-02-06,Al Jazeera,United Kingdom,Western Europe
ART-10405,Multilateral peace conference deadlocked over territorial governance and treaty guarantees,Diplomatic negotiations stalled after opposing delegations rejected compromise terms concerning international border administration and security guarantees. Facilitators from neutral states urged both delegations to maintain working-level communications and prevent the total breakdown of diplomatic dialogue. Authorities in Japan emphasized that immediate stability in East Asia remains essential to mitigating broader systemic fallout.,Diplomatic / Political,2026-07-02,Associated Press,Japan,East Asia
ART-10426,Ambassadorial recall and formal diplomatic demarche issued over treaty violation,The foreign ministry formally summoned the resident ambassador to deliver a stern diplomatic demarche protesting recent unilateral border treaties and sovereignty violations. State officials announced the immediate recall of senior diplomatic legations for urgent foreign policy strategy reviews. Field correspondents in India reported that ongoing developments across South Asia are compounding operational risks.,Diplomatic / Political,2026-09-03,BBC News,India,South Asia
ART-10415,Special presidential envoy conducts whirlwind diplomatic tour across regional capitals,"Traveling through key allied capitals, the senior diplomatic envoy presented confidential de-escalation proposals designed to avert broader regional conflict. Discussions centered on mutual troop withdrawals, diplomatic concessions, and security guarantees backed by multilateral institutions. Field correspondents in India reported that ongoing developments across South Asia are compounding operational risks.",Diplomatic / Political,2026-01-22,UN News,India,South Asia
ART-10904,Bilateral tariff escalation and export licensing controls enacted on critical high-tech components,"Commerce ministries imposed sweeping tariff increases and strict export license restrictions on key industrial raw materials, advanced machine tools, and semiconductor wafers. Trade associations warned that compliance friction and retaliatory tariffs threaten to disrupt global electronic manufacturing supply chains. International stakeholders operating within Middle East called on officials in Israel to exercise maximum caution.",Trade & Shipping,2026-06-10,Al Jazeera,Israel,Middle East
ART-10952,Bilateral tariff escalation and export licensing controls enacted on critical high-tech components,"Commerce ministries imposed sweeping tariff increases and strict export license restrictions on key industrial raw materials, advanced machine tools, and semiconductor wafers. Trade associations warned that compliance friction and retaliatory tariffs threaten to disrupt global electronic manufacturing supply chains. Strategic intelligence assessments issued in Japan indicate that conditions in East Asia remain highly dynamic and fluid.",Trade & Shipping,2026-08-22,BBC News,Japan,East Asia
ART-10875,Maritime insurance syndicates cancel commercial hull coverage for vessels navigating disputed waters,"Global marine insurance underwriters formally notified shipowners that war-risk hull and machinery insurance policies would be rescinded for vessels transiting designated high-risk maritime corridors. Ship operators faced the choice between exorbitant special indemnity premiums or canceling scheduled voyages. According to senior officials in Yemen, recent indicators across Red Sea & Horn of Africa underscore the urgency of coordinated multilateral action.",Trade & Shipping,2026-04-09,Nikkei Asia,Yemen,Red Sea & Horn of Africa
ART-10748,Natural gas pipeline compression station suffers severe explosion amid geopolitical friction,"A critical natural gas compression station feeding industrial manufacturing hubs suffered a catastrophic pipeline failure, cutting regional gas transit volumes by over 40 percent. Energy distribution utilities immediately mandated industrial consumption rationing while emergency engineering teams assessed blast damage. International stakeholders operating within Red Sea & Horn of Africa called on officials in Sudan to exercise maximum caution.",Energy Risk,2026-09-23,UN News,Sudan,Red Sea & Horn of Africa
ART-11310,Refugee displacement crisis deepens as civilian populations flee contested border zones,"International migration agencies reported that hundreds of thousands of displaced civilians have crossed international frontiers seeking asylum, overwhelming border reception facilities and temporary transit camps. Relief agencies mobilized emergency winterization tents, thermal blankets, and clean water distribution systems. According to senior officials in Ukraine, recent indicators across Eastern Europe underscore the urgency of coordinated multilateral action.",Humanitarian Impact,2026-01-19,Al Jazeera,Ukraine,Eastern Europe
ART-10969,Dry bulk carrier grain shipments stranded in territorial waters amid maritime security impasse,"Dozens of bulk cargo vessels carrying millions of metric tons of wheat and agricultural commodities remained anchored outside key commercial ports due to unconfirmed maritime passage clearances and mine threat assessments. Agricultural traders warned of contract defaults and grain supply shortages in import-dependent nations. In South Korea, emergency coordination committees met to assess secondary vulnerabilities across East Asia.",Trade & Shipping,2026-06-05,UN News,South Korea,East Asia
ART-10005,Armored battalion mobilizes main battle tanks as cross-border incursions escalate,"Mechanized combat divisions equipped with main battle tanks and armored fighting vehicles initiated defensive counter-maneuvers following reported hostile border crossings. Military leadership enacted wartime emergency protocol, stationing self-propelled howitzers and air surveillance batteries across frontline tactical sectors. According to senior officials in India, recent indicators across South Asia underscore the urgency of coordinated multilateral action.",Military Conflict,2026-01-09,UN News,India,South Asia
ART-10195,Hypersonic missile barrage targets critical defense installations and radar outposts,"Air defense surveillance networks detected high-velocity aerodynamic missile trajectories aimed at strategic command nodes and hardened munitions storage facilities. Military spokespersons stated that mobile interceptor batteries engaged multiple inbound warheads, while combat search-and-rescue teams mobilized across blast perimeters. In Saudi Arabia, emergency coordination committees met to assess secondary vulnerabilities across Persian Gulf.",Military Conflict,2026-06-10,Associated Press,Saudi Arabia,Persian Gulf
ART-11092,Corporate debt default risk rises as borrowing costs spike following geopolitical credit repricing,"Credit default swap spreads widened significantly across corporate debt markets as lenders repriced risk margins for businesses exposed to cross-border supply shocks. Debt restructuring advisors noted a sharp uptick in emergency corporate credit facility requests. In Taiwan, emergency coordination committees met to assess secondary vulnerabilities across East Asia.",Economic Impact,2026-01-19,Bloomberg,Taiwan,East Asia
ART-10201,Artillery barrages and tactical drone strikes intensify along contested frontline,Heavy artillery exchanges and long-range unmanned aerial strikes escalated across contested frontline defense sectors overnight. Ground command headquarters confirmed multiple cruise missile interceptions and reinforced mechanized infantry brigades holding fortified trenches. Contested air defense batteries engaged low-altitude reconnaissance drones while combat engineers deployed perimeter minefields. Strategic intelligence assessments issued in Poland indicate that conditions in Eastern Europe remain highly dynamic and fluid.,Military Conflict,2026-04-22,Associated Press,Poland,Eastern Europe
ART-11372,Civilian evacuation corridors established under international red cross mediation,"Humanitarian organizations coordinated temporary civilian safe-passage corridors to evacuate vulnerable elderly, women, and pediatric patients from active hostility perimeters. International observers monitored compliance to ensure unhindered transit for humanitarian convoys transporting essential rations and emergency medical supplies. According to senior officials in United States, recent indicators across North America underscore the urgency of coordinated multilateral action.",Humanitarian Impact,2026-01-11,Associated Press,United States,North America
ART-11483,Mobile medical teams deploy to remote border crossings as civilian trauma casualties mount,"Emergency medical NGOs deployed mobile surgical units and trauma ambulances along primary refugee transit highways to treat shrapnel injuries and dehydration. Medical directors reported that regional clinics have exhausted their primary supplies of blood plasma and IV fluids. According to senior officials in Ukraine, recent indicators across Eastern Europe underscore the urgency of coordinated multilateral action.",Humanitarian Impact,2026-04-26,Wall Street Journal,Ukraine,Eastern Europe
ART-11552,Foreign direct investment inflows contract sharply amid cross-border geopolitical instability,"Economic development ministries reported a substantial deceleration in inbound foreign direct investment as multinational corporations suspended cross-border capital expansion projects. Investment analysts cited sovereign expropriation risks and geopolitical volatility as primary drivers of capital hesitation. According to senior officials in United Kingdom, recent indicators across Western Europe underscore the urgency of coordinated multilateral action.",Economic Impact,2026-03-07,Bloomberg,United Kingdom,Western Europe
ART-10342,Foreign ministers issue joint communique calling for de-escalation and diplomatic roadmaps,Senior diplomats representing regional powers issued a coordinated statement demanding an immediate halt to escalating rhetoric and the restoration of established diplomatic channels. The communique proposed a three-phase transition roadmap including demilitarized buffer zones and internationally monitored elections. Authorities in Germany emphasized that immediate stability in Western Europe remains essential to mitigating broader systemic fallout.,Diplomatic / Political,2026-03-13,BBC News,Germany,Western Europe
ART-10074,Naval task force engages hostile explosive drone boats in strategic strait,Guided missile destroyers deployed on maritime security patrol neutralized several unmanned explosive surface vessels attempting to strike military logistics convoys. Naval fleet commanders ordered elevated combat readiness and deployed electronic jamming countermeasures to disable hostile telemetry links along contested maritime transit corridors. International stakeholders operating within North America called on officials in United States to exercise maximum caution.,Military Conflict,2026-09-21,BBC News,United States,North America
ART-11275,Consumer confidence plunges as energy and food price inflation erodes household purchasing power,"National economic sentiment surveys revealed the steepest monthly drop in consumer confidence in several years as rising utility bills and grocery costs squeezed household budgets. Economists warned that declining domestic retail consumption will act as a major drag on quarterly gross domestic product. In Taiwan, emergency coordination committees met to assess secondary vulnerabilities across East Asia.",Economic Impact,2026-08-28,Nikkei Asia,Taiwan,East Asia
ART-10866,Air cargo freight rates surge as commercial shippers seek alternatives to disrupted ocean lanes,"Air logistics forwarders recorded historic price increases per kilogram of air cargo as manufacturers chartered dedicated freighter aircraft to bypass blocked maritime shipping corridors. Cargo airlines expanded flight schedules between manufacturing hubs to accommodate high-value automotive and electronics freight. In Taiwan, emergency coordination committees met to assess secondary vulnerabilities across East Asia.",Trade & Shipping,2026-10-27,Financial Times,Taiwan,East Asia
ART-10576,OPEC+ convenes emergency ministerial meeting as maritime transit tensions threaten crude exports,Petroleum exporting ministers scheduled extraordinary virtual consultations to review market stability and global spare crude production capacity following maritime bottlenecks in key transit chokepoints. Energy analysts cautioned that export delays could quickly deplete OECD commercial crude reserves and elevate spot price volatility. Field correspondents in Taiwan reported that ongoing developments across East Asia are compounding operational risks.,Energy Risk,2026-04-25,Nikkei Asia,Taiwan,East Asia
ART-10999,Port congestion and customs clearance bottlenecks escalate across major maritime container terminals,"Logistics operators reported severe berthing queues and prolonged container dwell times exceeding historical highs at major oceanic gateway terminals. Freight forwarders cited vessel bunching, rail intermodal backlogs, and maritime rerouting schedules as compounding drivers of global supply chain gridlock. International stakeholders operating within Persian Gulf called on officials in Saudi Arabia to exercise maximum caution.",Trade & Shipping,2026-04-18,UN News,Saudi Arabia,Persian Gulf
ART-10291,Regional security summit yields preliminary multilateral mutual non-aggression pact,"Heads of state concluded an emergency multilateral summit with a joint communique pledging adherence to non-aggression principles and established arbitration treaties. Diplomatic working groups were tasked with establishing direct hotline communications between military defense commands to mitigate miscalculation risks. According to senior officials in Saudi Arabia, recent indicators across Persian Gulf underscore the urgency of coordinated multilateral action.",Diplomatic / Political,2026-10-24,Nikkei Asia,Saudi Arabia,Persian Gulf
ART-11289,Malnutrition rates spike among pediatric populations in besieged urban pockets,"International aid workers documented severe acute malnutrition among infants and children cut off from standard commercial food distribution networks. Humanitarian flights attempted emergency air-drops of therapeutic nutritional paste while requesting immediate humanitarian pauses. Reporting from Turkey, diplomatic and local observers noted that strategic shifts in Middle East continue to dictate regional outcomes.",Humanitarian Impact,2026-08-05,Wall Street Journal,Turkey,Middle East
ART-10314,Ambassadorial recall and formal diplomatic demarche issued over treaty violation,The foreign ministry formally summoned the resident ambassador to deliver a stern diplomatic demarche protesting recent unilateral border treaties and sovereignty violations. State officials announced the immediate recall of senior diplomatic legations for urgent foreign policy strategy reviews. Strategic intelligence assessments issued in Ukraine indicate that conditions in Eastern Europe remain highly dynamic and fluid.,Diplomatic / Political,2026-10-28,Bloomberg,Ukraine,Eastern Europe
ART-10475,Regional security summit yields preliminary multilateral mutual non-aggression pact,Heads of state concluded an emergency multilateral summit with a joint communique pledging adherence to non-aggression principles and established arbitration treaties. Diplomatic working groups were tasked with establishing direct hotline communications between military defense commands to mitigate miscalculation risks. International stakeholders operating within Western Europe called on officials in Germany to exercise maximum caution.,Diplomatic / Political,2026-06-13,UN News,Germany,Western Europe
ART-10390,Foreign ministers issue joint communique calling for de-escalation and diplomatic roadmaps,Senior diplomats representing regional powers issued a coordinated statement demanding an immediate halt to escalating rhetoric and the restoration of established diplomatic channels. The communique proposed a three-phase transition roadmap including demilitarized buffer zones and internationally monitored elections. Field correspondents in Yemen reported that ongoing developments across Red Sea & Horn of Africa are compounding operational risks.,Diplomatic / Political,2026-06-16,Bloomberg,Yemen,Red Sea & Horn of Africa
ART-10264,Bilateral ceasefire negotiations resume under international diplomatic mediation,"Special diplomatic envoys and foreign ministers convened high-stakes closed-door consultations aimed at establishing an immediate humanitarian truce and verifiable demilitarization framework. Negotiators reviewed draft protocols addressing prisoner-of-war exchanges, border verification monitors, and the formal cessation of cross-border hostilities. Field correspondents in Germany reported that ongoing developments across Western Europe are compounding operational risks.",Diplomatic / Political,2026-09-16,UN News,Germany,Western Europe
ART-11111,Stock exchange volatility index spikes as investors rotate capital into sovereign bonds and gold,"Equities across regional bourses recorded broad sell-offs, with industrial, aviation, and consumer discretionary shares leading declines. Capital allocators rotated liquidity into sovereign treasury securities, bullion, and cash equivalents amid heightened geopolitical uncertainty and macroeconomic stagflation fears. International stakeholders operating within East Asia called on officials in China to exercise maximum caution.",Economic Impact,2026-02-21,Al Jazeera,China,East Asia
ART-10745,Liquefied natural gas terminal throttles shipments amid regional maritime insurance restrictions,Major LNG export liquefaction facilities reduced cargo loadings after maritime underwriters imposed prohibitive war-risk insurance premiums on LNG tankers navigating adjacent waterways. European and Asian utility operators scrambled to secure spot replacement cargoes ahead of peak seasonal heating demand. International stakeholders operating within Persian Gulf called on officials in Iran to exercise maximum caution.,Energy Risk,2026-10-22,Deutsche Welle,Iran,Persian Gulf
ART-11332,Civilian evacuation corridors established under international red cross mediation,"Humanitarian organizations coordinated temporary civilian safe-passage corridors to evacuate vulnerable elderly, women, and pediatric patients from active hostility perimeters. International observers monitored compliance to ensure unhindered transit for humanitarian convoys transporting essential rations and emergency medical supplies. In Israel, emergency coordination committees met to assess secondary vulnerabilities across Middle East.",Humanitarian Impact,2026-02-12,Deutsche Welle,Israel,Middle East
ART-11138,Bilateral currency swaps activated as commercial banking system faces dollar liquidity squeeze,Central monetary authorities tapped bilateral foreign currency swap lines to inject hard currency liquidity into domestic commercial banks struggling with overseas settlement obligations. Treasury officials emphasized that foreign reserve backstops remain adequate to maintain interbank clearing operations. International stakeholders operating within North America called on officials in United States to exercise maximum caution.,Economic Impact,2026-02-15,Wall Street Journal,United States,North America
ART-10551,Major crude oil pipeline flow suspended following strategic transit sabotage threat,"Energy operators halted pumping operations along a major transcontinental crude pipeline after intelligence reports identified credible security threats against remote pumping stations. Energy security ministries initiated pipeline integrity inspections, while oil refinery operators tapped reserve stockpiles to maintain downstream distillation output. According to senior officials in Turkey, recent indicators across Middle East underscore the urgency of coordinated multilateral action.",Energy Risk,2026-06-12,Reuters,Turkey,Middle East
ART-11251,Consumer confidence plunges as energy and food price inflation erodes household purchasing power,National economic sentiment surveys revealed the steepest monthly drop in consumer confidence in several years as rising utility bills and grocery costs squeezed household budgets. Economists warned that declining domestic retail consumption will act as a major drag on quarterly gross domestic product. International stakeholders operating within Eastern Europe called on officials in Poland to exercise maximum caution.,Economic Impact,2026-10-24,Nikkei Asia,Poland,Eastern Europe
ART-10308,Parliamentary committee ratifies strategic bilateral defense cooperation treaty,"Legislators voted overwhelmingly to approve a comprehensive security alliance treaty authorizing joint intelligence sharing, reciprocal military base access, and coordinated defense procurement. Government ministers emphasized that the diplomatic accord reinforces regional deterrence without violating international neutrality accords. Strategic intelligence assessments issued in Poland indicate that conditions in Eastern Europe remain highly dynamic and fluid.",Diplomatic / Political,2026-02-09,Nikkei Asia,Poland,Eastern Europe
ART-11104,Manufacturing purchasing managers index drops into contraction territory amid input price spikes,"National manufacturing indices slumped below the critical 50-point threshold, signaling industrial output contraction across export-oriented sectors. Factory managers reported elevated input acquisition costs, backlog accumulation, and declining international export orders due to geopolitical uncertainty. According to senior officials in Qatar, recent indicators across Persian Gulf underscore the urgency of coordinated multilateral action.",Economic Impact,2026-03-20,Deutsche Welle,Qatar,Persian Gulf
ART-10086,Air defense interceptors scramble as hostile bomber formations approach territorial airspace,Tactical fighter squadrons conducted emergency combat air patrols after long-range strategic bombers were detected operating near sovereign air defense identification zones. Defense ministry officials confirmed that electronic warfare aircraft shadowed the formations until they altered course away from defensive boundaries. Authorities in United Kingdom emphasized that immediate stability in Western Europe remains essential to mitigating broader systemic fallout.,Military Conflict,2026-10-22,Nikkei Asia,United Kingdom,Western Europe
ART-11398,Refugee displacement crisis deepens as civilian populations flee contested border zones,"International migration agencies reported that hundreds of thousands of displaced civilians have crossed international frontiers seeking asylum, overwhelming border reception facilities and temporary transit camps. Relief agencies mobilized emergency winterization tents, thermal blankets, and clean water distribution systems. International stakeholders operating within Western Europe called on officials in United Kingdom to exercise maximum caution.",Humanitarian Impact,2026-02-14,Al Jazeera,United Kingdom,Western Europe
ART-11088,Manufacturing purchasing managers index drops into contraction territory amid input price spikes,"National manufacturing indices slumped below the critical 50-point threshold, signaling industrial output contraction across export-oriented sectors. Factory managers reported elevated input acquisition costs, backlog accumulation, and declining international export orders due to geopolitical uncertainty. According to senior officials in South Korea, recent indicators across East Asia underscore the urgency of coordinated multilateral action.",Economic Impact,2026-02-06,Financial Times,South Korea,East Asia
ART-11123,Consumer confidence plunges as energy and food price inflation erodes household purchasing power,"National economic sentiment surveys revealed the steepest monthly drop in consumer confidence in several years as rising utility bills and grocery costs squeezed household budgets. Economists warned that declining domestic retail consumption will act as a major drag on quarterly gross domestic product. In Sudan, emergency coordination committees met to assess secondary vulnerabilities across Red Sea & Horn of Africa.",Economic Impact,2026-08-08,Deutsche Welle,Sudan,Red Sea & Horn of Africa
ART-11570,Air cargo freight rates surge as commercial shippers seek alternatives to disrupted ocean lanes,Air logistics forwarders recorded historic price increases per kilogram of air cargo as manufacturers chartered dedicated freighter aircraft to bypass blocked maritime shipping corridors. Cargo airlines expanded flight schedules between manufacturing hubs to accommodate high-value automotive and electronics freight. Analysts tracking developments in Russia highlighted that multilateral actors in Eastern Europe are preparing contingency measures.,Trade & Shipping,2026-03-12,Reuters,Russia,Eastern Europe
ART-11493,United Nations launches emergency humanitarian relief appeal for food aid and medical shelter,Humanitarian coordinators formally issued a multilateral funding appeal seeking urgent donor contributions to support frontline field clinics and nutritional distribution hubs. Aid convoys reported severe logistical hurdles attempting to deliver relief supplies to isolated civilian populations trapped along combat axes. Strategic intelligence assessments issued in Pakistan indicate that conditions in South Asia remain highly dynamic and fluid.,Humanitarian Impact,2026-09-25,Nikkei Asia,Pakistan,South Asia
ART-11315,Mobile medical teams deploy to remote border crossings as civilian trauma casualties mount,"Emergency medical NGOs deployed mobile surgical units and trauma ambulances along primary refugee transit highways to treat shrapnel injuries and dehydration. Medical directors reported that regional clinics have exhausted their primary supplies of blood plasma and IV fluids. In United States, emergency coordination committees met to assess secondary vulnerabilities across North America.",Humanitarian Impact,2026-10-10,Reuters,United States,North America
ART-11134,Sovereign credit rating placed under negative review following capital flight and currency depreciation,"International credit rating agencies placed sovereign debt issuances on negative watch, citing widening fiscal deficits, rapid foreign exchange reserve depletion, and heightened geopolitical risk premia. Domestic currency valuations experienced sharp depreciations against global reserve currencies. In Poland, emergency coordination committees met to assess secondary vulnerabilities across Eastern Europe.",Economic Impact,2026-05-24,Financial Times,Poland,Eastern Europe
ART-10160,Tactical ballistic missiles intercept hostile command post in retaliatory strike,Military command launched precision ballistic missiles targeting an underground tactical operations center following sustained perimeter rocket attacks. Satellite damage assessments confirmed extensive structural destruction to communications masts and command bunkers. International stakeholders operating within East Asia called on officials in South Korea to exercise maximum caution.,Military Conflict,2026-01-14,Al Jazeera,South Korea,East Asia
ART-11506,Makeshift refugee settlements overwhelmed by torrential flooding and freezing weather,"Severe seasonal weather inundated informal displacement settlements, destroying temporary plastic shelters and creating catastrophic sanitary conditions for thousands of families. Disaster response teams mobilized emergency drainage pumps and emergency clothing distributions. In Taiwan, emergency coordination committees met to assess secondary vulnerabilities across East Asia.",Humanitarian Impact,2026-06-20,Al Jazeera,Taiwan,East Asia
ART-11085,Central banks signal emergency interest rate adjustments as geopolitical inflation pressures broaden,"Monetary policy committees convened extraordinary policy meetings to evaluate persistent macroeconomic shocks stemming from import price inflation and commodity supply friction. Financial market analysts revised benchmark interest rate trajectories upward as headline consumer price indices reflected elevated freight and producer input expenses. In Egypt, emergency coordination committees met to assess secondary vulnerabilities across Red Sea & Horn of Africa.",Economic Impact,2026-04-14,UN News,Egypt,Red Sea & Horn of Africa
ART-11450,Makeshift refugee settlements overwhelmed by torrential flooding and freezing weather,"Severe seasonal weather inundated informal displacement settlements, destroying temporary plastic shelters and creating catastrophic sanitary conditions for thousands of families. Disaster response teams mobilized emergency drainage pumps and emergency clothing distributions. According to senior officials in Egypt, recent indicators across Red Sea & Horn of Africa underscore the urgency of coordinated multilateral action.",Humanitarian Impact,2026-04-21,Al Jazeera,Egypt,Red Sea & Horn of Africa
ART-11446,Refugee displacement crisis deepens as civilian populations flee contested border zones,"International migration agencies reported that hundreds of thousands of displaced civilians have crossed international frontiers seeking asylum, overwhelming border reception facilities and temporary transit camps. Relief agencies mobilized emergency winterization tents, thermal blankets, and clean water distribution systems. According to senior officials in Israel, recent indicators across Middle East underscore the urgency of coordinated multilateral action.",Humanitarian Impact,2026-07-11,BBC News,Israel,Middle East
ART-11131,Consumer confidence plunges as energy and food price inflation erodes household purchasing power,National economic sentiment surveys revealed the steepest monthly drop in consumer confidence in several years as rising utility bills and grocery costs squeezed household budgets. Economists warned that declining domestic retail consumption will act as a major drag on quarterly gross domestic product. International stakeholders operating within South Asia called on officials in India to exercise maximum caution.,Economic Impact,2026-10-24,Financial Times,India,South Asia
ART-10433,United Nations Security Council convenes emergency session over border sovereignty dispute,Permanent delegates at the United Nations Headquarters debated a draft resolution condemning territorial incursions and mandating the deployment of an international peacekeeping observer mission. Diplomatic attachés engaged in intense multilateral consultations to resolve contentious veto language regarding territorial sovereignty. Strategic intelligence assessments issued in United States indicate that conditions in North America remain highly dynamic and fluid.,Diplomatic / Political,2026-08-17,BBC News,United States,North America
ART-11058,Bilateral currency swaps activated as commercial banking system faces dollar liquidity squeeze,"Central monetary authorities tapped bilateral foreign currency swap lines to inject hard currency liquidity into domestic commercial banks struggling with overseas settlement obligations. Treasury officials emphasized that foreign reserve backstops remain adequate to maintain interbank clearing operations. According to senior officials in United Kingdom, recent indicators across Western Europe underscore the urgency of coordinated multilateral action.",Economic Impact,2026-01-23,BBC News,United Kingdom,Western Europe
ART-10483,Regional security summit yields preliminary multilateral mutual non-aggression pact,"Heads of state concluded an emergency multilateral summit with a joint communique pledging adherence to non-aggression principles and established arbitration treaties. Diplomatic working groups were tasked with establishing direct hotline communications between military defense commands to mitigate miscalculation risks. According to senior officials in Saudi Arabia, recent indicators across Persian Gulf underscore the urgency of coordinated multilateral action.",Diplomatic / Political,2026-07-26,Deutsche Welle,Saudi Arabia,Persian Gulf
ART-10172,Cross-border commando raid triggers intense infantry firefight along buffer line,"Special forces detachments conducted reconnaissance incursions into contested border sectors, sparking sustained firefights with entrenched hostile infantry. Rapid deployment armored battalions were dispatched with close air support to establish defensive perimeters and extract forward patrol units under heavy mortar suppression. In South Korea, emergency coordination committees met to assess secondary vulnerabilities across East Asia.",Military Conflict,2026-08-13,Nikkei Asia,South Korea,East Asia
ART-10387,Regional security summit yields preliminary multilateral mutual non-aggression pact,Heads of state concluded an emergency multilateral summit with a joint communique pledging adherence to non-aggression principles and established arbitration treaties. Diplomatic working groups were tasked with establishing direct hotline communications between military defense commands to mitigate miscalculation risks. International stakeholders operating within South Asia called on officials in India to exercise maximum caution.,Diplomatic / Political,2026-03-23,Wall Street Journal,India,South Asia
ART-11220,Corporate debt default risk rises as borrowing costs spike following geopolitical credit repricing,"Credit default swap spreads widened significantly across corporate debt markets as lenders repriced risk margins for businesses exposed to cross-border supply shocks. Debt restructuring advisors noted a sharp uptick in emergency corporate credit facility requests. In India, emergency coordination committees met to assess secondary vulnerabilities across South Asia.",Economic Impact,2026-03-19,Wall Street Journal,India,South Asia
ART-10369,United Nations Security Council convenes emergency session over border sovereignty dispute,"Permanent delegates at the United Nations Headquarters debated a draft resolution condemning territorial incursions and mandating the deployment of an international peacekeeping observer mission. Diplomatic attachés engaged in intense multilateral consultations to resolve contentious veto language regarding territorial sovereignty. According to senior officials in South Korea, recent indicators across East Asia underscore the urgency of coordinated multilateral action.",Diplomatic / Political,2026-05-22,BBC News,South Korea,East Asia
ART-10955,Maritime insurance syndicates cancel commercial hull coverage for vessels navigating disputed waters,"Global marine insurance underwriters formally notified shipowners that war-risk hull and machinery insurance policies would be rescinded for vessels transiting designated high-risk maritime corridors. Ship operators faced the choice between exorbitant special indemnity premiums or canceling scheduled voyages. According to senior officials in South Korea, recent indicators across East Asia underscore the urgency of coordinated multilateral action.",Trade & Shipping,2026-06-28,BBC News,South Korea,East Asia
ART-10493,Multilateral peace conference deadlocked over territorial governance and treaty guarantees,Diplomatic negotiations stalled after opposing delegations rejected compromise terms concerning international border administration and security guarantees. Facilitators from neutral states urged both delegations to maintain working-level communications and prevent the total breakdown of diplomatic dialogue. International stakeholders operating within Eastern Europe called on officials in Poland to exercise maximum caution.,Diplomatic / Political,2026-08-04,Al Jazeera,Poland,Eastern Europe
ART-11094,Sovereign credit rating placed under negative review following capital flight and currency depreciation,"International credit rating agencies placed sovereign debt issuances on negative watch, citing widening fiscal deficits, rapid foreign exchange reserve depletion, and heightened geopolitical risk premia. Domestic currency valuations experienced sharp depreciations against global reserve currencies. International stakeholders operating within East Asia called on officials in Taiwan to exercise maximum caution.",Economic Impact,2026-06-22,Financial Times,Taiwan,East Asia
ART-10279,Special presidential envoy conducts whirlwind diplomatic tour across regional capitals,"Traveling through key allied capitals, the senior diplomatic envoy presented confidential de-escalation proposals designed to avert broader regional conflict. Discussions centered on mutual troop withdrawals, diplomatic concessions, and security guarantees backed by multilateral institutions. According to senior officials in India, recent indicators across South Asia underscore the urgency of coordinated multilateral action.",Diplomatic / Political,2026-04-18,Financial Times,India,South Asia
ART-10949,Global automotive supply chains stall as crucial raw material cargo shipments face port delays,"Major automotive assembly plants announced temporary production line shutdowns due to critical parts shortages resulting from delayed maritime shipping containers. Logistics coordinators reported that specialized component vessels had been delayed over two weeks due to harbor congestion. In Israel, emergency coordination committees met to assess secondary vulnerabilities across Middle East.",Trade & Shipping,2026-02-17,Financial Times,Israel,Middle East
ART-10992,Bilateral tariff escalation and export licensing controls enacted on critical high-tech components,"Commerce ministries imposed sweeping tariff increases and strict export license restrictions on key industrial raw materials, advanced machine tools, and semiconductor wafers. Trade associations warned that compliance friction and retaliatory tariffs threaten to disrupt global electronic manufacturing supply chains. In Turkey, emergency coordination committees met to assess secondary vulnerabilities across Middle East.",Trade & Shipping,2026-08-11,Wall Street Journal,Turkey,Middle East
ART-10978,Air cargo freight rates surge as commercial shippers seek alternatives to disrupted ocean lanes,"Air logistics forwarders recorded historic price increases per kilogram of air cargo as manufacturers chartered dedicated freighter aircraft to bypass blocked maritime shipping corridors. Cargo airlines expanded flight schedules between manufacturing hubs to accommodate high-value automotive and electronics freight. In Germany, emergency coordination committees met to assess secondary vulnerabilities across Western Europe.",Trade & Shipping,2026-01-20,BBC News,Germany,Western Europe
ART-10591,Major crude oil pipeline flow suspended following strategic transit sabotage threat,"Energy operators halted pumping operations along a major transcontinental crude pipeline after intelligence reports identified credible security threats against remote pumping stations. Energy security ministries initiated pipeline integrity inspections, while oil refinery operators tapped reserve stockpiles to maintain downstream distillation output. According to senior officials in United Kingdom, recent indicators across Western Europe underscore the urgency of coordinated multilateral action.",Energy Risk,2026-03-27,Wall Street Journal,United Kingdom,Western Europe
ART-11179,Consumer confidence plunges as energy and food price inflation erodes household purchasing power,"National economic sentiment surveys revealed the steepest monthly drop in consumer confidence in several years as rising utility bills and grocery costs squeezed household budgets. Economists warned that declining domestic retail consumption will act as a major drag on quarterly gross domestic product. Reporting from Germany, diplomatic and local observers noted that strategic shifts in Western Europe continue to dictate regional outcomes.",Economic Impact,2026-08-26,UN News,Germany,Western Europe
ART-10311,Special presidential envoy conducts whirlwind diplomatic tour across regional capitals,"Traveling through key allied capitals, the senior diplomatic envoy presented confidential de-escalation proposals designed to avert broader regional conflict. Discussions centered on mutual troop withdrawals, diplomatic concessions, and security guarantees backed by multilateral institutions. According to senior officials in India, recent indicators across South Asia underscore the urgency of coordinated multilateral action.",Diplomatic / Political,2026-07-23,UN News,India,South Asia
ART-11357,United Nations launches emergency humanitarian relief appeal for food aid and medical shelter,"Humanitarian coordinators formally issued a multilateral funding appeal seeking urgent donor contributions to support frontline field clinics and nutritional distribution hubs. Aid convoys reported severe logistical hurdles attempting to deliver relief supplies to isolated civilian populations trapped along combat axes. Reporting from Israel, diplomatic and local observers noted that strategic shifts in Middle East continue to dictate regional outcomes.",Humanitarian Impact,2026-10-06,BBC News,Israel,Middle East
ART-10621,Uranium enrichment and nuclear fuel supply chains threatened by geopolitical trade curbs,Civilian nuclear power operators warned of long-term fuel fabrication vulnerabilities as geopolitical tensions disrupted international uranium enrichment and nuclear fuel rod shipments. Power plant managers initiated fuel conservation measures to safeguard baseload electrical generation capacity. Strategic intelligence assessments issued in Yemen indicate that conditions in Red Sea & Horn of Africa remain highly dynamic and fluid.,Energy Risk,2026-10-23,Reuters,Yemen,Red Sea & Horn of Africa
ART-10181,Armored battalion mobilizes main battle tanks as cross-border incursions escalate,"Mechanized combat divisions equipped with main battle tanks and armored fighting vehicles initiated defensive counter-maneuvers following reported hostile border crossings. Military leadership enacted wartime emergency protocol, stationing self-propelled howitzers and air surveillance batteries across frontline tactical sectors. In Sudan, emergency coordination committees met to assess secondary vulnerabilities across Red Sea & Horn of Africa.",Military Conflict,2026-02-25,Associated Press,Sudan,Red Sea & Horn of Africa
ART-10435,Regional security summit yields preliminary multilateral mutual non-aggression pact,Heads of state concluded an emergency multilateral summit with a joint communique pledging adherence to non-aggression principles and established arbitration treaties. Diplomatic working groups were tasked with establishing direct hotline communications between military defense commands to mitigate miscalculation risks. Field correspondents in Russia reported that ongoing developments across Eastern Europe are compounding operational risks.,Diplomatic / Political,2026-04-28,UN News,Russia,Eastern Europe
ART-10251,Hypersonic missile barrage targets critical defense installations and radar outposts,"Air defense surveillance networks detected high-velocity aerodynamic missile trajectories aimed at strategic command nodes and hardened munitions storage facilities. Military spokespersons stated that mobile interceptor batteries engaged multiple inbound warheads, while combat search-and-rescue teams mobilized across blast perimeters. According to senior officials in Egypt, recent indicators across Red Sea & Horn of Africa underscore the urgency of coordinated multilateral action.",Military Conflict,2026-03-11,Reuters,Egypt,Red Sea & Horn of Africa
ART-10203,Hypersonic missile barrage targets critical defense installations and radar outposts,"Air defense surveillance networks detected high-velocity aerodynamic missile trajectories aimed at strategic command nodes and hardened munitions storage facilities. Military spokespersons stated that mobile interceptor batteries engaged multiple inbound warheads, while combat search-and-rescue teams mobilized across blast perimeters. In India, emergency coordination committees met to assess secondary vulnerabilities across South Asia.",Military Conflict,2026-07-21,Wall Street Journal,India,South Asia
ART-10739,Offshore drilling platform security elevated following hostile drone reconnaissance sightings,Offshore energy operators implemented maximum security protocols across deepwater drilling rigs after unidentified aerial drones were observed conducting surveillance over gas extraction platforms. Naval patrol craft were deployed to maintain exclusion perimeters around strategic energy infrastructure. Field correspondents in Iran reported that ongoing developments across Persian Gulf are compounding operational risks.,Energy Risk,2026-04-20,Wall Street Journal,Iran,Persian Gulf
ART-11329,Malnutrition rates spike among pediatric populations in besieged urban pockets,International aid workers documented severe acute malnutrition among infants and children cut off from standard commercial food distribution networks. Humanitarian flights attempted emergency air-drops of therapeutic nutritional paste while requesting immediate humanitarian pauses. Field correspondents in Russia reported that ongoing developments across Eastern Europe are compounding operational risks.,Humanitarian Impact,2026-05-06,Financial Times,Russia,Eastern Europe
ART-10319,Special presidential envoy conducts whirlwind diplomatic tour across regional capitals,"Traveling through key allied capitals, the senior diplomatic envoy presented confidential de-escalation proposals designed to avert broader regional conflict. Discussions centered on mutual troop withdrawals, diplomatic concessions, and security guarantees backed by multilateral institutions. According to senior officials in Iran, recent indicators across Persian Gulf underscore the urgency of coordinated multilateral action.",Diplomatic / Political,2026-03-24,Reuters,Iran,Persian Gulf
ART-11286,Refugee displacement crisis deepens as civilian populations flee contested border zones,"International migration agencies reported that hundreds of thousands of displaced civilians have crossed international frontiers seeking asylum, overwhelming border reception facilities and temporary transit camps. Relief agencies mobilized emergency winterization tents, thermal blankets, and clean water distribution systems. Strategic intelligence assessments issued in Taiwan indicate that conditions in East Asia remain highly dynamic and fluid.",Humanitarian Impact,2026-10-07,BBC News,Taiwan,East Asia
ART-10942,Container shipping carriers divert cargo fleets around Cape of Good Hope amid maritime threats,"Leading international container shipping lines announced indefinite rerouting of commercial vessels around southern Africa to avoid high-risk maritime straits. The maritime diversion adds 10 to 14 days to standard transit voyages, absorbing container fleet capacity, delaying port turnarounds, and triggering sharp increases in spot ocean freight rates. Field correspondents in Turkey reported that ongoing developments across Middle East are compounding operational risks.",Trade & Shipping,2026-03-02,Associated Press,Turkey,Middle East
ART-11495,Disrupted municipal power grids and water filtration plants jeopardize civilian public health,Public health authorities warned of escalating waterborne disease outbreaks after sustained infrastructure damage crippled municipal water purification networks and electrical sub-stations. Emergency relief teams deployed portable purification modules and oral rehydration packets to mitigate sanitary hazards. Field correspondents in Israel reported that ongoing developments across Middle East are compounding operational risks.,Humanitarian Impact,2026-07-01,Al Jazeera,Israel,Middle East
ART-11168,Manufacturing purchasing managers index drops into contraction territory amid input price spikes,"National manufacturing indices slumped below the critical 50-point threshold, signaling industrial output contraction across export-oriented sectors. Factory managers reported elevated input acquisition costs, backlog accumulation, and declining international export orders due to geopolitical uncertainty. In Saudi Arabia, emergency coordination committees met to assess secondary vulnerabilities across Persian Gulf.",Economic Impact,2026-10-26,Associated Press,Saudi Arabia,Persian Gulf
ART-10520,OPEC+ convenes emergency ministerial meeting as maritime transit tensions threaten crude exports,"Petroleum exporting ministers scheduled extraordinary virtual consultations to review market stability and global spare crude production capacity following maritime bottlenecks in key transit chokepoints. Energy analysts cautioned that export delays could quickly deplete OECD commercial crude reserves and elevate spot price volatility. In Qatar, emergency coordination committees met to assess secondary vulnerabilities across Persian Gulf.",Energy Risk,2026-10-06,Deutsche Welle,Qatar,Persian Gulf
ART-10242,Naval task force engages hostile explosive drone boats in strategic strait,Guided missile destroyers deployed on maritime security patrol neutralized several unmanned explosive surface vessels attempting to strike military logistics convoys. Naval fleet commanders ordered elevated combat readiness and deployed electronic jamming countermeasures to disable hostile telemetry links along contested maritime transit corridors. International stakeholders operating within Red Sea & Horn of Africa called on officials in Sudan to exercise maximum caution.,Military Conflict,2026-09-07,Wall Street Journal,Sudan,Red Sea & Horn of Africa
ART-10888,Bilateral tariff escalation and export licensing controls enacted on critical high-tech components,"Commerce ministries imposed sweeping tariff increases and strict export license restrictions on key industrial raw materials, advanced machine tools, and semiconductor wafers. Trade associations warned that compliance friction and retaliatory tariffs threaten to disrupt global electronic manufacturing supply chains. According to senior officials in Poland, recent indicators across Eastern Europe underscore the urgency of coordinated multilateral action.",Trade & Shipping,2026-09-22,BBC News,Poland,Eastern Europe
ART-11291,Mobile medical teams deploy to remote border crossings as civilian trauma casualties mount,Emergency medical NGOs deployed mobile surgical units and trauma ambulances along primary refugee transit highways to treat shrapnel injuries and dehydration. Medical directors reported that regional clinics have exhausted their primary supplies of blood plasma and IV fluids. Strategic intelligence assessments issued in Iran indicate that conditions in Persian Gulf remain highly dynamic and fluid.,Humanitarian Impact,2026-02-27,Reuters,Iran,Persian Gulf
ART-11053,Central banks signal emergency interest rate adjustments as geopolitical inflation pressures broaden,Monetary policy committees convened extraordinary policy meetings to evaluate persistent macroeconomic shocks stemming from import price inflation and commodity supply friction. Financial market analysts revised benchmark interest rate trajectories upward as headline consumer price indices reflected elevated freight and producer input expenses. International stakeholders operating within South Asia called on officials in India to exercise maximum caution.,Economic Impact,2026-01-24,Deutsche Welle,India,South Asia
ART-11308,Civilian evacuation corridors established under international red cross mediation,"Humanitarian organizations coordinated temporary civilian safe-passage corridors to evacuate vulnerable elderly, women, and pediatric patients from active hostility perimeters. International observers monitored compliance to ensure unhindered transit for humanitarian convoys transporting essential rations and emergency medical supplies. Authorities in Germany emphasized that immediate stability in Western Europe remains essential to mitigating broader systemic fallout.",Humanitarian Impact,2026-09-01,Bloomberg,Germany,Western Europe
ART-10607,Major crude oil pipeline flow suspended following strategic transit sabotage threat,"Energy operators halted pumping operations along a major transcontinental crude pipeline after intelligence reports identified credible security threats against remote pumping stations. Energy security ministries initiated pipeline integrity inspections, while oil refinery operators tapped reserve stockpiles to maintain downstream distillation output. In Japan, emergency coordination committees met to assess secondary vulnerabilities across East Asia.",Energy Risk,2026-02-06,Financial Times,Japan,East Asia
ART-10178,Naval task force engages hostile explosive drone boats in strategic strait,Guided missile destroyers deployed on maritime security patrol neutralized several unmanned explosive surface vessels attempting to strike military logistics convoys. Naval fleet commanders ordered elevated combat readiness and deployed electronic jamming countermeasures to disable hostile telemetry links along contested maritime transit corridors. International stakeholders operating within North America called on officials in United States to exercise maximum caution.,Military Conflict,2026-07-20,BBC News,United States,North America
ART-10094,Air defense interceptors scramble as hostile bomber formations approach territorial airspace,"Tactical fighter squadrons conducted emergency combat air patrols after long-range strategic bombers were detected operating near sovereign air defense identification zones. Defense ministry officials confirmed that electronic warfare aircraft shadowed the formations until they altered course away from defensive boundaries. In Qatar, emergency coordination committees met to assess secondary vulnerabilities across Persian Gulf.",Military Conflict,2026-09-14,Nikkei Asia,Qatar,Persian Gulf
ART-10129,Artillery barrages and tactical drone strikes intensify along contested frontline,Heavy artillery exchanges and long-range unmanned aerial strikes escalated across contested frontline defense sectors overnight. Ground command headquarters confirmed multiple cruise missile interceptions and reinforced mechanized infantry brigades holding fortified trenches. Contested air defense batteries engaged low-altitude reconnaissance drones while combat engineers deployed perimeter minefields. International stakeholders operating within South Asia called on officials in Pakistan to exercise maximum caution.,Military Conflict,2026-06-17,Nikkei Asia,Pakistan,South Asia
ART-11124,Corporate debt default risk rises as borrowing costs spike following geopolitical credit repricing,"Credit default swap spreads widened significantly across corporate debt markets as lenders repriced risk margins for businesses exposed to cross-border supply shocks. Debt restructuring advisors noted a sharp uptick in emergency corporate credit facility requests. Reporting from Japan, diplomatic and local observers noted that strategic shifts in East Asia continue to dictate regional outcomes.",Economic Impact,2026-05-02,BBC News,Japan,East Asia
ART-10145,Artillery barrages and tactical drone strikes intensify along contested frontline,"Heavy artillery exchanges and long-range unmanned aerial strikes escalated across contested frontline defense sectors overnight. Ground command headquarters confirmed multiple cruise missile interceptions and reinforced mechanized infantry brigades holding fortified trenches. Contested air defense batteries engaged low-altitude reconnaissance drones while combat engineers deployed perimeter minefields. In India, emergency coordination committees met to assess secondary vulnerabilities across South Asia.",Military Conflict,2026-05-16,UN News,India,South Asia
ART-11340,Civilian evacuation corridors established under international red cross mediation,"Humanitarian organizations coordinated temporary civilian safe-passage corridors to evacuate vulnerable elderly, women, and pediatric patients from active hostility perimeters. International observers monitored compliance to ensure unhindered transit for humanitarian convoys transporting essential rations and emergency medical supplies. Reporting from Poland, diplomatic and local observers noted that strategic shifts in Eastern Europe continue to dictate regional outcomes.",Humanitarian Impact,2026-10-01,Wall Street Journal,Poland,Eastern Europe
ART-10054,Air defense interceptors scramble as hostile bomber formations approach territorial airspace,Tactical fighter squadrons conducted emergency combat air patrols after long-range strategic bombers were detected operating near sovereign air defense identification zones. Defense ministry officials confirmed that electronic warfare aircraft shadowed the formations until they altered course away from defensive boundaries. International stakeholders operating within Red Sea & Horn of Africa called on officials in Egypt to exercise maximum caution.,Military Conflict,2026-05-22,Bloomberg,Egypt,Red Sea & Horn of Africa
ART-11285,United Nations launches emergency humanitarian relief appeal for food aid and medical shelter,Humanitarian coordinators formally issued a multilateral funding appeal seeking urgent donor contributions to support frontline field clinics and nutritional distribution hubs. Aid convoys reported severe logistical hurdles attempting to deliver relief supplies to isolated civilian populations trapped along combat axes. International stakeholders operating within East Asia called on officials in Japan to exercise maximum caution.,Humanitarian Impact,2026-03-24,Associated Press,Japan,East Asia
ART-10072,Tactical ballistic missiles intercept hostile command post in retaliatory strike,"Military command launched precision ballistic missiles targeting an underground tactical operations center following sustained perimeter rocket attacks. Satellite damage assessments confirmed extensive structural destruction to communications masts and command bunkers. In Taiwan, emergency coordination committees met to assess secondary vulnerabilities across East Asia.",Military Conflict,2026-05-12,Al Jazeera,Taiwan,East Asia
ART-11461,United Nations launches emergency humanitarian relief appeal for food aid and medical shelter,"Humanitarian coordinators formally issued a multilateral funding appeal seeking urgent donor contributions to support frontline field clinics and nutritional distribution hubs. Aid convoys reported severe logistical hurdles attempting to deliver relief supplies to isolated civilian populations trapped along combat axes. According to senior officials in Poland, recent indicators across Eastern Europe underscore the urgency of coordinated multilateral action.",Humanitarian Impact,2026-03-04,Al Jazeera,Poland,Eastern Europe
ART-10891,Maritime insurance syndicates cancel commercial hull coverage for vessels navigating disputed waters,Global marine insurance underwriters formally notified shipowners that war-risk hull and machinery insurance policies would be rescinded for vessels transiting designated high-risk maritime corridors. Ship operators faced the choice between exorbitant special indemnity premiums or canceling scheduled voyages. International stakeholders operating within Middle East called on officials in Israel to exercise maximum caution.,Trade & Shipping,2026-06-06,Associated Press,Israel,Middle East
ART-10067,Hypersonic missile barrage targets critical defense installations and radar outposts,"Air defense surveillance networks detected high-velocity aerodynamic missile trajectories aimed at strategic command nodes and hardened munitions storage facilities. Military spokespersons stated that mobile interceptor batteries engaged multiple inbound warheads, while combat search-and-rescue teams mobilized across blast perimeters. In Russia, emergency coordination committees met to assess secondary vulnerabilities across Eastern Europe.",Military Conflict,2026-01-12,Wall Street Journal,Russia,Eastern Europe
ART-10007,Urban warfare intensifies as mechanized units push into contested industrial outskirts,"Heavy machine gun fire, anti-tank guided missiles, and snipers engaged in ferocious building-to-building clashes in industrial sectors. Combat engineers detonated obstacle barriers under smoke screens while field artillery delivered preparatory barrages against reinforced strongpoints. International stakeholders operating within Middle East called on officials in Israel to exercise maximum caution.",Military Conflict,2026-06-04,Deutsche Welle,Israel,Middle East
ART-10645,Uranium enrichment and nuclear fuel supply chains threatened by geopolitical trade curbs,"Civilian nuclear power operators warned of long-term fuel fabrication vulnerabilities as geopolitical tensions disrupted international uranium enrichment and nuclear fuel rod shipments. Power plant managers initiated fuel conservation measures to safeguard baseload electrical generation capacity. In Egypt, emergency coordination committees met to assess secondary vulnerabilities across Red Sea & Horn of Africa.",Energy Risk,2026-09-14,Nikkei Asia,Egypt,Red Sea & Horn of Africa
ART-10453,Multilateral peace conference deadlocked over territorial governance and treaty guarantees,"Diplomatic negotiations stalled after opposing delegations rejected compromise terms concerning international border administration and security guarantees. Facilitators from neutral states urged both delegations to maintain working-level communications and prevent the total breakdown of diplomatic dialogue. According to senior officials in Turkey, recent indicators across Middle East underscore the urgency of coordinated multilateral action.",Diplomatic / Political,2026-04-08,Reuters,Turkey,Middle East
ART-11066,Bilateral currency swaps activated as commercial banking system faces dollar liquidity squeeze,Central monetary authorities tapped bilateral foreign currency swap lines to inject hard currency liquidity into domestic commercial banks struggling with overseas settlement obligations. Treasury officials emphasized that foreign reserve backstops remain adequate to maintain interbank clearing operations. International stakeholders operating within Western Europe called on officials in Germany to exercise maximum caution.,Economic Impact,2026-02-02,Al Jazeera,Germany,Western Europe
ART-10330,Ambassadorial recall and formal diplomatic demarche issued over treaty violation,"The foreign ministry formally summoned the resident ambassador to deliver a stern diplomatic demarche protesting recent unilateral border treaties and sovereignty violations. State officials announced the immediate recall of senior diplomatic legations for urgent foreign policy strategy reviews. In Turkey, emergency coordination committees met to assess secondary vulnerabilities across Middle East.",Diplomatic / Political,2026-09-05,BBC News,Turkey,Middle East
ART-10929,Dry bulk carrier grain shipments stranded in territorial waters amid maritime security impasse,Dozens of bulk cargo vessels carrying millions of metric tons of wheat and agricultural commodities remained anchored outside key commercial ports due to unconfirmed maritime passage clearances and mine threat assessments. Agricultural traders warned of contract defaults and grain supply shortages in import-dependent nations. International stakeholders operating within Middle East called on officials in Israel to exercise maximum caution.,Trade & Shipping,2026-08-06,Financial Times,Israel,Middle East
ART-11380,Civilian evacuation corridors established under international red cross mediation,"Humanitarian organizations coordinated temporary civilian safe-passage corridors to evacuate vulnerable elderly, women, and pediatric patients from active hostility perimeters. International observers monitored compliance to ensure unhindered transit for humanitarian convoys transporting essential rations and emergency medical supplies. In Israel, emergency coordination committees met to assess secondary vulnerabilities across Middle East.",Humanitarian Impact,2026-05-28,Financial Times,Israel,Middle East
ART-10894,Container shipping carriers divert cargo fleets around Cape of Good Hope amid maritime threats,"Leading international container shipping lines announced indefinite rerouting of commercial vessels around southern Africa to avoid high-risk maritime straits. The maritime diversion adds 10 to 14 days to standard transit voyages, absorbing container fleet capacity, delaying port turnarounds, and triggering sharp increases in spot ocean freight rates. In Sudan, emergency coordination committees met to assess secondary vulnerabilities across Red Sea & Horn of Africa.",Trade & Shipping,2026-01-06,Bloomberg,Sudan,Red Sea & Horn of Africa
ART-10623,Major crude oil pipeline flow suspended following strategic transit sabotage threat,"Energy operators halted pumping operations along a major transcontinental crude pipeline after intelligence reports identified credible security threats against remote pumping stations. Energy security ministries initiated pipeline integrity inspections, while oil refinery operators tapped reserve stockpiles to maintain downstream distillation output. International stakeholders operating within South Asia called on officials in Pakistan to exercise maximum caution.",Energy Risk,2026-02-11,Bloomberg,Pakistan,South Asia
ART-11449,Malnutrition rates spike among pediatric populations in besieged urban pockets,"International aid workers documented severe acute malnutrition among infants and children cut off from standard commercial food distribution networks. Humanitarian flights attempted emergency air-drops of therapeutic nutritional paste while requesting immediate humanitarian pauses. In Germany, emergency coordination committees met to assess secondary vulnerabilities across Western Europe.",Humanitarian Impact,2026-05-01,BBC News,Germany,Western Europe
ART-10737,Liquefied natural gas terminal throttles shipments amid regional maritime insurance restrictions,Major LNG export liquefaction facilities reduced cargo loadings after maritime underwriters imposed prohibitive war-risk insurance premiums on LNG tankers navigating adjacent waterways. European and Asian utility operators scrambled to secure spot replacement cargoes ahead of peak seasonal heating demand. International stakeholders operating within Western Europe called on officials in Germany to exercise maximum caution.,Energy Risk,2026-05-27,BBC News,Germany,Western Europe
ART-10713,Liquefied natural gas terminal throttles shipments amid regional maritime insurance restrictions,Major LNG export liquefaction facilities reduced cargo loadings after maritime underwriters imposed prohibitive war-risk insurance premiums on LNG tankers navigating adjacent waterways. European and Asian utility operators scrambled to secure spot replacement cargoes ahead of peak seasonal heating demand. International stakeholders operating within Persian Gulf called on officials in Iran to exercise maximum caution.,Energy Risk,2026-04-21,Wall Street Journal,Iran,Persian Gulf
ART-11122,Bilateral currency swaps activated as commercial banking system faces dollar liquidity squeeze,"Central monetary authorities tapped bilateral foreign currency swap lines to inject hard currency liquidity into domestic commercial banks struggling with overseas settlement obligations. Treasury officials emphasized that foreign reserve backstops remain adequate to maintain interbank clearing operations. According to senior officials in Germany, recent indicators across Western Europe underscore the urgency of coordinated multilateral action.",Economic Impact,2026-10-05,Associated Press,Germany,Western Europe
ART-10821,Global automotive supply chains stall as crucial raw material cargo shipments face port delays,Major automotive assembly plants announced temporary production line shutdowns due to critical parts shortages resulting from delayed maritime shipping containers. Logistics coordinators reported that specialized component vessels had been delayed over two weeks due to harbor congestion. Field correspondents in Saudi Arabia reported that ongoing developments across Persian Gulf are compounding operational risks.,Trade & Shipping,2026-10-02,Nikkei Asia,Saudi Arabia,Persian Gulf
ART-11096,Manufacturing purchasing managers index drops into contraction territory amid input price spikes,"National manufacturing indices slumped below the critical 50-point threshold, signaling industrial output contraction across export-oriented sectors. Factory managers reported elevated input acquisition costs, backlog accumulation, and declining international export orders due to geopolitical uncertainty. Analysts tracking developments in Saudi Arabia highlighted that multilateral actors in Persian Gulf are preparing contingency measures.",Economic Impact,2026-06-02,Wall Street Journal,Saudi Arabia,Persian Gulf
ART-10681,Liquefied natural gas terminal throttles shipments amid regional maritime insurance restrictions,Major LNG export liquefaction facilities reduced cargo loadings after maritime underwriters imposed prohibitive war-risk insurance premiums on LNG tankers navigating adjacent waterways. European and Asian utility operators scrambled to secure spot replacement cargoes ahead of peak seasonal heating demand. International stakeholders operating within Western Europe called on officials in Germany to exercise maximum caution.,Energy Risk,2026-09-22,Financial Times,Germany,Western Europe
ART-10056,Tactical ballistic missiles intercept hostile command post in retaliatory strike,"Military command launched precision ballistic missiles targeting an underground tactical operations center following sustained perimeter rocket attacks. Satellite damage assessments confirmed extensive structural destruction to communications masts and command bunkers. In Israel, emergency coordination committees met to assess secondary vulnerabilities across Middle East.",Military Conflict,2026-09-07,Nikkei Asia,Israel,Middle East
ART-10553,Liquefied natural gas terminal throttles shipments amid regional maritime insurance restrictions,Major LNG export liquefaction facilities reduced cargo loadings after maritime underwriters imposed prohibitive war-risk insurance premiums on LNG tankers navigating adjacent waterways. European and Asian utility operators scrambled to secure spot replacement cargoes ahead of peak seasonal heating demand. International stakeholders operating within Middle East called on officials in Israel to exercise maximum caution.,Energy Risk,2026-02-19,Reuters,Israel,Middle East
ART-11079,Stock exchange volatility index spikes as investors rotate capital into sovereign bonds and gold,"Equities across regional bourses recorded broad sell-offs, with industrial, aviation, and consumer discretionary shares leading declines. Capital allocators rotated liquidity into sovereign treasury securities, bullion, and cash equivalents amid heightened geopolitical uncertainty and macroeconomic stagflation fears. International stakeholders operating within East Asia called on officials in China to exercise maximum caution.",Economic Impact,2026-10-28,Bloomberg,China,East Asia
ART-11140,Corporate debt default risk rises as borrowing costs spike following geopolitical credit repricing,Credit default swap spreads widened significantly across corporate debt markets as lenders repriced risk margins for businesses exposed to cross-border supply shocks. Debt restructuring advisors noted a sharp uptick in emergency corporate credit facility requests. International stakeholders operating within Eastern Europe called on officials in Russia to exercise maximum caution.,Economic Impact,2026-06-13,Deutsche Welle,Russia,Eastern Europe
ART-11440,"Field hospitals face critical shortages of surgical anesthetics, electricity, and clean water","Medical relief organizations operating inside crisis sectors issued urgent distress alerts regarding depleted pharmaceuticals, damaged municipal water treatment facilities, and erratic generator fuel supplies necessary to maintain life-saving intensive care and trauma operating rooms. In Iran, emergency coordination committees met to assess secondary vulnerabilities across Persian Gulf.",Humanitarian Impact,2026-07-15,Financial Times,Iran,Persian Gulf
ART-10340,Parliamentary committee ratifies strategic bilateral defense cooperation treaty,"Legislators voted overwhelmingly to approve a comprehensive security alliance treaty authorizing joint intelligence sharing, reciprocal military base access, and coordinated defense procurement. Government ministers emphasized that the diplomatic accord reinforces regional deterrence without violating international neutrality accords. According to senior officials in Israel, recent indicators across Middle East underscore the urgency of coordinated multilateral action.",Diplomatic / Political,2026-08-06,Reuters,Israel,Middle East
ART-10751,Major crude oil pipeline flow suspended following strategic transit sabotage threat,"Energy operators halted pumping operations along a major transcontinental crude pipeline after intelligence reports identified credible security threats against remote pumping stations. Energy security ministries initiated pipeline integrity inspections, while oil refinery operators tapped reserve stockpiles to maintain downstream distillation output. According to senior officials in Iran, recent indicators across Persian Gulf underscore the urgency of coordinated multilateral action.",Energy Risk,2026-08-18,BBC News,Iran,Persian Gulf
ART-10868,Customs authority impounds containerized shipments under expanded cross-border trade sanctions,Port customs officials seized hundreds of cargo containers suspected of violating expanded international sanctions targeting dual-use industrial components. Importers and freight forwarders faced lengthy legal audits and storage fees as customs clearance procedures were dramatically expanded. International stakeholders operating within East Asia called on officials in South Korea to exercise maximum caution.,Trade & Shipping,2026-08-28,Reuters,South Korea,East Asia
ART-11115,Consumer confidence plunges as energy and food price inflation erodes household purchasing power,"National economic sentiment surveys revealed the steepest monthly drop in consumer confidence in several years as rising utility bills and grocery costs squeezed household budgets. Economists warned that declining domestic retail consumption will act as a major drag on quarterly gross domestic product. In Japan, emergency coordination committees met to assess secondary vulnerabilities across East Asia.",Economic Impact,2026-08-02,Wall Street Journal,Japan,East Asia
ART-11462,Refugee displacement crisis deepens as civilian populations flee contested border zones,"International migration agencies reported that hundreds of thousands of displaced civilians have crossed international frontiers seeking asylum, overwhelming border reception facilities and temporary transit camps. Relief agencies mobilized emergency winterization tents, thermal blankets, and clean water distribution systems. According to senior officials in Israel, recent indicators across Middle East underscore the urgency of coordinated multilateral action.",Humanitarian Impact,2026-07-02,Associated Press,Israel,Middle East
ART-10769,Dry bulk carrier grain shipments stranded in territorial waters amid maritime security impasse,"Dozens of bulk cargo vessels carrying millions of metric tons of wheat and agricultural commodities remained anchored outside key commercial ports due to unconfirmed maritime passage clearances and mine threat assessments. Agricultural traders warned of contract defaults and grain supply shortages in import-dependent nations. In Taiwan, emergency coordination committees met to assess secondary vulnerabilities across East Asia.",Trade & Shipping,2026-06-11,BBC News,Taiwan,East Asia
ART-11434,Makeshift refugee settlements overwhelmed by torrential flooding and freezing weather,"Severe seasonal weather inundated informal displacement settlements, destroying temporary plastic shelters and creating catastrophic sanitary conditions for thousands of families. Disaster response teams mobilized emergency drainage pumps and emergency clothing distributions. International stakeholders operating within South Asia called on officials in Pakistan to exercise maximum caution.",Humanitarian Impact,2026-06-11,Wall Street Journal,Pakistan,South Asia
ART-10833,Dry bulk carrier grain shipments stranded in territorial waters amid maritime security impasse,Dozens of bulk cargo vessels carrying millions of metric tons of wheat and agricultural commodities remained anchored outside key commercial ports due to unconfirmed maritime passage clearances and mine threat assessments. Agricultural traders warned of contract defaults and grain supply shortages in import-dependent nations. Field correspondents in Sudan reported that ongoing developments across Red Sea & Horn of Africa are compounding operational risks.,Trade & Shipping,2026-08-09,Bloomberg,Sudan,Red Sea & Horn of Africa
ART-10664,OPEC+ convenes emergency ministerial meeting as maritime transit tensions threaten crude exports,Petroleum exporting ministers scheduled extraordinary virtual consultations to review market stability and global spare crude production capacity following maritime bottlenecks in key transit chokepoints. Energy analysts cautioned that export delays could quickly deplete OECD commercial crude reserves and elevate spot price volatility. International stakeholders operating within Eastern Europe called on officials in Russia to exercise maximum caution.,Energy Risk,2026-08-02,Financial Times,Russia,Eastern Europe
ART-11047,Stock exchange volatility index spikes as investors rotate capital into sovereign bonds and gold,"Equities across regional bourses recorded broad sell-offs, with industrial, aviation, and consumer discretionary shares leading declines. Capital allocators rotated liquidity into sovereign treasury securities, bullion, and cash equivalents amid heightened geopolitical uncertainty and macroeconomic stagflation fears. Field correspondents in Russia reported that ongoing developments across Eastern Europe are compounding operational risks.",Economic Impact,2026-09-12,BBC News,Russia,Eastern Europe
ART-11013,Global automotive supply chains stall as crucial raw material cargo shipments face port delays,Major automotive assembly plants announced temporary production line shutdowns due to critical parts shortages resulting from delayed maritime shipping containers. Logistics coordinators reported that specialized component vessels had been delayed over two weeks due to harbor congestion. Analysts tracking developments in Germany highlighted that multilateral actors in Western Europe are preparing contingency measures.,Trade & Shipping,2026-10-20,Deutsche Welle,Germany,Western Europe
ART-10534,Power grid operators initiate emergency load shedding following sabotage of high-voltage transmission lines,National electrical transmission coordinators implemented rolling blackouts across metropolitan centers after key electrical substations and cross-border interconnectors sustained coordinated physical sabotage. Energy officials urged citizens to conserve electricity while backup diesel generators were deployed to hospitals. International stakeholders operating within South Asia called on officials in India to exercise maximum caution.,Energy Risk,2026-04-14,Reuters,India,South Asia
ART-10041,Artillery barrages and tactical drone strikes intensify along contested frontline,"Heavy artillery exchanges and long-range unmanned aerial strikes escalated across contested frontline defense sectors overnight. Ground command headquarters confirmed multiple cruise missile interceptions and reinforced mechanized infantry brigades holding fortified trenches. Contested air defense batteries engaged low-altitude reconnaissance drones while combat engineers deployed perimeter minefields. In China, emergency coordination committees met to assess secondary vulnerabilities across East Asia.",Military Conflict,2026-09-07,Financial Times,China,East Asia
ART-10779,Maritime insurance syndicates cancel commercial hull coverage for vessels navigating disputed waters,Global marine insurance underwriters formally notified shipowners that war-risk hull and machinery insurance policies would be rescinded for vessels transiting designated high-risk maritime corridors. Ship operators faced the choice between exorbitant special indemnity premiums or canceling scheduled voyages. Analysts tracking developments in Israel highlighted that multilateral actors in Middle East are preparing contingency measures.,Trade & Shipping,2026-05-06,Reuters,Israel,Middle East
ART-11152,Manufacturing purchasing managers index drops into contraction territory amid input price spikes,"National manufacturing indices slumped below the critical 50-point threshold, signaling industrial output contraction across export-oriented sectors. Factory managers reported elevated input acquisition costs, backlog accumulation, and declining international export orders due to geopolitical uncertainty. International stakeholders operating within Red Sea & Horn of Africa called on officials in Egypt to exercise maximum caution.",Economic Impact,2026-07-10,Financial Times,Egypt,Red Sea & Horn of Africa
ART-11389,United Nations launches emergency humanitarian relief appeal for food aid and medical shelter,"Humanitarian coordinators formally issued a multilateral funding appeal seeking urgent donor contributions to support frontline field clinics and nutritional distribution hubs. Aid convoys reported severe logistical hurdles attempting to deliver relief supplies to isolated civilian populations trapped along combat axes. According to senior officials in Israel, recent indicators across Middle East underscore the urgency of coordinated multilateral action.",Humanitarian Impact,2026-03-09,Deutsche Welle,Israel,Middle East
ART-10988,Customs authority impounds containerized shipments under expanded cross-border trade sanctions,Port customs officials seized hundreds of cargo containers suspected of violating expanded international sanctions targeting dual-use industrial components. Importers and freight forwarders faced lengthy legal audits and storage fees as customs clearance procedures were dramatically expanded. International stakeholders operating within North America called on officials in United States to exercise maximum caution.,Trade & Shipping,2026-02-28,BBC News,United States,North America
ART-11249,Foreign direct investment inflows contract sharply amid cross-border geopolitical instability,"Economic development ministries reported a substantial deceleration in inbound foreign direct investment as multinational corporations suspended cross-border capital expansion projects. Investment analysts cited sovereign expropriation risks and geopolitical volatility as primary drivers of capital hesitation. According to senior officials in Israel, recent indicators across Middle East underscore the urgency of coordinated multilateral action.",Economic Impact,2026-06-24,UN News,Israel,Middle East
ART-11025,Foreign direct investment inflows contract sharply amid cross-border geopolitical instability,Economic development ministries reported a substantial deceleration in inbound foreign direct investment as multinational corporations suspended cross-border capital expansion projects. Investment analysts cited sovereign expropriation risks and geopolitical volatility as primary drivers of capital hesitation. International stakeholders operating within Red Sea & Horn of Africa called on officials in Egypt to exercise maximum caution.,Economic Impact,2026-01-13,Nikkei Asia,Egypt,Red Sea & Horn of Africa
ART-10337,United Nations Security Council convenes emergency session over border sovereignty dispute,"Permanent delegates at the United Nations Headquarters debated a draft resolution condemning territorial incursions and mandating the deployment of an international peacekeeping observer mission. Diplomatic attachés engaged in intense multilateral consultations to resolve contentious veto language regarding territorial sovereignty. In Israel, emergency coordination committees met to assess secondary vulnerabilities across Middle East.",Diplomatic / Political,2026-10-21,Reuters,Israel,Middle East
ART-11349,United Nations launches emergency humanitarian relief appeal for food aid and medical shelter,Humanitarian coordinators formally issued a multilateral funding appeal seeking urgent donor contributions to support frontline field clinics and nutritional distribution hubs. Aid convoys reported severe logistical hurdles attempting to deliver relief supplies to isolated civilian populations trapped along combat axes. International stakeholders operating within Persian Gulf called on officials in Saudi Arabia to exercise maximum caution.,Humanitarian Impact,2026-04-13,Reuters,Saudi Arabia,Persian Gulf
ART-10757,Uranium enrichment and nuclear fuel supply chains threatened by geopolitical trade curbs,"Civilian nuclear power operators warned of long-term fuel fabrication vulnerabilities as geopolitical tensions disrupted international uranium enrichment and nuclear fuel rod shipments. Power plant managers initiated fuel conservation measures to safeguard baseload electrical generation capacity. According to senior officials in China, recent indicators across East Asia underscore the urgency of coordinated multilateral action.",Energy Risk,2026-05-26,Nikkei Asia,China,East Asia
ART-10455,Special presidential envoy conducts whirlwind diplomatic tour across regional capitals,"Traveling through key allied capitals, the senior diplomatic envoy presented confidential de-escalation proposals designed to avert broader regional conflict. Discussions centered on mutual troop withdrawals, diplomatic concessions, and security guarantees backed by multilateral institutions. In Yemen, emergency coordination committees met to assess secondary vulnerabilities across Red Sea & Horn of Africa.",Diplomatic / Political,2026-04-01,BBC News,Yemen,Red Sea & Horn of Africa
ART-10613,Uranium enrichment and nuclear fuel supply chains threatened by geopolitical trade curbs,Civilian nuclear power operators warned of long-term fuel fabrication vulnerabilities as geopolitical tensions disrupted international uranium enrichment and nuclear fuel rod shipments. Power plant managers initiated fuel conservation measures to safeguard baseload electrical generation capacity. Strategic intelligence assessments issued in Qatar indicate that conditions in Persian Gulf remain highly dynamic and fluid.,Energy Risk,2026-09-01,Financial Times,Qatar,Persian Gulf
ART-10743,Major crude oil pipeline flow suspended following strategic transit sabotage threat,"Energy operators halted pumping operations along a major transcontinental crude pipeline after intelligence reports identified credible security threats against remote pumping stations. Energy security ministries initiated pipeline integrity inspections, while oil refinery operators tapped reserve stockpiles to maintain downstream distillation output. According to senior officials in Turkey, recent indicators across Middle East underscore the urgency of coordinated multilateral action.",Energy Risk,2026-07-18,Reuters,Turkey,Middle East
ART-10244,Cross-border commando raid triggers intense infantry firefight along buffer line,"Special forces detachments conducted reconnaissance incursions into contested border sectors, sparking sustained firefights with entrenched hostile infantry. Rapid deployment armored battalions were dispatched with close air support to establish defensive perimeters and extract forward patrol units under heavy mortar suppression. Reporting from Russia, diplomatic and local observers noted that strategic shifts in Eastern Europe continue to dictate regional outcomes.",Military Conflict,2026-10-13,Financial Times,Russia,Eastern Europe
ART-10039,Urban warfare intensifies as mechanized units push into contested industrial outskirts,"Heavy machine gun fire, anti-tank guided missiles, and snipers engaged in ferocious building-to-building clashes in industrial sectors. Combat engineers detonated obstacle barriers under smoke screens while field artillery delivered preparatory barrages against reinforced strongpoints. According to senior officials in Iran, recent indicators across Persian Gulf underscore the urgency of coordinated multilateral action.",Military Conflict,2026-07-12,Deutsche Welle,Iran,Persian Gulf
ART-10658,Strategic petroleum reserve release authorized to counterbalance global supply disruptions,"Energy authorities authorized the emergency drawdown of millions of barrels of crude oil from national strategic petroleum reserves to stabilize domestic fuel supply chains. Energy department officials coordinated the release with international energy partners to offset prolonged refinery feedstock shortages. In United States, emergency coordination committees met to assess secondary vulnerabilities across North America.",Energy Risk,2026-02-28,Al Jazeera,United States,North America
ART-10210,Naval task force engages hostile explosive drone boats in strategic strait,"Guided missile destroyers deployed on maritime security patrol neutralized several unmanned explosive surface vessels attempting to strike military logistics convoys. Naval fleet commanders ordered elevated combat readiness and deployed electronic jamming countermeasures to disable hostile telemetry links along contested maritime transit corridors. In United States, emergency coordination committees met to assess secondary vulnerabilities across North America.",Military Conflict,2026-08-04,Financial Times,United States,North America
ART-11438,Refugee displacement crisis deepens as civilian populations flee contested border zones,"International migration agencies reported that hundreds of thousands of displaced civilians have crossed international frontiers seeking asylum, overwhelming border reception facilities and temporary transit camps. Relief agencies mobilized emergency winterization tents, thermal blankets, and clean water distribution systems. According to senior officials in Taiwan, recent indicators across East Asia underscore the urgency of coordinated multilateral action.",Humanitarian Impact,2026-05-06,BBC News,Taiwan,East Asia
ART-11378,Makeshift refugee settlements overwhelmed by torrential flooding and freezing weather,"Severe seasonal weather inundated informal displacement settlements, destroying temporary plastic shelters and creating catastrophic sanitary conditions for thousands of families. Disaster response teams mobilized emergency drainage pumps and emergency clothing distributions. According to senior officials in Pakistan, recent indicators across South Asia underscore the urgency of coordinated multilateral action.",Humanitarian Impact,2026-06-15,Reuters,Pakistan,South Asia
ART-10207,Urban warfare intensifies as mechanized units push into contested industrial outskirts,"Heavy machine gun fire, anti-tank guided missiles, and snipers engaged in ferocious building-to-building clashes in industrial sectors. Combat engineers detonated obstacle barriers under smoke screens while field artillery delivered preparatory barrages against reinforced strongpoints. International stakeholders operating within South Asia called on officials in Pakistan to exercise maximum caution.",Military Conflict,2026-05-14,UN News,Pakistan,South Asia
ART-10304,Bilateral ceasefire negotiations resume under international diplomatic mediation,"Special diplomatic envoys and foreign ministers convened high-stakes closed-door consultations aimed at establishing an immediate humanitarian truce and verifiable demilitarization framework. Negotiators reviewed draft protocols addressing prisoner-of-war exchanges, border verification monitors, and the formal cessation of cross-border hostilities. International stakeholders operating within Western Europe called on officials in United Kingdom to exercise maximum caution.",Diplomatic / Political,2026-09-13,Nikkei Asia,United Kingdom,Western Europe
ART-11159,Stock exchange volatility index spikes as investors rotate capital into sovereign bonds and gold,"Equities across regional bourses recorded broad sell-offs, with industrial, aviation, and consumer discretionary shares leading declines. Capital allocators rotated liquidity into sovereign treasury securities, bullion, and cash equivalents amid heightened geopolitical uncertainty and macroeconomic stagflation fears. Strategic intelligence assessments issued in Russia indicate that conditions in Eastern Europe remain highly dynamic and fluid.",Economic Impact,2026-01-16,Bloomberg,Russia,Eastern Europe
ART-10384,Bilateral ceasefire negotiations resume under international diplomatic mediation,"Special diplomatic envoys and foreign ministers convened high-stakes closed-door consultations aimed at establishing an immediate humanitarian truce and verifiable demilitarization framework. Negotiators reviewed draft protocols addressing prisoner-of-war exchanges, border verification monitors, and the formal cessation of cross-border hostilities. International stakeholders operating within Western Europe called on officials in United Kingdom to exercise maximum caution.",Diplomatic / Political,2026-02-20,UN News,United Kingdom,Western Europe
ART-11353,Malnutrition rates spike among pediatric populations in besieged urban pockets,"International aid workers documented severe acute malnutrition among infants and children cut off from standard commercial food distribution networks. Humanitarian flights attempted emergency air-drops of therapeutic nutritional paste while requesting immediate humanitarian pauses. According to senior officials in Taiwan, recent indicators across East Asia underscore the urgency of coordinated multilateral action.",Humanitarian Impact,2026-06-14,Associated Press,Taiwan,East Asia
ART-11270,Sovereign credit rating placed under negative review following capital flight and currency depreciation,"International credit rating agencies placed sovereign debt issuances on negative watch, citing widening fiscal deficits, rapid foreign exchange reserve depletion, and heightened geopolitical risk premia. Domestic currency valuations experienced sharp depreciations against global reserve currencies. Reporting from Japan, diplomatic and local observers noted that strategic shifts in East Asia continue to dictate regional outcomes.",Economic Impact,2026-06-06,Financial Times,Japan,East Asia
ART-10082,Naval task force engages hostile explosive drone boats in strategic strait,"Guided missile destroyers deployed on maritime security patrol neutralized several unmanned explosive surface vessels attempting to strike military logistics convoys. Naval fleet commanders ordered elevated combat readiness and deployed electronic jamming countermeasures to disable hostile telemetry links along contested maritime transit corridors. According to senior officials in Egypt, recent indicators across Red Sea & Horn of Africa underscore the urgency of coordinated multilateral action.",Military Conflict,2026-10-20,Bloomberg,Egypt,Red Sea & Horn of Africa
ART-11382,Refugee displacement crisis deepens as civilian populations flee contested border zones,"International migration agencies reported that hundreds of thousands of displaced civilians have crossed international frontiers seeking asylum, overwhelming border reception facilities and temporary transit camps. Relief agencies mobilized emergency winterization tents, thermal blankets, and clean water distribution systems. In Turkey, emergency coordination committees met to assess secondary vulnerabilities across Middle East.",Humanitarian Impact,2026-07-06,UN News,Turkey,Middle East
ART-10250,Naval task force engages hostile explosive drone boats in strategic strait,Guided missile destroyers deployed on maritime security patrol neutralized several unmanned explosive surface vessels attempting to strike military logistics convoys. Naval fleet commanders ordered elevated combat readiness and deployed electronic jamming countermeasures to disable hostile telemetry links along contested maritime transit corridors. Authorities in Japan emphasized that immediate stability in East Asia remains essential to mitigating broader systemic fallout.,Military Conflict,2026-07-23,Deutsche Welle,Japan,East Asia
ART-10776,Bilateral tariff escalation and export licensing controls enacted on critical high-tech components,"Commerce ministries imposed sweeping tariff increases and strict export license restrictions on key industrial raw materials, advanced machine tools, and semiconductor wafers. Trade associations warned that compliance friction and retaliatory tariffs threaten to disrupt global electronic manufacturing supply chains. Strategic intelligence assessments issued in Israel indicate that conditions in Middle East remain highly dynamic and fluid.",Trade & Shipping,2026-04-22,Financial Times,Israel,Middle East
ART-10439,Special presidential envoy conducts whirlwind diplomatic tour across regional capitals,"Traveling through key allied capitals, the senior diplomatic envoy presented confidential de-escalation proposals designed to avert broader regional conflict. Discussions centered on mutual troop withdrawals, diplomatic concessions, and security guarantees backed by multilateral institutions. In Pakistan, emergency coordination committees met to assess secondary vulnerabilities across South Asia.",Diplomatic / Political,2026-06-06,Al Jazeera,Pakistan,South Asia
ART-11027,Consumer confidence plunges as energy and food price inflation erodes household purchasing power,"National economic sentiment surveys revealed the steepest monthly drop in consumer confidence in several years as rising utility bills and grocery costs squeezed household budgets. Economists warned that declining domestic retail consumption will act as a major drag on quarterly gross domestic product. In Sudan, emergency coordination committees met to assess secondary vulnerabilities across Red Sea & Horn of Africa.",Economic Impact,2026-08-10,Wall Street Journal,Sudan,Red Sea & Horn of Africa
ART-11324,Civilian evacuation corridors established under international red cross mediation,"Humanitarian organizations coordinated temporary civilian safe-passage corridors to evacuate vulnerable elderly, women, and pediatric patients from active hostility perimeters. International observers monitored compliance to ensure unhindered transit for humanitarian convoys transporting essential rations and emergency medical supplies. According to senior officials in Saudi Arabia, recent indicators across Persian Gulf underscore the urgency of coordinated multilateral action.",Humanitarian Impact,2026-05-05,Financial Times,Saudi Arabia,Persian Gulf
ART-10317,Multilateral peace conference deadlocked over territorial governance and treaty guarantees,"Diplomatic negotiations stalled after opposing delegations rejected compromise terms concerning international border administration and security guarantees. Facilitators from neutral states urged both delegations to maintain working-level communications and prevent the total breakdown of diplomatic dialogue. In Poland, emergency coordination committees met to assess secondary vulnerabilities across Eastern Europe.",Diplomatic / Political,2026-02-25,Al Jazeera,Poland,Eastern Europe
ART-10128,Tactical ballistic missiles intercept hostile command post in retaliatory strike,Military command launched precision ballistic missiles targeting an underground tactical operations center following sustained perimeter rocket attacks. Satellite damage assessments confirmed extensive structural destruction to communications masts and command bunkers. International stakeholders operating within East Asia called on officials in China to exercise maximum caution.,Military Conflict,2026-04-23,Deutsche Welle,China,East Asia
ART-10919,Port congestion and customs clearance bottlenecks escalate across major maritime container terminals,"Logistics operators reported severe berthing queues and prolonged container dwell times exceeding historical highs at major oceanic gateway terminals. Freight forwarders cited vessel bunching, rail intermodal backlogs, and maritime rerouting schedules as compounding drivers of global supply chain gridlock. In United States, emergency coordination committees met to assess secondary vulnerabilities across North America.",Trade & Shipping,2026-09-03,Deutsche Welle,United States,North America
ART-10778,Air cargo freight rates surge as commercial shippers seek alternatives to disrupted ocean lanes,"Air logistics forwarders recorded historic price increases per kilogram of air cargo as manufacturers chartered dedicated freighter aircraft to bypass blocked maritime shipping corridors. Cargo airlines expanded flight schedules between manufacturing hubs to accommodate high-value automotive and electronics freight. Reporting from Ukraine, diplomatic and local observers noted that strategic shifts in Eastern Europe continue to dictate regional outcomes.",Trade & Shipping,2026-06-23,Al Jazeera,Ukraine,Eastern Europe
ART-11578,Consumer confidence plunges as energy and food price inflation erodes household purchasing power,"National economic sentiment surveys revealed the steepest monthly drop in consumer confidence in several years as rising utility bills and grocery costs squeezed household budgets. Economists warned that declining domestic retail consumption will act as a major drag on quarterly gross domestic product. According to senior officials in Pakistan, recent indicators across South Asia underscore the urgency of coordinated multilateral action.",Economic Impact,2026-09-22,UN News,Pakistan,South Asia
ART-11117,Central banks signal emergency interest rate adjustments as geopolitical inflation pressures broaden,Monetary policy committees convened extraordinary policy meetings to evaluate persistent macroeconomic shocks stemming from import price inflation and commodity supply friction. Financial market analysts revised benchmark interest rate trajectories upward as headline consumer price indices reflected elevated freight and producer input expenses. Analysts tracking developments in United Kingdom highlighted that multilateral actors in Western Europe are preparing contingency measures.,Economic Impact,2026-03-03,Al Jazeera,United Kingdom,Western Europe
ART-11189,Central banks signal emergency interest rate adjustments as geopolitical inflation pressures broaden,Monetary policy committees convened extraordinary policy meetings to evaluate persistent macroeconomic shocks stemming from import price inflation and commodity supply friction. Financial market analysts revised benchmark interest rate trajectories upward as headline consumer price indices reflected elevated freight and producer input expenses. International stakeholders operating within South Asia called on officials in India to exercise maximum caution.,Economic Impact,2026-06-06,Deutsche Welle,India,South Asia
ART-11487,Disrupted municipal power grids and water filtration plants jeopardize civilian public health,"Public health authorities warned of escalating waterborne disease outbreaks after sustained infrastructure damage crippled municipal water purification networks and electrical sub-stations. Emergency relief teams deployed portable purification modules and oral rehydration packets to mitigate sanitary hazards. In Iran, emergency coordination committees met to assess secondary vulnerabilities across Persian Gulf.",Humanitarian Impact,2026-03-18,Associated Press,Iran,Persian Gulf
ART-10722,Strategic petroleum reserve release authorized to counterbalance global supply disruptions,Energy authorities authorized the emergency drawdown of millions of barrels of crude oil from national strategic petroleum reserves to stabilize domestic fuel supply chains. Energy department officials coordinated the release with international energy partners to offset prolonged refinery feedstock shortages. Analysts tracking developments in Qatar highlighted that multilateral actors in Persian Gulf are preparing contingency measures.,Energy Risk,2026-06-25,Deutsche Welle,Qatar,Persian Gulf
ART-10602,Strategic petroleum reserve release authorized to counterbalance global supply disruptions,"Energy authorities authorized the emergency drawdown of millions of barrels of crude oil from national strategic petroleum reserves to stabilize domestic fuel supply chains. Energy department officials coordinated the release with international energy partners to offset prolonged refinery feedstock shortages. In Israel, emergency coordination committees met to assess secondary vulnerabilities across Middle East.",Energy Risk,2026-03-13,Wall Street Journal,Israel,Middle East
ART-10516,Natural gas pipeline compression station suffers severe explosion amid geopolitical friction,"A critical natural gas compression station feeding industrial manufacturing hubs suffered a catastrophic pipeline failure, cutting regional gas transit volumes by over 40 percent. Energy distribution utilities immediately mandated industrial consumption rationing while emergency engineering teams assessed blast damage. Analysts tracking developments in United States highlighted that multilateral actors in North America are preparing contingency measures.",Energy Risk,2026-06-27,Nikkei Asia,United States,North America
ART-10239,Urban warfare intensifies as mechanized units push into contested industrial outskirts,"Heavy machine gun fire, anti-tank guided missiles, and snipers engaged in ferocious building-to-building clashes in industrial sectors. Combat engineers detonated obstacle barriers under smoke screens while field artillery delivered preparatory barrages against reinforced strongpoints. Analysts tracking developments in United Kingdom highlighted that multilateral actors in Western Europe are preparing contingency measures.",Military Conflict,2026-10-25,BBC News,United Kingdom,Western Europe
ART-10760,OPEC+ convenes emergency ministerial meeting as maritime transit tensions threaten crude exports,"Petroleum exporting ministers scheduled extraordinary virtual consultations to review market stability and global spare crude production capacity following maritime bottlenecks in key transit chokepoints. Energy analysts cautioned that export delays could quickly deplete OECD commercial crude reserves and elevate spot price volatility. In Poland, emergency coordination committees met to assess secondary vulnerabilities across Eastern Europe.",Energy Risk,2026-10-18,UN News,Poland,Eastern Europe
ART-10656,OPEC+ convenes emergency ministerial meeting as maritime transit tensions threaten crude exports,"Petroleum exporting ministers scheduled extraordinary virtual consultations to review market stability and global spare crude production capacity following maritime bottlenecks in key transit chokepoints. Energy analysts cautioned that export delays could quickly deplete OECD commercial crude reserves and elevate spot price volatility. According to senior officials in Russia, recent indicators across Eastern Europe underscore the urgency of coordinated multilateral action.",Energy Risk,2026-04-11,Deutsche Welle,Russia,Eastern Europe
ART-10524,Natural gas pipeline compression station suffers severe explosion amid geopolitical friction,"A critical natural gas compression station feeding industrial manufacturing hubs suffered a catastrophic pipeline failure, cutting regional gas transit volumes by over 40 percent. Energy distribution utilities immediately mandated industrial consumption rationing while emergency engineering teams assessed blast damage. In Sudan, emergency coordination committees met to assess secondary vulnerabilities across Red Sea & Horn of Africa.",Energy Risk,2026-03-09,Reuters,Sudan,Red Sea & Horn of Africa
ART-10392,Bilateral ceasefire negotiations resume under international diplomatic mediation,"Special diplomatic envoys and foreign ministers convened high-stakes closed-door consultations aimed at establishing an immediate humanitarian truce and verifiable demilitarization framework. Negotiators reviewed draft protocols addressing prisoner-of-war exchanges, border verification monitors, and the formal cessation of cross-border hostilities. International stakeholders operating within Western Europe called on officials in United Kingdom to exercise maximum caution.",Diplomatic / Political,2026-10-24,UN News,United Kingdom,Western Europe
ART-10460,Parliamentary committee ratifies strategic bilateral defense cooperation treaty,"Legislators voted overwhelmingly to approve a comprehensive security alliance treaty authorizing joint intelligence sharing, reciprocal military base access, and coordinated defense procurement. Government ministers emphasized that the diplomatic accord reinforces regional deterrence without violating international neutrality accords. According to senior officials in Germany, recent indicators across Western Europe underscore the urgency of coordinated multilateral action.",Diplomatic / Political,2026-05-21,Reuters,Germany,Western Europe
ART-10600,OPEC+ convenes emergency ministerial meeting as maritime transit tensions threaten crude exports,"Petroleum exporting ministers scheduled extraordinary virtual consultations to review market stability and global spare crude production capacity following maritime bottlenecks in key transit chokepoints. Energy analysts cautioned that export delays could quickly deplete OECD commercial crude reserves and elevate spot price volatility. In United States, emergency coordination committees met to assess secondary vulnerabilities across North America.",Energy Risk,2026-03-15,Wall Street Journal,United States,North America
ART-10934,Container shipping carriers divert cargo fleets around Cape of Good Hope amid maritime threats,"Leading international container shipping lines announced indefinite rerouting of commercial vessels around southern Africa to avoid high-risk maritime straits. The maritime diversion adds 10 to 14 days to standard transit voyages, absorbing container fleet capacity, delaying port turnarounds, and triggering sharp increases in spot ocean freight rates. International stakeholders operating within East Asia called on officials in South Korea to exercise maximum caution.",Trade & Shipping,2026-10-07,Al Jazeera,South Korea,East Asia
ART-11230,Sovereign credit rating placed under negative review following capital flight and currency depreciation,"International credit rating agencies placed sovereign debt issuances on negative watch, citing widening fiscal deficits, rapid foreign exchange reserve depletion, and heightened geopolitical risk premia. Domestic currency valuations experienced sharp depreciations against global reserve currencies. In Germany, emergency coordination committees met to assess secondary vulnerabilities across Western Europe.",Economic Impact,2026-08-24,Associated Press,Germany,Western Europe
ART-10019,Hypersonic missile barrage targets critical defense installations and radar outposts,"Air defense surveillance networks detected high-velocity aerodynamic missile trajectories aimed at strategic command nodes and hardened munitions storage facilities. Military spokespersons stated that mobile interceptor batteries engaged multiple inbound warheads, while combat search-and-rescue teams mobilized across blast perimeters. In Japan, emergency coordination committees met to assess secondary vulnerabilities across East Asia.",Military Conflict,2026-07-19,Deutsche Welle,Japan,East Asia
ART-11056,Manufacturing purchasing managers index drops into contraction territory amid input price spikes,"National manufacturing indices slumped below the critical 50-point threshold, signaling industrial output contraction across export-oriented sectors. Factory managers reported elevated input acquisition costs, backlog accumulation, and declining international export orders due to geopolitical uncertainty. In United States, emergency coordination committees met to assess secondary vulnerabilities across North America.",Economic Impact,2026-07-11,Reuters,United States,North America
ART-10070,Air defense interceptors scramble as hostile bomber formations approach territorial airspace,Tactical fighter squadrons conducted emergency combat air patrols after long-range strategic bombers were detected operating near sovereign air defense identification zones. Defense ministry officials confirmed that electronic warfare aircraft shadowed the formations until they altered course away from defensive boundaries. International stakeholders operating within Red Sea & Horn of Africa called on officials in Yemen to exercise maximum caution.,Military Conflict,2026-07-26,BBC News,Yemen,Red Sea & Horn of Africa
ART-10494,Foreign ministers issue joint communique calling for de-escalation and diplomatic roadmaps,Senior diplomats representing regional powers issued a coordinated statement demanding an immediate halt to escalating rhetoric and the restoration of established diplomatic channels. The communique proposed a three-phase transition roadmap including demilitarized buffer zones and internationally monitored elections. International stakeholders operating within Middle East called on officials in Israel to exercise maximum caution.,Diplomatic / Political,2026-02-02,Wall Street Journal,Israel,Middle East
ART-10683,Offshore drilling platform security elevated following hostile drone reconnaissance sightings,"Offshore energy operators implemented maximum security protocols across deepwater drilling rigs after unidentified aerial drones were observed conducting surveillance over gas extraction platforms. Naval patrol craft were deployed to maintain exclusion perimeters around strategic energy infrastructure. In United Kingdom, emergency coordination committees met to assess secondary vulnerabilities across Western Europe.",Energy Risk,2026-03-16,Associated Press,United Kingdom,Western Europe
ART-11258,Bilateral currency swaps activated as commercial banking system faces dollar liquidity squeeze,"Central monetary authorities tapped bilateral foreign currency swap lines to inject hard currency liquidity into domestic commercial banks struggling with overseas settlement obligations. Treasury officials emphasized that foreign reserve backstops remain adequate to maintain interbank clearing operations. According to senior officials in Ukraine, recent indicators across Eastern Europe underscore the urgency of coordinated multilateral action.",Economic Impact,2026-05-17,Bloomberg,Ukraine,Eastern Europe
ART-11296,"Field hospitals face critical shortages of surgical anesthetics, electricity, and clean water","Medical relief organizations operating inside crisis sectors issued urgent distress alerts regarding depleted pharmaceuticals, damaged municipal water treatment facilities, and erratic generator fuel supplies necessary to maintain life-saving intensive care and trauma operating rooms. International stakeholders operating within Eastern Europe called on officials in Russia to exercise maximum caution.",Humanitarian Impact,2026-07-04,Deutsche Welle,Russia,Eastern Europe
ART-11531,Diplomatic communique issued regarding border status,,Diplomatic / Political,2026-04-12,Reuters,Russia,Eastern Europe
ART-11082,Bilateral currency swaps activated as commercial banking system faces dollar liquidity squeeze,Central monetary authorities tapped bilateral foreign currency swap lines to inject hard currency liquidity into domestic commercial banks struggling with overseas settlement obligations. Treasury officials emphasized that foreign reserve backstops remain adequate to maintain interbank clearing operations. International stakeholders operating within South Asia called on officials in Pakistan to exercise maximum caution.,Economic Impact,2026-03-28,Al Jazeera,Pakistan,South Asia
ART-10780,Customs authority impounds containerized shipments under expanded cross-border trade sanctions,"Port customs officials seized hundreds of cargo containers suspected of violating expanded international sanctions targeting dual-use industrial components. Importers and freight forwarders faced lengthy legal audits and storage fees as customs clearance procedures were dramatically expanded. According to senior officials in Japan, recent indicators across East Asia underscore the urgency of coordinated multilateral action.",Trade & Shipping,2026-07-09,Financial Times,Japan,East Asia
ART-10651,Offshore drilling platform security elevated following hostile drone reconnaissance sightings,"Offshore energy operators implemented maximum security protocols across deepwater drilling rigs after unidentified aerial drones were observed conducting surveillance over gas extraction platforms. Naval patrol craft were deployed to maintain exclusion perimeters around strategic energy infrastructure. According to senior officials in Turkey, recent indicators across Middle East underscore the urgency of coordinated multilateral action.",Energy Risk,2026-01-28,Al Jazeera,Turkey,Middle East
ART-10180,Cross-border commando raid triggers intense infantry firefight along buffer line,"Special forces detachments conducted reconnaissance incursions into contested border sectors, sparking sustained firefights with entrenched hostile infantry. Rapid deployment armored battalions were dispatched with close air support to establish defensive perimeters and extract forward patrol units under heavy mortar suppression. Field correspondents in Qatar reported that ongoing developments across Persian Gulf are compounding operational risks.",Military Conflict,2026-05-08,Associated Press,Qatar,Persian Gulf
ART-10341,Multilateral peace conference deadlocked over territorial governance and treaty guarantees,Diplomatic negotiations stalled after opposing delegations rejected compromise terms concerning international border administration and security guarantees. Facilitators from neutral states urged both delegations to maintain working-level communications and prevent the total breakdown of diplomatic dialogue. International stakeholders operating within South Asia called on officials in India to exercise maximum caution.,Diplomatic / Political,2026-10-11,Financial Times,India,South Asia
ART-11145,Foreign direct investment inflows contract sharply amid cross-border geopolitical instability,"Economic development ministries reported a substantial deceleration in inbound foreign direct investment as multinational corporations suspended cross-border capital expansion projects. Investment analysts cited sovereign expropriation risks and geopolitical volatility as primary drivers of capital hesitation. Reporting from India, diplomatic and local observers noted that strategic shifts in South Asia continue to dictate regional outcomes.",Economic Impact,2026-03-16,Reuters,India,South Asia
ART-11246,Sovereign credit rating placed under negative review following capital flight and currency depreciation,"International credit rating agencies placed sovereign debt issuances on negative watch, citing widening fiscal deficits, rapid foreign exchange reserve depletion, and heightened geopolitical risk premia. Domestic currency valuations experienced sharp depreciations against global reserve currencies. International stakeholders operating within East Asia called on officials in China to exercise maximum caution.",Economic Impact,2026-01-26,Reuters,China,East Asia
ART-10790,Container shipping carriers divert cargo fleets around Cape of Good Hope amid maritime threats,"Leading international container shipping lines announced indefinite rerouting of commercial vessels around southern Africa to avoid high-risk maritime straits. The maritime diversion adds 10 to 14 days to standard transit voyages, absorbing container fleet capacity, delaying port turnarounds, and triggering sharp increases in spot ocean freight rates. International stakeholders operating within Middle East called on officials in Turkey to exercise maximum caution.",Trade & Shipping,2026-03-06,Bloomberg,Turkey,Middle East
ART-10996,Customs authority impounds containerized shipments under expanded cross-border trade sanctions,"Port customs officials seized hundreds of cargo containers suspected of violating expanded international sanctions targeting dual-use industrial components. Importers and freight forwarders faced lengthy legal audits and storage fees as customs clearance procedures were dramatically expanded. In Egypt, emergency coordination committees met to assess secondary vulnerabilities across Red Sea & Horn of Africa.",Trade & Shipping,2026-07-03,Bloomberg,Egypt,Red Sea & Horn of Africa
ART-11127,Stock exchange volatility index spikes as investors rotate capital into sovereign bonds and gold,"Equities across regional bourses recorded broad sell-offs, with industrial, aviation, and consumer discretionary shares leading declines. Capital allocators rotated liquidity into sovereign treasury securities, bullion, and cash equivalents amid heightened geopolitical uncertainty and macroeconomic stagflation fears. International stakeholders operating within Persian Gulf called on officials in Saudi Arabia to exercise maximum caution.",Economic Impact,2026-07-28,Nikkei Asia,Saudi Arabia,Persian Gulf
ART-10695,Major crude oil pipeline flow suspended following strategic transit sabotage threat,"Energy operators halted pumping operations along a major transcontinental crude pipeline after intelligence reports identified credible security threats against remote pumping stations. Energy security ministries initiated pipeline integrity inspections, while oil refinery operators tapped reserve stockpiles to maintain downstream distillation output. In Turkey, emergency coordination committees met to assess secondary vulnerabilities across Middle East.",Energy Risk,2026-01-01,Financial Times,Turkey,Middle East
ART-10398,Foreign ministers issue joint communique calling for de-escalation and diplomatic roadmaps,Senior diplomats representing regional powers issued a coordinated statement demanding an immediate halt to escalating rhetoric and the restoration of established diplomatic channels. The communique proposed a three-phase transition roadmap including demilitarized buffer zones and internationally monitored elections. International stakeholders operating within Persian Gulf called on officials in Qatar to exercise maximum caution.,Diplomatic / Political,2026-08-17,Associated Press,Qatar,Persian Gulf
ART-10714,Strategic petroleum reserve release authorized to counterbalance global supply disruptions,Energy authorities authorized the emergency drawdown of millions of barrels of crude oil from national strategic petroleum reserves to stabilize domestic fuel supply chains. Energy department officials coordinated the release with international energy partners to offset prolonged refinery feedstock shortages. Field correspondents in United States reported that ongoing developments across North America are compounding operational risks.,Energy Risk,2026-02-02,Al Jazeera,United States,North America
ART-10647,Major crude oil pipeline flow suspended following strategic transit sabotage threat,"Energy operators halted pumping operations along a major transcontinental crude pipeline after intelligence reports identified credible security threats against remote pumping stations. Energy security ministries initiated pipeline integrity inspections, while oil refinery operators tapped reserve stockpiles to maintain downstream distillation output. In Iran, emergency coordination committees met to assess secondary vulnerabilities across Persian Gulf.",Energy Risk,2026-03-06,Al Jazeera,Iran,Persian Gulf
ART-11508,Civilian evacuation corridors established under international red cross mediation,"Humanitarian organizations coordinated temporary civilian safe-passage corridors to evacuate vulnerable elderly, women, and pediatric patients from active hostility perimeters. International observers monitored compliance to ensure unhindered transit for humanitarian convoys transporting essential rations and emergency medical supplies. Strategic intelligence assessments issued in Sudan indicate that conditions in Red Sea & Horn of Africa remain highly dynamic and fluid.",Humanitarian Impact,2026-08-23,Nikkei Asia,Sudan,Red Sea & Horn of Africa
ART-10615,Major crude oil pipeline flow suspended following strategic transit sabotage threat,"Energy operators halted pumping operations along a major transcontinental crude pipeline after intelligence reports identified credible security threats against remote pumping stations. Energy security ministries initiated pipeline integrity inspections, while oil refinery operators tapped reserve stockpiles to maintain downstream distillation output. In Germany, emergency coordination committees met to assess secondary vulnerabilities across Western Europe.",Energy Risk,2026-03-01,Reuters,Germany,Western Europe
ART-11081,Foreign direct investment inflows contract sharply amid cross-border geopolitical instability,Economic development ministries reported a substantial deceleration in inbound foreign direct investment as multinational corporations suspended cross-border capital expansion projects. Investment analysts cited sovereign expropriation risks and geopolitical volatility as primary drivers of capital hesitation. International stakeholders operating within South Asia called on officials in Pakistan to exercise maximum caution.,Economic Impact,2026-08-03,Reuters,Pakistan,South Asia
ART-10983,Port congestion and customs clearance bottlenecks escalate across major maritime container terminals,"Logistics operators reported severe berthing queues and prolonged container dwell times exceeding historical highs at major oceanic gateway terminals. Freight forwarders cited vessel bunching, rail intermodal backlogs, and maritime rerouting schedules as compounding drivers of global supply chain gridlock. In Pakistan, emergency coordination committees met to assess secondary vulnerabilities across South Asia.",Trade & Shipping,2026-04-11,Reuters,Pakistan,South Asia
ART-10258,Ambassadorial recall and formal diplomatic demarche issued over treaty violation,The foreign ministry formally summoned the resident ambassador to deliver a stern diplomatic demarche protesting recent unilateral border treaties and sovereignty violations. State officials announced the immediate recall of senior diplomatic legations for urgent foreign policy strategy reviews. International stakeholders operating within South Asia called on officials in India to exercise maximum caution.,Diplomatic / Political,2026-10-25,UN News,India,South Asia
ART-11279,Disrupted municipal power grids and water filtration plants jeopardize civilian public health,Public health authorities warned of escalating waterborne disease outbreaks after sustained infrastructure damage crippled municipal water purification networks and electrical sub-stations. Emergency relief teams deployed portable purification modules and oral rehydration packets to mitigate sanitary hazards. International stakeholders operating within Eastern Europe called on officials in Poland to exercise maximum caution.,Humanitarian Impact,2026-01-18,Wall Street Journal,Poland,Eastern Europe
ART-10583,Major crude oil pipeline flow suspended following strategic transit sabotage threat,"Energy operators halted pumping operations along a major transcontinental crude pipeline after intelligence reports identified credible security threats against remote pumping stations. Energy security ministries initiated pipeline integrity inspections, while oil refinery operators tapped reserve stockpiles to maintain downstream distillation output. International stakeholders operating within Red Sea & Horn of Africa called on officials in Sudan to exercise maximum caution.",Energy Risk,2026-05-08,Bloomberg,Sudan,Red Sea & Horn of Africa
ART-11523,Mobile medical teams deploy to remote border crossings as civilian trauma casualties mount,Emergency medical NGOs deployed mobile surgical units and trauma ambulances along primary refugee transit highways to treat shrapnel injuries and dehydration. Medical directors reported that regional clinics have exhausted their primary supplies of blood plasma and IV fluids. Authorities in United States emphasized that immediate stability in North America remains essential to mitigating broader systemic fallout.,Humanitarian Impact,2026-08-18,Deutsche Welle,United States,North America
ART-11110,Sovereign credit rating placed under negative review following capital flight and currency depreciation,"International credit rating agencies placed sovereign debt issuances on negative watch, citing widening fiscal deficits, rapid foreign exchange reserve depletion, and heightened geopolitical risk premia. Domestic currency valuations experienced sharp depreciations against global reserve currencies. Analysts tracking developments in India highlighted that multilateral actors in South Asia are preparing contingency measures.",Economic Impact,2026-09-03,Nikkei Asia,India,South Asia
ART-11371,Mobile medical teams deploy to remote border crossings as civilian trauma casualties mount,"Emergency medical NGOs deployed mobile surgical units and trauma ambulances along primary refugee transit highways to treat shrapnel injuries and dehydration. Medical directors reported that regional clinics have exhausted their primary supplies of blood plasma and IV fluids. In Saudi Arabia, emergency coordination committees met to assess secondary vulnerabilities across Persian Gulf.",Humanitarian Impact,2026-09-11,Associated Press,Saudi Arabia,Persian Gulf
ART-11383,Disrupted municipal power grids and water filtration plants jeopardize civilian public health,Public health authorities warned of escalating waterborne disease outbreaks after sustained infrastructure damage crippled municipal water purification networks and electrical sub-stations. Emergency relief teams deployed portable purification modules and oral rehydration packets to mitigate sanitary hazards. Authorities in Pakistan emphasized that immediate stability in South Asia remains essential to mitigating broader systemic fallout.,Humanitarian Impact,2026-01-11,Associated Press,Pakistan,South Asia
ART-10730,Strategic petroleum reserve release authorized to counterbalance global supply disruptions,"Energy authorities authorized the emergency drawdown of millions of barrels of crude oil from national strategic petroleum reserves to stabilize domestic fuel supply chains. Energy department officials coordinated the release with international energy partners to offset prolonged refinery feedstock shortages. According to senior officials in China, recent indicators across East Asia underscore the urgency of coordinated multilateral action.",Energy Risk,2026-08-15,Associated Press,China,East Asia
ART-10105,Artillery barrages and tactical drone strikes intensify along contested frontline,Heavy artillery exchanges and long-range unmanned aerial strikes escalated across contested frontline defense sectors overnight. Ground command headquarters confirmed multiple cruise missile interceptions and reinforced mechanized infantry brigades holding fortified trenches. Contested air defense batteries engaged low-altitude reconnaissance drones while combat engineers deployed perimeter minefields. Strategic intelligence assessments issued in Saudi Arabia indicate that conditions in Persian Gulf remain highly dynamic and fluid.,Military Conflict,2026-01-18,UN News,Saudi Arabia,Persian Gulf
ART-11015,Port congestion and customs clearance bottlenecks escalate across major maritime container terminals,"Logistics operators reported severe berthing queues and prolonged container dwell times exceeding historical highs at major oceanic gateway terminals. Freight forwarders cited vessel bunching, rail intermodal backlogs, and maritime rerouting schedules as compounding drivers of global supply chain gridlock. According to senior officials in Turkey, recent indicators across Middle East underscore the urgency of coordinated multilateral action.",Trade & Shipping,2026-01-13,Nikkei Asia,Turkey,Middle East
ART-11007,Port congestion and customs clearance bottlenecks escalate across major maritime container terminals,"Logistics operators reported severe berthing queues and prolonged container dwell times exceeding historical highs at major oceanic gateway terminals. Freight forwarders cited vessel bunching, rail intermodal backlogs, and maritime rerouting schedules as compounding drivers of global supply chain gridlock. According to senior officials in Turkey, recent indicators across Middle East underscore the urgency of coordinated multilateral action.",Trade & Shipping,2026-06-16,UN News,Turkey,Middle East
ART-11070,Sovereign credit rating placed under negative review following capital flight and currency depreciation,"International credit rating agencies placed sovereign debt issuances on negative watch, citing widening fiscal deficits, rapid foreign exchange reserve depletion, and heightened geopolitical risk premia. Domestic currency valuations experienced sharp depreciations against global reserve currencies. Analysts tracking developments in Iran highlighted that multilateral actors in Persian Gulf are preparing contingency measures.",Economic Impact,2026-09-20,Reuters,Iran,Persian Gulf
ART-11255,Stock exchange volatility index spikes as investors rotate capital into sovereign bonds and gold,"Equities across regional bourses recorded broad sell-offs, with industrial, aviation, and consumer discretionary shares leading declines. Capital allocators rotated liquidity into sovereign treasury securities, bullion, and cash equivalents amid heightened geopolitical uncertainty and macroeconomic stagflation fears. In Turkey, emergency coordination committees met to assess secondary vulnerabilities across Middle East.",Economic Impact,2026-03-25,Financial Times,Turkey,Middle East
ART-10786,Air cargo freight rates surge as commercial shippers seek alternatives to disrupted ocean lanes,Air logistics forwarders recorded historic price increases per kilogram of air cargo as manufacturers chartered dedicated freighter aircraft to bypass blocked maritime shipping corridors. Cargo airlines expanded flight schedules between manufacturing hubs to accommodate high-value automotive and electronics freight. International stakeholders operating within Red Sea & Horn of Africa called on officials in Egypt to exercise maximum caution.,Trade & Shipping,2026-03-10,Nikkei Asia,Egypt,Red Sea & Horn of Africa
ART-10309,Multilateral peace conference deadlocked over territorial governance and treaty guarantees,Diplomatic negotiations stalled after opposing delegations rejected compromise terms concerning international border administration and security guarantees. Facilitators from neutral states urged both delegations to maintain working-level communications and prevent the total breakdown of diplomatic dialogue. International stakeholders operating within Red Sea & Horn of Africa called on officials in Sudan to exercise maximum caution.,Diplomatic / Political,2026-03-27,UN News,Sudan,Red Sea & Horn of Africa
ART-11490,Makeshift refugee settlements overwhelmed by torrential flooding and freezing weather,"Severe seasonal weather inundated informal displacement settlements, destroying temporary plastic shelters and creating catastrophic sanitary conditions for thousands of families. Disaster response teams mobilized emergency drainage pumps and emergency clothing distributions. International stakeholders operating within Eastern Europe called on officials in Ukraine to exercise maximum caution.",Humanitarian Impact,2026-07-10,Reuters,Ukraine,Eastern Europe
ART-11370,Makeshift refugee settlements overwhelmed by torrential flooding and freezing weather,"Severe seasonal weather inundated informal displacement settlements, destroying temporary plastic shelters and creating catastrophic sanitary conditions for thousands of families. Disaster response teams mobilized emergency drainage pumps and emergency clothing distributions. According to senior officials in United States, recent indicators across North America underscore the urgency of coordinated multilateral action.",Humanitarian Impact,2026-08-17,Bloomberg,United States,North America
ART-10138,Naval task force engages hostile explosive drone boats in strategic strait,"Guided missile destroyers deployed on maritime security patrol neutralized several unmanned explosive surface vessels attempting to strike military logistics convoys. Naval fleet commanders ordered elevated combat readiness and deployed electronic jamming countermeasures to disable hostile telemetry links along contested maritime transit corridors. Reporting from Iran, diplomatic and local observers noted that strategic shifts in Persian Gulf continue to dictate regional outcomes.",Military Conflict,2026-08-13,Associated Press,Iran,Persian Gulf
ART-11151,Stock exchange volatility index spikes as investors rotate capital into sovereign bonds and gold,"Equities across regional bourses recorded broad sell-offs, with industrial, aviation, and consumer discretionary shares leading declines. Capital allocators rotated liquidity into sovereign treasury securities, bullion, and cash equivalents amid heightened geopolitical uncertainty and macroeconomic stagflation fears. Field correspondents in India reported that ongoing developments across South Asia are compounding operational risks.",Economic Impact,2026-04-21,Wall Street Journal,India,South Asia
ART-11139,Consumer confidence plunges as energy and food price inflation erodes household purchasing power,National economic sentiment surveys revealed the steepest monthly drop in consumer confidence in several years as rising utility bills and grocery costs squeezed household budgets. Economists warned that declining domestic retail consumption will act as a major drag on quarterly gross domestic product. International stakeholders operating within Red Sea & Horn of Africa called on officials in Sudan to exercise maximum caution.,Economic Impact,2026-03-09,BBC News,Sudan,Red Sea & Horn of Africa
ART-10571,Offshore drilling platform security elevated following hostile drone reconnaissance sightings,"Offshore energy operators implemented maximum security protocols across deepwater drilling rigs after unidentified aerial drones were observed conducting surveillance over gas extraction platforms. Naval patrol craft were deployed to maintain exclusion perimeters around strategic energy infrastructure. In Japan, emergency coordination committees met to assess secondary vulnerabilities across East Asia.",Energy Risk,2026-09-04,BBC News,Japan,East Asia
ART-10136,Tactical ballistic missiles intercept hostile command post in retaliatory strike,"Military command launched precision ballistic missiles targeting an underground tactical operations center following sustained perimeter rocket attacks. Satellite damage assessments confirmed extensive structural destruction to communications masts and command bunkers. According to senior officials in Iran, recent indicators across Persian Gulf underscore the urgency of coordinated multilateral action.",Military Conflict,2026-05-19,Reuters,Iran,Persian Gulf
ART-10451,Regional security summit yields preliminary multilateral mutual non-aggression pact,Heads of state concluded an emergency multilateral summit with a joint communique pledging adherence to non-aggression principles and established arbitration treaties. Diplomatic working groups were tasked with establishing direct hotline communications between military defense commands to mitigate miscalculation risks. Field correspondents in South Korea reported that ongoing developments across East Asia are compounding operational risks.,Diplomatic / Political,2026-01-02,Al Jazeera,South Korea,East Asia
ART-11267,Consumer confidence plunges as energy and food price inflation erodes household purchasing power,National economic sentiment surveys revealed the steepest monthly drop in consumer confidence in several years as rising utility bills and grocery costs squeezed household budgets. Economists warned that declining domestic retail consumption will act as a major drag on quarterly gross domestic product. Analysts tracking developments in Taiwan highlighted that multilateral actors in East Asia are preparing contingency measures.,Economic Impact,2026-09-02,Associated Press,Taiwan,East Asia
ART-10436,Parliamentary committee ratifies strategic bilateral defense cooperation treaty,"Legislators voted overwhelmingly to approve a comprehensive security alliance treaty authorizing joint intelligence sharing, reciprocal military base access, and coordinated defense procurement. Government ministers emphasized that the diplomatic accord reinforces regional deterrence without violating international neutrality accords. International stakeholders operating within North America called on officials in United States to exercise maximum caution.",Diplomatic / Political,2026-10-19,Nikkei Asia,United States,North America
ART-10798,Container shipping carriers divert cargo fleets around Cape of Good Hope amid maritime threats,"Leading international container shipping lines announced indefinite rerouting of commercial vessels around southern Africa to avoid high-risk maritime straits. The maritime diversion adds 10 to 14 days to standard transit voyages, absorbing container fleet capacity, delaying port turnarounds, and triggering sharp increases in spot ocean freight rates. International stakeholders operating within Red Sea & Horn of Africa called on officials in Sudan to exercise maximum caution.",Trade & Shipping,2026-06-27,Wall Street Journal,Sudan,Red Sea & Horn of Africa
ART-11295,Disrupted municipal power grids and water filtration plants jeopardize civilian public health,Public health authorities warned of escalating waterborne disease outbreaks after sustained infrastructure damage crippled municipal water purification networks and electrical sub-stations. Emergency relief teams deployed portable purification modules and oral rehydration packets to mitigate sanitary hazards. Analysts tracking developments in South Korea highlighted that multilateral actors in East Asia are preparing contingency measures.,Humanitarian Impact,2026-09-26,BBC News,South Korea,East Asia
ART-10648,OPEC+ convenes emergency ministerial meeting as maritime transit tensions threaten crude exports,"Petroleum exporting ministers scheduled extraordinary virtual consultations to review market stability and global spare crude production capacity following maritime bottlenecks in key transit chokepoints. Energy analysts cautioned that export delays could quickly deplete OECD commercial crude reserves and elevate spot price volatility. In Saudi Arabia, emergency coordination committees met to assess secondary vulnerabilities across Persian Gulf.",Energy Risk,2026-02-14,Reuters,Saudi Arabia,Persian Gulf
ART-10824,Bilateral tariff escalation and export licensing controls enacted on critical high-tech components,"Commerce ministries imposed sweeping tariff increases and strict export license restrictions on key industrial raw materials, advanced machine tools, and semiconductor wafers. Trade associations warned that compliance friction and retaliatory tariffs threaten to disrupt global electronic manufacturing supply chains. In Pakistan, emergency coordination committees met to assess secondary vulnerabilities across South Asia.",Trade & Shipping,2026-07-08,Bloomberg,Pakistan,South Asia
ART-10031,Urban warfare intensifies as mechanized units push into contested industrial outskirts,"Heavy machine gun fire, anti-tank guided missiles, and snipers engaged in ferocious building-to-building clashes in industrial sectors. Combat engineers detonated obstacle barriers under smoke screens while field artillery delivered preparatory barrages against reinforced strongpoints. According to senior officials in South Korea, recent indicators across East Asia underscore the urgency of coordinated multilateral action.",Military Conflict,2026-09-09,Bloomberg,South Korea,East Asia
ART-10356,Parliamentary committee ratifies strategic bilateral defense cooperation treaty,"Legislators voted overwhelmingly to approve a comprehensive security alliance treaty authorizing joint intelligence sharing, reciprocal military base access, and coordinated defense procurement. Government ministers emphasized that the diplomatic accord reinforces regional deterrence without violating international neutrality accords. According to senior officials in Russia, recent indicators across Eastern Europe underscore the urgency of coordinated multilateral action.",Diplomatic / Political,2026-06-05,Reuters,Russia,Eastern Europe
ART-10663,Major crude oil pipeline flow suspended following strategic transit sabotage threat,"Energy operators halted pumping operations along a major transcontinental crude pipeline after intelligence reports identified credible security threats against remote pumping stations. Energy security ministries initiated pipeline integrity inspections, while oil refinery operators tapped reserve stockpiles to maintain downstream distillation output. In Turkey, emergency coordination committees met to assess secondary vulnerabilities across Middle East.",Energy Risk,2026-03-01,UN News,Turkey,Middle East
ART-10731,Offshore drilling platform security elevated following hostile drone reconnaissance sightings,"Offshore energy operators implemented maximum security protocols across deepwater drilling rigs after unidentified aerial drones were observed conducting surveillance over gas extraction platforms. Naval patrol craft were deployed to maintain exclusion perimeters around strategic energy infrastructure. According to senior officials in Israel, recent indicators across Middle East underscore the urgency of coordinated multilateral action.",Energy Risk,2026-06-15,Al Jazeera,Israel,Middle East
ART-10217,Artillery barrages and tactical drone strikes intensify along contested frontline,"Heavy artillery exchanges and long-range unmanned aerial strikes escalated across contested frontline defense sectors overnight. Ground command headquarters confirmed multiple cruise missile interceptions and reinforced mechanized infantry brigades holding fortified trenches. Contested air defense batteries engaged low-altitude reconnaissance drones while combat engineers deployed perimeter minefields. According to senior officials in Saudi Arabia, recent indicators across Persian Gulf underscore the urgency of coordinated multilateral action.",Military Conflict,2026-02-17,Deutsche Welle,Saudi Arabia,Persian Gulf
ART-10438,Foreign ministers issue joint communique calling for de-escalation and diplomatic roadmaps,"Senior diplomats representing regional powers issued a coordinated statement demanding an immediate halt to escalating rhetoric and the restoration of established diplomatic channels. The communique proposed a three-phase transition roadmap including demilitarized buffer zones and internationally monitored elections. According to senior officials in Pakistan, recent indicators across South Asia underscore the urgency of coordinated multilateral action.",Diplomatic / Political,2026-06-21,Nikkei Asia,Pakistan,South Asia
ART-10476,Parliamentary committee ratifies strategic bilateral defense cooperation treaty,"Legislators voted overwhelmingly to approve a comprehensive security alliance treaty authorizing joint intelligence sharing, reciprocal military base access, and coordinated defense procurement. Government ministers emphasized that the diplomatic accord reinforces regional deterrence without violating international neutrality accords. In Sudan, emergency coordination committees met to assess secondary vulnerabilities across Red Sea & Horn of Africa.",Diplomatic / Political,2026-05-05,UN News,Sudan,Red Sea & Horn of Africa
ART-10248,Tactical ballistic missiles intercept hostile command post in retaliatory strike,Military command launched precision ballistic missiles targeting an underground tactical operations center following sustained perimeter rocket attacks. Satellite damage assessments confirmed extensive structural destruction to communications masts and command bunkers. Strategic intelligence assessments issued in Israel indicate that conditions in Middle East remain highly dynamic and fluid.,Military Conflict,2026-01-28,Deutsche Welle,Israel,Middle East
ART-10877,Global automotive supply chains stall as crucial raw material cargo shipments face port delays,"Major automotive assembly plants announced temporary production line shutdowns due to critical parts shortages resulting from delayed maritime shipping containers. Logistics coordinators reported that specialized component vessels had been delayed over two weeks due to harbor congestion. According to senior officials in Taiwan, recent indicators across East Asia underscore the urgency of coordinated multilateral action.",Trade & Shipping,2026-06-23,Deutsche Welle,Taiwan,East Asia
ART-10810,Air cargo freight rates surge as commercial shippers seek alternatives to disrupted ocean lanes,Air logistics forwarders recorded historic price increases per kilogram of air cargo as manufacturers chartered dedicated freighter aircraft to bypass blocked maritime shipping corridors. Cargo airlines expanded flight schedules between manufacturing hubs to accommodate high-value automotive and electronics freight. Strategic intelligence assessments issued in Turkey indicate that conditions in Middle East remain highly dynamic and fluid.,Trade & Shipping,2026-08-13,BBC News,Turkey,Middle East
ART-11130,Bilateral currency swaps activated as commercial banking system faces dollar liquidity squeeze,"Central monetary authorities tapped bilateral foreign currency swap lines to inject hard currency liquidity into domestic commercial banks struggling with overseas settlement obligations. Treasury officials emphasized that foreign reserve backstops remain adequate to maintain interbank clearing operations. According to senior officials in Germany, recent indicators across Western Europe underscore the urgency of coordinated multilateral action.",Economic Impact,2026-02-09,Wall Street Journal,Germany,Western Europe
ART-11432,"Field hospitals face critical shortages of surgical anesthetics, electricity, and clean water","Medical relief organizations operating inside crisis sectors issued urgent distress alerts regarding depleted pharmaceuticals, damaged municipal water treatment facilities, and erratic generator fuel supplies necessary to maintain life-saving intensive care and trauma operating rooms. According to senior officials in Turkey, recent indicators across Middle East underscore the urgency of coordinated multilateral action.",Humanitarian Impact,2026-02-26,Reuters,Turkey,Middle East
ART-10661,Uranium enrichment and nuclear fuel supply chains threatened by geopolitical trade curbs,"Civilian nuclear power operators warned of long-term fuel fabrication vulnerabilities as geopolitical tensions disrupted international uranium enrichment and nuclear fuel rod shipments. Power plant managers initiated fuel conservation measures to safeguard baseload electrical generation capacity. In Pakistan, emergency coordination committees met to assess secondary vulnerabilities across South Asia.",Energy Risk,2026-06-28,Nikkei Asia,Pakistan,South Asia
ART-11304,"Field hospitals face critical shortages of surgical anesthetics, electricity, and clean water","Medical relief organizations operating inside crisis sectors issued urgent distress alerts regarding depleted pharmaceuticals, damaged municipal water treatment facilities, and erratic generator fuel supplies necessary to maintain life-saving intensive care and trauma operating rooms. International stakeholders operating within Persian Gulf called on officials in Saudi Arabia to exercise maximum caution.",Humanitarian Impact,2026-10-12,BBC News,Saudi Arabia,Persian Gulf
ART-10221,Armored battalion mobilizes main battle tanks as cross-border incursions escalate,"Mechanized combat divisions equipped with main battle tanks and armored fighting vehicles initiated defensive counter-maneuvers following reported hostile border crossings. Military leadership enacted wartime emergency protocol, stationing self-propelled howitzers and air surveillance batteries across frontline tactical sectors. Reporting from Iran, diplomatic and local observers noted that strategic shifts in Persian Gulf continue to dictate regional outcomes.",Military Conflict,2026-08-23,Al Jazeera,Iran,Persian Gulf
ART-11475,Mobile medical teams deploy to remote border crossings as civilian trauma casualties mount,"Emergency medical NGOs deployed mobile surgical units and trauma ambulances along primary refugee transit highways to treat shrapnel injuries and dehydration. Medical directors reported that regional clinics have exhausted their primary supplies of blood plasma and IV fluids. In Japan, emergency coordination committees met to assess secondary vulnerabilities across East Asia.",Humanitarian Impact,2026-07-11,Al Jazeera,Japan,East Asia
ART-10852,Customs authority impounds containerized shipments under expanded cross-border trade sanctions,Port customs officials seized hundreds of cargo containers suspected of violating expanded international sanctions targeting dual-use industrial components. Importers and freight forwarders faced lengthy legal audits and storage fees as customs clearance procedures were dramatically expanded. Analysts tracking developments in Egypt highlighted that multilateral actors in Red Sea & Horn of Africa are preparing contingency measures.,Trade & Shipping,2026-04-19,Deutsche Welle,Egypt,Red Sea & Horn of Africa
ART-11564,Central banks signal emergency interest rate adjustments as geopolitical inflation pressures broaden,"Monetary policy committees convened extraordinary policy meetings to evaluate persistent macroeconomic shocks stemming from import price inflation and commodity supply friction. Financial market analysts revised benchmark interest rate trajectories upward as headline consumer price indices reflected elevated freight and producer input expenses. In Ukraine, emergency coordination committees met to assess secondary vulnerabilities across Eastern Europe.",Economic Impact,2026-02-26,Associated Press,Ukraine,Eastern Europe
ART-11399,Disrupted municipal power grids and water filtration plants jeopardize civilian public health,"Public health authorities warned of escalating waterborne disease outbreaks after sustained infrastructure damage crippled municipal water purification networks and electrical sub-stations. Emergency relief teams deployed portable purification modules and oral rehydration packets to mitigate sanitary hazards. According to senior officials in Saudi Arabia, recent indicators across Persian Gulf underscore the urgency of coordinated multilateral action.",Humanitarian Impact,2026-05-22,Bloomberg,Saudi Arabia,Persian Gulf
ART-10344,Bilateral ceasefire negotiations resume under international diplomatic mediation,"Special diplomatic envoys and foreign ministers convened high-stakes closed-door consultations aimed at establishing an immediate humanitarian truce and verifiable demilitarization framework. Negotiators reviewed draft protocols addressing prisoner-of-war exchanges, border verification monitors, and the formal cessation of cross-border hostilities. According to senior officials in China, recent indicators across East Asia underscore the urgency of coordinated multilateral action.",Diplomatic / Political,2026-01-04,Bloomberg,China,East Asia
ART-10198,Air defense interceptors scramble as hostile bomber formations approach territorial airspace,"Tactical fighter squadrons conducted emergency combat air patrols after long-range strategic bombers were detected operating near sovereign air defense identification zones. Defense ministry officials confirmed that electronic warfare aircraft shadowed the formations until they altered course away from defensive boundaries. According to senior officials in Iran, recent indicators across Persian Gulf underscore the urgency of coordinated multilateral action.",Military Conflict,2026-03-03,Al Jazeera,Iran,Persian Gulf
ART-10452,Parliamentary committee ratifies strategic bilateral defense cooperation treaty,"Legislators voted overwhelmingly to approve a comprehensive security alliance treaty authorizing joint intelligence sharing, reciprocal military base access, and coordinated defense procurement. Government ministers emphasized that the diplomatic accord reinforces regional deterrence without violating international neutrality accords. Analysts tracking developments in Pakistan highlighted that multilateral actors in South Asia are preparing contingency measures.",Diplomatic / Political,2026-06-21,Deutsche Welle,Pakistan,South Asia
ART-10130,Naval task force engages hostile explosive drone boats in strategic strait,"Guided missile destroyers deployed on maritime security patrol neutralized several unmanned explosive surface vessels attempting to strike military logistics convoys. Naval fleet commanders ordered elevated combat readiness and deployed electronic jamming countermeasures to disable hostile telemetry links along contested maritime transit corridors. In Poland, emergency coordination committees met to assess secondary vulnerabilities across Eastern Europe.",Military Conflict,2026-05-09,Al Jazeera,Poland,Eastern Europe
ART-10394,Ambassadorial recall and formal diplomatic demarche issued over treaty violation,The foreign ministry formally summoned the resident ambassador to deliver a stern diplomatic demarche protesting recent unilateral border treaties and sovereignty violations. State officials announced the immediate recall of senior diplomatic legations for urgent foreign policy strategy reviews. Authorities in Yemen emphasized that immediate stability in Red Sea & Horn of Africa remains essential to mitigating broader systemic fallout.,Diplomatic / Political,2026-09-22,Deutsche Welle,Yemen,Red Sea & Horn of Africa
ART-10691,Offshore drilling platform security elevated following hostile drone reconnaissance sightings,"Offshore energy operators implemented maximum security protocols across deepwater drilling rigs after unidentified aerial drones were observed conducting surveillance over gas extraction platforms. Naval patrol craft were deployed to maintain exclusion perimeters around strategic energy infrastructure. In Russia, emergency coordination committees met to assess secondary vulnerabilities across Eastern Europe.",Energy Risk,2026-05-15,Reuters,Russia,Eastern Europe
ART-10030,Air defense interceptors scramble as hostile bomber formations approach territorial airspace,"Tactical fighter squadrons conducted emergency combat air patrols after long-range strategic bombers were detected operating near sovereign air defense identification zones. Defense ministry officials confirmed that electronic warfare aircraft shadowed the formations until they altered course away from defensive boundaries. According to senior officials in Israel, recent indicators across Middle East underscore the urgency of coordinated multilateral action.",Military Conflict,2026-03-25,Nikkei Asia,Israel,Middle East
ART-10058,Naval task force engages hostile explosive drone boats in strategic strait,Guided missile destroyers deployed on maritime security patrol neutralized several unmanned explosive surface vessels attempting to strike military logistics convoys. Naval fleet commanders ordered elevated combat readiness and deployed electronic jamming countermeasures to disable hostile telemetry links along contested maritime transit corridors. Analysts tracking developments in India highlighted that multilateral actors in South Asia are preparing contingency measures.,Military Conflict,2026-05-23,Nikkei Asia,India,South Asia
ART-10864,Bilateral tariff escalation and export licensing controls enacted on critical high-tech components,"Commerce ministries imposed sweeping tariff increases and strict export license restrictions on key industrial raw materials, advanced machine tools, and semiconductor wafers. Trade associations warned that compliance friction and retaliatory tariffs threaten to disrupt global electronic manufacturing supply chains. In Japan, emergency coordination committees met to assess secondary vulnerabilities across East Asia.",Trade & Shipping,2026-04-06,Wall Street Journal,Japan,East Asia
ART-10033,Artillery barrages and tactical drone strikes intensify along contested frontline,"Heavy artillery exchanges and long-range unmanned aerial strikes escalated across contested frontline defense sectors overnight. Ground command headquarters confirmed multiple cruise missile interceptions and reinforced mechanized infantry brigades holding fortified trenches. Contested air defense batteries engaged low-altitude reconnaissance drones while combat engineers deployed perimeter minefields. In Poland, emergency coordination committees met to assess secondary vulnerabilities across Eastern Europe.",Military Conflict,2026-08-17,Al Jazeera,Poland,Eastern Europe
ART-10188,Cross-border commando raid triggers intense infantry firefight along buffer line,"Special forces detachments conducted reconnaissance incursions into contested border sectors, sparking sustained firefights with entrenched hostile infantry. Rapid deployment armored battalions were dispatched with close air support to establish defensive perimeters and extract forward patrol units under heavy mortar suppression. According to senior officials in Japan, recent indicators across East Asia underscore the urgency of coordinated multilateral action.",Military Conflict,2026-07-21,Wall Street Journal,Japan,East Asia
ART-10410,Ambassadorial recall and formal diplomatic demarche issued over treaty violation,The foreign ministry formally summoned the resident ambassador to deliver a stern diplomatic demarche protesting recent unilateral border treaties and sovereignty violations. State officials announced the immediate recall of senior diplomatic legations for urgent foreign policy strategy reviews. Field correspondents in South Korea reported that ongoing developments across East Asia are compounding operational risks.,Diplomatic / Political,2026-03-17,Deutsche Welle,South Korea,East Asia
ART-10489,United Nations Security Council convenes emergency session over border sovereignty dispute,"Permanent delegates at the United Nations Headquarters debated a draft resolution condemning territorial incursions and mandating the deployment of an international peacekeeping observer mission. Diplomatic attachés engaged in intense multilateral consultations to resolve contentious veto language regarding territorial sovereignty. In India, emergency coordination committees met to assess secondary vulnerabilities across South Asia.",Diplomatic / Political,2026-08-13,BBC News,India,South Asia
ART-11269,Central banks signal emergency interest rate adjustments as geopolitical inflation pressures broaden,"Monetary policy committees convened extraordinary policy meetings to evaluate persistent macroeconomic shocks stemming from import price inflation and commodity supply friction. Financial market analysts revised benchmark interest rate trajectories upward as headline consumer price indices reflected elevated freight and producer input expenses. In Ukraine, emergency coordination committees met to assess secondary vulnerabilities across Eastern Europe.",Economic Impact,2026-02-26,Associated Press,Ukraine,Eastern Europe
ART-10512,OPEC+ convenes emergency ministerial meeting as maritime transit tensions threaten crude exports,"Petroleum exporting ministers scheduled extraordinary virtual consultations to review market stability and global spare crude production capacity following maritime bottlenecks in key transit chokepoints. Energy analysts cautioned that export delays could quickly deplete OECD commercial crude reserves and elevate spot price volatility. In Sudan, emergency coordination committees met to assess secondary vulnerabilities across Red Sea & Horn of Africa.",Energy Risk,2026-08-14,Al Jazeera,Sudan,Red Sea & Horn of Africa
ART-11181,Central banks signal emergency interest rate adjustments as geopolitical inflation pressures broaden,Monetary policy committees convened extraordinary policy meetings to evaluate persistent macroeconomic shocks stemming from import price inflation and commodity supply friction. Financial market analysts revised benchmark interest rate trajectories upward as headline consumer price indices reflected elevated freight and producer input expenses. International stakeholders operating within Middle East called on officials in Turkey to exercise maximum caution.,Economic Impact,2026-04-03,Associated Press,Turkey,Middle East
ART-11367,Disrupted municipal power grids and water filtration plants jeopardize civilian public health,"Public health authorities warned of escalating waterborne disease outbreaks after sustained infrastructure damage crippled municipal water purification networks and electrical sub-stations. Emergency relief teams deployed portable purification modules and oral rehydration packets to mitigate sanitary hazards. Reporting from Pakistan, diplomatic and local observers noted that strategic shifts in South Asia continue to dictate regional outcomes.",Humanitarian Impact,2026-10-20,BBC News,Pakistan,South Asia
ART-10100,Cross-border commando raid triggers intense infantry firefight along buffer line,"Special forces detachments conducted reconnaissance incursions into contested border sectors, sparking sustained firefights with entrenched hostile infantry. Rapid deployment armored battalions were dispatched with close air support to establish defensive perimeters and extract forward patrol units under heavy mortar suppression. Strategic intelligence assessments issued in Russia indicate that conditions in Eastern Europe remain highly dynamic and fluid.",Military Conflict,2026-07-27,Financial Times,Russia,Eastern Europe
ART-10010,Naval task force engages hostile explosive drone boats in strategic strait,Guided missile destroyers deployed on maritime security patrol neutralized several unmanned explosive surface vessels attempting to strike military logistics convoys. Naval fleet commanders ordered elevated combat readiness and deployed electronic jamming countermeasures to disable hostile telemetry links along contested maritime transit corridors. Authorities in Israel emphasized that immediate stability in Middle East remains essential to mitigating broader systemic fallout.,Military Conflict,2026-04-22,Reuters,Israel,Middle East
ART-10108,Cross-border commando raid triggers intense infantry firefight along buffer line,"Special forces detachments conducted reconnaissance incursions into contested border sectors, sparking sustained firefights with entrenched hostile infantry. Rapid deployment armored battalions were dispatched with close air support to establish defensive perimeters and extract forward patrol units under heavy mortar suppression. Authorities in Germany emphasized that immediate stability in Western Europe remains essential to mitigating broader systemic fallout.",Military Conflict,2026-07-09,Deutsche Welle,Germany,Western Europe
ART-10910,Container shipping carriers divert cargo fleets around Cape of Good Hope amid maritime threats,"Leading international container shipping lines announced indefinite rerouting of commercial vessels around southern Africa to avoid high-risk maritime straits. The maritime diversion adds 10 to 14 days to standard transit voyages, absorbing container fleet capacity, delaying port turnarounds, and triggering sharp increases in spot ocean freight rates. International stakeholders operating within North America called on officials in United States to exercise maximum caution.",Trade & Shipping,2026-04-14,Associated Press,United States,North America
ART-10632,OPEC+ convenes emergency ministerial meeting as maritime transit tensions threaten crude exports,"Petroleum exporting ministers scheduled extraordinary virtual consultations to review market stability and global spare crude production capacity following maritime bottlenecks in key transit chokepoints. Energy analysts cautioned that export delays could quickly deplete OECD commercial crude reserves and elevate spot price volatility. According to senior officials in Germany, recent indicators across Western Europe underscore the urgency of coordinated multilateral action.",Energy Risk,2026-08-20,UN News,Germany,Western Europe
ART-10800,Bilateral tariff escalation and export licensing controls enacted on critical high-tech components,"Commerce ministries imposed sweeping tariff increases and strict export license restrictions on key industrial raw materials, advanced machine tools, and semiconductor wafers. Trade associations warned that compliance friction and retaliatory tariffs threaten to disrupt global electronic manufacturing supply chains. International stakeholders operating within East Asia called on officials in South Korea to exercise maximum caution.",Trade & Shipping,2026-10-06,Associated Press,South Korea,East Asia
ART-10211,Hypersonic missile barrage targets critical defense installations and radar outposts,"Air defense surveillance networks detected high-velocity aerodynamic missile trajectories aimed at strategic command nodes and hardened munitions storage facilities. Military spokespersons stated that mobile interceptor batteries engaged multiple inbound warheads, while combat search-and-rescue teams mobilized across blast perimeters. In Qatar, emergency coordination committees met to assess secondary vulnerabilities across Persian Gulf.",Military Conflict,2026-06-02,Reuters,Qatar,Persian Gulf
ART-11071,Stock exchange volatility index spikes as investors rotate capital into sovereign bonds and gold,"Equities across regional bourses recorded broad sell-offs, with industrial, aviation, and consumer discretionary shares leading declines. Capital allocators rotated liquidity into sovereign treasury securities, bullion, and cash equivalents amid heightened geopolitical uncertainty and macroeconomic stagflation fears. International stakeholders operating within East Asia called on officials in Taiwan to exercise maximum caution.",Economic Impact,2026-09-12,Nikkei Asia,Taiwan,East Asia
ART-10098,Naval task force engages hostile explosive drone boats in strategic strait,Guided missile destroyers deployed on maritime security patrol neutralized several unmanned explosive surface vessels attempting to strike military logistics convoys. Naval fleet commanders ordered elevated combat readiness and deployed electronic jamming countermeasures to disable hostile telemetry links along contested maritime transit corridors. Field correspondents in Saudi Arabia reported that ongoing developments across Persian Gulf are compounding operational risks.,Military Conflict,2026-03-13,Financial Times,Saudi Arabia,Persian Gulf
ART-10906,Air cargo freight rates surge as commercial shippers seek alternatives to disrupted ocean lanes,"Air logistics forwarders recorded historic price increases per kilogram of air cargo as manufacturers chartered dedicated freighter aircraft to bypass blocked maritime shipping corridors. Cargo airlines expanded flight schedules between manufacturing hubs to accommodate high-value automotive and electronics freight. According to senior officials in Poland, recent indicators across Eastern Europe underscore the urgency of coordinated multilateral action.",Trade & Shipping,2026-09-16,Wall Street Journal,Poland,Eastern Europe
ART-10443,Regional security summit yields preliminary multilateral mutual non-aggression pact,"Heads of state concluded an emergency multilateral summit with a joint communique pledging adherence to non-aggression principles and established arbitration treaties. Diplomatic working groups were tasked with establishing direct hotline communications between military defense commands to mitigate miscalculation risks. According to senior officials in Turkey, recent indicators across Middle East underscore the urgency of coordinated multilateral action.",Diplomatic / Political,2026-01-12,Al Jazeera,Turkey,Middle East
ART-10071,Urban warfare intensifies as mechanized units push into contested industrial outskirts,"Heavy machine gun fire, anti-tank guided missiles, and snipers engaged in ferocious building-to-building clashes in industrial sectors. Combat engineers detonated obstacle barriers under smoke screens while field artillery delivered preparatory barrages against reinforced strongpoints. In Yemen, emergency coordination committees met to assess secondary vulnerabilities across Red Sea & Horn of Africa.",Military Conflict,2026-01-13,Associated Press,Yemen,Red Sea & Horn of Africa
ART-10444,Parliamentary committee ratifies strategic bilateral defense cooperation treaty,"Legislators voted overwhelmingly to approve a comprehensive security alliance treaty authorizing joint intelligence sharing, reciprocal military base access, and coordinated defense procurement. Government ministers emphasized that the diplomatic accord reinforces regional deterrence without violating international neutrality accords. According to senior officials in Pakistan, recent indicators across South Asia underscore the urgency of coordinated multilateral action.",Diplomatic / Political,2026-09-01,Reuters,Pakistan,South Asia
ART-10365,Multilateral peace conference deadlocked over territorial governance and treaty guarantees,"Diplomatic negotiations stalled after opposing delegations rejected compromise terms concerning international border administration and security guarantees. Facilitators from neutral states urged both delegations to maintain working-level communications and prevent the total breakdown of diplomatic dialogue. In India, emergency coordination committees met to assess secondary vulnerabilities across South Asia.",Diplomatic / Political,2026-03-14,BBC News,India,South Asia
ART-10734,Power grid operators initiate emergency load shedding following sabotage of high-voltage transmission lines,"National electrical transmission coordinators implemented rolling blackouts across metropolitan centers after key electrical substations and cross-border interconnectors sustained coordinated physical sabotage. Energy officials urged citizens to conserve electricity while backup diesel generators were deployed to hospitals. According to senior officials in India, recent indicators across South Asia underscore the urgency of coordinated multilateral action.",Energy Risk,2026-01-12,BBC News,India,South Asia
ART-10903,Port congestion and customs clearance bottlenecks escalate across major maritime container terminals,"Logistics operators reported severe berthing queues and prolonged container dwell times exceeding historical highs at major oceanic gateway terminals. Freight forwarders cited vessel bunching, rail intermodal backlogs, and maritime rerouting schedules as compounding drivers of global supply chain gridlock. In Turkey, emergency coordination committees met to assess secondary vulnerabilities across Middle East.",Trade & Shipping,2026-06-10,Nikkei Asia,Turkey,Middle East
ART-11248,Manufacturing purchasing managers index drops into contraction territory amid input price spikes,"National manufacturing indices slumped below the critical 50-point threshold, signaling industrial output contraction across export-oriented sectors. Factory managers reported elevated input acquisition costs, backlog accumulation, and declining international export orders due to geopolitical uncertainty. According to senior officials in Pakistan, recent indicators across South Asia underscore the urgency of coordinated multilateral action.",Economic Impact,2026-02-01,Financial Times,Pakistan,South Asia
ART-11339,Mobile medical teams deploy to remote border crossings as civilian trauma casualties mount,"Emergency medical NGOs deployed mobile surgical units and trauma ambulances along primary refugee transit highways to treat shrapnel injuries and dehydration. Medical directors reported that regional clinics have exhausted their primary supplies of blood plasma and IV fluids. According to senior officials in Pakistan, recent indicators across South Asia underscore the urgency of coordinated multilateral action.",Humanitarian Impact,2026-03-09,Financial Times,Pakistan,South Asia
ART-11207,Stock exchange volatility index spikes as investors rotate capital into sovereign bonds and gold,"Equities across regional bourses recorded broad sell-offs, with industrial, aviation, and consumer discretionary shares leading declines. Capital allocators rotated liquidity into sovereign treasury securities, bullion, and cash equivalents amid heightened geopolitical uncertainty and macroeconomic stagflation fears. According to senior officials in Saudi Arabia, recent indicators across Persian Gulf underscore the urgency of coordinated multilateral action.",Economic Impact,2026-09-08,BBC News,Saudi Arabia,Persian Gulf
ART-10159,Urban warfare intensifies as mechanized units push into contested industrial outskirts,"Heavy machine gun fire, anti-tank guided missiles, and snipers engaged in ferocious building-to-building clashes in industrial sectors. Combat engineers detonated obstacle barriers under smoke screens while field artillery delivered preparatory barrages against reinforced strongpoints. Analysts tracking developments in Germany highlighted that multilateral actors in Western Europe are preparing contingency measures.",Military Conflict,2026-07-25,Associated Press,Germany,Western Europe
ART-10345,United Nations Security Council convenes emergency session over border sovereignty dispute,Permanent delegates at the United Nations Headquarters debated a draft resolution condemning territorial incursions and mandating the deployment of an international peacekeeping observer mission. Diplomatic attachés engaged in intense multilateral consultations to resolve contentious veto language regarding territorial sovereignty. International stakeholders operating within Persian Gulf called on officials in Qatar to exercise maximum caution.,Diplomatic / Political,2026-03-08,Deutsche Welle,Qatar,Persian Gulf
ART-11162,Bilateral currency swaps activated as commercial banking system faces dollar liquidity squeeze,"Central monetary authorities tapped bilateral foreign currency swap lines to inject hard currency liquidity into domestic commercial banks struggling with overseas settlement obligations. Treasury officials emphasized that foreign reserve backstops remain adequate to maintain interbank clearing operations. In Iran, emergency coordination committees met to assess secondary vulnerabilities across Persian Gulf.",Economic Impact,2026-10-16,Associated Press,Iran,Persian Gulf
ART-11576,Hypersonic missile barrage targets critical defense installations and radar outposts,"Air defense surveillance networks detected high-velocity aerodynamic missile trajectories aimed at strategic command nodes and hardened munitions storage facilities. Military spokespersons stated that mobile interceptor batteries engaged multiple inbound warheads, while combat search-and-rescue teams mobilized across blast perimeters. In Qatar, emergency coordination committees met to assess secondary vulnerabilities across Persian Gulf.",Military Conflict,2026-06-02,Reuters,Qatar,Persian Gulf
ART-10255,Urban warfare intensifies as mechanized units push into contested industrial outskirts,"Heavy machine gun fire, anti-tank guided missiles, and snipers engaged in ferocious building-to-building clashes in industrial sectors. Combat engineers detonated obstacle barriers under smoke screens while field artillery delivered preparatory barrages against reinforced strongpoints. In Turkey, emergency coordination committees met to assess secondary vulnerabilities across Middle East.",Military Conflict,2026-06-07,Nikkei Asia,Turkey,Middle East
ART-11416,"Field hospitals face critical shortages of surgical anesthetics, electricity, and clean water","Medical relief organizations operating inside crisis sectors issued urgent distress alerts regarding depleted pharmaceuticals, damaged municipal water treatment facilities, and erratic generator fuel supplies necessary to maintain life-saving intensive care and trauma operating rooms. In India, emergency coordination committees met to assess secondary vulnerabilities across South Asia.",Humanitarian Impact,2026-01-16,Al Jazeera,India,South Asia
ART-10363,Regional security summit yields preliminary multilateral mutual non-aggression pact,"Heads of state concluded an emergency multilateral summit with a joint communique pledging adherence to non-aggression principles and established arbitration treaties. Diplomatic working groups were tasked with establishing direct hotline communications between military defense commands to mitigate miscalculation risks. In Yemen, emergency coordination committees met to assess secondary vulnerabilities across Red Sea & Horn of Africa.",Diplomatic / Political,2026-10-21,Nikkei Asia,Yemen,Red Sea & Horn of Africa
ART-10206,Air defense interceptors scramble as hostile bomber formations approach territorial airspace,Tactical fighter squadrons conducted emergency combat air patrols after long-range strategic bombers were detected operating near sovereign air defense identification zones. Defense ministry officials confirmed that electronic warfare aircraft shadowed the formations until they altered course away from defensive boundaries. Strategic intelligence assessments issued in South Korea indicate that conditions in East Asia remain highly dynamic and fluid.,Military Conflict,2026-03-19,Deutsche Welle,South Korea,East Asia
ART-10037,Armored battalion mobilizes main battle tanks as cross-border incursions escalate,"Mechanized combat divisions equipped with main battle tanks and armored fighting vehicles initiated defensive counter-maneuvers following reported hostile border crossings. Military leadership enacted wartime emergency protocol, stationing self-propelled howitzers and air surveillance batteries across frontline tactical sectors. According to senior officials in United States, recent indicators across North America underscore the urgency of coordinated multilateral action.",Military Conflict,2026-09-07,Al Jazeera,United States,North America
ART-10350,Foreign ministers issue joint communique calling for de-escalation and diplomatic roadmaps,"Senior diplomats representing regional powers issued a coordinated statement demanding an immediate halt to escalating rhetoric and the restoration of established diplomatic channels. The communique proposed a three-phase transition roadmap including demilitarized buffer zones and internationally monitored elections. According to senior officials in Iran, recent indicators across Persian Gulf underscore the urgency of coordinated multilateral action.",Diplomatic / Political,2026-05-05,Deutsche Welle,Iran,Persian Gulf
ART-10331,Regional security summit yields preliminary multilateral mutual non-aggression pact,"Heads of state concluded an emergency multilateral summit with a joint communique pledging adherence to non-aggression principles and established arbitration treaties. Diplomatic working groups were tasked with establishing direct hotline communications between military defense commands to mitigate miscalculation risks. In Saudi Arabia, emergency coordination committees met to assess secondary vulnerabilities across Persian Gulf.",Diplomatic / Political,2026-01-17,Deutsche Welle,Saudi Arabia,Persian Gulf
ART-10572,Natural gas pipeline compression station suffers severe explosion amid geopolitical friction,"A critical natural gas compression station feeding industrial manufacturing hubs suffered a catastrophic pipeline failure, cutting regional gas transit volumes by over 40 percent. Energy distribution utilities immediately mandated industrial consumption rationing while emergency engineering teams assessed blast damage. According to senior officials in China, recent indicators across East Asia underscore the urgency of coordinated multilateral action.",Energy Risk,2026-07-02,Nikkei Asia,China,East Asia
ART-10965,Global automotive supply chains stall as crucial raw material cargo shipments face port delays,"Major automotive assembly plants announced temporary production line shutdowns due to critical parts shortages resulting from delayed maritime shipping containers. Logistics coordinators reported that specialized component vessels had been delayed over two weeks due to harbor congestion. According to senior officials in Japan, recent indicators across East Asia underscore the urgency of coordinated multilateral action.",Trade & Shipping,2026-05-20,Associated Press,Japan,East Asia
ART-10288,Bilateral ceasefire negotiations resume under international diplomatic mediation,"Special diplomatic envoys and foreign ministers convened high-stakes closed-door consultations aimed at establishing an immediate humanitarian truce and verifiable demilitarization framework. Negotiators reviewed draft protocols addressing prisoner-of-war exchanges, border verification monitors, and the formal cessation of cross-border hostilities. Field correspondents in Iran reported that ongoing developments across Persian Gulf are compounding operational risks.",Diplomatic / Political,2026-03-26,BBC News,Iran,Persian Gulf
ART-10897,Dry bulk carrier grain shipments stranded in territorial waters amid maritime security impasse,Dozens of bulk cargo vessels carrying millions of metric tons of wheat and agricultural commodities remained anchored outside key commercial ports due to unconfirmed maritime passage clearances and mine threat assessments. Agricultural traders warned of contract defaults and grain supply shortages in import-dependent nations. International stakeholders operating within Red Sea & Horn of Africa called on officials in Egypt to exercise maximum caution.,Trade & Shipping,2026-02-25,Nikkei Asia,Egypt,Red Sea & Horn of Africa
ART-10497,United Nations Security Council convenes emergency session over border sovereignty dispute,"Permanent delegates at the United Nations Headquarters debated a draft resolution condemning territorial incursions and mandating the deployment of an international peacekeeping observer mission. Diplomatic attachés engaged in intense multilateral consultations to resolve contentious veto language regarding territorial sovereignty. According to senior officials in China, recent indicators across East Asia underscore the urgency of coordinated multilateral action.",Diplomatic / Political,2026-03-21,Deutsche Welle,China,East Asia
ART-10170,Naval task force engages hostile explosive drone boats in strategic strait,"Guided missile destroyers deployed on maritime security patrol neutralized several unmanned explosive surface vessels attempting to strike military logistics convoys. Naval fleet commanders ordered elevated combat readiness and deployed electronic jamming countermeasures to disable hostile telemetry links along contested maritime transit corridors. According to senior officials in United Kingdom, recent indicators across Western Europe underscore the urgency of coordinated multilateral action.",Military Conflict,2026-10-27,Wall Street Journal,United Kingdom,Western Europe
ART-10140,Cross-border commando raid triggers intense infantry firefight along buffer line,"Special forces detachments conducted reconnaissance incursions into contested border sectors, sparking sustained firefights with entrenched hostile infantry. Rapid deployment armored battalions were dispatched with close air support to establish defensive perimeters and extract forward patrol units under heavy mortar suppression. In China, emergency coordination committees met to assess secondary vulnerabilities across East Asia.",Military Conflict,2026-07-18,Associated Press,China,East Asia
ART-11281,Malnutrition rates spike among pediatric populations in besieged urban pockets,"International aid workers documented severe acute malnutrition among infants and children cut off from standard commercial food distribution networks. Humanitarian flights attempted emergency air-drops of therapeutic nutritional paste while requesting immediate humanitarian pauses. According to senior officials in India, recent indicators across South Asia underscore the urgency of coordinated multilateral action.",Humanitarian Impact,2026-07-18,Financial Times,India,South Asia
ART-10993,Dry bulk carrier grain shipments stranded in territorial waters amid maritime security impasse,Dozens of bulk cargo vessels carrying millions of metric tons of wheat and agricultural commodities remained anchored outside key commercial ports due to unconfirmed maritime passage clearances and mine threat assessments. Agricultural traders warned of contract defaults and grain supply shortages in import-dependent nations. International stakeholders operating within Eastern Europe called on officials in Ukraine to exercise maximum caution.,Trade & Shipping,2026-06-22,BBC News,Ukraine,Eastern Europe
ART-11391,Disrupted municipal power grids and water filtration plants jeopardize civilian public health,Public health authorities warned of escalating waterborne disease outbreaks after sustained infrastructure damage crippled municipal water purification networks and electrical sub-stations. Emergency relief teams deployed portable purification modules and oral rehydration packets to mitigate sanitary hazards. International stakeholders operating within Red Sea & Horn of Africa called on officials in Egypt to exercise maximum caution.,Humanitarian Impact,2026-03-21,Wall Street Journal,Egypt,Red Sea & Horn of Africa
ART-11205,Central banks signal emergency interest rate adjustments as geopolitical inflation pressures broaden,Monetary policy committees convened extraordinary policy meetings to evaluate persistent macroeconomic shocks stemming from import price inflation and commodity supply friction. Financial market analysts revised benchmark interest rate trajectories upward as headline consumer price indices reflected elevated freight and producer input expenses. International stakeholders operating within Red Sea & Horn of Africa called on officials in Egypt to exercise maximum caution.,Economic Impact,2026-10-15,BBC News,Egypt,Red Sea & Horn of Africa
ART-10280,Bilateral ceasefire negotiations resume under international diplomatic mediation,"Special diplomatic envoys and foreign ministers convened high-stakes closed-door consultations aimed at establishing an immediate humanitarian truce and verifiable demilitarization framework. Negotiators reviewed draft protocols addressing prisoner-of-war exchanges, border verification monitors, and the formal cessation of cross-border hostilities. According to senior officials in Taiwan, recent indicators across East Asia underscore the urgency of coordinated multilateral action.",Diplomatic / Political,2026-10-22,BBC News,Taiwan,East Asia
ART-10235,Hypersonic missile barrage targets critical defense installations and radar outposts,"Air defense surveillance networks detected high-velocity aerodynamic missile trajectories aimed at strategic command nodes and hardened munitions storage facilities. Military spokespersons stated that mobile interceptor batteries engaged multiple inbound warheads, while combat search-and-rescue teams mobilized across blast perimeters. International stakeholders operating within Persian Gulf called on officials in Qatar to exercise maximum caution.",Military Conflict,2026-03-01,Wall Street Journal,Qatar,Persian Gulf
ART-10514,Strategic petroleum reserve release authorized to counterbalance global supply disruptions,"Energy authorities authorized the emergency drawdown of millions of barrels of crude oil from national strategic petroleum reserves to stabilize domestic fuel supply chains. Energy department officials coordinated the release with international energy partners to offset prolonged refinery feedstock shortages. According to senior officials in United States, recent indicators across North America underscore the urgency of coordinated multilateral action.",Energy Risk,2026-05-18,Financial Times,United States,North America
ART-10022,Air defense interceptors scramble as hostile bomber formations approach territorial airspace,Tactical fighter squadrons conducted emergency combat air patrols after long-range strategic bombers were detected operating near sovereign air defense identification zones. Defense ministry officials confirmed that electronic warfare aircraft shadowed the formations until they altered course away from defensive boundaries. International stakeholders operating within Red Sea & Horn of Africa called on officials in Egypt to exercise maximum caution.,Military Conflict,2026-08-20,Deutsche Welle,Egypt,Red Sea & Horn of Africa
ART-10078,Air defense interceptors scramble as hostile bomber formations approach territorial airspace,"Tactical fighter squadrons conducted emergency combat air patrols after long-range strategic bombers were detected operating near sovereign air defense identification zones. Defense ministry officials confirmed that electronic warfare aircraft shadowed the formations until they altered course away from defensive boundaries. In United States, emergency coordination committees met to assess secondary vulnerabilities across North America.",Military Conflict,2026-07-23,Reuters,United States,North America
ART-10813,Global automotive supply chains stall as crucial raw material cargo shipments face port delays,Major automotive assembly plants announced temporary production line shutdowns due to critical parts shortages resulting from delayed maritime shipping containers. Logistics coordinators reported that specialized component vessels had been delayed over two weeks due to harbor congestion. International stakeholders operating within Eastern Europe called on officials in Poland to exercise maximum caution.,Trade & Shipping,2026-02-21,UN News,Poland,Eastern Europe
ART-11476,Civilian evacuation corridors established under international red cross mediation,"Humanitarian organizations coordinated temporary civilian safe-passage corridors to evacuate vulnerable elderly, women, and pediatric patients from active hostility perimeters. International observers monitored compliance to ensure unhindered transit for humanitarian convoys transporting essential rations and emergency medical supplies. According to senior officials in Saudi Arabia, recent indicators across Persian Gulf underscore the urgency of coordinated multilateral action.",Humanitarian Impact,2026-08-21,Nikkei Asia,Saudi Arabia,Persian Gulf
ART-11244,Corporate debt default risk rises as borrowing costs spike following geopolitical credit repricing,Credit default swap spreads widened significantly across corporate debt markets as lenders repriced risk margins for businesses exposed to cross-border supply shocks. Debt restructuring advisors noted a sharp uptick in emergency corporate credit facility requests. Strategic intelligence assessments issued in Yemen indicate that conditions in Red Sea & Horn of Africa remain highly dynamic and fluid.,Economic Impact,2026-09-10,Deutsche Welle,Yemen,Red Sea & Horn of Africa
ART-10704,OPEC+ convenes emergency ministerial meeting as maritime transit tensions threaten crude exports,Petroleum exporting ministers scheduled extraordinary virtual consultations to review market stability and global spare crude production capacity following maritime bottlenecks in key transit chokepoints. Energy analysts cautioned that export delays could quickly deplete OECD commercial crude reserves and elevate spot price volatility. International stakeholders operating within Persian Gulf called on officials in Iran to exercise maximum caution.,Energy Risk,2026-07-15,Deutsche Welle,Iran,Persian Gulf
ART-11242,Bilateral currency swaps activated as commercial banking system faces dollar liquidity squeeze,"Central monetary authorities tapped bilateral foreign currency swap lines to inject hard currency liquidity into domestic commercial banks struggling with overseas settlement obligations. Treasury officials emphasized that foreign reserve backstops remain adequate to maintain interbank clearing operations. In Israel, emergency coordination committees met to assess secondary vulnerabilities across Middle East.",Economic Impact,2026-05-14,Reuters,Israel,Middle East
ART-10946,Air cargo freight rates surge as commercial shippers seek alternatives to disrupted ocean lanes,Air logistics forwarders recorded historic price increases per kilogram of air cargo as manufacturers chartered dedicated freighter aircraft to bypass blocked maritime shipping corridors. Cargo airlines expanded flight schedules between manufacturing hubs to accommodate high-value automotive and electronics freight. Strategic intelligence assessments issued in Taiwan indicate that conditions in East Asia remain highly dynamic and fluid.,Trade & Shipping,2026-02-27,Al Jazeera,Taiwan,East Asia
ART-10150,Air defense interceptors scramble as hostile bomber formations approach territorial airspace,Tactical fighter squadrons conducted emergency combat air patrols after long-range strategic bombers were detected operating near sovereign air defense identification zones. Defense ministry officials confirmed that electronic warfare aircraft shadowed the formations until they altered course away from defensive boundaries. International stakeholders operating within South Asia called on officials in India to exercise maximum caution.,Military Conflict,2026-05-15,Associated Press,India,South Asia
ART-11222,Sovereign credit rating placed under negative review following capital flight and currency depreciation,"International credit rating agencies placed sovereign debt issuances on negative watch, citing widening fiscal deficits, rapid foreign exchange reserve depletion, and heightened geopolitical risk premia. Domestic currency valuations experienced sharp depreciations against global reserve currencies. In Saudi Arabia, emergency coordination committees met to assess secondary vulnerabilities across Persian Gulf.",Economic Impact,2026-08-10,BBC News,Saudi Arabia,Persian Gulf
ART-10947,Maritime insurance syndicates cancel commercial hull coverage for vessels navigating disputed waters,Global marine insurance underwriters formally notified shipowners that war-risk hull and machinery insurance policies would be rescinded for vessels transiting designated high-risk maritime corridors. Ship operators faced the choice between exorbitant special indemnity premiums or canceling scheduled voyages. Authorities in Poland emphasized that immediate stability in Eastern Europe remains essential to mitigating broader systemic fallout.,Trade & Shipping,2026-07-24,Nikkei Asia,Poland,Eastern Europe
ART-10092,Cross-border commando raid triggers intense infantry firefight along buffer line,"Special forces detachments conducted reconnaissance incursions into contested border sectors, sparking sustained firefights with entrenched hostile infantry. Rapid deployment armored battalions were dispatched with close air support to establish defensive perimeters and extract forward patrol units under heavy mortar suppression. In South Korea, emergency coordination committees met to assess secondary vulnerabilities across East Asia.",Military Conflict,2026-02-28,Financial Times,South Korea,East Asia
ART-11037,Central banks signal emergency interest rate adjustments as geopolitical inflation pressures broaden,Monetary policy committees convened extraordinary policy meetings to evaluate persistent macroeconomic shocks stemming from import price inflation and commodity supply friction. Financial market analysts revised benchmark interest rate trajectories upward as headline consumer price indices reflected elevated freight and producer input expenses. International stakeholders operating within South Asia called on officials in India to exercise maximum caution.,Economic Impact,2026-01-12,UN News,India,South Asia
ART-11376,"Field hospitals face critical shortages of surgical anesthetics, electricity, and clean water","Medical relief organizations operating inside crisis sectors issued urgent distress alerts regarding depleted pharmaceuticals, damaged municipal water treatment facilities, and erratic generator fuel supplies necessary to maintain life-saving intensive care and trauma operating rooms. According to senior officials in Saudi Arabia, recent indicators across Persian Gulf underscore the urgency of coordinated multilateral action.",Humanitarian Impact,2026-03-08,Reuters,Saudi Arabia,Persian Gulf
ART-10518,Power grid operators initiate emergency load shedding following sabotage of high-voltage transmission lines,National electrical transmission coordinators implemented rolling blackouts across metropolitan centers after key electrical substations and cross-border interconnectors sustained coordinated physical sabotage. Energy officials urged citizens to conserve electricity while backup diesel generators were deployed to hospitals. Authorities in United Kingdom emphasized that immediate stability in Western Europe remains essential to mitigating broader systemic fallout.,Energy Risk,2026-05-15,Reuters,United Kingdom,Western Europe
ART-10338,Ambassadorial recall and formal diplomatic demarche issued over treaty violation,The foreign ministry formally summoned the resident ambassador to deliver a stern diplomatic demarche protesting recent unilateral border treaties and sovereignty violations. State officials announced the immediate recall of senior diplomatic legations for urgent foreign policy strategy reviews. International stakeholders operating within East Asia called on officials in Japan to exercise maximum caution.,Diplomatic / Political,2026-01-20,Deutsche Welle,Japan,East Asia
ART-11346,Makeshift refugee settlements overwhelmed by torrential flooding and freezing weather,"Severe seasonal weather inundated informal displacement settlements, destroying temporary plastic shelters and creating catastrophic sanitary conditions for thousands of families. Disaster response teams mobilized emergency drainage pumps and emergency clothing distributions. In Sudan, emergency coordination committees met to assess secondary vulnerabilities across Red Sea & Horn of Africa.",Humanitarian Impact,2026-07-23,BBC News,Sudan,Red Sea & Horn of Africa
ART-10840,Bilateral tariff escalation and export licensing controls enacted on critical high-tech components,"Commerce ministries imposed sweeping tariff increases and strict export license restrictions on key industrial raw materials, advanced machine tools, and semiconductor wafers. Trade associations warned that compliance friction and retaliatory tariffs threaten to disrupt global electronic manufacturing supply chains. International stakeholders operating within Red Sea & Horn of Africa called on officials in Yemen to exercise maximum caution.",Trade & Shipping,2026-09-18,BBC News,Yemen,Red Sea & Horn of Africa
ART-11254,Sovereign credit rating placed under negative review following capital flight and currency depreciation,"International credit rating agencies placed sovereign debt issuances on negative watch, citing widening fiscal deficits, rapid foreign exchange reserve depletion, and heightened geopolitical risk premia. Domestic currency valuations experienced sharp depreciations against global reserve currencies. Authorities in Sudan emphasized that immediate stability in Red Sea & Horn of Africa remains essential to mitigating broader systemic fallout.",Economic Impact,2026-05-02,BBC News,Sudan,Red Sea & Horn of Africa
ART-11034,Bilateral currency swaps activated as commercial banking system faces dollar liquidity squeeze,Central monetary authorities tapped bilateral foreign currency swap lines to inject hard currency liquidity into domestic commercial banks struggling with overseas settlement obligations. Treasury officials emphasized that foreign reserve backstops remain adequate to maintain interbank clearing operations. International stakeholders operating within Persian Gulf called on officials in Saudi Arabia to exercise maximum caution.,Economic Impact,2026-10-22,Reuters,Saudi Arabia,Persian Gulf
ART-10216,Tactical ballistic missiles intercept hostile command post in retaliatory strike,Military command launched precision ballistic missiles targeting an underground tactical operations center following sustained perimeter rocket attacks. Satellite damage assessments confirmed extensive structural destruction to communications masts and command bunkers. Authorities in Japan emphasized that immediate stability in East Asia remains essential to mitigating broader systemic fallout.,Military Conflict,2026-03-01,BBC News,Japan,East Asia
ART-10157,Armored battalion mobilizes main battle tanks as cross-border incursions escalate,"Mechanized combat divisions equipped with main battle tanks and armored fighting vehicles initiated defensive counter-maneuvers following reported hostile border crossings. Military leadership enacted wartime emergency protocol, stationing self-propelled howitzers and air surveillance batteries across frontline tactical sectors. According to senior officials in Germany, recent indicators across Western Europe underscore the urgency of coordinated multilateral action.",Military Conflict,2026-08-23,Deutsche Welle,Germany,Western Europe
ART-11544,Civilian evacuation corridors established under international red cross mediation,"Humanitarian organizations coordinated temporary civilian safe-passage corridors to evacuate vulnerable elderly, women, and pediatric patients from active hostility perimeters. International observers monitored compliance to ensure unhindered transit for humanitarian convoys transporting essential rations and emergency medical supplies. According to senior officials in Germany, recent indicators across Western Europe underscore the urgency of coordinated multilateral action.",Humanitarian Impact,2026-02-24,Reuters,Germany,Western Europe
ART-10249,Artillery barrages and tactical drone strikes intensify along contested frontline,"Heavy artillery exchanges and long-range unmanned aerial strikes escalated across contested frontline defense sectors overnight. Ground command headquarters confirmed multiple cruise missile interceptions and reinforced mechanized infantry brigades holding fortified trenches. Contested air defense batteries engaged low-altitude reconnaissance drones while combat engineers deployed perimeter minefields. According to senior officials in India, recent indicators across South Asia underscore the urgency of coordinated multilateral action.",Military Conflict,2026-06-28,Associated Press,India,South Asia
ART-11226,Bilateral currency swaps activated as commercial banking system faces dollar liquidity squeeze,"Central monetary authorities tapped bilateral foreign currency swap lines to inject hard currency liquidity into domestic commercial banks struggling with overseas settlement obligations. Treasury officials emphasized that foreign reserve backstops remain adequate to maintain interbank clearing operations. In Germany, emergency coordination committees met to assess secondary vulnerabilities across Western Europe.",Economic Impact,2026-06-05,BBC News,Germany,Western Europe
ART-10843,Maritime insurance syndicates cancel commercial hull coverage for vessels navigating disputed waters,Global marine insurance underwriters formally notified shipowners that war-risk hull and machinery insurance policies would be rescinded for vessels transiting designated high-risk maritime corridors. Ship operators faced the choice between exorbitant special indemnity premiums or canceling scheduled voyages. Analysts tracking developments in Turkey highlighted that multilateral actors in Middle East are preparing contingency measures.,Trade & Shipping,2026-06-26,Deutsche Welle,Turkey,Middle East
ART-11011,Maritime insurance syndicates cancel commercial hull coverage for vessels navigating disputed waters,"Global marine insurance underwriters formally notified shipowners that war-risk hull and machinery insurance policies would be rescinded for vessels transiting designated high-risk maritime corridors. Ship operators faced the choice between exorbitant special indemnity premiums or canceling scheduled voyages. In India, emergency coordination committees met to assess secondary vulnerabilities across South Asia.",Trade & Shipping,2026-06-16,UN News,India,South Asia
ART-10445,Multilateral peace conference deadlocked over territorial governance and treaty guarantees,Diplomatic negotiations stalled after opposing delegations rejected compromise terms concerning international border administration and security guarantees. Facilitators from neutral states urged both delegations to maintain working-level communications and prevent the total breakdown of diplomatic dialogue. International stakeholders operating within Eastern Europe called on officials in Ukraine to exercise maximum caution.,Diplomatic / Political,2026-05-17,Reuters,Ukraine,Eastern Europe
ART-10137,Artillery barrages and tactical drone strikes intensify along contested frontline,"Heavy artillery exchanges and long-range unmanned aerial strikes escalated across contested frontline defense sectors overnight. Ground command headquarters confirmed multiple cruise missile interceptions and reinforced mechanized infantry brigades holding fortified trenches. Contested air defense batteries engaged low-altitude reconnaissance drones while combat engineers deployed perimeter minefields. According to senior officials in India, recent indicators across South Asia underscore the urgency of coordinated multilateral action.",Military Conflict,2026-01-06,BBC News,India,South Asia
ART-10598,Power grid operators initiate emergency load shedding following sabotage of high-voltage transmission lines,National electrical transmission coordinators implemented rolling blackouts across metropolitan centers after key electrical substations and cross-border interconnectors sustained coordinated physical sabotage. Energy officials urged citizens to conserve electricity while backup diesel generators were deployed to hospitals. Strategic intelligence assessments issued in Japan indicate that conditions in East Asia remain highly dynamic and fluid.,Energy Risk,2026-07-27,Deutsche Welle,Japan,East Asia
ART-11256,Manufacturing purchasing managers index drops into contraction territory amid input price spikes,"National manufacturing indices slumped below the critical 50-point threshold, signaling industrial output contraction across export-oriented sectors. Factory managers reported elevated input acquisition costs, backlog accumulation, and declining international export orders due to geopolitical uncertainty. International stakeholders operating within East Asia called on officials in South Korea to exercise maximum caution.",Economic Impact,2026-06-28,BBC News,South Korea,East Asia
ART-10561,Liquefied natural gas terminal throttles shipments amid regional maritime insurance restrictions,Major LNG export liquefaction facilities reduced cargo loadings after maritime underwriters imposed prohibitive war-risk insurance premiums on LNG tankers navigating adjacent waterways. European and Asian utility operators scrambled to secure spot replacement cargoes ahead of peak seasonal heating demand. International stakeholders operating within Red Sea & Horn of Africa called on officials in Yemen to exercise maximum caution.,Energy Risk,2026-09-12,Al Jazeera,Yemen,Red Sea & Horn of Africa
ART-10324,Parliamentary committee ratifies strategic bilateral defense cooperation treaty,"Legislators voted overwhelmingly to approve a comprehensive security alliance treaty authorizing joint intelligence sharing, reciprocal military base access, and coordinated defense procurement. Government ministers emphasized that the diplomatic accord reinforces regional deterrence without violating international neutrality accords. In United Kingdom, emergency coordination committees met to assess secondary vulnerabilities across Western Europe.",Diplomatic / Political,2026-03-23,Bloomberg,United Kingdom,Western Europe
ART-10491,Regional security summit yields preliminary multilateral mutual non-aggression pact,Heads of state concluded an emergency multilateral summit with a joint communique pledging adherence to non-aggression principles and established arbitration treaties. Diplomatic working groups were tasked with establishing direct hotline communications between military defense commands to mitigate miscalculation risks. International stakeholders operating within Middle East called on officials in Israel to exercise maximum caution.,Diplomatic / Political,2026-03-27,Associated Press,Israel,Middle East
ART-11472,"Field hospitals face critical shortages of surgical anesthetics, electricity, and clean water","Medical relief organizations operating inside crisis sectors issued urgent distress alerts regarding depleted pharmaceuticals, damaged municipal water treatment facilities, and erratic generator fuel supplies necessary to maintain life-saving intensive care and trauma operating rooms. In Japan, emergency coordination committees met to assess secondary vulnerabilities across East Asia.",Humanitarian Impact,2026-05-02,Deutsche Welle,Japan,East Asia
ART-10806,Container shipping carriers divert cargo fleets around Cape of Good Hope amid maritime threats,"Leading international container shipping lines announced indefinite rerouting of commercial vessels around southern Africa to avoid high-risk maritime straits. The maritime diversion adds 10 to 14 days to standard transit voyages, absorbing container fleet capacity, delaying port turnarounds, and triggering sharp increases in spot ocean freight rates. In Poland, emergency coordination committees met to assess secondary vulnerabilities across Eastern Europe.",Trade & Shipping,2026-04-01,Nikkei Asia,Poland,Eastern Europe
ART-10196,Cross-border commando raid triggers intense infantry firefight along buffer line,"Special forces detachments conducted reconnaissance incursions into contested border sectors, sparking sustained firefights with entrenched hostile infantry. Rapid deployment armored battalions were dispatched with close air support to establish defensive perimeters and extract forward patrol units under heavy mortar suppression. International stakeholders operating within East Asia called on officials in Taiwan to exercise maximum caution.",Military Conflict,2026-09-26,Bloomberg,Taiwan,East Asia
ART-10376,Bilateral ceasefire negotiations resume under international diplomatic mediation,"Special diplomatic envoys and foreign ministers convened high-stakes closed-door consultations aimed at establishing an immediate humanitarian truce and verifiable demilitarization framework. Negotiators reviewed draft protocols addressing prisoner-of-war exchanges, border verification monitors, and the formal cessation of cross-border hostilities. In South Korea, emergency coordination committees met to assess secondary vulnerabilities across East Asia.",Diplomatic / Political,2026-02-05,Wall Street Journal,South Korea,East Asia
ART-10788,Customs authority impounds containerized shipments under expanded cross-border trade sanctions,Port customs officials seized hundreds of cargo containers suspected of violating expanded international sanctions targeting dual-use industrial components. Importers and freight forwarders faced lengthy legal audits and storage fees as customs clearance procedures were dramatically expanded. Strategic intelligence assessments issued in Russia indicate that conditions in Eastern Europe remain highly dynamic and fluid.,Trade & Shipping,2026-10-19,Reuters,Russia,Eastern Europe
ART-10938,Air cargo freight rates surge as commercial shippers seek alternatives to disrupted ocean lanes,"Air logistics forwarders recorded historic price increases per kilogram of air cargo as manufacturers chartered dedicated freighter aircraft to bypass blocked maritime shipping corridors. Cargo airlines expanded flight schedules between manufacturing hubs to accommodate high-value automotive and electronics freight. In Yemen, emergency coordination committees met to assess secondary vulnerabilities across Red Sea & Horn of Africa.",Trade & Shipping,2026-06-20,Reuters,Yemen,Red Sea & Horn of Africa
ART-10885,Global automotive supply chains stall as crucial raw material cargo shipments face port delays,Major automotive assembly plants announced temporary production line shutdowns due to critical parts shortages resulting from delayed maritime shipping containers. Logistics coordinators reported that specialized component vessels had been delayed over two weeks due to harbor congestion. International stakeholders operating within North America called on officials in United States to exercise maximum caution.,Trade & Shipping,2026-09-12,BBC News,United States,North America
ART-11336,"Field hospitals face critical shortages of surgical anesthetics, electricity, and clean water","Medical relief organizations operating inside crisis sectors issued urgent distress alerts regarding depleted pharmaceuticals, damaged municipal water treatment facilities, and erratic generator fuel supplies necessary to maintain life-saving intensive care and trauma operating rooms. International stakeholders operating within East Asia called on officials in Taiwan to exercise maximum caution.",Humanitarian Impact,2026-03-04,Bloomberg,Taiwan,East Asia
ART-10511,Major crude oil pipeline flow suspended following strategic transit sabotage threat,"Energy operators halted pumping operations along a major transcontinental crude pipeline after intelligence reports identified credible security threats against remote pumping stations. Energy security ministries initiated pipeline integrity inspections, while oil refinery operators tapped reserve stockpiles to maintain downstream distillation output. According to senior officials in Saudi Arabia, recent indicators across Persian Gulf underscore the urgency of coordinated multilateral action.",Energy Risk,2026-07-27,Financial Times,Saudi Arabia,Persian Gulf
ART-10851,Maritime insurance syndicates cancel commercial hull coverage for vessels navigating disputed waters,Global marine insurance underwriters formally notified shipowners that war-risk hull and machinery insurance policies would be rescinded for vessels transiting designated high-risk maritime corridors. Ship operators faced the choice between exorbitant special indemnity premiums or canceling scheduled voyages. International stakeholders operating within Eastern Europe called on officials in Ukraine to exercise maximum caution.,Trade & Shipping,2026-05-03,Bloomberg,Ukraine,Eastern Europe
ART-10359,Special presidential envoy conducts whirlwind diplomatic tour across regional capitals,"Traveling through key allied capitals, the senior diplomatic envoy presented confidential de-escalation proposals designed to avert broader regional conflict. Discussions centered on mutual troop withdrawals, diplomatic concessions, and security guarantees backed by multilateral institutions. International stakeholders operating within Middle East called on officials in Turkey to exercise maximum caution.",Diplomatic / Political,2026-08-18,Nikkei Asia,Turkey,Middle East
ART-11253,Central banks signal emergency interest rate adjustments as geopolitical inflation pressures broaden,Monetary policy committees convened extraordinary policy meetings to evaluate persistent macroeconomic shocks stemming from import price inflation and commodity supply friction. Financial market analysts revised benchmark interest rate trajectories upward as headline consumer price indices reflected elevated freight and producer input expenses. International stakeholders operating within Persian Gulf called on officials in Saudi Arabia to exercise maximum caution.,Economic Impact,2026-01-06,BBC News,Saudi Arabia,Persian Gulf
ART-10610,Strategic petroleum reserve release authorized to counterbalance global supply disruptions,"Energy authorities authorized the emergency drawdown of millions of barrels of crude oil from national strategic petroleum reserves to stabilize domestic fuel supply chains. Energy department officials coordinated the release with international energy partners to offset prolonged refinery feedstock shortages. In Poland, emergency coordination committees met to assess secondary vulnerabilities across Eastern Europe.",Energy Risk,2026-06-01,UN News,Poland,Eastern Europe
ART-10711,Major crude oil pipeline flow suspended following strategic transit sabotage threat,"Energy operators halted pumping operations along a major transcontinental crude pipeline after intelligence reports identified credible security threats against remote pumping stations. Energy security ministries initiated pipeline integrity inspections, while oil refinery operators tapped reserve stockpiles to maintain downstream distillation output. Reporting from Germany, diplomatic and local observers noted that strategic shifts in Western Europe continue to dictate regional outcomes.",Energy Risk,2026-01-01,Financial Times,Germany,Western Europe
ART-11445,United Nations launches emergency humanitarian relief appeal for food aid and medical shelter,Humanitarian coordinators formally issued a multilateral funding appeal seeking urgent donor contributions to support frontline field clinics and nutritional distribution hubs. Aid convoys reported severe logistical hurdles attempting to deliver relief supplies to isolated civilian populations trapped along combat axes. Analysts tracking developments in India highlighted that multilateral actors in South Asia are preparing contingency measures.,Humanitarian Impact,2026-01-25,Bloomberg,India,South Asia
ART-10590,Power grid operators initiate emergency load shedding following sabotage of high-voltage transmission lines,National electrical transmission coordinators implemented rolling blackouts across metropolitan centers after key electrical substations and cross-border interconnectors sustained coordinated physical sabotage. Energy officials urged citizens to conserve electricity while backup diesel generators were deployed to hospitals. Analysts tracking developments in Israel highlighted that multilateral actors in Middle East are preparing contingency measures.,Energy Risk,2026-07-12,Financial Times,Israel,Middle East
ART-10187,Hypersonic missile barrage targets critical defense installations and radar outposts,"Air defense surveillance networks detected high-velocity aerodynamic missile trajectories aimed at strategic command nodes and hardened munitions storage facilities. Military spokespersons stated that mobile interceptor batteries engaged multiple inbound warheads, while combat search-and-rescue teams mobilized across blast perimeters. International stakeholders operating within Western Europe called on officials in United Kingdom to exercise maximum caution.",Military Conflict,2026-02-06,Nikkei Asia,United Kingdom,Western Europe
ART-10081,Artillery barrages and tactical drone strikes intensify along contested frontline,"Heavy artillery exchanges and long-range unmanned aerial strikes escalated across contested frontline defense sectors overnight. Ground command headquarters confirmed multiple cruise missile interceptions and reinforced mechanized infantry brigades holding fortified trenches. Contested air defense batteries engaged low-altitude reconnaissance drones while combat engineers deployed perimeter minefields. According to senior officials in Egypt, recent indicators across Red Sea & Horn of Africa underscore the urgency of coordinated multilateral action.",Military Conflict,2026-03-18,Wall Street Journal,Egypt,Red Sea & Horn of Africa
ART-10948,Customs authority impounds containerized shipments under expanded cross-border trade sanctions,Port customs officials seized hundreds of cargo containers suspected of violating expanded international sanctions targeting dual-use industrial components. Importers and freight forwarders faced lengthy legal audits and storage fees as customs clearance procedures were dramatically expanded. International stakeholders operating within Persian Gulf called on officials in Qatar to exercise maximum caution.,Trade & Shipping,2026-01-17,Wall Street Journal,Qatar,Persian Gulf
ART-10943,Port congestion and customs clearance bottlenecks escalate across major maritime container terminals,"Logistics operators reported severe berthing queues and prolonged container dwell times exceeding historical highs at major oceanic gateway terminals. Freight forwarders cited vessel bunching, rail intermodal backlogs, and maritime rerouting schedules as compounding drivers of global supply chain gridlock. Reporting from Taiwan, diplomatic and local observers noted that strategic shifts in East Asia continue to dictate regional outcomes.",Trade & Shipping,2026-04-16,Associated Press,Taiwan,East Asia
ART-11006,Container shipping carriers divert cargo fleets around Cape of Good Hope amid maritime threats,"Leading international container shipping lines announced indefinite rerouting of commercial vessels around southern Africa to avoid high-risk maritime straits. The maritime diversion adds 10 to 14 days to standard transit voyages, absorbing container fleet capacity, delaying port turnarounds, and triggering sharp increases in spot ocean freight rates. In China, emergency coordination committees met to assess secondary vulnerabilities across East Asia.",Trade & Shipping,2026-02-12,Reuters,China,East Asia
ART-11166,Sovereign credit rating placed under negative review following capital flight and currency depreciation,"International credit rating agencies placed sovereign debt issuances on negative watch, citing widening fiscal deficits, rapid foreign exchange reserve depletion, and heightened geopolitical risk premia. Domestic currency valuations experienced sharp depreciations against global reserve currencies. International stakeholders operating within North America called on officials in United States to exercise maximum caution.",Economic Impact,2026-07-25,Bloomberg,United States,North America
ART-11233,Foreign direct investment inflows contract sharply amid cross-border geopolitical instability,Economic development ministries reported a substantial deceleration in inbound foreign direct investment as multinational corporations suspended cross-border capital expansion projects. Investment analysts cited sovereign expropriation risks and geopolitical volatility as primary drivers of capital hesitation. Field correspondents in Japan reported that ongoing developments across East Asia are compounding operational risks.,Economic Impact,2026-05-08,Nikkei Asia,Japan,East Asia
ART-11387,Mobile medical teams deploy to remote border crossings as civilian trauma casualties mount,Emergency medical NGOs deployed mobile surgical units and trauma ambulances along primary refugee transit highways to treat shrapnel injuries and dehydration. Medical directors reported that regional clinics have exhausted their primary supplies of blood plasma and IV fluids. International stakeholders operating within Western Europe called on officials in Germany to exercise maximum caution.,Humanitarian Impact,2026-04-05,UN News,Germany,Western Europe
ART-10506,Ambassadorial recall and formal diplomatic demarche issued over treaty violation,"The foreign ministry formally summoned the resident ambassador to deliver a stern diplomatic demarche protesting recent unilateral border treaties and sovereignty violations. State officials announced the immediate recall of senior diplomatic legations for urgent foreign policy strategy reviews. According to senior officials in Yemen, recent indicators across Red Sea & Horn of Africa underscore the urgency of coordinated multilateral action.",Diplomatic / Political,2026-03-23,BBC News,Yemen,Red Sea & Horn of Africa
ART-10818,Air cargo freight rates surge as commercial shippers seek alternatives to disrupted ocean lanes,"Air logistics forwarders recorded historic price increases per kilogram of air cargo as manufacturers chartered dedicated freighter aircraft to bypass blocked maritime shipping corridors. Cargo airlines expanded flight schedules between manufacturing hubs to accommodate high-value automotive and electronics freight. According to senior officials in China, recent indicators across East Asia underscore the urgency of coordinated multilateral action.",Trade & Shipping,2026-06-26,Deutsche Welle,China,East Asia
ART-10132,Cross-border commando raid triggers intense infantry firefight along buffer line,"Special forces detachments conducted reconnaissance incursions into contested border sectors, sparking sustained firefights with entrenched hostile infantry. Rapid deployment armored battalions were dispatched with close air support to establish defensive perimeters and extract forward patrol units under heavy mortar suppression. International stakeholders operating within East Asia called on officials in Taiwan to exercise maximum caution.",Military Conflict,2026-08-24,Financial Times,Taiwan,East Asia
ART-10913,Dry bulk carrier grain shipments stranded in territorial waters amid maritime security impasse,"Dozens of bulk cargo vessels carrying millions of metric tons of wheat and agricultural commodities remained anchored outside key commercial ports due to unconfirmed maritime passage clearances and mine threat assessments. Agricultural traders warned of contract defaults and grain supply shortages in import-dependent nations. In Qatar, emergency coordination committees met to assess secondary vulnerabilities across Persian Gulf.",Trade & Shipping,2026-10-09,Al Jazeera,Qatar,Persian Gulf
ART-10293,Multilateral peace conference deadlocked over territorial governance and treaty guarantees,Diplomatic negotiations stalled after opposing delegations rejected compromise terms concerning international border administration and security guarantees. Facilitators from neutral states urged both delegations to maintain working-level communications and prevent the total breakdown of diplomatic dialogue. Strategic intelligence assessments issued in China indicate that conditions in East Asia remain highly dynamic and fluid.,Diplomatic / Political,2026-10-21,Deutsche Welle,China,East Asia
ART-10016,Tactical ballistic missiles intercept hostile command post in retaliatory strike,"Military command launched precision ballistic missiles targeting an underground tactical operations center following sustained perimeter rocket attacks. Satellite damage assessments confirmed extensive structural destruction to communications masts and command bunkers. In United States, emergency coordination committees met to assess secondary vulnerabilities across North America.",Military Conflict,2026-10-07,Associated Press,United States,North America
ART-10414,Foreign ministers issue joint communique calling for de-escalation and diplomatic roadmaps,Senior diplomats representing regional powers issued a coordinated statement demanding an immediate halt to escalating rhetoric and the restoration of established diplomatic channels. The communique proposed a three-phase transition roadmap including demilitarized buffer zones and internationally monitored elections. Analysts tracking developments in China highlighted that multilateral actors in East Asia are preparing contingency measures.,Diplomatic / Political,2026-02-03,Financial Times,China,East Asia
ART-10565,Uranium enrichment and nuclear fuel supply chains threatened by geopolitical trade curbs,Civilian nuclear power operators warned of long-term fuel fabrication vulnerabilities as geopolitical tensions disrupted international uranium enrichment and nuclear fuel rod shipments. Power plant managers initiated fuel conservation measures to safeguard baseload electrical generation capacity. International stakeholders operating within Eastern Europe called on officials in Russia to exercise maximum caution.,Energy Risk,2026-10-28,Al Jazeera,Russia,Eastern Europe
ART-10940,Customs authority impounds containerized shipments under expanded cross-border trade sanctions,Port customs officials seized hundreds of cargo containers suspected of violating expanded international sanctions targeting dual-use industrial components. Importers and freight forwarders faced lengthy legal audits and storage fees as customs clearance procedures were dramatically expanded. International stakeholders operating within Middle East called on officials in Turkey to exercise maximum caution.,Trade & Shipping,2026-09-25,Al Jazeera,Turkey,Middle East
ART-11030,Sovereign credit rating placed under negative review following capital flight and currency depreciation,"International credit rating agencies placed sovereign debt issuances on negative watch, citing widening fiscal deficits, rapid foreign exchange reserve depletion, and heightened geopolitical risk premia. Domestic currency valuations experienced sharp depreciations against global reserve currencies. According to senior officials in Qatar, recent indicators across Persian Gulf underscore the urgency of coordinated multilateral action.",Economic Impact,2026-04-08,Al Jazeera,Qatar,Persian Gulf
ART-11374,Refugee displacement crisis deepens as civilian populations flee contested border zones,"International migration agencies reported that hundreds of thousands of displaced civilians have crossed international frontiers seeking asylum, overwhelming border reception facilities and temporary transit camps. Relief agencies mobilized emergency winterization tents, thermal blankets, and clean water distribution systems. According to senior officials in Turkey, recent indicators across Middle East underscore the urgency of coordinated multilateral action.",Humanitarian Impact,2026-03-14,BBC News,Turkey,Middle East
ART-10636,Natural gas pipeline compression station suffers severe explosion amid geopolitical friction,"A critical natural gas compression station feeding industrial manufacturing hubs suffered a catastrophic pipeline failure, cutting regional gas transit volumes by over 40 percent. Energy distribution utilities immediately mandated industrial consumption rationing while emergency engineering teams assessed blast damage. Field correspondents in Japan reported that ongoing developments across East Asia are compounding operational risks.",Energy Risk,2026-08-27,Nikkei Asia,Japan,East Asia
ART-11178,Bilateral currency swaps activated as commercial banking system faces dollar liquidity squeeze,Central monetary authorities tapped bilateral foreign currency swap lines to inject hard currency liquidity into domestic commercial banks struggling with overseas settlement obligations. Treasury officials emphasized that foreign reserve backstops remain adequate to maintain interbank clearing operations. International stakeholders operating within Eastern Europe called on officials in Russia to exercise maximum caution.,Economic Impact,2026-04-10,BBC News,Russia,Eastern Europe
ART-10326,Foreign ministers issue joint communique calling for de-escalation and diplomatic roadmaps,"Senior diplomats representing regional powers issued a coordinated statement demanding an immediate halt to escalating rhetoric and the restoration of established diplomatic channels. The communique proposed a three-phase transition roadmap including demilitarized buffer zones and internationally monitored elections. According to senior officials in Ukraine, recent indicators across Eastern Europe underscore the urgency of coordinated multilateral action.",Diplomatic / Political,2026-10-18,BBC News,Ukraine,Eastern Europe
ART-11245,Central banks signal emergency interest rate adjustments as geopolitical inflation pressures broaden,"Monetary policy committees convened extraordinary policy meetings to evaluate persistent macroeconomic shocks stemming from import price inflation and commodity supply friction. Financial market analysts revised benchmark interest rate trajectories upward as headline consumer price indices reflected elevated freight and producer input expenses. According to senior officials in United Kingdom, recent indicators across Western Europe underscore the urgency of coordinated multilateral action.",Economic Impact,2026-08-10,UN News,United Kingdom,Western Europe
ART-11344,"Field hospitals face critical shortages of surgical anesthetics, electricity, and clean water","Medical relief organizations operating inside crisis sectors issued urgent distress alerts regarding depleted pharmaceuticals, damaged municipal water treatment facilities, and erratic generator fuel supplies necessary to maintain life-saving intensive care and trauma operating rooms. International stakeholders operating within Western Europe called on officials in United Kingdom to exercise maximum caution.",Humanitarian Impact,2026-03-28,Financial Times,United Kingdom,Western Europe
ART-10635,Offshore drilling platform security elevated following hostile drone reconnaissance sightings,"Offshore energy operators implemented maximum security protocols across deepwater drilling rigs after unidentified aerial drones were observed conducting surveillance over gas extraction platforms. Naval patrol craft were deployed to maintain exclusion perimeters around strategic energy infrastructure. According to senior officials in United Kingdom, recent indicators across Western Europe underscore the urgency of coordinated multilateral action.",Energy Risk,2026-02-08,Wall Street Journal,United Kingdom,Western Europe
ART-11216,Manufacturing purchasing managers index drops into contraction territory amid input price spikes,"National manufacturing indices slumped below the critical 50-point threshold, signaling industrial output contraction across export-oriented sectors. Factory managers reported elevated input acquisition costs, backlog accumulation, and declining international export orders due to geopolitical uncertainty. According to senior officials in South Korea, recent indicators across East Asia underscore the urgency of coordinated multilateral action.",Economic Impact,2026-06-16,Bloomberg,South Korea,East Asia
ART-10267,Regional security summit yields preliminary multilateral mutual non-aggression pact,Heads of state concluded an emergency multilateral summit with a joint communique pledging adherence to non-aggression principles and established arbitration treaties. Diplomatic working groups were tasked with establishing direct hotline communications between military defense commands to mitigate miscalculation risks. International stakeholders operating within Eastern Europe called on officials in Poland to exercise maximum caution.,Diplomatic / Political,2026-07-10,BBC News,Poland,Eastern Europe
ART-10423,Special presidential envoy conducts whirlwind diplomatic tour across regional capitals,"Traveling through key allied capitals, the senior diplomatic envoy presented confidential de-escalation proposals designed to avert broader regional conflict. Discussions centered on mutual troop withdrawals, diplomatic concessions, and security guarantees backed by multilateral institutions. In South Korea, emergency coordination committees met to assess secondary vulnerabilities across East Asia.",Diplomatic / Political,2026-04-08,Al Jazeera,South Korea,East Asia
ART-10797,Global automotive supply chains stall as crucial raw material cargo shipments face port delays,"Major automotive assembly plants announced temporary production line shutdowns due to critical parts shortages resulting from delayed maritime shipping containers. Logistics coordinators reported that specialized component vessels had been delayed over two weeks due to harbor congestion. In Sudan, emergency coordination committees met to assess secondary vulnerabilities across Red Sea & Horn of Africa.",Trade & Shipping,2026-06-01,Bloomberg,Sudan,Red Sea & Horn of Africa
ART-11526,Refugee displacement crisis deepens as civilian populations flee contested border zones,"International migration agencies reported that hundreds of thousands of displaced civilians have crossed international frontiers seeking asylum, overwhelming border reception facilities and temporary transit camps. Relief agencies mobilized emergency winterization tents, thermal blankets, and clean water distribution systems. According to senior officials in Germany, recent indicators across Western Europe underscore the urgency of coordinated multilateral action.",Humanitarian Impact,2026-02-03,Wall Street Journal,Germany,Western Europe
ART-10980,Customs authority impounds containerized shipments under expanded cross-border trade sanctions,Port customs officials seized hundreds of cargo containers suspected of violating expanded international sanctions targeting dual-use industrial components. Importers and freight forwarders faced lengthy legal audits and storage fees as customs clearance procedures were dramatically expanded. International stakeholders operating within South Asia called on officials in India to exercise maximum caution.,Trade & Shipping,2026-04-27,Reuters,India,South Asia
ART-10857,Dry bulk carrier grain shipments stranded in territorial waters amid maritime security impasse,Dozens of bulk cargo vessels carrying millions of metric tons of wheat and agricultural commodities remained anchored outside key commercial ports due to unconfirmed maritime passage clearances and mine threat assessments. Agricultural traders warned of contract defaults and grain supply shortages in import-dependent nations. International stakeholders operating within Western Europe called on officials in Germany to exercise maximum caution.,Trade & Shipping,2026-09-26,Associated Press,Germany,Western Europe
ART-11099,Consumer confidence plunges as energy and food price inflation erodes household purchasing power,"National economic sentiment surveys revealed the steepest monthly drop in consumer confidence in several years as rising utility bills and grocery costs squeezed household budgets. Economists warned that declining domestic retail consumption will act as a major drag on quarterly gross domestic product. In Egypt, emergency coordination committees met to assess secondary vulnerabilities across Red Sea & Horn of Africa.",Economic Impact,2026-07-13,Deutsche Welle,Egypt,Red Sea & Horn of Africa
ART-10265,United Nations Security Council convenes emergency session over border sovereignty dispute,"Permanent delegates at the United Nations Headquarters debated a draft resolution condemning territorial incursions and mandating the deployment of an international peacekeeping observer mission. Diplomatic attachés engaged in intense multilateral consultations to resolve contentious veto language regarding territorial sovereignty. In India, emergency coordination committees met to assess secondary vulnerabilities across South Asia.",Diplomatic / Political,2026-06-26,Associated Press,India,South Asia
ART-10227,Hypersonic missile barrage targets critical defense installations and radar outposts,"Air defense surveillance networks detected high-velocity aerodynamic missile trajectories aimed at strategic command nodes and hardened munitions storage facilities. Military spokespersons stated that mobile interceptor batteries engaged multiple inbound warheads, while combat search-and-rescue teams mobilized across blast perimeters. In Sudan, emergency coordination committees met to assess secondary vulnerabilities across Red Sea & Horn of Africa.",Military Conflict,2026-05-22,BBC News,Sudan,Red Sea & Horn of Africa
ART-11365,United Nations launches emergency humanitarian relief appeal for food aid and medical shelter,Humanitarian coordinators formally issued a multilateral funding appeal seeking urgent donor contributions to support frontline field clinics and nutritional distribution hubs. Aid convoys reported severe logistical hurdles attempting to deliver relief supplies to isolated civilian populations trapped along combat axes. Authorities in Egypt emphasized that immediate stability in Red Sea & Horn of Africa remains essential to mitigating broader systemic fallout.,Humanitarian Impact,2026-10-24,Deutsche Welle,Egypt,Red Sea & Horn of Africa
ART-11240,Manufacturing purchasing managers index drops into contraction territory amid input price spikes,"National manufacturing indices slumped below the critical 50-point threshold, signaling industrial output contraction across export-oriented sectors. Factory managers reported elevated input acquisition costs, backlog accumulation, and declining international export orders due to geopolitical uncertainty. International stakeholders operating within East Asia called on officials in Japan to exercise maximum caution.",Economic Impact,2026-03-03,UN News,Japan,East Asia
ART-10842,Air cargo freight rates surge as commercial shippers seek alternatives to disrupted ocean lanes,"Air logistics forwarders recorded historic price increases per kilogram of air cargo as manufacturers chartered dedicated freighter aircraft to bypass blocked maritime shipping corridors. Cargo airlines expanded flight schedules between manufacturing hubs to accommodate high-value automotive and electronics freight. In China, emergency coordination committees met to assess secondary vulnerabilities across East Asia.",Trade & Shipping,2026-03-26,Al Jazeera,China,East Asia
ART-10670,Power grid operators initiate emergency load shedding following sabotage of high-voltage transmission lines,National electrical transmission coordinators implemented rolling blackouts across metropolitan centers after key electrical substations and cross-border interconnectors sustained coordinated physical sabotage. Energy officials urged citizens to conserve electricity while backup diesel generators were deployed to hospitals. Analysts tracking developments in China highlighted that multilateral actors in East Asia are preparing contingency measures.,Energy Risk,2026-07-09,Financial Times,China,East Asia
ART-11425,Malnutrition rates spike among pediatric populations in besieged urban pockets,International aid workers documented severe acute malnutrition among infants and children cut off from standard commercial food distribution networks. Humanitarian flights attempted emergency air-drops of therapeutic nutritional paste while requesting immediate humanitarian pauses. International stakeholders operating within South Asia called on officials in India to exercise maximum caution.,Humanitarian Impact,2026-04-17,Financial Times,India,South Asia
ART-10023,Urban warfare intensifies as mechanized units push into contested industrial outskirts,"Heavy machine gun fire, anti-tank guided missiles, and snipers engaged in ferocious building-to-building clashes in industrial sectors. Combat engineers detonated obstacle barriers under smoke screens while field artillery delivered preparatory barrages against reinforced strongpoints. International stakeholders operating within East Asia called on officials in South Korea to exercise maximum caution.",Military Conflict,2026-02-22,Reuters,South Korea,East Asia
ART-11062,Sovereign credit rating placed under negative review following capital flight and currency depreciation,"International credit rating agencies placed sovereign debt issuances on negative watch, citing widening fiscal deficits, rapid foreign exchange reserve depletion, and heightened geopolitical risk premia. Domestic currency valuations experienced sharp depreciations against global reserve currencies. According to senior officials in Pakistan, recent indicators across South Asia underscore the urgency of coordinated multilateral action.",Economic Impact,2026-04-05,Nikkei Asia,Pakistan,South Asia
ART-10755,Offshore drilling platform security elevated following hostile drone reconnaissance sightings,Offshore energy operators implemented maximum security protocols across deepwater drilling rigs after unidentified aerial drones were observed conducting surveillance over gas extraction platforms. Naval patrol craft were deployed to maintain exclusion perimeters around strategic energy infrastructure. International stakeholders operating within Western Europe called on officials in United Kingdom to exercise maximum caution.,Energy Risk,2026-09-25,Financial Times,United Kingdom,Western Europe
ART-11537,,Crude oil transport and pipeline networks faced severe operational friction across key refining hubs.,Energy Risk,2026-05-18,Bloomberg,India,South Asia
ART-10932,Customs authority impounds containerized shipments under expanded cross-border trade sanctions,"Port customs officials seized hundreds of cargo containers suspected of violating expanded international sanctions targeting dual-use industrial components. Importers and freight forwarders faced lengthy legal audits and storage fees as customs clearance procedures were dramatically expanded. In India, emergency coordination committees met to assess secondary vulnerabilities across South Asia.",Trade & Shipping,2026-07-01,Financial Times,India,South Asia
ART-10144,Tactical ballistic missiles intercept hostile command post in retaliatory strike,"Military command launched precision ballistic missiles targeting an underground tactical operations center following sustained perimeter rocket attacks. Satellite damage assessments confirmed extensive structural destruction to communications masts and command bunkers. According to senior officials in Yemen, recent indicators across Red Sea & Horn of Africa underscore the urgency of coordinated multilateral action.",Military Conflict,2026-03-03,Nikkei Asia,Yemen,Red Sea & Horn of Africa
ART-11074,Bilateral currency swaps activated as commercial banking system faces dollar liquidity squeeze,"Central monetary authorities tapped bilateral foreign currency swap lines to inject hard currency liquidity into domestic commercial banks struggling with overseas settlement obligations. Treasury officials emphasized that foreign reserve backstops remain adequate to maintain interbank clearing operations. According to senior officials in Saudi Arabia, recent indicators across Persian Gulf underscore the urgency of coordinated multilateral action.",Economic Impact,2026-01-16,Reuters,Saudi Arabia,Persian Gulf
ART-11556,"Field hospitals face critical shortages of surgical anesthetics, electricity, and clean water","Medical relief organizations operating inside crisis sectors issued urgent distress alerts regarding depleted pharmaceuticals, damaged municipal water treatment facilities, and erratic generator fuel supplies necessary to maintain life-saving intensive care and trauma operating rooms. International stakeholders operating within Persian Gulf called on officials in Saudi Arabia to exercise maximum caution.",Humanitarian Impact,2026-10-06,Wall Street Journal,Saudi Arabia,Persian Gulf
ART-10478,Foreign ministers issue joint communique calling for de-escalation and diplomatic roadmaps,"Senior diplomats representing regional powers issued a coordinated statement demanding an immediate halt to escalating rhetoric and the restoration of established diplomatic channels. The communique proposed a three-phase transition roadmap including demilitarized buffer zones and internationally monitored elections. According to senior officials in Pakistan, recent indicators across South Asia underscore the urgency of coordinated multilateral action.",Diplomatic / Political,2026-04-26,UN News,Pakistan,South Asia
ART-10422,Foreign ministers issue joint communique calling for de-escalation and diplomatic roadmaps,"Senior diplomats representing regional powers issued a coordinated statement demanding an immediate halt to escalating rhetoric and the restoration of established diplomatic channels. The communique proposed a three-phase transition roadmap including demilitarized buffer zones and internationally monitored elections. In Sudan, emergency coordination committees met to assess secondary vulnerabilities across Red Sea & Horn of Africa.",Diplomatic / Political,2026-05-05,Deutsche Welle,Sudan,Red Sea & Horn of Africa
ART-11468,Civilian evacuation corridors established under international red cross mediation,"Humanitarian organizations coordinated temporary civilian safe-passage corridors to evacuate vulnerable elderly, women, and pediatric patients from active hostility perimeters. International observers monitored compliance to ensure unhindered transit for humanitarian convoys transporting essential rations and emergency medical supplies. According to senior officials in Russia, recent indicators across Eastern Europe underscore the urgency of coordinated multilateral action.",Humanitarian Impact,2026-06-18,Bloomberg,Russia,Eastern Europe
ART-10791,Port congestion and customs clearance bottlenecks escalate across major maritime container terminals,"Logistics operators reported severe berthing queues and prolonged container dwell times exceeding historical highs at major oceanic gateway terminals. Freight forwarders cited vessel bunching, rail intermodal backlogs, and maritime rerouting schedules as compounding drivers of global supply chain gridlock. According to senior officials in Taiwan, recent indicators across East Asia underscore the urgency of coordinated multilateral action.",Trade & Shipping,2026-10-06,Associated Press,Taiwan,East Asia
ART-10143,Urban warfare intensifies as mechanized units push into contested industrial outskirts,"Heavy machine gun fire, anti-tank guided missiles, and snipers engaged in ferocious building-to-building clashes in industrial sectors. Combat engineers detonated obstacle barriers under smoke screens while field artillery delivered preparatory barrages against reinforced strongpoints. In Taiwan, emergency coordination committees met to assess secondary vulnerabilities across East Asia.",Military Conflict,2026-02-09,Financial Times,Taiwan,East Asia
ART-11470,Refugee displacement crisis deepens as civilian populations flee contested border zones,"International migration agencies reported that hundreds of thousands of displaced civilians have crossed international frontiers seeking asylum, overwhelming border reception facilities and temporary transit camps. Relief agencies mobilized emergency winterization tents, thermal blankets, and clean water distribution systems. International stakeholders operating within Middle East called on officials in Turkey to exercise maximum caution.",Humanitarian Impact,2026-06-04,Bloomberg,Turkey,Middle East
ART-10383,Special presidential envoy conducts whirlwind diplomatic tour across regional capitals,"Traveling through key allied capitals, the senior diplomatic envoy presented confidential de-escalation proposals designed to avert broader regional conflict. Discussions centered on mutual troop withdrawals, diplomatic concessions, and security guarantees backed by multilateral institutions. Reporting from Pakistan, diplomatic and local observers noted that strategic shifts in South Asia continue to dictate regional outcomes.",Diplomatic / Political,2026-05-24,Bloomberg,Pakistan,South Asia
ART-10055,Urban warfare intensifies as mechanized units push into contested industrial outskirts,"Heavy machine gun fire, anti-tank guided missiles, and snipers engaged in ferocious building-to-building clashes in industrial sectors. Combat engineers detonated obstacle barriers under smoke screens while field artillery delivered preparatory barrages against reinforced strongpoints. Analysts tracking developments in Israel highlighted that multilateral actors in Middle East are preparing contingency measures.",Military Conflict,2026-10-15,Reuters,Israel,Middle East
ART-11001,Dry bulk carrier grain shipments stranded in territorial waters amid maritime security impasse,"Dozens of bulk cargo vessels carrying millions of metric tons of wheat and agricultural commodities remained anchored outside key commercial ports due to unconfirmed maritime passage clearances and mine threat assessments. Agricultural traders warned of contract defaults and grain supply shortages in import-dependent nations. In Germany, emergency coordination committees met to assess secondary vulnerabilities across Western Europe.",Trade & Shipping,2026-09-18,Associated Press,Germany,Western Europe
ART-11250,Bilateral currency swaps activated as commercial banking system faces dollar liquidity squeeze,Central monetary authorities tapped bilateral foreign currency swap lines to inject hard currency liquidity into domestic commercial banks struggling with overseas settlement obligations. Treasury officials emphasized that foreign reserve backstops remain adequate to maintain interbank clearing operations. Strategic intelligence assessments issued in Japan indicate that conditions in East Asia remain highly dynamic and fluid.,Economic Impact,2026-05-28,Deutsche Welle,Japan,East Asia
ART-10364,Parliamentary committee ratifies strategic bilateral defense cooperation treaty,"Legislators voted overwhelmingly to approve a comprehensive security alliance treaty authorizing joint intelligence sharing, reciprocal military base access, and coordinated defense procurement. Government ministers emphasized that the diplomatic accord reinforces regional deterrence without violating international neutrality accords. Field correspondents in China reported that ongoing developments across East Asia are compounding operational risks.",Diplomatic / Political,2026-02-19,Reuters,China,East Asia
ART-11133,Central banks signal emergency interest rate adjustments as geopolitical inflation pressures broaden,"Monetary policy committees convened extraordinary policy meetings to evaluate persistent macroeconomic shocks stemming from import price inflation and commodity supply friction. Financial market analysts revised benchmark interest rate trajectories upward as headline consumer price indices reflected elevated freight and producer input expenses. According to senior officials in Ukraine, recent indicators across Eastern Europe underscore the urgency of coordinated multilateral action.",Economic Impact,2026-09-04,Deutsche Welle,Ukraine,Eastern Europe
ART-10214,Air defense interceptors scramble as hostile bomber formations approach territorial airspace,"Tactical fighter squadrons conducted emergency combat air patrols after long-range strategic bombers were detected operating near sovereign air defense identification zones. Defense ministry officials confirmed that electronic warfare aircraft shadowed the formations until they altered course away from defensive boundaries. In United States, emergency coordination committees met to assess secondary vulnerabilities across North America.",Military Conflict,2026-09-05,Bloomberg,United States,North America
ART-10352,Bilateral ceasefire negotiations resume under international diplomatic mediation,"Special diplomatic envoys and foreign ministers convened high-stakes closed-door consultations aimed at establishing an immediate humanitarian truce and verifiable demilitarization framework. Negotiators reviewed draft protocols addressing prisoner-of-war exchanges, border verification monitors, and the formal cessation of cross-border hostilities. According to senior officials in Poland, recent indicators across Eastern Europe underscore the urgency of coordinated multilateral action.",Diplomatic / Political,2026-02-10,Nikkei Asia,Poland,Eastern Europe
ART-10191,Urban warfare intensifies as mechanized units push into contested industrial outskirts,"Heavy machine gun fire, anti-tank guided missiles, and snipers engaged in ferocious building-to-building clashes in industrial sectors. Combat engineers detonated obstacle barriers under smoke screens while field artillery delivered preparatory barrages against reinforced strongpoints. Analysts tracking developments in Ukraine highlighted that multilateral actors in Eastern Europe are preparing contingency measures.",Military Conflict,2026-01-09,Deutsche Welle,Ukraine,Eastern Europe
ART-10624,OPEC+ convenes emergency ministerial meeting as maritime transit tensions threaten crude exports,"Petroleum exporting ministers scheduled extraordinary virtual consultations to review market stability and global spare crude production capacity following maritime bottlenecks in key transit chokepoints. Energy analysts cautioned that export delays could quickly deplete OECD commercial crude reserves and elevate spot price volatility. According to senior officials in Germany, recent indicators across Western Europe underscore the urgency of coordinated multilateral action.",Energy Risk,2026-02-21,Bloomberg,Germany,Western Europe
ART-10925,Global automotive supply chains stall as crucial raw material cargo shipments face port delays,Major automotive assembly plants announced temporary production line shutdowns due to critical parts shortages resulting from delayed maritime shipping containers. Logistics coordinators reported that specialized component vessels had been delayed over two weeks due to harbor congestion. Field correspondents in United Kingdom reported that ongoing developments across Western Europe are compounding operational risks.,Trade & Shipping,2026-01-12,Financial Times,United Kingdom,Western Europe
ART-11167,Stock exchange volatility index spikes as investors rotate capital into sovereign bonds and gold,"Equities across regional bourses recorded broad sell-offs, with industrial, aviation, and consumer discretionary shares leading declines. Capital allocators rotated liquidity into sovereign treasury securities, bullion, and cash equivalents amid heightened geopolitical uncertainty and macroeconomic stagflation fears. Analysts tracking developments in South Korea highlighted that multilateral actors in East Asia are preparing contingency measures.",Economic Impact,2026-04-15,Bloomberg,South Korea,East Asia
ART-11509,United Nations launches emergency humanitarian relief appeal for food aid and medical shelter,Humanitarian coordinators formally issued a multilateral funding appeal seeking urgent donor contributions to support frontline field clinics and nutritional distribution hubs. Aid convoys reported severe logistical hurdles attempting to deliver relief supplies to isolated civilian populations trapped along combat axes. International stakeholders operating within Middle East called on officials in Israel to exercise maximum caution.,Humanitarian Impact,2026-08-01,Nikkei Asia,Israel,Middle East
ART-10223,Urban warfare intensifies as mechanized units push into contested industrial outskirts,"Heavy machine gun fire, anti-tank guided missiles, and snipers engaged in ferocious building-to-building clashes in industrial sectors. Combat engineers detonated obstacle barriers under smoke screens while field artillery delivered preparatory barrages against reinforced strongpoints. International stakeholders operating within Persian Gulf called on officials in Qatar to exercise maximum caution.",Military Conflict,2026-06-18,UN News,Qatar,Persian Gulf
ART-10973,Global automotive supply chains stall as crucial raw material cargo shipments face port delays,"Major automotive assembly plants announced temporary production line shutdowns due to critical parts shortages resulting from delayed maritime shipping containers. Logistics coordinators reported that specialized component vessels had been delayed over two weeks due to harbor congestion. In United States, emergency coordination committees met to assess secondary vulnerabilities across North America.",Trade & Shipping,2026-09-13,Associated Press,United States,North America
ART-10386,Ambassadorial recall and formal diplomatic demarche issued over treaty violation,"The foreign ministry formally summoned the resident ambassador to deliver a stern diplomatic demarche protesting recent unilateral border treaties and sovereignty violations. State officials announced the immediate recall of senior diplomatic legations for urgent foreign policy strategy reviews. In United States, emergency coordination committees met to assess secondary vulnerabilities across North America.",Diplomatic / Political,2026-02-26,Financial Times,United States,North America
ART-10792,Bilateral tariff escalation and export licensing controls enacted on critical high-tech components,"Commerce ministries imposed sweeping tariff increases and strict export license restrictions on key industrial raw materials, advanced machine tools, and semiconductor wafers. Trade associations warned that compliance friction and retaliatory tariffs threaten to disrupt global electronic manufacturing supply chains. Authorities in South Korea emphasized that immediate stability in East Asia remains essential to mitigating broader systemic fallout.",Trade & Shipping,2026-02-10,Associated Press,South Korea,East Asia
ART-11095,Stock exchange volatility index spikes as investors rotate capital into sovereign bonds and gold,"Equities across regional bourses recorded broad sell-offs, with industrial, aviation, and consumer discretionary shares leading declines. Capital allocators rotated liquidity into sovereign treasury securities, bullion, and cash equivalents amid heightened geopolitical uncertainty and macroeconomic stagflation fears. According to senior officials in Sudan, recent indicators across Red Sea & Horn of Africa underscore the urgency of coordinated multilateral action.",Economic Impact,2026-10-03,BBC News,Sudan,Red Sea & Horn of Africa
ART-10131,Hypersonic missile barrage targets critical defense installations and radar outposts,"Air defense surveillance networks detected high-velocity aerodynamic missile trajectories aimed at strategic command nodes and hardened munitions storage facilities. Military spokespersons stated that mobile interceptor batteries engaged multiple inbound warheads, while combat search-and-rescue teams mobilized across blast perimeters. In Iran, emergency coordination committees met to assess secondary vulnerabilities across Persian Gulf.",Military Conflict,2026-02-11,Financial Times,Iran,Persian Gulf
ART-11243,Consumer confidence plunges as energy and food price inflation erodes household purchasing power,"National economic sentiment surveys revealed the steepest monthly drop in consumer confidence in several years as rising utility bills and grocery costs squeezed household budgets. Economists warned that declining domestic retail consumption will act as a major drag on quarterly gross domestic product. In South Korea, emergency coordination committees met to assess secondary vulnerabilities across East Asia.",Economic Impact,2026-10-23,Al Jazeera,South Korea,East Asia
ART-10419,Regional security summit yields preliminary multilateral mutual non-aggression pact,Heads of state concluded an emergency multilateral summit with a joint communique pledging adherence to non-aggression principles and established arbitration treaties. Diplomatic working groups were tasked with establishing direct hotline communications between military defense commands to mitigate miscalculation risks. International stakeholders operating within Persian Gulf called on officials in Saudi Arabia to exercise maximum caution.,Diplomatic / Political,2026-07-08,Nikkei Asia,Saudi Arabia,Persian Gulf
ART-10781,Global automotive supply chains stall as crucial raw material cargo shipments face port delays,Major automotive assembly plants announced temporary production line shutdowns due to critical parts shortages resulting from delayed maritime shipping containers. Logistics coordinators reported that specialized component vessels had been delayed over two weeks due to harbor congestion. Strategic intelligence assessments issued in Egypt indicate that conditions in Red Sea & Horn of Africa remain highly dynamic and fluid.,Trade & Shipping,2026-01-11,Deutsche Welle,Egypt,Red Sea & Horn of Africa
ART-10801,Dry bulk carrier grain shipments stranded in territorial waters amid maritime security impasse,"Dozens of bulk cargo vessels carrying millions of metric tons of wheat and agricultural commodities remained anchored outside key commercial ports due to unconfirmed maritime passage clearances and mine threat assessments. Agricultural traders warned of contract defaults and grain supply shortages in import-dependent nations. Reporting from Saudi Arabia, diplomatic and local observers noted that strategic shifts in Persian Gulf continue to dictate regional outcomes.",Trade & Shipping,2026-05-07,Nikkei Asia,Saudi Arabia,Persian Gulf
ART-11176,Manufacturing purchasing managers index drops into contraction territory amid input price spikes,"National manufacturing indices slumped below the critical 50-point threshold, signaling industrial output contraction across export-oriented sectors. Factory managers reported elevated input acquisition costs, backlog accumulation, and declining international export orders due to geopolitical uncertainty. Field correspondents in India reported that ongoing developments across South Asia are compounding operational risks.",Economic Impact,2026-01-09,Financial Times,India,South Asia
ART-11235,Consumer confidence plunges as energy and food price inflation erodes household purchasing power,National economic sentiment surveys revealed the steepest monthly drop in consumer confidence in several years as rising utility bills and grocery costs squeezed household budgets. Economists warned that declining domestic retail consumption will act as a major drag on quarterly gross domestic product. Analysts tracking developments in Taiwan highlighted that multilateral actors in East Asia are preparing contingency measures.,Economic Impact,2026-10-11,Al Jazeera,Taiwan,East Asia
ART-11164,Corporate debt default risk rises as borrowing costs spike following geopolitical credit repricing,"Credit default swap spreads widened significantly across corporate debt markets as lenders repriced risk margins for businesses exposed to cross-border supply shocks. Debt restructuring advisors noted a sharp uptick in emergency corporate credit facility requests. In Iran, emergency coordination committees met to assess secondary vulnerabilities across Persian Gulf.",Economic Impact,2026-03-18,UN News,Iran,Persian Gulf
ART-10677,Uranium enrichment and nuclear fuel supply chains threatened by geopolitical trade curbs,"Civilian nuclear power operators warned of long-term fuel fabrication vulnerabilities as geopolitical tensions disrupted international uranium enrichment and nuclear fuel rod shipments. Power plant managers initiated fuel conservation measures to safeguard baseload electrical generation capacity. In Germany, emergency coordination committees met to assess secondary vulnerabilities across Western Europe.",Energy Risk,2026-05-09,Wall Street Journal,Germany,Western Europe
ART-10315,Regional security summit yields preliminary multilateral mutual non-aggression pact,"Heads of state concluded an emergency multilateral summit with a joint communique pledging adherence to non-aggression principles and established arbitration treaties. Diplomatic working groups were tasked with establishing direct hotline communications between military defense commands to mitigate miscalculation risks. According to senior officials in Saudi Arabia, recent indicators across Persian Gulf underscore the urgency of coordinated multilateral action.",Diplomatic / Political,2026-06-08,Associated Press,Saudi Arabia,Persian Gulf
ART-11268,Corporate debt default risk rises as borrowing costs spike following geopolitical credit repricing,Credit default swap spreads widened significantly across corporate debt markets as lenders repriced risk margins for businesses exposed to cross-border supply shocks. Debt restructuring advisors noted a sharp uptick in emergency corporate credit facility requests. International stakeholders operating within South Asia called on officials in Pakistan to exercise maximum caution.,Economic Impact,2026-01-09,Associated Press,Pakistan,South Asia
ART-10066,Naval task force engages hostile explosive drone boats in strategic strait,"Guided missile destroyers deployed on maritime security patrol neutralized several unmanned explosive surface vessels attempting to strike military logistics convoys. Naval fleet commanders ordered elevated combat readiness and deployed electronic jamming countermeasures to disable hostile telemetry links along contested maritime transit corridors. In Poland, emergency coordination committees met to assess secondary vulnerabilities across Eastern Europe.",Military Conflict,2026-03-18,UN News,Poland,Eastern Europe
ART-11163,Consumer confidence plunges as energy and food price inflation erodes household purchasing power,National economic sentiment surveys revealed the steepest monthly drop in consumer confidence in several years as rising utility bills and grocery costs squeezed household budgets. Economists warned that declining domestic retail consumption will act as a major drag on quarterly gross domestic product. International stakeholders operating within Middle East called on officials in Israel to exercise maximum caution.,Economic Impact,2026-06-14,Financial Times,Israel,Middle East
ART-10048,Tactical ballistic missiles intercept hostile command post in retaliatory strike,Military command launched precision ballistic missiles targeting an underground tactical operations center following sustained perimeter rocket attacks. Satellite damage assessments confirmed extensive structural destruction to communications masts and command bunkers. International stakeholders operating within Eastern Europe called on officials in Russia to exercise maximum caution.,Military Conflict,2026-09-24,UN News,Russia,Eastern Europe
ART-11284,Civilian evacuation corridors established under international red cross mediation,"Humanitarian organizations coordinated temporary civilian safe-passage corridors to evacuate vulnerable elderly, women, and pediatric patients from active hostility perimeters. International observers monitored compliance to ensure unhindered transit for humanitarian convoys transporting essential rations and emergency medical supplies. According to senior officials in Turkey, recent indicators across Middle East underscore the urgency of coordinated multilateral action.",Humanitarian Impact,2026-03-04,Associated Press,Turkey,Middle East
ART-10668,Natural gas pipeline compression station suffers severe explosion amid geopolitical friction,"A critical natural gas compression station feeding industrial manufacturing hubs suffered a catastrophic pipeline failure, cutting regional gas transit volumes by over 40 percent. Energy distribution utilities immediately mandated industrial consumption rationing while emergency engineering teams assessed blast damage. Authorities in Yemen emphasized that immediate stability in Red Sea & Horn of Africa remains essential to mitigating broader systemic fallout.",Energy Risk,2026-02-24,Wall Street Journal,Yemen,Red Sea & Horn of Africa
ART-11301,United Nations launches emergency humanitarian relief appeal for food aid and medical shelter,Humanitarian coordinators formally issued a multilateral funding appeal seeking urgent donor contributions to support frontline field clinics and nutritional distribution hubs. Aid convoys reported severe logistical hurdles attempting to deliver relief supplies to isolated civilian populations trapped along combat axes. Analysts tracking developments in Pakistan highlighted that multilateral actors in South Asia are preparing contingency measures.,Humanitarian Impact,2026-03-28,Nikkei Asia,Pakistan,South Asia
ART-11102,Sovereign credit rating placed under negative review following capital flight and currency depreciation,"International credit rating agencies placed sovereign debt issuances on negative watch, citing widening fiscal deficits, rapid foreign exchange reserve depletion, and heightened geopolitical risk premia. Domestic currency valuations experienced sharp depreciations against global reserve currencies. According to senior officials in Ukraine, recent indicators across Eastern Europe underscore the urgency of coordinated multilateral action.",Economic Impact,2026-01-21,Associated Press,Ukraine,Eastern Europe
ART-10827,Maritime insurance syndicates cancel commercial hull coverage for vessels navigating disputed waters,"Global marine insurance underwriters formally notified shipowners that war-risk hull and machinery insurance policies would be rescinded for vessels transiting designated high-risk maritime corridors. Ship operators faced the choice between exorbitant special indemnity premiums or canceling scheduled voyages. In Egypt, emergency coordination committees met to assess secondary vulnerabilities across Red Sea & Horn of Africa.",Trade & Shipping,2026-02-05,Deutsche Welle,Egypt,Red Sea & Horn of Africa
ART-10872,Bilateral tariff escalation and export licensing controls enacted on critical high-tech components,"Commerce ministries imposed sweeping tariff increases and strict export license restrictions on key industrial raw materials, advanced machine tools, and semiconductor wafers. Trade associations warned that compliance friction and retaliatory tariffs threaten to disrupt global electronic manufacturing supply chains. Strategic intelligence assessments issued in Turkey indicate that conditions in Middle East remain highly dynamic and fluid.",Trade & Shipping,2026-03-13,BBC News,Turkey,Middle East
ART-10859,Maritime insurance syndicates cancel commercial hull coverage for vessels navigating disputed waters,Global marine insurance underwriters formally notified shipowners that war-risk hull and machinery insurance policies would be rescinded for vessels transiting designated high-risk maritime corridors. Ship operators faced the choice between exorbitant special indemnity premiums or canceling scheduled voyages. Strategic intelligence assessments issued in India indicate that conditions in South Asia remain highly dynamic and fluid.,Trade & Shipping,2026-01-19,Al Jazeera,India,South Asia
ART-10462,Foreign ministers issue joint communique calling for de-escalation and diplomatic roadmaps,"Senior diplomats representing regional powers issued a coordinated statement demanding an immediate halt to escalating rhetoric and the restoration of established diplomatic channels. The communique proposed a three-phase transition roadmap including demilitarized buffer zones and internationally monitored elections. In Japan, emergency coordination committees met to assess secondary vulnerabilities across East Asia.",Diplomatic / Political,2026-10-03,Deutsche Welle,Japan,East Asia
ART-11463,Disrupted municipal power grids and water filtration plants jeopardize civilian public health,"Public health authorities warned of escalating waterborne disease outbreaks after sustained infrastructure damage crippled municipal water purification networks and electrical sub-stations. Emergency relief teams deployed portable purification modules and oral rehydration packets to mitigate sanitary hazards. According to senior officials in Taiwan, recent indicators across East Asia underscore the urgency of coordinated multilateral action.",Humanitarian Impact,2026-06-03,Al Jazeera,Taiwan,East Asia
ART-10727,Major crude oil pipeline flow suspended following strategic transit sabotage threat,"Energy operators halted pumping operations along a major transcontinental crude pipeline after intelligence reports identified credible security threats against remote pumping stations. Energy security ministries initiated pipeline integrity inspections, while oil refinery operators tapped reserve stockpiles to maintain downstream distillation output. In Ukraine, emergency coordination committees met to assess secondary vulnerabilities across Eastern Europe.",Energy Risk,2026-08-17,Bloomberg,Ukraine,Eastern Europe
ART-11024,Manufacturing purchasing managers index drops into contraction territory amid input price spikes,"National manufacturing indices slumped below the critical 50-point threshold, signaling industrial output contraction across export-oriented sectors. Factory managers reported elevated input acquisition costs, backlog accumulation, and declining international export orders due to geopolitical uncertainty. In Turkey, emergency coordination committees met to assess secondary vulnerabilities across Middle East.",Economic Impact,2026-09-24,Deutsche Welle,Turkey,Middle East
ART-10020,Cross-border commando raid triggers intense infantry firefight along buffer line,"Special forces detachments conducted reconnaissance incursions into contested border sectors, sparking sustained firefights with entrenched hostile infantry. Rapid deployment armored battalions were dispatched with close air support to establish defensive perimeters and extract forward patrol units under heavy mortar suppression. Reporting from Saudi Arabia, diplomatic and local observers noted that strategic shifts in Persian Gulf continue to dictate regional outcomes.",Military Conflict,2026-02-16,Nikkei Asia,Saudi Arabia,Persian Gulf
ART-10626,Strategic petroleum reserve release authorized to counterbalance global supply disruptions,"Energy authorities authorized the emergency drawdown of millions of barrels of crude oil from national strategic petroleum reserves to stabilize domestic fuel supply chains. Energy department officials coordinated the release with international energy partners to offset prolonged refinery feedstock shortages. According to senior officials in United States, recent indicators across North America underscore the urgency of coordinated multilateral action.",Energy Risk,2026-01-24,Associated Press,United States,North America
ART-10263,Special presidential envoy conducts whirlwind diplomatic tour across regional capitals,"Traveling through key allied capitals, the senior diplomatic envoy presented confidential de-escalation proposals designed to avert broader regional conflict. Discussions centered on mutual troop withdrawals, diplomatic concessions, and security guarantees backed by multilateral institutions. In India, emergency coordination committees met to assess secondary vulnerabilities across South Asia.",Diplomatic / Political,2026-01-18,UN News,India,South Asia
ART-11183,Stock exchange volatility index spikes as investors rotate capital into sovereign bonds and gold,"Equities across regional bourses recorded broad sell-offs, with industrial, aviation, and consumer discretionary shares leading declines. Capital allocators rotated liquidity into sovereign treasury securities, bullion, and cash equivalents amid heightened geopolitical uncertainty and macroeconomic stagflation fears. In Germany, emergency coordination committees met to assess secondary vulnerabilities across Western Europe.",Economic Impact,2026-04-04,Financial Times,Germany,Western Europe
ART-10285,Multilateral peace conference deadlocked over territorial governance and treaty guarantees,Diplomatic negotiations stalled after opposing delegations rejected compromise terms concerning international border administration and security guarantees. Facilitators from neutral states urged both delegations to maintain working-level communications and prevent the total breakdown of diplomatic dialogue. Authorities in Sudan emphasized that immediate stability in Red Sea & Horn of Africa remains essential to mitigating broader systemic fallout.,Diplomatic / Political,2026-08-08,Associated Press,Sudan,Red Sea & Horn of Africa
ART-10768,Bilateral tariff escalation and export licensing controls enacted on critical high-tech components,"Commerce ministries imposed sweeping tariff increases and strict export license restrictions on key industrial raw materials, advanced machine tools, and semiconductor wafers. Trade associations warned that compliance friction and retaliatory tariffs threaten to disrupt global electronic manufacturing supply chains. In South Korea, emergency coordination committees met to assess secondary vulnerabilities across East Asia.",Trade & Shipping,2026-02-13,Nikkei Asia,South Korea,East Asia
ART-11482,Makeshift refugee settlements overwhelmed by torrential flooding and freezing weather,"Severe seasonal weather inundated informal displacement settlements, destroying temporary plastic shelters and creating catastrophic sanitary conditions for thousands of families. Disaster response teams mobilized emergency drainage pumps and emergency clothing distributions. In Pakistan, emergency coordination committees met to assess secondary vulnerabilities across South Asia.",Humanitarian Impact,2026-02-01,Nikkei Asia,Pakistan,South Asia
ART-11144,Manufacturing purchasing managers index drops into contraction territory amid input price spikes,"National manufacturing indices slumped below the critical 50-point threshold, signaling industrial output contraction across export-oriented sectors. Factory managers reported elevated input acquisition costs, backlog accumulation, and declining international export orders due to geopolitical uncertainty. International stakeholders operating within North America called on officials in United States to exercise maximum caution.",Economic Impact,2026-02-02,Associated Press,United States,North America
ART-10922,Air cargo freight rates surge as commercial shippers seek alternatives to disrupted ocean lanes,"Air logistics forwarders recorded historic price increases per kilogram of air cargo as manufacturers chartered dedicated freighter aircraft to bypass blocked maritime shipping corridors. Cargo airlines expanded flight schedules between manufacturing hubs to accommodate high-value automotive and electronics freight. In Taiwan, emergency coordination committees met to assess secondary vulnerabilities across East Asia.",Trade & Shipping,2026-02-24,Al Jazeera,Taiwan,East Asia
ART-10899,Maritime insurance syndicates cancel commercial hull coverage for vessels navigating disputed waters,"Global marine insurance underwriters formally notified shipowners that war-risk hull and machinery insurance policies would be rescinded for vessels transiting designated high-risk maritime corridors. Ship operators faced the choice between exorbitant special indemnity premiums or canceling scheduled voyages. In China, emergency coordination committees met to assess secondary vulnerabilities across East Asia.",Trade & Shipping,2026-03-15,Wall Street Journal,China,East Asia
ART-11288,"Field hospitals face critical shortages of surgical anesthetics, electricity, and clean water","Medical relief organizations operating inside crisis sectors issued urgent distress alerts regarding depleted pharmaceuticals, damaged municipal water treatment facilities, and erratic generator fuel supplies necessary to maintain life-saving intensive care and trauma operating rooms. According to senior officials in Egypt, recent indicators across Red Sea & Horn of Africa underscore the urgency of coordinated multilateral action.",Humanitarian Impact,2026-10-16,BBC News,Egypt,Red Sea & Horn of Africa
ART-10856,Bilateral tariff escalation and export licensing controls enacted on critical high-tech components,"Commerce ministries imposed sweeping tariff increases and strict export license restrictions on key industrial raw materials, advanced machine tools, and semiconductor wafers. Trade associations warned that compliance friction and retaliatory tariffs threaten to disrupt global electronic manufacturing supply chains. International stakeholders operating within Middle East called on officials in Turkey to exercise maximum caution.",Trade & Shipping,2026-02-18,Associated Press,Turkey,Middle East
ART-10879,Port congestion and customs clearance bottlenecks escalate across major maritime container terminals,"Logistics operators reported severe berthing queues and prolonged container dwell times exceeding historical highs at major oceanic gateway terminals. Freight forwarders cited vessel bunching, rail intermodal backlogs, and maritime rerouting schedules as compounding drivers of global supply chain gridlock. According to senior officials in Iran, recent indicators across Persian Gulf underscore the urgency of coordinated multilateral action.",Trade & Shipping,2026-04-26,Wall Street Journal,Iran,Persian Gulf
ART-10385,United Nations Security Council convenes emergency session over border sovereignty dispute,"Permanent delegates at the United Nations Headquarters debated a draft resolution condemning territorial incursions and mandating the deployment of an international peacekeeping observer mission. Diplomatic attachés engaged in intense multilateral consultations to resolve contentious veto language regarding territorial sovereignty. According to senior officials in India, recent indicators across South Asia underscore the urgency of coordinated multilateral action.",Diplomatic / Political,2026-08-17,Nikkei Asia,India,South Asia
ART-10642,Strategic petroleum reserve release authorized to counterbalance global supply disruptions,"Energy authorities authorized the emergency drawdown of millions of barrels of crude oil from national strategic petroleum reserves to stabilize domestic fuel supply chains. Energy department officials coordinated the release with international energy partners to offset prolonged refinery feedstock shortages. In Russia, emergency coordination committees met to assess secondary vulnerabilities across Eastern Europe.",Energy Risk,2026-08-15,Wall Street Journal,Russia,Eastern Europe
ART-10176,Tactical ballistic missiles intercept hostile command post in retaliatory strike,Military command launched precision ballistic missiles targeting an underground tactical operations center following sustained perimeter rocket attacks. Satellite damage assessments confirmed extensive structural destruction to communications masts and command bunkers. Strategic intelligence assessments issued in Iran indicate that conditions in Persian Gulf remain highly dynamic and fluid.,Military Conflict,2026-09-04,Al Jazeera,Iran,Persian Gulf
ART-10698,Strategic petroleum reserve release authorized to counterbalance global supply disruptions,"Energy authorities authorized the emergency drawdown of millions of barrels of crude oil from national strategic petroleum reserves to stabilize domestic fuel supply chains. Energy department officials coordinated the release with international energy partners to offset prolonged refinery feedstock shortages. According to senior officials in India, recent indicators across South Asia underscore the urgency of coordinated multilateral action.",Energy Risk,2026-09-20,Nikkei Asia,India,South Asia
ART-10945,Dry bulk carrier grain shipments stranded in territorial waters amid maritime security impasse,"Dozens of bulk cargo vessels carrying millions of metric tons of wheat and agricultural commodities remained anchored outside key commercial ports due to unconfirmed maritime passage clearances and mine threat assessments. Agricultural traders warned of contract defaults and grain supply shortages in import-dependent nations. Reporting from Russia, diplomatic and local observers noted that strategic shifts in Eastern Europe continue to dictate regional outcomes.",Trade & Shipping,2026-10-08,BBC News,Russia,Eastern Europe
ART-10960,Bilateral tariff escalation and export licensing controls enacted on critical high-tech components,"Commerce ministries imposed sweeping tariff increases and strict export license restrictions on key industrial raw materials, advanced machine tools, and semiconductor wafers. Trade associations warned that compliance friction and retaliatory tariffs threaten to disrupt global electronic manufacturing supply chains. In Taiwan, emergency coordination committees met to assess secondary vulnerabilities across East Asia.",Trade & Shipping,2026-05-01,BBC News,Taiwan,East Asia
ART-11132,Corporate debt default risk rises as borrowing costs spike following geopolitical credit repricing,"Credit default swap spreads widened significantly across corporate debt markets as lenders repriced risk margins for businesses exposed to cross-border supply shocks. Debt restructuring advisors noted a sharp uptick in emergency corporate credit facility requests. Reporting from Yemen, diplomatic and local observers noted that strategic shifts in Red Sea & Horn of Africa continue to dictate regional outcomes.",Economic Impact,2026-01-18,BBC News,Yemen,Red Sea & Horn of Africa
ART-11517,United Nations launches emergency humanitarian relief appeal for food aid and medical shelter,"Humanitarian coordinators formally issued a multilateral funding appeal seeking urgent donor contributions to support frontline field clinics and nutritional distribution hubs. Aid convoys reported severe logistical hurdles attempting to deliver relief supplies to isolated civilian populations trapped along combat axes. In Japan, emergency coordination committees met to assess secondary vulnerabilities across East Asia.",Humanitarian Impact,2026-03-19,UN News,Japan,East Asia
ART-11057,Foreign direct investment inflows contract sharply amid cross-border geopolitical instability,Economic development ministries reported a substantial deceleration in inbound foreign direct investment as multinational corporations suspended cross-border capital expansion projects. Investment analysts cited sovereign expropriation risks and geopolitical volatility as primary drivers of capital hesitation. Analysts tracking developments in Japan highlighted that multilateral actors in East Asia are preparing contingency measures.,Economic Impact,2026-03-13,UN News,Japan,East Asia
ART-11334,Refugee displacement crisis deepens as civilian populations flee contested border zones,"International migration agencies reported that hundreds of thousands of displaced civilians have crossed international frontiers seeking asylum, overwhelming border reception facilities and temporary transit camps. Relief agencies mobilized emergency winterization tents, thermal blankets, and clean water distribution systems. International stakeholders operating within South Asia called on officials in Pakistan to exercise maximum caution.",Humanitarian Impact,2026-10-08,Associated Press,Pakistan,South Asia
ART-10972,Customs authority impounds containerized shipments under expanded cross-border trade sanctions,"Port customs officials seized hundreds of cargo containers suspected of violating expanded international sanctions targeting dual-use industrial components. Importers and freight forwarders faced lengthy legal audits and storage fees as customs clearance procedures were dramatically expanded. According to senior officials in Germany, recent indicators across Western Europe underscore the urgency of coordinated multilateral action.",Trade & Shipping,2026-10-16,Associated Press,Germany,Western Europe
ART-10430,Foreign ministers issue joint communique calling for de-escalation and diplomatic roadmaps,"Senior diplomats representing regional powers issued a coordinated statement demanding an immediate halt to escalating rhetoric and the restoration of established diplomatic channels. The communique proposed a three-phase transition roadmap including demilitarized buffer zones and internationally monitored elections. In Taiwan, emergency coordination committees met to assess secondary vulnerabilities across East Asia.",Diplomatic / Political,2026-02-24,Financial Times,Taiwan,East Asia
ART-10465,United Nations Security Council convenes emergency session over border sovereignty dispute,"Permanent delegates at the United Nations Headquarters debated a draft resolution condemning territorial incursions and mandating the deployment of an international peacekeeping observer mission. Diplomatic attachés engaged in intense multilateral consultations to resolve contentious veto language regarding territorial sovereignty. In United Kingdom, emergency coordination committees met to assess secondary vulnerabilities across Western Europe.",Diplomatic / Political,2026-05-12,Al Jazeera,United Kingdom,Western Europe
ART-11321,Malnutrition rates spike among pediatric populations in besieged urban pockets,"International aid workers documented severe acute malnutrition among infants and children cut off from standard commercial food distribution networks. Humanitarian flights attempted emergency air-drops of therapeutic nutritional paste while requesting immediate humanitarian pauses. According to senior officials in Ukraine, recent indicators across Eastern Europe underscore the urgency of coordinated multilateral action.",Humanitarian Impact,2026-03-28,Nikkei Asia,Ukraine,Eastern Europe
ART-10815,Port congestion and customs clearance bottlenecks escalate across major maritime container terminals,"Logistics operators reported severe berthing queues and prolonged container dwell times exceeding historical highs at major oceanic gateway terminals. Freight forwarders cited vessel bunching, rail intermodal backlogs, and maritime rerouting schedules as compounding drivers of global supply chain gridlock. In Pakistan, emergency coordination committees met to assess secondary vulnerabilities across South Asia.",Trade & Shipping,2026-01-20,Al Jazeera,Pakistan,South Asia
ART-10306,Ambassadorial recall and formal diplomatic demarche issued over treaty violation,"The foreign ministry formally summoned the resident ambassador to deliver a stern diplomatic demarche protesting recent unilateral border treaties and sovereignty violations. State officials announced the immediate recall of senior diplomatic legations for urgent foreign policy strategy reviews. According to senior officials in United States, recent indicators across North America underscore the urgency of coordinated multilateral action.",Diplomatic / Political,2026-06-26,Associated Press,United States,North America
ART-11350,Refugee displacement crisis deepens as civilian populations flee contested border zones,"International migration agencies reported that hundreds of thousands of displaced civilians have crossed international frontiers seeking asylum, overwhelming border reception facilities and temporary transit camps. Relief agencies mobilized emergency winterization tents, thermal blankets, and clean water distribution systems. In Japan, emergency coordination committees met to assess secondary vulnerabilities across East Asia.",Humanitarian Impact,2026-03-04,Associated Press,Japan,East Asia
ART-10967,Port congestion and customs clearance bottlenecks escalate across major maritime container terminals,"Logistics operators reported severe berthing queues and prolonged container dwell times exceeding historical highs at major oceanic gateway terminals. Freight forwarders cited vessel bunching, rail intermodal backlogs, and maritime rerouting schedules as compounding drivers of global supply chain gridlock. Analysts tracking developments in Sudan highlighted that multilateral actors in Red Sea & Horn of Africa are preparing contingency measures.",Trade & Shipping,2026-04-28,Associated Press,Sudan,Red Sea & Horn of Africa
ART-10025,Artillery barrages and tactical drone strikes intensify along contested frontline,Heavy artillery exchanges and long-range unmanned aerial strikes escalated across contested frontline defense sectors overnight. Ground command headquarters confirmed multiple cruise missile interceptions and reinforced mechanized infantry brigades holding fortified trenches. Contested air defense batteries engaged low-altitude reconnaissance drones while combat engineers deployed perimeter minefields. Analysts tracking developments in Ukraine highlighted that multilateral actors in Eastern Europe are preparing contingency measures.,Military Conflict,2026-03-17,Wall Street Journal,Ukraine,Eastern Europe
ART-11188,Corporate debt default risk rises as borrowing costs spike following geopolitical credit repricing,"Credit default swap spreads widened significantly across corporate debt markets as lenders repriced risk margins for businesses exposed to cross-border supply shocks. Debt restructuring advisors noted a sharp uptick in emergency corporate credit facility requests. According to senior officials in Japan, recent indicators across East Asia underscore the urgency of coordinated multilateral action.",Economic Impact,2026-03-09,Reuters,Japan,East Asia
ART-10831,Port congestion and customs clearance bottlenecks escalate across major maritime container terminals,"Logistics operators reported severe berthing queues and prolonged container dwell times exceeding historical highs at major oceanic gateway terminals. Freight forwarders cited vessel bunching, rail intermodal backlogs, and maritime rerouting schedules as compounding drivers of global supply chain gridlock. According to senior officials in Sudan, recent indicators across Red Sea & Horn of Africa underscore the urgency of coordinated multilateral action.",Trade & Shipping,2026-06-14,Nikkei Asia,Sudan,Red Sea & Horn of Africa
ART-10828,Customs authority impounds containerized shipments under expanded cross-border trade sanctions,Port customs officials seized hundreds of cargo containers suspected of violating expanded international sanctions targeting dual-use industrial components. Importers and freight forwarders faced lengthy legal audits and storage fees as customs clearance procedures were dramatically expanded. Field correspondents in Turkey reported that ongoing developments across Middle East are compounding operational risks.,Trade & Shipping,2026-07-22,Nikkei Asia,Turkey,Middle East
ART-10710,Power grid operators initiate emergency load shedding following sabotage of high-voltage transmission lines,"National electrical transmission coordinators implemented rolling blackouts across metropolitan centers after key electrical substations and cross-border interconnectors sustained coordinated physical sabotage. Energy officials urged citizens to conserve electricity while backup diesel generators were deployed to hospitals. According to senior officials in Yemen, recent indicators across Red Sea & Horn of Africa underscore the urgency of coordinated multilateral action.",Energy Risk,2026-08-18,Reuters,Yemen,Red Sea & Horn of Africa
ART-10578,Strategic petroleum reserve release authorized to counterbalance global supply disruptions,Energy authorities authorized the emergency drawdown of millions of barrels of crude oil from national strategic petroleum reserves to stabilize domestic fuel supply chains. Energy department officials coordinated the release with international energy partners to offset prolonged refinery feedstock shortages. Authorities in Germany emphasized that immediate stability in Western Europe remains essential to mitigating broader systemic fallout.,Energy Risk,2026-07-25,Reuters,Germany,Western Europe
ART-11511,Disrupted municipal power grids and water filtration plants jeopardize civilian public health,Public health authorities warned of escalating waterborne disease outbreaks after sustained infrastructure damage crippled municipal water purification networks and electrical sub-stations. Emergency relief teams deployed portable purification modules and oral rehydration packets to mitigate sanitary hazards. Strategic intelligence assessments issued in Iran indicate that conditions in Persian Gulf remain highly dynamic and fluid.,Humanitarian Impact,2026-04-12,Al Jazeera,Iran,Persian Gulf
ART-10018,Naval task force engages hostile explosive drone boats in strategic strait,Guided missile destroyers deployed on maritime security patrol neutralized several unmanned explosive surface vessels attempting to strike military logistics convoys. Naval fleet commanders ordered elevated combat readiness and deployed electronic jamming countermeasures to disable hostile telemetry links along contested maritime transit corridors. International stakeholders operating within Persian Gulf called on officials in Saudi Arabia to exercise maximum caution.,Military Conflict,2026-09-24,Financial Times,Saudi Arabia,Persian Gulf
ART-10535,Major crude oil pipeline flow suspended following strategic transit sabotage threat,"Energy operators halted pumping operations along a major transcontinental crude pipeline after intelligence reports identified credible security threats against remote pumping stations. Energy security ministries initiated pipeline integrity inspections, while oil refinery operators tapped reserve stockpiles to maintain downstream distillation output. Authorities in Yemen emphasized that immediate stability in Red Sea & Horn of Africa remains essential to mitigating broader systemic fallout.",Energy Risk,2026-06-03,Wall Street Journal,Yemen,Red Sea & Horn of Africa
ART-11113,Foreign direct investment inflows contract sharply amid cross-border geopolitical instability,"Economic development ministries reported a substantial deceleration in inbound foreign direct investment as multinational corporations suspended cross-border capital expansion projects. Investment analysts cited sovereign expropriation risks and geopolitical volatility as primary drivers of capital hesitation. According to senior officials in India, recent indicators across South Asia underscore the urgency of coordinated multilateral action.",Economic Impact,2026-10-16,Nikkei Asia,India,South Asia
ART-10283,Regional security summit yields preliminary multilateral mutual non-aggression pact,Heads of state concluded an emergency multilateral summit with a joint communique pledging adherence to non-aggression principles and established arbitration treaties. Diplomatic working groups were tasked with establishing direct hotline communications between military defense commands to mitigate miscalculation risks. International stakeholders operating within Eastern Europe called on officials in Poland to exercise maximum caution.,Diplomatic / Political,2026-09-04,Nikkei Asia,Poland,Eastern Europe
ART-11238,Sovereign credit rating placed under negative review following capital flight and currency depreciation,"International credit rating agencies placed sovereign debt issuances on negative watch, citing widening fiscal deficits, rapid foreign exchange reserve depletion, and heightened geopolitical risk premia. Domestic currency valuations experienced sharp depreciations against global reserve currencies. According to senior officials in India, recent indicators across South Asia underscore the urgency of coordinated multilateral action.",Economic Impact,2026-04-03,Nikkei Asia,India,South Asia
ART-10391,Special presidential envoy conducts whirlwind diplomatic tour across regional capitals,"Traveling through key allied capitals, the senior diplomatic envoy presented confidential de-escalation proposals designed to avert broader regional conflict. Discussions centered on mutual troop withdrawals, diplomatic concessions, and security guarantees backed by multilateral institutions. International stakeholders operating within North America called on officials in United States to exercise maximum caution.",Diplomatic / Political,2026-08-08,Deutsche Welle,United States,North America
ART-10563,Offshore drilling platform security elevated following hostile drone reconnaissance sightings,Offshore energy operators implemented maximum security protocols across deepwater drilling rigs after unidentified aerial drones were observed conducting surveillance over gas extraction platforms. Naval patrol craft were deployed to maintain exclusion perimeters around strategic energy infrastructure. International stakeholders operating within Western Europe called on officials in Germany to exercise maximum caution.,Energy Risk,2026-09-09,Deutsche Welle,Germany,Western Europe
ART-10620,Natural gas pipeline compression station suffers severe explosion amid geopolitical friction,"A critical natural gas compression station feeding industrial manufacturing hubs suffered a catastrophic pipeline failure, cutting regional gas transit volumes by over 40 percent. Energy distribution utilities immediately mandated industrial consumption rationing while emergency engineering teams assessed blast damage. In Japan, emergency coordination committees met to assess secondary vulnerabilities across East Asia.",Energy Risk,2026-05-13,Bloomberg,Japan,East Asia
ART-10513,Liquefied natural gas terminal throttles shipments amid regional maritime insurance restrictions,Major LNG export liquefaction facilities reduced cargo loadings after maritime underwriters imposed prohibitive war-risk insurance premiums on LNG tankers navigating adjacent waterways. European and Asian utility operators scrambled to secure spot replacement cargoes ahead of peak seasonal heating demand. Authorities in Israel emphasized that immediate stability in Middle East remains essential to mitigating broader systemic fallout.,Energy Risk,2026-04-01,UN News,Israel,Middle East
ART-10675,Offshore drilling platform security elevated following hostile drone reconnaissance sightings,Offshore energy operators implemented maximum security protocols across deepwater drilling rigs after unidentified aerial drones were observed conducting surveillance over gas extraction platforms. Naval patrol craft were deployed to maintain exclusion perimeters around strategic energy infrastructure. International stakeholders operating within Eastern Europe called on officials in Ukraine to exercise maximum caution.,Energy Risk,2026-06-22,Nikkei Asia,Ukraine,Eastern Europe
ART-10403,Regional security summit yields preliminary multilateral mutual non-aggression pact,"Heads of state concluded an emergency multilateral summit with a joint communique pledging adherence to non-aggression principles and established arbitration treaties. Diplomatic working groups were tasked with establishing direct hotline communications between military defense commands to mitigate miscalculation risks. According to senior officials in Turkey, recent indicators across Middle East underscore the urgency of coordinated multilateral action.",Diplomatic / Political,2026-10-15,Deutsche Welle,Turkey,Middle East
ART-10684,Natural gas pipeline compression station suffers severe explosion amid geopolitical friction,"A critical natural gas compression station feeding industrial manufacturing hubs suffered a catastrophic pipeline failure, cutting regional gas transit volumes by over 40 percent. Energy distribution utilities immediately mandated industrial consumption rationing while emergency engineering teams assessed blast damage. International stakeholders operating within Western Europe called on officials in Germany to exercise maximum caution.",Energy Risk,2026-06-08,Associated Press,Germany,Western Europe
ART-11529,Malnutrition rates spike among pediatric populations in besieged urban pockets,"International aid workers documented severe acute malnutrition among infants and children cut off from standard commercial food distribution networks. Humanitarian flights attempted emergency air-drops of therapeutic nutritional paste while requesting immediate humanitarian pauses. According to senior officials in Turkey, recent indicators across Middle East underscore the urgency of coordinated multilateral action.",Humanitarian Impact,2026-10-03,Financial Times,Turkey,Middle East
ART-11119,Stock exchange volatility index spikes as investors rotate capital into sovereign bonds and gold,"Equities across regional bourses recorded broad sell-offs, with industrial, aviation, and consumer discretionary shares leading declines. Capital allocators rotated liquidity into sovereign treasury securities, bullion, and cash equivalents amid heightened geopolitical uncertainty and macroeconomic stagflation fears. In United States, emergency coordination committees met to assess secondary vulnerabilities across North America.",Economic Impact,2026-02-24,Reuters,United States,North America
ART-10079,Urban warfare intensifies as mechanized units push into contested industrial outskirts,"Heavy machine gun fire, anti-tank guided missiles, and snipers engaged in ferocious building-to-building clashes in industrial sectors. Combat engineers detonated obstacle barriers under smoke screens while field artillery delivered preparatory barrages against reinforced strongpoints. International stakeholders operating within Eastern Europe called on officials in Poland to exercise maximum caution.",Military Conflict,2026-06-03,Deutsche Welle,Poland,Eastern Europe
ART-11473,Malnutrition rates spike among pediatric populations in besieged urban pockets,International aid workers documented severe acute malnutrition among infants and children cut off from standard commercial food distribution networks. Humanitarian flights attempted emergency air-drops of therapeutic nutritional paste while requesting immediate humanitarian pauses. International stakeholders operating within Red Sea & Horn of Africa called on officials in Yemen to exercise maximum caution.,Humanitarian Impact,2026-02-01,Al Jazeera,Yemen,Red Sea & Horn of Africa
ART-10147,Hypersonic missile barrage targets critical defense installations and radar outposts,"Air defense surveillance networks detected high-velocity aerodynamic missile trajectories aimed at strategic command nodes and hardened munitions storage facilities. Military spokespersons stated that mobile interceptor batteries engaged multiple inbound warheads, while combat search-and-rescue teams mobilized across blast perimeters. Strategic intelligence assessments issued in United States indicate that conditions in North America remain highly dynamic and fluid.",Military Conflict,2026-04-22,UN News,United States,North America
ART-11435,Mobile medical teams deploy to remote border crossings as civilian trauma casualties mount,"Emergency medical NGOs deployed mobile surgical units and trauma ambulances along primary refugee transit highways to treat shrapnel injuries and dehydration. Medical directors reported that regional clinics have exhausted their primary supplies of blood plasma and IV fluids. According to senior officials in Saudi Arabia, recent indicators across Persian Gulf underscore the urgency of coordinated multilateral action.",Humanitarian Impact,2026-02-20,Nikkei Asia,Saudi Arabia,Persian Gulf
ART-10202,Naval task force engages hostile explosive drone boats in strategic strait,Guided missile destroyers deployed on maritime security patrol neutralized several unmanned explosive surface vessels attempting to strike military logistics convoys. Naval fleet commanders ordered elevated combat readiness and deployed electronic jamming countermeasures to disable hostile telemetry links along contested maritime transit corridors. Field correspondents in Qatar reported that ongoing developments across Persian Gulf are compounding operational risks.,Military Conflict,2026-10-11,Nikkei Asia,Qatar,Persian Gulf
ART-10467,Regional security summit yields preliminary multilateral mutual non-aggression pact,Heads of state concluded an emergency multilateral summit with a joint communique pledging adherence to non-aggression principles and established arbitration treaties. Diplomatic working groups were tasked with establishing direct hotline communications between military defense commands to mitigate miscalculation risks. Analysts tracking developments in Iran highlighted that multilateral actors in Persian Gulf are preparing contingency measures.,Diplomatic / Political,2026-06-03,Reuters,Iran,Persian Gulf
ART-10567,Major crude oil pipeline flow suspended following strategic transit sabotage threat,"Energy operators halted pumping operations along a major transcontinental crude pipeline after intelligence reports identified credible security threats against remote pumping stations. Energy security ministries initiated pipeline integrity inspections, while oil refinery operators tapped reserve stockpiles to maintain downstream distillation output. In China, emergency coordination committees met to assess secondary vulnerabilities across East Asia.",Energy Risk,2026-01-01,Nikkei Asia,China,East Asia
ART-10161,Artillery barrages and tactical drone strikes intensify along contested frontline,"Heavy artillery exchanges and long-range unmanned aerial strikes escalated across contested frontline defense sectors overnight. Ground command headquarters confirmed multiple cruise missile interceptions and reinforced mechanized infantry brigades holding fortified trenches. Contested air defense batteries engaged low-altitude reconnaissance drones while combat engineers deployed perimeter minefields. In Qatar, emergency coordination committees met to assess secondary vulnerabilities across Persian Gulf.",Military Conflict,2026-08-21,Al Jazeera,Qatar,Persian Gulf
ART-11319,Disrupted municipal power grids and water filtration plants jeopardize civilian public health,"Public health authorities warned of escalating waterborne disease outbreaks after sustained infrastructure damage crippled municipal water purification networks and electrical sub-stations. Emergency relief teams deployed portable purification modules and oral rehydration packets to mitigate sanitary hazards. According to senior officials in Sudan, recent indicators across Red Sea & Horn of Africa underscore the urgency of coordinated multilateral action.",Humanitarian Impact,2026-04-11,Nikkei Asia,Sudan,Red Sea & Horn of Africa
ART-11120,Manufacturing purchasing managers index drops into contraction territory amid input price spikes,"National manufacturing indices slumped below the critical 50-point threshold, signaling industrial output contraction across export-oriented sectors. Factory managers reported elevated input acquisition costs, backlog accumulation, and declining international export orders due to geopolitical uncertainty. In Japan, emergency coordination committees met to assess secondary vulnerabilities across East Asia.",Economic Impact,2026-08-22,Bloomberg,Japan,East Asia
ART-11558,Air defense interceptors scramble as hostile bomber formations approach territorial airspace,Tactical fighter squadrons conducted emergency combat air patrols after long-range strategic bombers were detected operating near sovereign air defense identification zones. Defense ministry officials confirmed that electronic warfare aircraft shadowed the formations until they altered course away from defensive boundaries. International stakeholders operating within Red Sea & Horn of Africa called on officials in Egypt to exercise maximum caution.,Military Conflict,2026-08-20,Deutsche Welle,Egypt,Red Sea & Horn of Africa
ART-11028,Corporate debt default risk rises as borrowing costs spike following geopolitical credit repricing,Credit default swap spreads widened significantly across corporate debt markets as lenders repriced risk margins for businesses exposed to cross-border supply shocks. Debt restructuring advisors noted a sharp uptick in emergency corporate credit facility requests. International stakeholders operating within Persian Gulf called on officials in Iran to exercise maximum caution.,Economic Impact,2026-01-07,Bloomberg,Iran,Persian Gulf
ART-10604,Natural gas pipeline compression station suffers severe explosion amid geopolitical friction,"A critical natural gas compression station feeding industrial manufacturing hubs suffered a catastrophic pipeline failure, cutting regional gas transit volumes by over 40 percent. Energy distribution utilities immediately mandated industrial consumption rationing while emergency engineering teams assessed blast damage. International stakeholders operating within Eastern Europe called on officials in Poland to exercise maximum caution.",Energy Risk,2026-08-18,Al Jazeera,Poland,Eastern Europe
ART-10169,Artillery barrages and tactical drone strikes intensify along contested frontline,Heavy artillery exchanges and long-range unmanned aerial strikes escalated across contested frontline defense sectors overnight. Ground command headquarters confirmed multiple cruise missile interceptions and reinforced mechanized infantry brigades holding fortified trenches. Contested air defense batteries engaged low-altitude reconnaissance drones while combat engineers deployed perimeter minefields. Authorities in Sudan emphasized that immediate stability in Red Sea & Horn of Africa remains essential to mitigating broader systemic fallout.,Military Conflict,2026-09-26,BBC News,Sudan,Red Sea & Horn of Africa
ART-10736,OPEC+ convenes emergency ministerial meeting as maritime transit tensions threaten crude exports,Petroleum exporting ministers scheduled extraordinary virtual consultations to review market stability and global spare crude production capacity following maritime bottlenecks in key transit chokepoints. Energy analysts cautioned that export delays could quickly deplete OECD commercial crude reserves and elevate spot price volatility. Field correspondents in Poland reported that ongoing developments across Eastern Europe are compounding operational risks.,Energy Risk,2026-02-04,Al Jazeera,Poland,Eastern Europe
ART-10156,Cross-border commando raid triggers intense infantry firefight along buffer line,"Special forces detachments conducted reconnaissance incursions into contested border sectors, sparking sustained firefights with entrenched hostile infantry. Rapid deployment armored battalions were dispatched with close air support to establish defensive perimeters and extract forward patrol units under heavy mortar suppression. In Poland, emergency coordination committees met to assess secondary vulnerabilities across Eastern Europe.",Military Conflict,2026-06-11,Deutsche Welle,Poland,Eastern Europe
ART-11396,Civilian evacuation corridors established under international red cross mediation,"Humanitarian organizations coordinated temporary civilian safe-passage corridors to evacuate vulnerable elderly, women, and pediatric patients from active hostility perimeters. International observers monitored compliance to ensure unhindered transit for humanitarian convoys transporting essential rations and emergency medical supplies. International stakeholders operating within Red Sea & Horn of Africa called on officials in Sudan to exercise maximum caution.",Humanitarian Impact,2026-01-03,Deutsche Welle,Sudan,Red Sea & Horn of Africa
ART-10544,OPEC+ convenes emergency ministerial meeting as maritime transit tensions threaten crude exports,Petroleum exporting ministers scheduled extraordinary virtual consultations to review market stability and global spare crude production capacity following maritime bottlenecks in key transit chokepoints. Energy analysts cautioned that export delays could quickly deplete OECD commercial crude reserves and elevate spot price volatility. Field correspondents in Sudan reported that ongoing developments across Red Sea & Horn of Africa are compounding operational risks.,Energy Risk,2026-08-22,UN News,Sudan,Red Sea & Horn of Africa
ART-10479,Special presidential envoy conducts whirlwind diplomatic tour across regional capitals,"Traveling through key allied capitals, the senior diplomatic envoy presented confidential de-escalation proposals designed to avert broader regional conflict. Discussions centered on mutual troop withdrawals, diplomatic concessions, and security guarantees backed by multilateral institutions. In United States, emergency coordination committees met to assess secondary vulnerabilities across North America.",Diplomatic / Political,2026-02-12,Deutsche Welle,United States,North America
ART-10905,Dry bulk carrier grain shipments stranded in territorial waters amid maritime security impasse,"Dozens of bulk cargo vessels carrying millions of metric tons of wheat and agricultural commodities remained anchored outside key commercial ports due to unconfirmed maritime passage clearances and mine threat assessments. Agricultural traders warned of contract defaults and grain supply shortages in import-dependent nations. In Saudi Arabia, emergency coordination committees met to assess secondary vulnerabilities across Persian Gulf.",Trade & Shipping,2026-01-01,Wall Street Journal,Saudi Arabia,Persian Gulf
ART-10368,Bilateral ceasefire negotiations resume under international diplomatic mediation,"Special diplomatic envoys and foreign ministers convened high-stakes closed-door consultations aimed at establishing an immediate humanitarian truce and verifiable demilitarization framework. Negotiators reviewed draft protocols addressing prisoner-of-war exchanges, border verification monitors, and the formal cessation of cross-border hostilities. International stakeholders operating within Middle East called on officials in Turkey to exercise maximum caution.",Diplomatic / Political,2026-03-11,Deutsche Welle,Turkey,Middle East
ART-10051,Hypersonic missile barrage targets critical defense installations and radar outposts,"Air defense surveillance networks detected high-velocity aerodynamic missile trajectories aimed at strategic command nodes and hardened munitions storage facilities. Military spokespersons stated that mobile interceptor batteries engaged multiple inbound warheads, while combat search-and-rescue teams mobilized across blast perimeters. Field correspondents in China reported that ongoing developments across East Asia are compounding operational risks.",Military Conflict,2026-10-04,Deutsche Welle,China,East Asia
ART-10784,Bilateral tariff escalation and export licensing controls enacted on critical high-tech components,"Commerce ministries imposed sweeping tariff increases and strict export license restrictions on key industrial raw materials, advanced machine tools, and semiconductor wafers. Trade associations warned that compliance friction and retaliatory tariffs threaten to disrupt global electronic manufacturing supply chains. According to senior officials in Qatar, recent indicators across Persian Gulf underscore the urgency of coordinated multilateral action.",Trade & Shipping,2026-08-10,Associated Press,Qatar,Persian Gulf
ART-10560,OPEC+ convenes emergency ministerial meeting as maritime transit tensions threaten crude exports,Petroleum exporting ministers scheduled extraordinary virtual consultations to review market stability and global spare crude production capacity following maritime bottlenecks in key transit chokepoints. Energy analysts cautioned that export delays could quickly deplete OECD commercial crude reserves and elevate spot price volatility. Field correspondents in United Kingdom reported that ongoing developments across Western Europe are compounding operational risks.,Energy Risk,2026-01-04,Bloomberg,United Kingdom,Western Europe
ART-10650,Strategic petroleum reserve release authorized to counterbalance global supply disruptions,Energy authorities authorized the emergency drawdown of millions of barrels of crude oil from national strategic petroleum reserves to stabilize domestic fuel supply chains. Energy department officials coordinated the release with international energy partners to offset prolonged refinery feedstock shortages. International stakeholders operating within Red Sea & Horn of Africa called on officials in Egypt to exercise maximum caution.,Energy Risk,2026-09-13,Nikkei Asia,Egypt,Red Sea & Horn of Africa
ART-11019,Maritime insurance syndicates cancel commercial hull coverage for vessels navigating disputed waters,"Global marine insurance underwriters formally notified shipowners that war-risk hull and machinery insurance policies would be rescinded for vessels transiting designated high-risk maritime corridors. Ship operators faced the choice between exorbitant special indemnity premiums or canceling scheduled voyages. In India, emergency coordination committees met to assess secondary vulnerabilities across South Asia.",Trade & Shipping,2026-09-24,Associated Press,India,South Asia
ART-10753,Liquefied natural gas terminal throttles shipments amid regional maritime insurance restrictions,"Major LNG export liquefaction facilities reduced cargo loadings after maritime underwriters imposed prohibitive war-risk insurance premiums on LNG tankers navigating adjacent waterways. European and Asian utility operators scrambled to secure spot replacement cargoes ahead of peak seasonal heating demand. In Ukraine, emergency coordination committees met to assess secondary vulnerabilities across Eastern Europe.",Energy Risk,2026-01-05,Deutsche Welle,Ukraine,Eastern Europe
ART-10838,Container shipping carriers divert cargo fleets around Cape of Good Hope amid maritime threats,"Leading international container shipping lines announced indefinite rerouting of commercial vessels around southern Africa to avoid high-risk maritime straits. The maritime diversion adds 10 to 14 days to standard transit voyages, absorbing container fleet capacity, delaying port turnarounds, and triggering sharp increases in spot ocean freight rates. International stakeholders operating within East Asia called on officials in South Korea to exercise maximum caution.",Trade & Shipping,2026-06-19,Deutsche Welle,South Korea,East Asia
ART-10886,Container shipping carriers divert cargo fleets around Cape of Good Hope amid maritime threats,"Leading international container shipping lines announced indefinite rerouting of commercial vessels around southern Africa to avoid high-risk maritime straits. The maritime diversion adds 10 to 14 days to standard transit voyages, absorbing container fleet capacity, delaying port turnarounds, and triggering sharp increases in spot ocean freight rates. In Poland, emergency coordination committees met to assess secondary vulnerabilities across Eastern Europe.",Trade & Shipping,2026-02-14,Reuters,Poland,Eastern Europe
ART-11519,Disrupted municipal power grids and water filtration plants jeopardize civilian public health,Public health authorities warned of escalating waterborne disease outbreaks after sustained infrastructure damage crippled municipal water purification networks and electrical sub-stations. Emergency relief teams deployed portable purification modules and oral rehydration packets to mitigate sanitary hazards. International stakeholders operating within East Asia called on officials in Taiwan to exercise maximum caution.,Humanitarian Impact,2026-09-23,Reuters,Taiwan,East Asia
ART-10924,Customs authority impounds containerized shipments under expanded cross-border trade sanctions,"Port customs officials seized hundreds of cargo containers suspected of violating expanded international sanctions targeting dual-use industrial components. Importers and freight forwarders faced lengthy legal audits and storage fees as customs clearance procedures were dramatically expanded. According to senior officials in Russia, recent indicators across Eastern Europe underscore the urgency of coordinated multilateral action.",Trade & Shipping,2026-02-17,Nikkei Asia,Russia,Eastern Europe
ART-10873,Dry bulk carrier grain shipments stranded in territorial waters amid maritime security impasse,"Dozens of bulk cargo vessels carrying millions of metric tons of wheat and agricultural commodities remained anchored outside key commercial ports due to unconfirmed maritime passage clearances and mine threat assessments. Agricultural traders warned of contract defaults and grain supply shortages in import-dependent nations. In Turkey, emergency coordination committees met to assess secondary vulnerabilities across Middle East.",Trade & Shipping,2026-01-11,Al Jazeera,Turkey,Middle East
ART-10689,Liquefied natural gas terminal throttles shipments amid regional maritime insurance restrictions,Major LNG export liquefaction facilities reduced cargo loadings after maritime underwriters imposed prohibitive war-risk insurance premiums on LNG tankers navigating adjacent waterways. European and Asian utility operators scrambled to secure spot replacement cargoes ahead of peak seasonal heating demand. International stakeholders operating within Western Europe called on officials in Germany to exercise maximum caution.,Energy Risk,2026-08-19,Deutsche Welle,Germany,Western Europe
ART-11273,Foreign direct investment inflows contract sharply amid cross-border geopolitical instability,"Economic development ministries reported a substantial deceleration in inbound foreign direct investment as multinational corporations suspended cross-border capital expansion projects. Investment analysts cited sovereign expropriation risks and geopolitical volatility as primary drivers of capital hesitation. In Iran, emergency coordination committees met to assess secondary vulnerabilities across Persian Gulf.",Economic Impact,2026-01-25,UN News,Iran,Persian Gulf
ART-11050,Bilateral currency swaps activated as commercial banking system faces dollar liquidity squeeze,Central monetary authorities tapped bilateral foreign currency swap lines to inject hard currency liquidity into domestic commercial banks struggling with overseas settlement obligations. Treasury officials emphasized that foreign reserve backstops remain adequate to maintain interbank clearing operations. Analysts tracking developments in Germany highlighted that multilateral actors in Western Europe are preparing contingency measures.,Economic Impact,2026-10-24,Deutsche Welle,Germany,Western Europe
ART-10953,Dry bulk carrier grain shipments stranded in territorial waters amid maritime security impasse,Dozens of bulk cargo vessels carrying millions of metric tons of wheat and agricultural commodities remained anchored outside key commercial ports due to unconfirmed maritime passage clearances and mine threat assessments. Agricultural traders warned of contract defaults and grain supply shortages in import-dependent nations. International stakeholders operating within Red Sea & Horn of Africa called on officials in Yemen to exercise maximum caution.,Trade & Shipping,2026-07-18,Bloomberg,Yemen,Red Sea & Horn of Africa
ART-10085,Armored battalion mobilizes main battle tanks as cross-border incursions escalate,"Mechanized combat divisions equipped with main battle tanks and armored fighting vehicles initiated defensive counter-maneuvers following reported hostile border crossings. Military leadership enacted wartime emergency protocol, stationing self-propelled howitzers and air surveillance batteries across frontline tactical sectors. Field correspondents in India reported that ongoing developments across South Asia are compounding operational risks.",Military Conflict,2026-08-17,Financial Times,India,South Asia
ART-11379,Mobile medical teams deploy to remote border crossings as civilian trauma casualties mount,Emergency medical NGOs deployed mobile surgical units and trauma ambulances along primary refugee transit highways to treat shrapnel injuries and dehydration. Medical directors reported that regional clinics have exhausted their primary supplies of blood plasma and IV fluids. International stakeholders operating within South Asia called on officials in India to exercise maximum caution.,Humanitarian Impact,2026-03-04,Al Jazeera,India,South Asia
ART-11498,Makeshift refugee settlements overwhelmed by torrential flooding and freezing weather,"Severe seasonal weather inundated informal displacement settlements, destroying temporary plastic shelters and creating catastrophic sanitary conditions for thousands of families. Disaster response teams mobilized emergency drainage pumps and emergency clothing distributions. According to senior officials in Saudi Arabia, recent indicators across Persian Gulf underscore the urgency of coordinated multilateral action.",Humanitarian Impact,2026-03-18,BBC News,Saudi Arabia,Persian Gulf
ART-10721,Liquefied natural gas terminal throttles shipments amid regional maritime insurance restrictions,"Major LNG export liquefaction facilities reduced cargo loadings after maritime underwriters imposed prohibitive war-risk insurance premiums on LNG tankers navigating adjacent waterways. European and Asian utility operators scrambled to secure spot replacement cargoes ahead of peak seasonal heating demand. In Sudan, emergency coordination committees met to assess secondary vulnerabilities across Red Sea & Horn of Africa.",Energy Risk,2026-10-16,UN News,Sudan,Red Sea & Horn of Africa
ART-11392,"Field hospitals face critical shortages of surgical anesthetics, electricity, and clean water","Medical relief organizations operating inside crisis sectors issued urgent distress alerts regarding depleted pharmaceuticals, damaged municipal water treatment facilities, and erratic generator fuel supplies necessary to maintain life-saving intensive care and trauma operating rooms. In Pakistan, emergency coordination committees met to assess secondary vulnerabilities across South Asia.",Humanitarian Impact,2026-05-24,Deutsche Welle,Pakistan,South Asia
ART-11568,"Field hospitals face critical shortages of surgical anesthetics, electricity, and clean water","Medical relief organizations operating inside crisis sectors issued urgent distress alerts regarding depleted pharmaceuticals, damaged municipal water treatment facilities, and erratic generator fuel supplies necessary to maintain life-saving intensive care and trauma operating rooms. In Egypt, emergency coordination committees met to assess secondary vulnerabilities across Red Sea & Horn of Africa.",Humanitarian Impact,2026-02-19,BBC News,Egypt,Red Sea & Horn of Africa
ART-10605,Uranium enrichment and nuclear fuel supply chains threatened by geopolitical trade curbs,"Civilian nuclear power operators warned of long-term fuel fabrication vulnerabilities as geopolitical tensions disrupted international uranium enrichment and nuclear fuel rod shipments. Power plant managers initiated fuel conservation measures to safeguard baseload electrical generation capacity. In Egypt, emergency coordination committees met to assess secondary vulnerabilities across Red Sea & Horn of Africa.",Energy Risk,2026-01-06,Wall Street Journal,Egypt,Red Sea & Horn of Africa
ART-10173,Armored battalion mobilizes main battle tanks as cross-border incursions escalate,"Mechanized combat divisions equipped with main battle tanks and armored fighting vehicles initiated defensive counter-maneuvers following reported hostile border crossings. Military leadership enacted wartime emergency protocol, stationing self-propelled howitzers and air surveillance batteries across frontline tactical sectors. Strategic intelligence assessments issued in China indicate that conditions in East Asia remain highly dynamic and fluid.",Military Conflict,2026-04-13,UN News,China,East Asia
ART-10276,Parliamentary committee ratifies strategic bilateral defense cooperation treaty,"Legislators voted overwhelmingly to approve a comprehensive security alliance treaty authorizing joint intelligence sharing, reciprocal military base access, and coordinated defense procurement. Government ministers emphasized that the diplomatic accord reinforces regional deterrence without violating international neutrality accords. In Germany, emergency coordination committees met to assess secondary vulnerabilities across Western Europe.",Diplomatic / Political,2026-10-05,UN News,Germany,Western Europe
ART-10174,Air defense interceptors scramble as hostile bomber formations approach territorial airspace,"Tactical fighter squadrons conducted emergency combat air patrols after long-range strategic bombers were detected operating near sovereign air defense identification zones. Defense ministry officials confirmed that electronic warfare aircraft shadowed the formations until they altered course away from defensive boundaries. In Germany, emergency coordination committees met to assess secondary vulnerabilities across Western Europe.",Military Conflict,2026-07-23,Al Jazeera,Germany,Western Europe
ART-11128,Manufacturing purchasing managers index drops into contraction territory amid input price spikes,"National manufacturing indices slumped below the critical 50-point threshold, signaling industrial output contraction across export-oriented sectors. Factory managers reported elevated input acquisition costs, backlog accumulation, and declining international export orders due to geopolitical uncertainty. Analysts tracking developments in India highlighted that multilateral actors in South Asia are preparing contingency measures.",Economic Impact,2026-06-22,Deutsche Welle,India,South Asia
ART-10522,Strategic petroleum reserve release authorized to counterbalance global supply disruptions,Energy authorities authorized the emergency drawdown of millions of barrels of crude oil from national strategic petroleum reserves to stabilize domestic fuel supply chains. Energy department officials coordinated the release with international energy partners to offset prolonged refinery feedstock shortages. International stakeholders operating within Persian Gulf called on officials in Qatar to exercise maximum caution.,Energy Risk,2026-06-06,Nikkei Asia,Qatar,Persian Gulf
ART-11394,Makeshift refugee settlements overwhelmed by torrential flooding and freezing weather,"Severe seasonal weather inundated informal displacement settlements, destroying temporary plastic shelters and creating catastrophic sanitary conditions for thousands of families. Disaster response teams mobilized emergency drainage pumps and emergency clothing distributions. According to senior officials in Pakistan, recent indicators across South Asia underscore the urgency of coordinated multilateral action.",Humanitarian Impact,2026-08-13,Al Jazeera,Pakistan,South Asia
ART-10322,Ambassadorial recall and formal diplomatic demarche issued over treaty violation,The foreign ministry formally summoned the resident ambassador to deliver a stern diplomatic demarche protesting recent unilateral border treaties and sovereignty violations. State officials announced the immediate recall of senior diplomatic legations for urgent foreign policy strategy reviews. Strategic intelligence assessments issued in Saudi Arabia indicate that conditions in Persian Gulf remain highly dynamic and fluid.,Diplomatic / Political,2026-03-15,Associated Press,Saudi Arabia,Persian Gulf
ART-11171,Consumer confidence plunges as energy and food price inflation erodes household purchasing power,"National economic sentiment surveys revealed the steepest monthly drop in consumer confidence in several years as rising utility bills and grocery costs squeezed household budgets. Economists warned that declining domestic retail consumption will act as a major drag on quarterly gross domestic product. According to senior officials in Taiwan, recent indicators across East Asia underscore the urgency of coordinated multilateral action.",Economic Impact,2026-05-21,Bloomberg,Taiwan,East Asia
ART-10773,Global automotive supply chains stall as crucial raw material cargo shipments face port delays,"Major automotive assembly plants announced temporary production line shutdowns due to critical parts shortages resulting from delayed maritime shipping containers. Logistics coordinators reported that specialized component vessels had been delayed over two weeks due to harbor congestion. According to senior officials in South Korea, recent indicators across East Asia underscore the urgency of coordinated multilateral action.",Trade & Shipping,2026-09-01,Wall Street Journal,South Korea,East Asia
ART-10871,Port congestion and customs clearance bottlenecks escalate across major maritime container terminals,"Logistics operators reported severe berthing queues and prolonged container dwell times exceeding historical highs at major oceanic gateway terminals. Freight forwarders cited vessel bunching, rail intermodal backlogs, and maritime rerouting schedules as compounding drivers of global supply chain gridlock. Strategic intelligence assessments issued in Russia indicate that conditions in Eastern Europe remain highly dynamic and fluid.",Trade & Shipping,2026-07-26,Nikkei Asia,Russia,Eastern Europe
ART-10627,Offshore drilling platform security elevated following hostile drone reconnaissance sightings,"Offshore energy operators implemented maximum security protocols across deepwater drilling rigs after unidentified aerial drones were observed conducting surveillance over gas extraction platforms. Naval patrol craft were deployed to maintain exclusion perimeters around strategic energy infrastructure. According to senior officials in India, recent indicators across South Asia underscore the urgency of coordinated multilateral action.",Energy Risk,2026-07-06,Deutsche Welle,India,South Asia
ART-10448,Bilateral ceasefire negotiations resume under international diplomatic mediation,"Special diplomatic envoys and foreign ministers convened high-stakes closed-door consultations aimed at establishing an immediate humanitarian truce and verifiable demilitarization framework. Negotiators reviewed draft protocols addressing prisoner-of-war exchanges, border verification monitors, and the formal cessation of cross-border hostilities. International stakeholders operating within Eastern Europe called on officials in Poland to exercise maximum caution.",Diplomatic / Political,2026-07-26,Wall Street Journal,Poland,Eastern Europe
ART-10811,Maritime insurance syndicates cancel commercial hull coverage for vessels navigating disputed waters,Global marine insurance underwriters formally notified shipowners that war-risk hull and machinery insurance policies would be rescinded for vessels transiting designated high-risk maritime corridors. Ship operators faced the choice between exorbitant special indemnity premiums or canceling scheduled voyages. International stakeholders operating within Eastern Europe called on officials in Russia to exercise maximum caution.,Trade & Shipping,2026-09-04,BBC News,Russia,Eastern Europe
ART-10481,United Nations Security Council convenes emergency session over border sovereignty dispute,"Permanent delegates at the United Nations Headquarters debated a draft resolution condemning territorial incursions and mandating the deployment of an international peacekeeping observer mission. Diplomatic attachés engaged in intense multilateral consultations to resolve contentious veto language regarding territorial sovereignty. According to senior officials in Taiwan, recent indicators across East Asia underscore the urgency of coordinated multilateral action.",Diplomatic / Political,2026-05-26,Al Jazeera,Taiwan,East Asia
ART-10926,Container shipping carriers divert cargo fleets around Cape of Good Hope amid maritime threats,"Leading international container shipping lines announced indefinite rerouting of commercial vessels around southern Africa to avoid high-risk maritime straits. The maritime diversion adds 10 to 14 days to standard transit voyages, absorbing container fleet capacity, delaying port turnarounds, and triggering sharp increases in spot ocean freight rates. International stakeholders operating within East Asia called on officials in China to exercise maximum caution.",Trade & Shipping,2026-01-11,Deutsche Welle,China,East Asia
ART-10416,Bilateral ceasefire negotiations resume under international diplomatic mediation,"Special diplomatic envoys and foreign ministers convened high-stakes closed-door consultations aimed at establishing an immediate humanitarian truce and verifiable demilitarization framework. Negotiators reviewed draft protocols addressing prisoner-of-war exchanges, border verification monitors, and the formal cessation of cross-border hostilities. Field correspondents in Egypt reported that ongoing developments across Red Sea & Horn of Africa are compounding operational risks.",Diplomatic / Political,2026-09-08,Al Jazeera,Egypt,Red Sea & Horn of Africa
ART-11503,Disrupted municipal power grids and water filtration plants jeopardize civilian public health,Public health authorities warned of escalating waterborne disease outbreaks after sustained infrastructure damage crippled municipal water purification networks and electrical sub-stations. Emergency relief teams deployed portable purification modules and oral rehydration packets to mitigate sanitary hazards. International stakeholders operating within Western Europe called on officials in United Kingdom to exercise maximum caution.,Humanitarian Impact,2026-02-13,Associated Press,United Kingdom,Western Europe
ART-10425,United Nations Security Council convenes emergency session over border sovereignty dispute,Permanent delegates at the United Nations Headquarters debated a draft resolution condemning territorial incursions and mandating the deployment of an international peacekeeping observer mission. Diplomatic attachés engaged in intense multilateral consultations to resolve contentious veto language regarding territorial sovereignty. Authorities in Egypt emphasized that immediate stability in Red Sea & Horn of Africa remains essential to mitigating broader systemic fallout.,Diplomatic / Political,2026-04-09,Financial Times,Egypt,Red Sea & Horn of Africa
ART-10075,Hypersonic missile barrage targets critical defense installations and radar outposts,"Air defense surveillance networks detected high-velocity aerodynamic missile trajectories aimed at strategic command nodes and hardened munitions storage facilities. Military spokespersons stated that mobile interceptor batteries engaged multiple inbound warheads, while combat search-and-rescue teams mobilized across blast perimeters. International stakeholders operating within Eastern Europe called on officials in Ukraine to exercise maximum caution.",Military Conflict,2026-03-09,Associated Press,Ukraine,Eastern Europe
ART-11331,Mobile medical teams deploy to remote border crossings as civilian trauma casualties mount,Emergency medical NGOs deployed mobile surgical units and trauma ambulances along primary refugee transit highways to treat shrapnel injuries and dehydration. Medical directors reported that regional clinics have exhausted their primary supplies of blood plasma and IV fluids. International stakeholders operating within South Asia called on officials in Pakistan to exercise maximum caution.,Humanitarian Impact,2026-02-02,Reuters,Pakistan,South Asia
ART-11553,Air cargo freight rates surge as commercial shippers seek alternatives to disrupted ocean lanes,"Air logistics forwarders recorded historic price increases per kilogram of air cargo as manufacturers chartered dedicated freighter aircraft to bypass blocked maritime shipping corridors. Cargo airlines expanded flight schedules between manufacturing hubs to accommodate high-value automotive and electronics freight. In China, emergency coordination committees met to assess secondary vulnerabilities across East Asia.",Trade & Shipping,2026-03-26,Al Jazeera,China,East Asia
ART-11307,Mobile medical teams deploy to remote border crossings as civilian trauma casualties mount,Emergency medical NGOs deployed mobile surgical units and trauma ambulances along primary refugee transit highways to treat shrapnel injuries and dehydration. Medical directors reported that regional clinics have exhausted their primary supplies of blood plasma and IV fluids. Authorities in United Kingdom emphasized that immediate stability in Western Europe remains essential to mitigating broader systemic fallout.,Humanitarian Impact,2026-02-03,UN News,United Kingdom,Western Europe
ART-10822,Container shipping carriers divert cargo fleets around Cape of Good Hope amid maritime threats,"Leading international container shipping lines announced indefinite rerouting of commercial vessels around southern Africa to avoid high-risk maritime straits. The maritime diversion adds 10 to 14 days to standard transit voyages, absorbing container fleet capacity, delaying port turnarounds, and triggering sharp increases in spot ocean freight rates. Strategic intelligence assessments issued in Yemen indicate that conditions in Red Sea & Horn of Africa remain highly dynamic and fluid.",Trade & Shipping,2026-09-06,Wall Street Journal,Yemen,Red Sea & Horn of Africa
ART-11191,Stock exchange volatility index spikes as investors rotate capital into sovereign bonds and gold,"Equities across regional bourses recorded broad sell-offs, with industrial, aviation, and consumer discretionary shares leading declines. Capital allocators rotated liquidity into sovereign treasury securities, bullion, and cash equivalents amid heightened geopolitical uncertainty and macroeconomic stagflation fears. In Israel, emergency coordination committees met to assess secondary vulnerabilities across Middle East.",Economic Impact,2026-09-28,Deutsche Welle,Israel,Middle East
ART-10550,Power grid operators initiate emergency load shedding following sabotage of high-voltage transmission lines,National electrical transmission coordinators implemented rolling blackouts across metropolitan centers after key electrical substations and cross-border interconnectors sustained coordinated physical sabotage. Energy officials urged citizens to conserve electricity while backup diesel generators were deployed to hospitals. Analysts tracking developments in Egypt highlighted that multilateral actors in Red Sea & Horn of Africa are preparing contingency measures.,Energy Risk,2026-08-08,Associated Press,Egypt,Red Sea & Horn of Africa
ART-10971,Maritime insurance syndicates cancel commercial hull coverage for vessels navigating disputed waters,"Global marine insurance underwriters formally notified shipowners that war-risk hull and machinery insurance policies would be rescinded for vessels transiting designated high-risk maritime corridors. Ship operators faced the choice between exorbitant special indemnity premiums or canceling scheduled voyages. In China, emergency coordination committees met to assess secondary vulnerabilities across East Asia.",Trade & Shipping,2026-07-10,Deutsche Welle,China,East Asia
ART-11014,Container shipping carriers divert cargo fleets around Cape of Good Hope amid maritime threats,"Leading international container shipping lines announced indefinite rerouting of commercial vessels around southern Africa to avoid high-risk maritime straits. The maritime diversion adds 10 to 14 days to standard transit voyages, absorbing container fleet capacity, delaying port turnarounds, and triggering sharp increases in spot ocean freight rates. In Turkey, emergency coordination committees met to assess secondary vulnerabilities across Middle East.",Trade & Shipping,2026-08-15,Associated Press,Turkey,Middle East
ART-10990,Container shipping carriers divert cargo fleets around Cape of Good Hope amid maritime threats,"Leading international container shipping lines announced indefinite rerouting of commercial vessels around southern Africa to avoid high-risk maritime straits. The maritime diversion adds 10 to 14 days to standard transit voyages, absorbing container fleet capacity, delaying port turnarounds, and triggering sharp increases in spot ocean freight rates. In Pakistan, emergency coordination committees met to assess secondary vulnerabilities across South Asia.",Trade & Shipping,2026-02-18,UN News,Pakistan,South Asia
ART-11077,Central banks signal emergency interest rate adjustments as geopolitical inflation pressures broaden,Monetary policy committees convened extraordinary policy meetings to evaluate persistent macroeconomic shocks stemming from import price inflation and commodity supply friction. Financial market analysts revised benchmark interest rate trajectories upward as headline consumer price indices reflected elevated freight and producer input expenses. Strategic intelligence assessments issued in India indicate that conditions in South Asia remain highly dynamic and fluid.,Economic Impact,2026-02-05,UN News,India,South Asia
ART-10766,Container shipping carriers divert cargo fleets around Cape of Good Hope amid maritime threats,"Leading international container shipping lines announced indefinite rerouting of commercial vessels around southern Africa to avoid high-risk maritime straits. The maritime diversion adds 10 to 14 days to standard transit voyages, absorbing container fleet capacity, delaying port turnarounds, and triggering sharp increases in spot ocean freight rates. In Japan, emergency coordination committees met to assess secondary vulnerabilities across East Asia.",Trade & Shipping,2026-02-12,Nikkei Asia,Japan,East Asia
ART-10660,Natural gas pipeline compression station suffers severe explosion amid geopolitical friction,"A critical natural gas compression station feeding industrial manufacturing hubs suffered a catastrophic pipeline failure, cutting regional gas transit volumes by over 40 percent. Energy distribution utilities immediately mandated industrial consumption rationing while emergency engineering teams assessed blast damage. According to senior officials in Qatar, recent indicators across Persian Gulf underscore the urgency of coordinated multilateral action.",Energy Risk,2026-08-07,Associated Press,Qatar,Persian Gulf
ART-10367,Special presidential envoy conducts whirlwind diplomatic tour across regional capitals,"Traveling through key allied capitals, the senior diplomatic envoy presented confidential de-escalation proposals designed to avert broader regional conflict. Discussions centered on mutual troop withdrawals, diplomatic concessions, and security guarantees backed by multilateral institutions. According to senior officials in Saudi Arabia, recent indicators across Persian Gulf underscore the urgency of coordinated multilateral action.",Diplomatic / Political,2026-09-07,Nikkei Asia,Saudi Arabia,Persian Gulf
ART-10951,Port congestion and customs clearance bottlenecks escalate across major maritime container terminals,"Logistics operators reported severe berthing queues and prolonged container dwell times exceeding historical highs at major oceanic gateway terminals. Freight forwarders cited vessel bunching, rail intermodal backlogs, and maritime rerouting schedules as compounding drivers of global supply chain gridlock. Strategic intelligence assessments issued in Japan indicate that conditions in East Asia remain highly dynamic and fluid.",Trade & Shipping,2026-09-18,Bloomberg,Japan,East Asia
ART-11063,Stock exchange volatility index spikes as investors rotate capital into sovereign bonds and gold,"Equities across regional bourses recorded broad sell-offs, with industrial, aviation, and consumer discretionary shares leading declines. Capital allocators rotated liquidity into sovereign treasury securities, bullion, and cash equivalents amid heightened geopolitical uncertainty and macroeconomic stagflation fears. Field correspondents in Turkey reported that ongoing developments across Middle East are compounding operational risks.",Economic Impact,2026-06-25,Wall Street Journal,Turkey,Middle East
ART-11022,Sovereign credit rating placed under negative review following capital flight and currency depreciation,"International credit rating agencies placed sovereign debt issuances on negative watch, citing widening fiscal deficits, rapid foreign exchange reserve depletion, and heightened geopolitical risk premia. Domestic currency valuations experienced sharp depreciations against global reserve currencies. Field correspondents in India reported that ongoing developments across South Asia are compounding operational risks.",Economic Impact,2026-06-09,Associated Press,India,South Asia
ART-11427,Mobile medical teams deploy to remote border crossings as civilian trauma casualties mount,"Emergency medical NGOs deployed mobile surgical units and trauma ambulances along primary refugee transit highways to treat shrapnel injuries and dehydration. Medical directors reported that regional clinics have exhausted their primary supplies of blood plasma and IV fluids. In Poland, emergency coordination committees met to assess secondary vulnerabilities across Eastern Europe.",Humanitarian Impact,2026-03-26,Al Jazeera,Poland,Eastern Europe
ART-11575,Air defense interceptors scramble as hostile bomber formations approach territorial airspace,Tactical fighter squadrons conducted emergency combat air patrols after long-range strategic bombers were detected operating near sovereign air defense identification zones. Defense ministry officials confirmed that electronic warfare aircraft shadowed the formations until they altered course away from defensive boundaries. International stakeholders operating within Western Europe called on officials in Germany to exercise maximum caution.,Military Conflict,2026-02-05,UN News,Germany,Western Europe
ART-11322,Makeshift refugee settlements overwhelmed by torrential flooding and freezing weather,"Severe seasonal weather inundated informal displacement settlements, destroying temporary plastic shelters and creating catastrophic sanitary conditions for thousands of families. Disaster response teams mobilized emergency drainage pumps and emergency clothing distributions. According to senior officials in Taiwan, recent indicators across East Asia underscore the urgency of coordinated multilateral action.",Humanitarian Impact,2026-09-09,Al Jazeera,Taiwan,East Asia
ART-10795,Maritime insurance syndicates cancel commercial hull coverage for vessels navigating disputed waters,Global marine insurance underwriters formally notified shipowners that war-risk hull and machinery insurance policies would be rescinded for vessels transiting designated high-risk maritime corridors. Ship operators faced the choice between exorbitant special indemnity premiums or canceling scheduled voyages. International stakeholders operating within Western Europe called on officials in Germany to exercise maximum caution.,Trade & Shipping,2026-06-15,Al Jazeera,Germany,Western Europe
ART-11042,Bilateral currency swaps activated as commercial banking system faces dollar liquidity squeeze,Central monetary authorities tapped bilateral foreign currency swap lines to inject hard currency liquidity into domestic commercial banks struggling with overseas settlement obligations. Treasury officials emphasized that foreign reserve backstops remain adequate to maintain interbank clearing operations. International stakeholders operating within Persian Gulf called on officials in Qatar to exercise maximum caution.,Economic Impact,2026-10-14,Wall Street Journal,Qatar,Persian Gulf
ART-10343,Special presidential envoy conducts whirlwind diplomatic tour across regional capitals,"Traveling through key allied capitals, the senior diplomatic envoy presented confidential de-escalation proposals designed to avert broader regional conflict. Discussions centered on mutual troop withdrawals, diplomatic concessions, and security guarantees backed by multilateral institutions. According to senior officials in Germany, recent indicators across Western Europe underscore the urgency of coordinated multilateral action.",Diplomatic / Political,2026-02-15,Financial Times,Germany,Western Europe
ART-10133,Armored battalion mobilizes main battle tanks as cross-border incursions escalate,"Mechanized combat divisions equipped with main battle tanks and armored fighting vehicles initiated defensive counter-maneuvers following reported hostile border crossings. Military leadership enacted wartime emergency protocol, stationing self-propelled howitzers and air surveillance batteries across frontline tactical sectors. In Iran, emergency coordination committees met to assess secondary vulnerabilities across Persian Gulf.",Military Conflict,2026-04-10,Financial Times,Iran,Persian Gulf
ART-11260,Corporate debt default risk rises as borrowing costs spike following geopolitical credit repricing,Credit default swap spreads widened significantly across corporate debt markets as lenders repriced risk margins for businesses exposed to cross-border supply shocks. Debt restructuring advisors noted a sharp uptick in emergency corporate credit facility requests. Analysts tracking developments in Turkey highlighted that multilateral actors in Middle East are preparing contingency measures.,Economic Impact,2026-04-27,Financial Times,Turkey,Middle East
ART-11359,Disrupted municipal power grids and water filtration plants jeopardize civilian public health,"Public health authorities warned of escalating waterborne disease outbreaks after sustained infrastructure damage crippled municipal water purification networks and electrical sub-stations. Emergency relief teams deployed portable purification modules and oral rehydration packets to mitigate sanitary hazards. According to senior officials in China, recent indicators across East Asia underscore the urgency of coordinated multilateral action.",Humanitarian Impact,2026-05-07,Financial Times,China,East Asia
ART-10964,Customs authority impounds containerized shipments under expanded cross-border trade sanctions,"Port customs officials seized hundreds of cargo containers suspected of violating expanded international sanctions targeting dual-use industrial components. Importers and freight forwarders faced lengthy legal audits and storage fees as customs clearance procedures were dramatically expanded. According to senior officials in Israel, recent indicators across Middle East underscore the urgency of coordinated multilateral action.",Trade & Shipping,2026-08-26,BBC News,Israel,Middle East
ART-10167,Urban warfare intensifies as mechanized units push into contested industrial outskirts,"Heavy machine gun fire, anti-tank guided missiles, and snipers engaged in ferocious building-to-building clashes in industrial sectors. Combat engineers detonated obstacle barriers under smoke screens while field artillery delivered preparatory barrages against reinforced strongpoints. According to senior officials in Pakistan, recent indicators across South Asia underscore the urgency of coordinated multilateral action.",Military Conflict,2026-09-15,Financial Times,Pakistan,South Asia
ART-10429,Multilateral peace conference deadlocked over territorial governance and treaty guarantees,Diplomatic negotiations stalled after opposing delegations rejected compromise terms concerning international border administration and security guarantees. Facilitators from neutral states urged both delegations to maintain working-level communications and prevent the total breakdown of diplomatic dialogue. Authorities in Pakistan emphasized that immediate stability in South Asia remains essential to mitigating broader systemic fallout.,Diplomatic / Political,2026-06-28,Financial Times,Pakistan,South Asia
ART-11002,Air cargo freight rates surge as commercial shippers seek alternatives to disrupted ocean lanes,"Air logistics forwarders recorded historic price increases per kilogram of air cargo as manufacturers chartered dedicated freighter aircraft to bypass blocked maritime shipping corridors. Cargo airlines expanded flight schedules between manufacturing hubs to accommodate high-value automotive and electronics freight. According to senior officials in Germany, recent indicators across Western Europe underscore the urgency of coordinated multilateral action.",Trade & Shipping,2026-01-24,Bloomberg,Germany,Western Europe
ART-11197,Central banks signal emergency interest rate adjustments as geopolitical inflation pressures broaden,"Monetary policy committees convened extraordinary policy meetings to evaluate persistent macroeconomic shocks stemming from import price inflation and commodity supply friction. Financial market analysts revised benchmark interest rate trajectories upward as headline consumer price indices reflected elevated freight and producer input expenses. In China, emergency coordination committees met to assess secondary vulnerabilities across East Asia.",Economic Impact,2026-01-18,Associated Press,China,East Asia
ART-11041,Foreign direct investment inflows contract sharply amid cross-border geopolitical instability,"Economic development ministries reported a substantial deceleration in inbound foreign direct investment as multinational corporations suspended cross-border capital expansion projects. Investment analysts cited sovereign expropriation risks and geopolitical volatility as primary drivers of capital hesitation. According to senior officials in Iran, recent indicators across Persian Gulf underscore the urgency of coordinated multilateral action.",Economic Impact,2026-09-24,UN News,Iran,Persian Gulf
ART-11577,Naval task force engages hostile explosive drone boats in strategic strait,Guided missile destroyers deployed on maritime security patrol neutralized several unmanned explosive surface vessels attempting to strike military logistics convoys. Naval fleet commanders ordered elevated combat readiness and deployed electronic jamming countermeasures to disable hostile telemetry links along contested maritime transit corridors. International stakeholders operating within Western Europe called on officials in United Kingdom to exercise maximum caution.,Military Conflict,2026-04-20,Nikkei Asia,United Kingdom,Western Europe
ART-10574,Power grid operators initiate emergency load shedding following sabotage of high-voltage transmission lines,National electrical transmission coordinators implemented rolling blackouts across metropolitan centers after key electrical substations and cross-border interconnectors sustained coordinated physical sabotage. Energy officials urged citizens to conserve electricity while backup diesel generators were deployed to hospitals. International stakeholders operating within Eastern Europe called on officials in Ukraine to exercise maximum caution.,Energy Risk,2026-05-07,BBC News,Ukraine,Eastern Europe
ART-11290,Makeshift refugee settlements overwhelmed by torrential flooding and freezing weather,"Severe seasonal weather inundated informal displacement settlements, destroying temporary plastic shelters and creating catastrophic sanitary conditions for thousands of families. Disaster response teams mobilized emergency drainage pumps and emergency clothing distributions. Field correspondents in United States reported that ongoing developments across North America are compounding operational risks.",Humanitarian Impact,2026-04-16,Al Jazeera,United States,North America
ART-10110,Air defense interceptors scramble as hostile bomber formations approach territorial airspace,"Tactical fighter squadrons conducted emergency combat air patrols after long-range strategic bombers were detected operating near sovereign air defense identification zones. Defense ministry officials confirmed that electronic warfare aircraft shadowed the formations until they altered course away from defensive boundaries. In China, emergency coordination committees met to assess secondary vulnerabilities across East Asia.",Military Conflict,2026-01-25,Associated Press,China,East Asia
ART-10507,Regional security summit yields preliminary multilateral mutual non-aggression pact,"Heads of state concluded an emergency multilateral summit with a joint communique pledging adherence to non-aggression principles and established arbitration treaties. Diplomatic working groups were tasked with establishing direct hotline communications between military defense commands to mitigate miscalculation risks. According to senior officials in Sudan, recent indicators across Red Sea & Horn of Africa underscore the urgency of coordinated multilateral action.",Diplomatic / Political,2026-10-05,UN News,Sudan,Red Sea & Horn of Africa
ART-10672,OPEC+ convenes emergency ministerial meeting as maritime transit tensions threaten crude exports,"Petroleum exporting ministers scheduled extraordinary virtual consultations to review market stability and global spare crude production capacity following maritime bottlenecks in key transit chokepoints. Energy analysts cautioned that export delays could quickly deplete OECD commercial crude reserves and elevate spot price volatility. According to senior officials in China, recent indicators across East Asia underscore the urgency of coordinated multilateral action.",Energy Risk,2026-05-20,Wall Street Journal,China,East Asia
ART-10305,United Nations Security Council convenes emergency session over border sovereignty dispute,Permanent delegates at the United Nations Headquarters debated a draft resolution condemning territorial incursions and mandating the deployment of an international peacekeeping observer mission. Diplomatic attachés engaged in intense multilateral consultations to resolve contentious veto language regarding territorial sovereignty. International stakeholders operating within Eastern Europe called on officials in Russia to exercise maximum caution.,Diplomatic / Political,2026-06-10,Financial Times,Russia,Eastern Europe
ART-10603,Offshore drilling platform security elevated following hostile drone reconnaissance sightings,"Offshore energy operators implemented maximum security protocols across deepwater drilling rigs after unidentified aerial drones were observed conducting surveillance over gas extraction platforms. Naval patrol craft were deployed to maintain exclusion perimeters around strategic energy infrastructure. According to senior officials in Turkey, recent indicators across Middle East underscore the urgency of coordinated multilateral action.",Energy Risk,2026-09-21,Financial Times,Turkey,Middle East
ART-11097,Foreign direct investment inflows contract sharply amid cross-border geopolitical instability,Economic development ministries reported a substantial deceleration in inbound foreign direct investment as multinational corporations suspended cross-border capital expansion projects. Investment analysts cited sovereign expropriation risks and geopolitical volatility as primary drivers of capital hesitation. International stakeholders operating within Eastern Europe called on officials in Ukraine to exercise maximum caution.,Economic Impact,2026-06-27,Nikkei Asia,Ukraine,Eastern Europe
ART-11524,Civilian evacuation corridors established under international red cross mediation,"Humanitarian organizations coordinated temporary civilian safe-passage corridors to evacuate vulnerable elderly, women, and pediatric patients from active hostility perimeters. International observers monitored compliance to ensure unhindered transit for humanitarian convoys transporting essential rations and emergency medical supplies. Analysts tracking developments in Egypt highlighted that multilateral actors in Red Sea & Horn of Africa are preparing contingency measures.",Humanitarian Impact,2026-02-11,Financial Times,Egypt,Red Sea & Horn of Africa
ART-11203,Consumer confidence plunges as energy and food price inflation erodes household purchasing power,National economic sentiment surveys revealed the steepest monthly drop in consumer confidence in several years as rising utility bills and grocery costs squeezed household budgets. Economists warned that declining domestic retail consumption will act as a major drag on quarterly gross domestic product. International stakeholders operating within Persian Gulf called on officials in Qatar to exercise maximum caution.,Economic Impact,2026-04-19,Nikkei Asia,Qatar,Persian Gulf
ART-11512,"Field hospitals face critical shortages of surgical anesthetics, electricity, and clean water","Medical relief organizations operating inside crisis sectors issued urgent distress alerts regarding depleted pharmaceuticals, damaged municipal water treatment facilities, and erratic generator fuel supplies necessary to maintain life-saving intensive care and trauma operating rooms. In China, emergency coordination committees met to assess secondary vulnerabilities across East Asia.",Humanitarian Impact,2026-05-25,Reuters,China,East Asia
ART-10095,Urban warfare intensifies as mechanized units push into contested industrial outskirts,"Heavy machine gun fire, anti-tank guided missiles, and snipers engaged in ferocious building-to-building clashes in industrial sectors. Combat engineers detonated obstacle barriers under smoke screens while field artillery delivered preparatory barrages against reinforced strongpoints. According to senior officials in Pakistan, recent indicators across South Asia underscore the urgency of coordinated multilateral action.",Military Conflict,2026-04-09,Al Jazeera,Pakistan,South Asia
ART-10501,Multilateral peace conference deadlocked over territorial governance and treaty guarantees,Diplomatic negotiations stalled after opposing delegations rejected compromise terms concerning international border administration and security guarantees. Facilitators from neutral states urged both delegations to maintain working-level communications and prevent the total breakdown of diplomatic dialogue. International stakeholders operating within Eastern Europe called on officials in Poland to exercise maximum caution.,Diplomatic / Political,2026-08-07,BBC News,Poland,Eastern Europe
ART-11303,Disrupted municipal power grids and water filtration plants jeopardize civilian public health,Public health authorities warned of escalating waterborne disease outbreaks after sustained infrastructure damage crippled municipal water purification networks and electrical sub-stations. Emergency relief teams deployed portable purification modules and oral rehydration packets to mitigate sanitary hazards. Analysts tracking developments in United Kingdom highlighted that multilateral actors in Western Europe are preparing contingency measures.,Humanitarian Impact,2026-01-02,BBC News,United Kingdom,Western Europe
ART-10880,Bilateral tariff escalation and export licensing controls enacted on critical high-tech components,"Commerce ministries imposed sweeping tariff increases and strict export license restrictions on key industrial raw materials, advanced machine tools, and semiconductor wafers. Trade associations warned that compliance friction and retaliatory tariffs threaten to disrupt global electronic manufacturing supply chains. Strategic intelligence assessments issued in Egypt indicate that conditions in Red Sea & Horn of Africa remain highly dynamic and fluid.",Trade & Shipping,2026-03-05,Financial Times,Egypt,Red Sea & Horn of Africa
ART-11228,Corporate debt default risk rises as borrowing costs spike following geopolitical credit repricing,Credit default swap spreads widened significantly across corporate debt markets as lenders repriced risk margins for businesses exposed to cross-border supply shocks. Debt restructuring advisors noted a sharp uptick in emergency corporate credit facility requests. International stakeholders operating within Persian Gulf called on officials in Saudi Arabia to exercise maximum caution.,Economic Impact,2026-03-11,Al Jazeera,Saudi Arabia,Persian Gulf
ART-10652,Natural gas pipeline compression station suffers severe explosion amid geopolitical friction,"A critical natural gas compression station feeding industrial manufacturing hubs suffered a catastrophic pipeline failure, cutting regional gas transit volumes by over 40 percent. Energy distribution utilities immediately mandated industrial consumption rationing while emergency engineering teams assessed blast damage. Analysts tracking developments in Iran highlighted that multilateral actors in Persian Gulf are preparing contingency measures.",Energy Risk,2026-03-05,Deutsche Welle,Iran,Persian Gulf
ART-10767,Port congestion and customs clearance bottlenecks escalate across major maritime container terminals,"Logistics operators reported severe berthing queues and prolonged container dwell times exceeding historical highs at major oceanic gateway terminals. Freight forwarders cited vessel bunching, rail intermodal backlogs, and maritime rerouting schedules as compounding drivers of global supply chain gridlock. According to senior officials in Yemen, recent indicators across Red Sea & Horn of Africa underscore the urgency of coordinated multilateral action.",Trade & Shipping,2026-09-03,Nikkei Asia,Yemen,Red Sea & Horn of Africa
ART-11521,Malnutrition rates spike among pediatric populations in besieged urban pockets,"International aid workers documented severe acute malnutrition among infants and children cut off from standard commercial food distribution networks. Humanitarian flights attempted emergency air-drops of therapeutic nutritional paste while requesting immediate humanitarian pauses. According to senior officials in Sudan, recent indicators across Red Sea & Horn of Africa underscore the urgency of coordinated multilateral action.",Humanitarian Impact,2026-02-09,Deutsche Welle,Sudan,Red Sea & Horn of Africa
ART-10775,Port congestion and customs clearance bottlenecks escalate across major maritime container terminals,"Logistics operators reported severe berthing queues and prolonged container dwell times exceeding historical highs at major oceanic gateway terminals. Freight forwarders cited vessel bunching, rail intermodal backlogs, and maritime rerouting schedules as compounding drivers of global supply chain gridlock. Analysts tracking developments in Iran highlighted that multilateral actors in Persian Gulf are preparing contingency measures.",Trade & Shipping,2026-09-25,Bloomberg,Iran,Persian Gulf
ART-11091,Consumer confidence plunges as energy and food price inflation erodes household purchasing power,"National economic sentiment surveys revealed the steepest monthly drop in consumer confidence in several years as rising utility bills and grocery costs squeezed household budgets. Economists warned that declining domestic retail consumption will act as a major drag on quarterly gross domestic product. Reporting from Qatar, diplomatic and local observers noted that strategic shifts in Persian Gulf continue to dictate regional outcomes.",Economic Impact,2026-08-11,Deutsche Welle,Qatar,Persian Gulf
ART-10393,United Nations Security Council convenes emergency session over border sovereignty dispute,Permanent delegates at the United Nations Headquarters debated a draft resolution condemning territorial incursions and mandating the deployment of an international peacekeeping observer mission. Diplomatic attachés engaged in intense multilateral consultations to resolve contentious veto language regarding territorial sovereignty. International stakeholders operating within Eastern Europe called on officials in Poland to exercise maximum caution.,Diplomatic / Political,2026-02-02,Financial Times,Poland,Eastern Europe
ART-10389,Multilateral peace conference deadlocked over territorial governance and treaty guarantees,Diplomatic negotiations stalled after opposing delegations rejected compromise terms concerning international border administration and security guarantees. Facilitators from neutral states urged both delegations to maintain working-level communications and prevent the total breakdown of diplomatic dialogue. Strategic intelligence assessments issued in Sudan indicate that conditions in Red Sea & Horn of Africa remain highly dynamic and fluid.,Diplomatic / Political,2026-02-11,Nikkei Asia,Sudan,Red Sea & Horn of Africa
ART-10268,Parliamentary committee ratifies strategic bilateral defense cooperation treaty,"Legislators voted overwhelmingly to approve a comprehensive security alliance treaty authorizing joint intelligence sharing, reciprocal military base access, and coordinated defense procurement. Government ministers emphasized that the diplomatic accord reinforces regional deterrence without violating international neutrality accords. International stakeholders operating within Persian Gulf called on officials in Qatar to exercise maximum caution.",Diplomatic / Political,2026-06-26,Reuters,Qatar,Persian Gulf
ART-10296,Bilateral ceasefire negotiations resume under international diplomatic mediation,"Special diplomatic envoys and foreign ministers convened high-stakes closed-door consultations aimed at establishing an immediate humanitarian truce and verifiable demilitarization framework. Negotiators reviewed draft protocols addressing prisoner-of-war exchanges, border verification monitors, and the formal cessation of cross-border hostilities. International stakeholders operating within East Asia called on officials in China to exercise maximum caution.",Diplomatic / Political,2026-03-14,UN News,China,East Asia
ART-10243,Hypersonic missile barrage targets critical defense installations and radar outposts,"Air defense surveillance networks detected high-velocity aerodynamic missile trajectories aimed at strategic command nodes and hardened munitions storage facilities. Military spokespersons stated that mobile interceptor batteries engaged multiple inbound warheads, while combat search-and-rescue teams mobilized across blast perimeters. International stakeholders operating within Red Sea & Horn of Africa called on officials in Sudan to exercise maximum caution.",Military Conflict,2026-10-10,Associated Press,Sudan,Red Sea & Horn of Africa
ART-10134,Air defense interceptors scramble as hostile bomber formations approach territorial airspace,Tactical fighter squadrons conducted emergency combat air patrols after long-range strategic bombers were detected operating near sovereign air defense identification zones. Defense ministry officials confirmed that electronic warfare aircraft shadowed the formations until they altered course away from defensive boundaries. International stakeholders operating within Western Europe called on officials in United Kingdom to exercise maximum caution.,Military Conflict,2026-09-23,Reuters,United Kingdom,Western Europe
ART-10889,Dry bulk carrier grain shipments stranded in territorial waters amid maritime security impasse,"Dozens of bulk cargo vessels carrying millions of metric tons of wheat and agricultural commodities remained anchored outside key commercial ports due to unconfirmed maritime passage clearances and mine threat assessments. Agricultural traders warned of contract defaults and grain supply shortages in import-dependent nations. In Israel, emergency coordination committees met to assess secondary vulnerabilities across Middle East.",Trade & Shipping,2026-05-20,Deutsche Welle,Israel,Middle East
ART-11277,United Nations launches emergency humanitarian relief appeal for food aid and medical shelter,Humanitarian coordinators formally issued a multilateral funding appeal seeking urgent donor contributions to support frontline field clinics and nutritional distribution hubs. Aid convoys reported severe logistical hurdles attempting to deliver relief supplies to isolated civilian populations trapped along combat axes. International stakeholders operating within East Asia called on officials in Taiwan to exercise maximum caution.,Humanitarian Impact,2026-07-08,Nikkei Asia,Taiwan,East Asia
ART-11080,Manufacturing purchasing managers index drops into contraction territory amid input price spikes,"National manufacturing indices slumped below the critical 50-point threshold, signaling industrial output contraction across export-oriented sectors. Factory managers reported elevated input acquisition costs, backlog accumulation, and declining international export orders due to geopolitical uncertainty. According to senior officials in Egypt, recent indicators across Red Sea & Horn of Africa underscore the urgency of coordinated multilateral action.",Economic Impact,2026-06-23,Bloomberg,Egypt,Red Sea & Horn of Africa
ART-10351,Special presidential envoy conducts whirlwind diplomatic tour across regional capitals,"Traveling through key allied capitals, the senior diplomatic envoy presented confidential de-escalation proposals designed to avert broader regional conflict. Discussions centered on mutual troop withdrawals, diplomatic concessions, and security guarantees backed by multilateral institutions. In Poland, emergency coordination committees met to assess secondary vulnerabilities across Eastern Europe.",Diplomatic / Political,2026-01-13,Reuters,Poland,Eastern Europe
ART-11354,Makeshift refugee settlements overwhelmed by torrential flooding and freezing weather,"Severe seasonal weather inundated informal displacement settlements, destroying temporary plastic shelters and creating catastrophic sanitary conditions for thousands of families. Disaster response teams mobilized emergency drainage pumps and emergency clothing distributions. In Egypt, emergency coordination committees met to assess secondary vulnerabilities across Red Sea & Horn of Africa.",Humanitarian Impact,2026-01-08,UN News,Egypt,Red Sea & Horn of Africa
ART-10763,Offshore drilling platform security elevated following hostile drone reconnaissance sightings,Offshore energy operators implemented maximum security protocols across deepwater drilling rigs after unidentified aerial drones were observed conducting surveillance over gas extraction platforms. Naval patrol craft were deployed to maintain exclusion perimeters around strategic energy infrastructure. International stakeholders operating within East Asia called on officials in South Korea to exercise maximum caution.,Energy Risk,2026-03-05,Wall Street Journal,South Korea,East Asia
ART-10758,Power grid operators initiate emergency load shedding following sabotage of high-voltage transmission lines,National electrical transmission coordinators implemented rolling blackouts across metropolitan centers after key electrical substations and cross-border interconnectors sustained coordinated physical sabotage. Energy officials urged citizens to conserve electricity while backup diesel generators were deployed to hospitals. Analysts tracking developments in Egypt highlighted that multilateral actors in Red Sea & Horn of Africa are preparing contingency measures.,Energy Risk,2026-06-26,Deutsche Welle,Egypt,Red Sea & Horn of Africa
ART-10492,Parliamentary committee ratifies strategic bilateral defense cooperation treaty,"Legislators voted overwhelmingly to approve a comprehensive security alliance treaty authorizing joint intelligence sharing, reciprocal military base access, and coordinated defense procurement. Government ministers emphasized that the diplomatic accord reinforces regional deterrence without violating international neutrality accords. According to senior officials in Germany, recent indicators across Western Europe underscore the urgency of coordinated multilateral action.",Diplomatic / Political,2026-04-26,Al Jazeera,Germany,Western Europe
ART-10935,Port congestion and customs clearance bottlenecks escalate across major maritime container terminals,"Logistics operators reported severe berthing queues and prolonged container dwell times exceeding historical highs at major oceanic gateway terminals. Freight forwarders cited vessel bunching, rail intermodal backlogs, and maritime rerouting schedules as compounding drivers of global supply chain gridlock. In Germany, emergency coordination committees met to assess secondary vulnerabilities across Western Europe.",Trade & Shipping,2026-10-09,Al Jazeera,Germany,Western Europe
ART-10625,Liquefied natural gas terminal throttles shipments amid regional maritime insurance restrictions,Major LNG export liquefaction facilities reduced cargo loadings after maritime underwriters imposed prohibitive war-risk insurance premiums on LNG tankers navigating adjacent waterways. European and Asian utility operators scrambled to secure spot replacement cargoes ahead of peak seasonal heating demand. International stakeholders operating within Eastern Europe called on officials in Ukraine to exercise maximum caution.,Energy Risk,2026-04-07,Wall Street Journal,Ukraine,Eastern Europe
ART-10431,Special presidential envoy conducts whirlwind diplomatic tour across regional capitals,"Traveling through key allied capitals, the senior diplomatic envoy presented confidential de-escalation proposals designed to avert broader regional conflict. Discussions centered on mutual troop withdrawals, diplomatic concessions, and security guarantees backed by multilateral institutions. International stakeholders operating within Persian Gulf called on officials in Qatar to exercise maximum caution.",Diplomatic / Political,2026-04-13,Financial Times,Qatar,Persian Gulf
ART-10694,Power grid operators initiate emergency load shedding following sabotage of high-voltage transmission lines,National electrical transmission coordinators implemented rolling blackouts across metropolitan centers after key electrical substations and cross-border interconnectors sustained coordinated physical sabotage. Energy officials urged citizens to conserve electricity while backup diesel generators were deployed to hospitals. International stakeholders operating within Eastern Europe called on officials in Russia to exercise maximum caution.,Energy Risk,2026-06-07,Nikkei Asia,Russia,Eastern Europe
ART-10228,Cross-border commando raid triggers intense infantry firefight along buffer line,"Special forces detachments conducted reconnaissance incursions into contested border sectors, sparking sustained firefights with entrenched hostile infantry. Rapid deployment armored battalions were dispatched with close air support to establish defensive perimeters and extract forward patrol units under heavy mortar suppression. According to senior officials in Pakistan, recent indicators across South Asia underscore the urgency of coordinated multilateral action.",Military Conflict,2026-02-03,Associated Press,Pakistan,South Asia
ART-11342,Refugee displacement crisis deepens as civilian populations flee contested border zones,"International migration agencies reported that hundreds of thousands of displaced civilians have crossed international frontiers seeking asylum, overwhelming border reception facilities and temporary transit camps. Relief agencies mobilized emergency winterization tents, thermal blankets, and clean water distribution systems. According to senior officials in Iran, recent indicators across Persian Gulf underscore the urgency of coordinated multilateral action.",Humanitarian Impact,2026-04-28,Nikkei Asia,Iran,Persian Gulf
ART-10777,Dry bulk carrier grain shipments stranded in territorial waters amid maritime security impasse,"Dozens of bulk cargo vessels carrying millions of metric tons of wheat and agricultural commodities remained anchored outside key commercial ports due to unconfirmed maritime passage clearances and mine threat assessments. Agricultural traders warned of contract defaults and grain supply shortages in import-dependent nations. In Taiwan, emergency coordination committees met to assess secondary vulnerabilities across East Asia.",Trade & Shipping,2026-07-27,Nikkei Asia,Taiwan,East Asia
ART-11565,Tactical ballistic missiles intercept hostile command post in retaliatory strike,Military command launched precision ballistic missiles targeting an underground tactical operations center following sustained perimeter rocket attacks. Satellite damage assessments confirmed extensive structural destruction to communications masts and command bunkers. Authorities in Taiwan emphasized that immediate stability in East Asia remains essential to mitigating broader systemic fallout.,Military Conflict,2026-04-15,Al Jazeera,Taiwan,East Asia
ART-11388,Civilian evacuation corridors established under international red cross mediation,"Humanitarian organizations coordinated temporary civilian safe-passage corridors to evacuate vulnerable elderly, women, and pediatric patients from active hostility perimeters. International observers monitored compliance to ensure unhindered transit for humanitarian convoys transporting essential rations and emergency medical supplies. According to senior officials in Germany, recent indicators across Western Europe underscore the urgency of coordinated multilateral action.",Humanitarian Impact,2026-02-24,Reuters,Germany,Western Europe
ART-10043,Hypersonic missile barrage targets critical defense installations and radar outposts,"Air defense surveillance networks detected high-velocity aerodynamic missile trajectories aimed at strategic command nodes and hardened munitions storage facilities. Military spokespersons stated that mobile interceptor batteries engaged multiple inbound warheads, while combat search-and-rescue teams mobilized across blast perimeters. Analysts tracking developments in India highlighted that multilateral actors in South Asia are preparing contingency measures.",Military Conflict,2026-01-04,Nikkei Asia,India,South Asia
ART-10208,Tactical ballistic missiles intercept hostile command post in retaliatory strike,Military command launched precision ballistic missiles targeting an underground tactical operations center following sustained perimeter rocket attacks. Satellite damage assessments confirmed extensive structural destruction to communications masts and command bunkers. Authorities in Taiwan emphasized that immediate stability in East Asia remains essential to mitigating broader systemic fallout.,Military Conflict,2026-04-15,Al Jazeera,Taiwan,East Asia
ART-11465,Malnutrition rates spike among pediatric populations in besieged urban pockets,"International aid workers documented severe acute malnutrition among infants and children cut off from standard commercial food distribution networks. Humanitarian flights attempted emergency air-drops of therapeutic nutritional paste while requesting immediate humanitarian pauses. In Sudan, emergency coordination committees met to assess secondary vulnerabilities across Red Sea & Horn of Africa.",Humanitarian Impact,2026-08-23,Al Jazeera,Sudan,Red Sea & Horn of Africa
ART-10361,United Nations Security Council convenes emergency session over border sovereignty dispute,"Permanent delegates at the United Nations Headquarters debated a draft resolution condemning territorial incursions and mandating the deployment of an international peacekeeping observer mission. Diplomatic attachés engaged in intense multilateral consultations to resolve contentious veto language regarding territorial sovereignty. According to senior officials in Japan, recent indicators across East Asia underscore the urgency of coordinated multilateral action.",Diplomatic / Political,2026-01-26,Wall Street Journal,Japan,East Asia
ART-10045,Armored battalion mobilizes main battle tanks as cross-border incursions escalate,"Mechanized combat divisions equipped with main battle tanks and armored fighting vehicles initiated defensive counter-maneuvers following reported hostile border crossings. Military leadership enacted wartime emergency protocol, stationing self-propelled howitzers and air surveillance batteries across frontline tactical sectors. Strategic intelligence assessments issued in Taiwan indicate that conditions in East Asia remain highly dynamic and fluid.",Military Conflict,2026-03-02,Deutsche Welle,Taiwan,East Asia
ART-10402,Ambassadorial recall and formal diplomatic demarche issued over treaty violation,"The foreign ministry formally summoned the resident ambassador to deliver a stern diplomatic demarche protesting recent unilateral border treaties and sovereignty violations. State officials announced the immediate recall of senior diplomatic legations for urgent foreign policy strategy reviews. In Turkey, emergency coordination committees met to assess secondary vulnerabilities across Middle East.",Diplomatic / Political,2026-01-26,Al Jazeera,Turkey,Middle East
ART-10366,Foreign ministers issue joint communique calling for de-escalation and diplomatic roadmaps,Senior diplomats representing regional powers issued a coordinated statement demanding an immediate halt to escalating rhetoric and the restoration of established diplomatic channels. The communique proposed a three-phase transition roadmap including demilitarized buffer zones and internationally monitored elections. Strategic intelligence assessments issued in Sudan indicate that conditions in Red Sea & Horn of Africa remain highly dynamic and fluid.,Diplomatic / Political,2026-10-25,Nikkei Asia,Sudan,Red Sea & Horn of Africa
ART-10504,Bilateral ceasefire negotiations resume under international diplomatic mediation,"Special diplomatic envoys and foreign ministers convened high-stakes closed-door consultations aimed at establishing an immediate humanitarian truce and verifiable demilitarization framework. Negotiators reviewed draft protocols addressing prisoner-of-war exchanges, border verification monitors, and the formal cessation of cross-border hostilities. Analysts tracking developments in India highlighted that multilateral actors in South Asia are preparing contingency measures.",Diplomatic / Political,2026-05-06,UN News,India,South Asia
ART-11136,Manufacturing purchasing managers index drops into contraction territory amid input price spikes,"National manufacturing indices slumped below the critical 50-point threshold, signaling industrial output contraction across export-oriented sectors. Factory managers reported elevated input acquisition costs, backlog accumulation, and declining international export orders due to geopolitical uncertainty. In Qatar, emergency coordination committees met to assess secondary vulnerabilities across Persian Gulf.",Economic Impact,2026-02-23,Associated Press,Qatar,Persian Gulf
ART-10696,OPEC+ convenes emergency ministerial meeting as maritime transit tensions threaten crude exports,Petroleum exporting ministers scheduled extraordinary virtual consultations to review market stability and global spare crude production capacity following maritime bottlenecks in key transit chokepoints. Energy analysts cautioned that export delays could quickly deplete OECD commercial crude reserves and elevate spot price volatility. International stakeholders operating within Eastern Europe called on officials in Poland to exercise maximum caution.,Energy Risk,2026-02-05,Wall Street Journal,Poland,Eastern Europe
ART-11467,Mobile medical teams deploy to remote border crossings as civilian trauma casualties mount,"Emergency medical NGOs deployed mobile surgical units and trauma ambulances along primary refugee transit highways to treat shrapnel injuries and dehydration. Medical directors reported that regional clinics have exhausted their primary supplies of blood plasma and IV fluids. According to senior officials in Turkey, recent indicators across Middle East underscore the urgency of coordinated multilateral action.",Humanitarian Impact,2026-04-04,Nikkei Asia,Turkey,Middle East
ART-10537,Liquefied natural gas terminal throttles shipments amid regional maritime insurance restrictions,"Major LNG export liquefaction facilities reduced cargo loadings after maritime underwriters imposed prohibitive war-risk insurance premiums on LNG tankers navigating adjacent waterways. European and Asian utility operators scrambled to secure spot replacement cargoes ahead of peak seasonal heating demand. In Sudan, emergency coordination committees met to assess secondary vulnerabilities across Red Sea & Horn of Africa.",Energy Risk,2026-02-23,Associated Press,Sudan,Red Sea & Horn of Africa
ART-10449,United Nations Security Council convenes emergency session over border sovereignty dispute,Permanent delegates at the United Nations Headquarters debated a draft resolution condemning territorial incursions and mandating the deployment of an international peacekeeping observer mission. Diplomatic attachés engaged in intense multilateral consultations to resolve contentious veto language regarding territorial sovereignty. International stakeholders operating within Red Sea & Horn of Africa called on officials in Egypt to exercise maximum caution.,Diplomatic / Political,2026-04-19,Al Jazeera,Egypt,Red Sea & Horn of Africa
ART-10357,Multilateral peace conference deadlocked over territorial governance and treaty guarantees,Diplomatic negotiations stalled after opposing delegations rejected compromise terms concerning international border administration and security guarantees. Facilitators from neutral states urged both delegations to maintain working-level communications and prevent the total breakdown of diplomatic dialogue. International stakeholders operating within Persian Gulf called on officials in Saudi Arabia to exercise maximum caution.,Diplomatic / Political,2026-03-17,UN News,Saudi Arabia,Persian Gulf
ART-10582,Power grid operators initiate emergency load shedding following sabotage of high-voltage transmission lines,"National electrical transmission coordinators implemented rolling blackouts across metropolitan centers after key electrical substations and cross-border interconnectors sustained coordinated physical sabotage. Energy officials urged citizens to conserve electricity while backup diesel generators were deployed to hospitals. Reporting from Turkey, diplomatic and local observers noted that strategic shifts in Middle East continue to dictate regional outcomes.",Energy Risk,2026-07-21,Bloomberg,Turkey,Middle East
ART-10406,Foreign ministers issue joint communique calling for de-escalation and diplomatic roadmaps,Senior diplomats representing regional powers issued a coordinated statement demanding an immediate halt to escalating rhetoric and the restoration of established diplomatic channels. The communique proposed a three-phase transition roadmap including demilitarized buffer zones and internationally monitored elections. International stakeholders operating within East Asia called on officials in South Korea to exercise maximum caution.,Diplomatic / Political,2026-08-03,Reuters,South Korea,East Asia
ART-10408,Bilateral ceasefire negotiations resume under international diplomatic mediation,"Special diplomatic envoys and foreign ministers convened high-stakes closed-door consultations aimed at establishing an immediate humanitarian truce and verifiable demilitarization framework. Negotiators reviewed draft protocols addressing prisoner-of-war exchanges, border verification monitors, and the formal cessation of cross-border hostilities. Strategic intelligence assessments issued in Egypt indicate that conditions in Red Sea & Horn of Africa remain highly dynamic and fluid.",Diplomatic / Political,2026-07-28,Al Jazeera,Egypt,Red Sea & Horn of Africa
ART-10061,Armored battalion mobilizes main battle tanks as cross-border incursions escalate,"Mechanized combat divisions equipped with main battle tanks and armored fighting vehicles initiated defensive counter-maneuvers following reported hostile border crossings. Military leadership enacted wartime emergency protocol, stationing self-propelled howitzers and air surveillance batteries across frontline tactical sectors. International stakeholders operating within Western Europe called on officials in United Kingdom to exercise maximum caution.",Military Conflict,2026-06-07,UN News,United Kingdom,Western Europe
ART-10090,Naval task force engages hostile explosive drone boats in strategic strait,"Guided missile destroyers deployed on maritime security patrol neutralized several unmanned explosive surface vessels attempting to strike military logistics convoys. Naval fleet commanders ordered elevated combat readiness and deployed electronic jamming countermeasures to disable hostile telemetry links along contested maritime transit corridors. According to senior officials in China, recent indicators across East Asia underscore the urgency of coordinated multilateral action.",Military Conflict,2026-01-21,Bloomberg,China,East Asia
ART-10738,Strategic petroleum reserve release authorized to counterbalance global supply disruptions,"Energy authorities authorized the emergency drawdown of millions of barrels of crude oil from national strategic petroleum reserves to stabilize domestic fuel supply chains. Energy department officials coordinated the release with international energy partners to offset prolonged refinery feedstock shortages. According to senior officials in Iran, recent indicators across Persian Gulf underscore the urgency of coordinated multilateral action.",Energy Risk,2026-08-06,Reuters,Iran,Persian Gulf
ART-11200,Manufacturing purchasing managers index drops into contraction territory amid input price spikes,"National manufacturing indices slumped below the critical 50-point threshold, signaling industrial output contraction across export-oriented sectors. Factory managers reported elevated input acquisition costs, backlog accumulation, and declining international export orders due to geopolitical uncertainty. In India, emergency coordination committees met to assess secondary vulnerabilities across South Asia.",Economic Impact,2026-03-25,Al Jazeera,India,South Asia
ART-11293,United Nations launches emergency humanitarian relief appeal for food aid and medical shelter,"Humanitarian coordinators formally issued a multilateral funding appeal seeking urgent donor contributions to support frontline field clinics and nutritional distribution hubs. Aid convoys reported severe logistical hurdles attempting to deliver relief supplies to isolated civilian populations trapped along combat axes. According to senior officials in Qatar, recent indicators across Persian Gulf underscore the urgency of coordinated multilateral action.",Humanitarian Impact,2026-02-04,UN News,Qatar,Persian Gulf
ART-10399,Special presidential envoy conducts whirlwind diplomatic tour across regional capitals,"Traveling through key allied capitals, the senior diplomatic envoy presented confidential de-escalation proposals designed to avert broader regional conflict. Discussions centered on mutual troop withdrawals, diplomatic concessions, and security guarantees backed by multilateral institutions. In Israel, emergency coordination committees met to assess secondary vulnerabilities across Middle East.",Diplomatic / Political,2026-01-04,UN News,Israel,Middle East
ART-10902,Container shipping carriers divert cargo fleets around Cape of Good Hope amid maritime threats,"Leading international container shipping lines announced indefinite rerouting of commercial vessels around southern Africa to avoid high-risk maritime straits. The maritime diversion adds 10 to 14 days to standard transit voyages, absorbing container fleet capacity, delaying port turnarounds, and triggering sharp increases in spot ocean freight rates. According to senior officials in South Korea, recent indicators across East Asia underscore the urgency of coordinated multilateral action.",Trade & Shipping,2026-10-19,Bloomberg,South Korea,East Asia
ART-10596,Natural gas pipeline compression station suffers severe explosion amid geopolitical friction,"A critical natural gas compression station feeding industrial manufacturing hubs suffered a catastrophic pipeline failure, cutting regional gas transit volumes by over 40 percent. Energy distribution utilities immediately mandated industrial consumption rationing while emergency engineering teams assessed blast damage. Field correspondents in Israel reported that ongoing developments across Middle East are compounding operational risks.",Energy Risk,2026-08-21,Financial Times,Israel,Middle East
ART-10292,Parliamentary committee ratifies strategic bilateral defense cooperation treaty,"Legislators voted overwhelmingly to approve a comprehensive security alliance treaty authorizing joint intelligence sharing, reciprocal military base access, and coordinated defense procurement. Government ministers emphasized that the diplomatic accord reinforces regional deterrence without violating international neutrality accords. Reporting from Iran, diplomatic and local observers noted that strategic shifts in Persian Gulf continue to dictate regional outcomes.",Diplomatic / Political,2026-05-08,Wall Street Journal,Iran,Persian Gulf
ART-10236,Cross-border commando raid triggers intense infantry firefight along buffer line,"Special forces detachments conducted reconnaissance incursions into contested border sectors, sparking sustained firefights with entrenched hostile infantry. Rapid deployment armored battalions were dispatched with close air support to establish defensive perimeters and extract forward patrol units under heavy mortar suppression. According to senior officials in Germany, recent indicators across Western Europe underscore the urgency of coordinated multilateral action.",Military Conflict,2026-03-01,BBC News,Germany,Western Europe
ART-11137,Foreign direct investment inflows contract sharply amid cross-border geopolitical instability,"Economic development ministries reported a substantial deceleration in inbound foreign direct investment as multinational corporations suspended cross-border capital expansion projects. Investment analysts cited sovereign expropriation risks and geopolitical volatility as primary drivers of capital hesitation. In Egypt, emergency coordination committees met to assess secondary vulnerabilities across Red Sea & Horn of Africa.",Economic Impact,2026-03-26,UN News,Egypt,Red Sea & Horn of Africa
ART-10062,Air defense interceptors scramble as hostile bomber formations approach territorial airspace,"Tactical fighter squadrons conducted emergency combat air patrols after long-range strategic bombers were detected operating near sovereign air defense identification zones. Defense ministry officials confirmed that electronic warfare aircraft shadowed the formations until they altered course away from defensive boundaries. According to senior officials in Turkey, recent indicators across Middle East underscore the urgency of coordinated multilateral action.",Military Conflict,2026-01-09,Al Jazeera,Turkey,Middle East
ART-11555,Corporate debt default risk rises as borrowing costs spike following geopolitical credit repricing,Credit default swap spreads widened significantly across corporate debt markets as lenders repriced risk margins for businesses exposed to cross-border supply shocks. Debt restructuring advisors noted a sharp uptick in emergency corporate credit facility requests. International stakeholders operating within Persian Gulf called on officials in Saudi Arabia to exercise maximum caution.,Economic Impact,2026-03-11,Al Jazeera,Saudi Arabia,Persian Gulf
ART-10152,Tactical ballistic missiles intercept hostile command post in retaliatory strike,"Military command launched precision ballistic missiles targeting an underground tactical operations center following sustained perimeter rocket attacks. Satellite damage assessments confirmed extensive structural destruction to communications masts and command bunkers. Reporting from Sudan, diplomatic and local observers noted that strategic shifts in Red Sea & Horn of Africa continue to dictate regional outcomes.",Military Conflict,2026-05-20,BBC News,Sudan,Red Sea & Horn of Africa
ART-10021,Armored battalion mobilizes main battle tanks as cross-border incursions escalate,"Mechanized combat divisions equipped with main battle tanks and armored fighting vehicles initiated defensive counter-maneuvers following reported hostile border crossings. Military leadership enacted wartime emergency protocol, stationing self-propelled howitzers and air surveillance batteries across frontline tactical sectors. Analysts tracking developments in Saudi Arabia highlighted that multilateral actors in Persian Gulf are preparing contingency measures.",Military Conflict,2026-07-26,Bloomberg,Saudi Arabia,Persian Gulf
ART-10744,OPEC+ convenes emergency ministerial meeting as maritime transit tensions threaten crude exports,"Petroleum exporting ministers scheduled extraordinary virtual consultations to review market stability and global spare crude production capacity following maritime bottlenecks in key transit chokepoints. Energy analysts cautioned that export delays could quickly deplete OECD commercial crude reserves and elevate spot price volatility. In Turkey, emergency coordination committees met to assess secondary vulnerabilities across Middle East.",Energy Risk,2026-10-23,Bloomberg,Turkey,Middle East
ART-10014,Air defense interceptors scramble as hostile bomber formations approach territorial airspace,Tactical fighter squadrons conducted emergency combat air patrols after long-range strategic bombers were detected operating near sovereign air defense identification zones. Defense ministry officials confirmed that electronic warfare aircraft shadowed the formations until they altered course away from defensive boundaries. International stakeholders operating within Red Sea & Horn of Africa called on officials in Egypt to exercise maximum caution.,Military Conflict,2026-09-21,Wall Street Journal,Egypt,Red Sea & Horn of Africa
ART-10378,Ambassadorial recall and formal diplomatic demarche issued over treaty violation,The foreign ministry formally summoned the resident ambassador to deliver a stern diplomatic demarche protesting recent unilateral border treaties and sovereignty violations. State officials announced the immediate recall of senior diplomatic legations for urgent foreign policy strategy reviews. Strategic intelligence assessments issued in Russia indicate that conditions in Eastern Europe remain highly dynamic and fluid.,Diplomatic / Political,2026-06-14,Associated Press,Russia,Eastern Europe
ART-10820,Customs authority impounds containerized shipments under expanded cross-border trade sanctions,"Port customs officials seized hundreds of cargo containers suspected of violating expanded international sanctions targeting dual-use industrial components. Importers and freight forwarders faced lengthy legal audits and storage fees as customs clearance procedures were dramatically expanded. In Ukraine, emergency coordination committees met to assess secondary vulnerabilities across Eastern Europe.",Trade & Shipping,2026-03-02,Financial Times,Ukraine,Eastern Europe
ART-10421,Multilateral peace conference deadlocked over territorial governance and treaty guarantees,Diplomatic negotiations stalled after opposing delegations rejected compromise terms concerning international border administration and security guarantees. Facilitators from neutral states urged both delegations to maintain working-level communications and prevent the total breakdown of diplomatic dialogue. International stakeholders operating within Eastern Europe called on officials in Russia to exercise maximum caution.,Diplomatic / Political,2026-07-21,BBC News,Russia,Eastern Europe
ART-10770,Air cargo freight rates surge as commercial shippers seek alternatives to disrupted ocean lanes,"Air logistics forwarders recorded historic price increases per kilogram of air cargo as manufacturers chartered dedicated freighter aircraft to bypass blocked maritime shipping corridors. Cargo airlines expanded flight schedules between manufacturing hubs to accommodate high-value automotive and electronics freight. Reporting from Qatar, diplomatic and local observers noted that strategic shifts in Persian Gulf continue to dictate regional outcomes.",Trade & Shipping,2026-09-16,Nikkei Asia,Qatar,Persian Gulf
ART-11516,Civilian evacuation corridors established under international red cross mediation,"Humanitarian organizations coordinated temporary civilian safe-passage corridors to evacuate vulnerable elderly, women, and pediatric patients from active hostility perimeters. International observers monitored compliance to ensure unhindered transit for humanitarian convoys transporting essential rations and emergency medical supplies. In Japan, emergency coordination committees met to assess secondary vulnerabilities across East Asia.",Humanitarian Impact,2026-03-16,Nikkei Asia,Japan,East Asia
ART-10985,Dry bulk carrier grain shipments stranded in territorial waters amid maritime security impasse,Dozens of bulk cargo vessels carrying millions of metric tons of wheat and agricultural commodities remained anchored outside key commercial ports due to unconfirmed maritime passage clearances and mine threat assessments. Agricultural traders warned of contract defaults and grain supply shortages in import-dependent nations. Strategic intelligence assessments issued in Qatar indicate that conditions in Persian Gulf remain highly dynamic and fluid.,Trade & Shipping,2026-01-23,Bloomberg,Qatar,Persian Gulf
ART-10490,Ambassadorial recall and formal diplomatic demarche issued over treaty violation,"The foreign ministry formally summoned the resident ambassador to deliver a stern diplomatic demarche protesting recent unilateral border treaties and sovereignty violations. State officials announced the immediate recall of senior diplomatic legations for urgent foreign policy strategy reviews. According to senior officials in Poland, recent indicators across Eastern Europe underscore the urgency of coordinated multilateral action.",Diplomatic / Political,2026-02-16,Reuters,Poland,Eastern Europe
ART-10437,Multilateral peace conference deadlocked over territorial governance and treaty guarantees,"Diplomatic negotiations stalled after opposing delegations rejected compromise terms concerning international border administration and security guarantees. Facilitators from neutral states urged both delegations to maintain working-level communications and prevent the total breakdown of diplomatic dialogue. In Saudi Arabia, emergency coordination committees met to assess secondary vulnerabilities across Persian Gulf.",Diplomatic / Political,2026-04-11,Financial Times,Saudi Arabia,Persian Gulf
ART-11278,Refugee displacement crisis deepens as civilian populations flee contested border zones,"International migration agencies reported that hundreds of thousands of displaced civilians have crossed international frontiers seeking asylum, overwhelming border reception facilities and temporary transit camps. Relief agencies mobilized emergency winterization tents, thermal blankets, and clean water distribution systems. According to senior officials in Iran, recent indicators across Persian Gulf underscore the urgency of coordinated multilateral action.",Humanitarian Impact,2026-09-04,Al Jazeera,Iran,Persian Gulf
ART-10956,Customs authority impounds containerized shipments under expanded cross-border trade sanctions,"Port customs officials seized hundreds of cargo containers suspected of violating expanded international sanctions targeting dual-use industrial components. Importers and freight forwarders faced lengthy legal audits and storage fees as customs clearance procedures were dramatically expanded. In Germany, emergency coordination committees met to assess secondary vulnerabilities across Western Europe.",Trade & Shipping,2026-10-08,UN News,Germany,Western Europe
ART-10472,Bilateral ceasefire negotiations resume under international diplomatic mediation,"Special diplomatic envoys and foreign ministers convened high-stakes closed-door consultations aimed at establishing an immediate humanitarian truce and verifiable demilitarization framework. Negotiators reviewed draft protocols addressing prisoner-of-war exchanges, border verification monitors, and the formal cessation of cross-border hostilities. According to senior officials in Yemen, recent indicators across Red Sea & Horn of Africa underscore the urgency of coordinated multilateral action.",Diplomatic / Political,2026-07-09,Deutsche Welle,Yemen,Red Sea & Horn of Africa
ART-11420,Civilian evacuation corridors established under international red cross mediation,"Humanitarian organizations coordinated temporary civilian safe-passage corridors to evacuate vulnerable elderly, women, and pediatric patients from active hostility perimeters. International observers monitored compliance to ensure unhindered transit for humanitarian convoys transporting essential rations and emergency medical supplies. According to senior officials in Pakistan, recent indicators across South Asia underscore the urgency of coordinated multilateral action.",Humanitarian Impact,2026-09-16,Deutsche Welle,Pakistan,South Asia
ART-10457,United Nations Security Council convenes emergency session over border sovereignty dispute,"Permanent delegates at the United Nations Headquarters debated a draft resolution condemning territorial incursions and mandating the deployment of an international peacekeeping observer mission. Diplomatic attachés engaged in intense multilateral consultations to resolve contentious veto language regarding territorial sovereignty. According to senior officials in Japan, recent indicators across East Asia underscore the urgency of coordinated multilateral action.",Diplomatic / Political,2026-09-22,Deutsche Welle,Japan,East Asia
ART-11309,United Nations launches emergency humanitarian relief appeal for food aid and medical shelter,Humanitarian coordinators formally issued a multilateral funding appeal seeking urgent donor contributions to support frontline field clinics and nutritional distribution hubs. Aid convoys reported severe logistical hurdles attempting to deliver relief supplies to isolated civilian populations trapped along combat axes. International stakeholders operating within South Asia called on officials in India to exercise maximum caution.,Humanitarian Impact,2026-09-19,Deutsche Welle,India,South Asia
ART-10008,Tactical ballistic missiles intercept hostile command post in retaliatory strike,Military command launched precision ballistic missiles targeting an underground tactical operations center following sustained perimeter rocket attacks. Satellite damage assessments confirmed extensive structural destruction to communications masts and command bunkers. Strategic intelligence assessments issued in Russia indicate that conditions in Eastern Europe remain highly dynamic and fluid.,Military Conflict,2026-02-18,Al Jazeera,Russia,Eastern Europe
ART-10450,Ambassadorial recall and formal diplomatic demarche issued over treaty violation,"The foreign ministry formally summoned the resident ambassador to deliver a stern diplomatic demarche protesting recent unilateral border treaties and sovereignty violations. State officials announced the immediate recall of senior diplomatic legations for urgent foreign policy strategy reviews. According to senior officials in Israel, recent indicators across Middle East underscore the urgency of coordinated multilateral action.",Diplomatic / Political,2026-07-03,Reuters,Israel,Middle East
ART-11016,Bilateral tariff escalation and export licensing controls enacted on critical high-tech components,"Commerce ministries imposed sweeping tariff increases and strict export license restrictions on key industrial raw materials, advanced machine tools, and semiconductor wafers. Trade associations warned that compliance friction and retaliatory tariffs threaten to disrupt global electronic manufacturing supply chains. According to senior officials in Turkey, recent indicators across Middle East underscore the urgency of coordinated multilateral action.",Trade & Shipping,2026-05-07,Reuters,Turkey,Middle East
ART-10087,Urban warfare intensifies as mechanized units push into contested industrial outskirts,"Heavy machine gun fire, anti-tank guided missiles, and snipers engaged in ferocious building-to-building clashes in industrial sectors. Combat engineers detonated obstacle barriers under smoke screens while field artillery delivered preparatory barrages against reinforced strongpoints. Field correspondents in China reported that ongoing developments across East Asia are compounding operational risks.",Military Conflict,2026-04-08,Wall Street Journal,China,East Asia
ART-10931,Maritime insurance syndicates cancel commercial hull coverage for vessels navigating disputed waters,Global marine insurance underwriters formally notified shipowners that war-risk hull and machinery insurance policies would be rescinded for vessels transiting designated high-risk maritime corridors. Ship operators faced the choice between exorbitant special indemnity premiums or canceling scheduled voyages. International stakeholders operating within Persian Gulf called on officials in Saudi Arabia to exercise maximum caution.,Trade & Shipping,2026-06-08,Al Jazeera,Saudi Arabia,Persian Gulf
ART-10215,Urban warfare intensifies as mechanized units push into contested industrial outskirts,"Heavy machine gun fire, anti-tank guided missiles, and snipers engaged in ferocious building-to-building clashes in industrial sectors. Combat engineers detonated obstacle barriers under smoke screens while field artillery delivered preparatory barrages against reinforced strongpoints. In Iran, emergency coordination committees met to assess secondary vulnerabilities across Persian Gulf.",Military Conflict,2026-01-05,Reuters,Iran,Persian Gulf
ART-10333,Multilateral peace conference deadlocked over territorial governance and treaty guarantees,"Diplomatic negotiations stalled after opposing delegations rejected compromise terms concerning international border administration and security guarantees. Facilitators from neutral states urged both delegations to maintain working-level communications and prevent the total breakdown of diplomatic dialogue. In Turkey, emergency coordination committees met to assess secondary vulnerabilities across Middle East.",Diplomatic / Political,2026-02-28,Wall Street Journal,Turkey,Middle East
ART-10674,Strategic petroleum reserve release authorized to counterbalance global supply disruptions,Energy authorities authorized the emergency drawdown of millions of barrels of crude oil from national strategic petroleum reserves to stabilize domestic fuel supply chains. Energy department officials coordinated the release with international energy partners to offset prolonged refinery feedstock shortages. Strategic intelligence assessments issued in United Kingdom indicate that conditions in Western Europe remain highly dynamic and fluid.,Energy Risk,2026-10-27,Nikkei Asia,United Kingdom,Western Europe
ART-10858,Air cargo freight rates surge as commercial shippers seek alternatives to disrupted ocean lanes,Air logistics forwarders recorded historic price increases per kilogram of air cargo as manufacturers chartered dedicated freighter aircraft to bypass blocked maritime shipping corridors. Cargo airlines expanded flight schedules between manufacturing hubs to accommodate high-value automotive and electronics freight. International stakeholders operating within South Asia called on officials in India to exercise maximum caution.,Trade & Shipping,2026-08-19,Deutsche Welle,India,South Asia
ART-10614,Power grid operators initiate emergency load shedding following sabotage of high-voltage transmission lines,"National electrical transmission coordinators implemented rolling blackouts across metropolitan centers after key electrical substations and cross-border interconnectors sustained coordinated physical sabotage. Energy officials urged citizens to conserve electricity while backup diesel generators were deployed to hospitals. In Germany, emergency coordination committees met to assess secondary vulnerabilities across Western Europe.",Energy Risk,2026-03-07,UN News,Germany,Western Europe
ART-11262,Sovereign credit rating placed under negative review following capital flight and currency depreciation,"International credit rating agencies placed sovereign debt issuances on negative watch, citing widening fiscal deficits, rapid foreign exchange reserve depletion, and heightened geopolitical risk premia. Domestic currency valuations experienced sharp depreciations against global reserve currencies. According to senior officials in Pakistan, recent indicators across South Asia underscore the urgency of coordinated multilateral action.",Economic Impact,2026-06-10,BBC News,Pakistan,South Asia
ART-10688,OPEC+ convenes emergency ministerial meeting as maritime transit tensions threaten crude exports,"Petroleum exporting ministers scheduled extraordinary virtual consultations to review market stability and global spare crude production capacity following maritime bottlenecks in key transit chokepoints. Energy analysts cautioned that export delays could quickly deplete OECD commercial crude reserves and elevate spot price volatility. In Sudan, emergency coordination committees met to assess secondary vulnerabilities across Red Sea & Horn of Africa.",Energy Risk,2026-03-28,Reuters,Sudan,Red Sea & Horn of Africa
ART-11160,Manufacturing purchasing managers index drops into contraction territory amid input price spikes,"National manufacturing indices slumped below the critical 50-point threshold, signaling industrial output contraction across export-oriented sectors. Factory managers reported elevated input acquisition costs, backlog accumulation, and declining international export orders due to geopolitical uncertainty. International stakeholders operating within East Asia called on officials in China to exercise maximum caution.",Economic Impact,2026-03-01,Bloomberg,China,East Asia
ART-11185,Foreign direct investment inflows contract sharply amid cross-border geopolitical instability,"Economic development ministries reported a substantial deceleration in inbound foreign direct investment as multinational corporations suspended cross-border capital expansion projects. Investment analysts cited sovereign expropriation risks and geopolitical volatility as primary drivers of capital hesitation. According to senior officials in Russia, recent indicators across Eastern Europe underscore the urgency of coordinated multilateral action.",Economic Impact,2026-04-05,Deutsche Welle,Russia,Eastern Europe
ART-10679,Major crude oil pipeline flow suspended following strategic transit sabotage threat,"Energy operators halted pumping operations along a major transcontinental crude pipeline after intelligence reports identified credible security threats against remote pumping stations. Energy security ministries initiated pipeline integrity inspections, while oil refinery operators tapped reserve stockpiles to maintain downstream distillation output. International stakeholders operating within Persian Gulf called on officials in Saudi Arabia to exercise maximum caution.",Energy Risk,2026-08-21,Reuters,Saudi Arabia,Persian Gulf
ART-11419,Mobile medical teams deploy to remote border crossings as civilian trauma casualties mount,Emergency medical NGOs deployed mobile surgical units and trauma ambulances along primary refugee transit highways to treat shrapnel injuries and dehydration. Medical directors reported that regional clinics have exhausted their primary supplies of blood plasma and IV fluids. Authorities in Japan emphasized that immediate stability in East Asia remains essential to mitigating broader systemic fallout.,Humanitarian Impact,2026-09-24,UN News,Japan,East Asia
ART-11229,Central banks signal emergency interest rate adjustments as geopolitical inflation pressures broaden,"Monetary policy committees convened extraordinary policy meetings to evaluate persistent macroeconomic shocks stemming from import price inflation and commodity supply friction. Financial market analysts revised benchmark interest rate trajectories upward as headline consumer price indices reflected elevated freight and producer input expenses. According to senior officials in United Kingdom, recent indicators across Western Europe underscore the urgency of coordinated multilateral action.",Economic Impact,2026-10-10,Al Jazeera,United Kingdom,Western Europe
ART-10958,Container shipping carriers divert cargo fleets around Cape of Good Hope amid maritime threats,"Leading international container shipping lines announced indefinite rerouting of commercial vessels around southern Africa to avoid high-risk maritime straits. The maritime diversion adds 10 to 14 days to standard transit voyages, absorbing container fleet capacity, delaying port turnarounds, and triggering sharp increases in spot ocean freight rates. Authorities in India emphasized that immediate stability in South Asia remains essential to mitigating broader systemic fallout.",Trade & Shipping,2026-01-01,Deutsche Welle,India,South Asia
ART-11417,Malnutrition rates spike among pediatric populations in besieged urban pockets,International aid workers documented severe acute malnutrition among infants and children cut off from standard commercial food distribution networks. Humanitarian flights attempted emergency air-drops of therapeutic nutritional paste while requesting immediate humanitarian pauses. International stakeholders operating within East Asia called on officials in Taiwan to exercise maximum caution.,Humanitarian Impact,2026-07-19,Wall Street Journal,Taiwan,East Asia
ART-11423,Disrupted municipal power grids and water filtration plants jeopardize civilian public health,"Public health authorities warned of escalating waterborne disease outbreaks after sustained infrastructure damage crippled municipal water purification networks and electrical sub-stations. Emergency relief teams deployed portable purification modules and oral rehydration packets to mitigate sanitary hazards. According to senior officials in Pakistan, recent indicators across South Asia underscore the urgency of coordinated multilateral action.",Humanitarian Impact,2026-06-21,UN News,Pakistan,South Asia
ART-10975,Port congestion and customs clearance bottlenecks escalate across major maritime container terminals,"Logistics operators reported severe berthing queues and prolonged container dwell times exceeding historical highs at major oceanic gateway terminals. Freight forwarders cited vessel bunching, rail intermodal backlogs, and maritime rerouting schedules as compounding drivers of global supply chain gridlock. In Japan, emergency coordination committees met to assess secondary vulnerabilities across East Asia.",Trade & Shipping,2026-10-18,Financial Times,Japan,East Asia
ART-11368,"Field hospitals face critical shortages of surgical anesthetics, electricity, and clean water","Medical relief organizations operating inside crisis sectors issued urgent distress alerts regarding depleted pharmaceuticals, damaged municipal water treatment facilities, and erratic generator fuel supplies necessary to maintain life-saving intensive care and trauma operating rooms. According to senior officials in United States, recent indicators across North America underscore the urgency of coordinated multilateral action.",Humanitarian Impact,2026-07-20,Nikkei Asia,United States,North America
ART-10388,Parliamentary committee ratifies strategic bilateral defense cooperation treaty,"Legislators voted overwhelmingly to approve a comprehensive security alliance treaty authorizing joint intelligence sharing, reciprocal military base access, and coordinated defense procurement. Government ministers emphasized that the diplomatic accord reinforces regional deterrence without violating international neutrality accords. According to senior officials in United Kingdom, recent indicators across Western Europe underscore the urgency of coordinated multilateral action.",Diplomatic / Political,2026-04-22,UN News,United Kingdom,Western Europe
ART-10700,Natural gas pipeline compression station suffers severe explosion amid geopolitical friction,"A critical natural gas compression station feeding industrial manufacturing hubs suffered a catastrophic pipeline failure, cutting regional gas transit volumes by over 40 percent. Energy distribution utilities immediately mandated industrial consumption rationing while emergency engineering teams assessed blast damage. In Egypt, emergency coordination committees met to assess secondary vulnerabilities across Red Sea & Horn of Africa.",Energy Risk,2026-04-08,Reuters,Egypt,Red Sea & Horn of Africa
ART-10141,Armored battalion mobilizes main battle tanks as cross-border incursions escalate,"Mechanized combat divisions equipped with main battle tanks and armored fighting vehicles initiated defensive counter-maneuvers following reported hostile border crossings. Military leadership enacted wartime emergency protocol, stationing self-propelled howitzers and air surveillance batteries across frontline tactical sectors. According to senior officials in Turkey, recent indicators across Middle East underscore the urgency of coordinated multilateral action.",Military Conflict,2026-08-15,Deutsche Welle,Turkey,Middle East
ART-10413,Multilateral peace conference deadlocked over territorial governance and treaty guarantees,Diplomatic negotiations stalled after opposing delegations rejected compromise terms concerning international border administration and security guarantees. Facilitators from neutral states urged both delegations to maintain working-level communications and prevent the total breakdown of diplomatic dialogue. Analysts tracking developments in Taiwan highlighted that multilateral actors in East Asia are preparing contingency measures.,Diplomatic / Political,2026-07-02,Associated Press,Taiwan,East Asia
ART-11312,"Field hospitals face critical shortages of surgical anesthetics, electricity, and clean water","Medical relief organizations operating inside crisis sectors issued urgent distress alerts regarding depleted pharmaceuticals, damaged municipal water treatment facilities, and erratic generator fuel supplies necessary to maintain life-saving intensive care and trauma operating rooms. International stakeholders operating within Persian Gulf called on officials in Iran to exercise maximum caution.",Humanitarian Impact,2026-08-11,Financial Times,Iran,Persian Gulf
ART-10411,Regional security summit yields preliminary multilateral mutual non-aggression pact,"Heads of state concluded an emergency multilateral summit with a joint communique pledging adherence to non-aggression principles and established arbitration treaties. Diplomatic working groups were tasked with establishing direct hotline communications between military defense commands to mitigate miscalculation risks. According to senior officials in Ukraine, recent indicators across Eastern Europe underscore the urgency of coordinated multilateral action.",Diplomatic / Political,2026-09-15,Wall Street Journal,Ukraine,Eastern Europe
ART-10401,United Nations Security Council convenes emergency session over border sovereignty dispute,Permanent delegates at the United Nations Headquarters debated a draft resolution condemning territorial incursions and mandating the deployment of an international peacekeeping observer mission. Diplomatic attachés engaged in intense multilateral consultations to resolve contentious veto language regarding territorial sovereignty. Strategic intelligence assessments issued in Iran indicate that conditions in Persian Gulf remain highly dynamic and fluid.,Diplomatic / Political,2026-10-23,Financial Times,Iran,Persian Gulf
ART-10705,Liquefied natural gas terminal throttles shipments amid regional maritime insurance restrictions,"Major LNG export liquefaction facilities reduced cargo loadings after maritime underwriters imposed prohibitive war-risk insurance premiums on LNG tankers navigating adjacent waterways. European and Asian utility operators scrambled to secure spot replacement cargoes ahead of peak seasonal heating demand. According to senior officials in Pakistan, recent indicators across South Asia underscore the urgency of coordinated multilateral action.",Energy Risk,2026-01-07,Bloomberg,Pakistan,South Asia
ART-10865,Dry bulk carrier grain shipments stranded in territorial waters amid maritime security impasse,"Dozens of bulk cargo vessels carrying millions of metric tons of wheat and agricultural commodities remained anchored outside key commercial ports due to unconfirmed maritime passage clearances and mine threat assessments. Agricultural traders warned of contract defaults and grain supply shortages in import-dependent nations. In China, emergency coordination committees met to assess secondary vulnerabilities across East Asia.",Trade & Shipping,2026-05-28,Financial Times,China,East Asia
ART-10112,Tactical ballistic missiles intercept hostile command post in retaliatory strike,Military command launched precision ballistic missiles targeting an underground tactical operations center following sustained perimeter rocket attacks. Satellite damage assessments confirmed extensive structural destruction to communications masts and command bunkers. International stakeholders operating within South Asia called on officials in Pakistan to exercise maximum caution.,Military Conflict,2026-04-19,Associated Press,Pakistan,South Asia
ART-11146,Bilateral currency swaps activated as commercial banking system faces dollar liquidity squeeze,Central monetary authorities tapped bilateral foreign currency swap lines to inject hard currency liquidity into domestic commercial banks struggling with overseas settlement obligations. Treasury officials emphasized that foreign reserve backstops remain adequate to maintain interbank clearing operations. Strategic intelligence assessments issued in Egypt indicate that conditions in Red Sea & Horn of Africa remain highly dynamic and fluid.,Economic Impact,2026-06-05,Wall Street Journal,Egypt,Red Sea & Horn of Africa
ART-11039,Stock exchange volatility index spikes as investors rotate capital into sovereign bonds and gold,"Equities across regional bourses recorded broad sell-offs, with industrial, aviation, and consumer discretionary shares leading declines. Capital allocators rotated liquidity into sovereign treasury securities, bullion, and cash equivalents amid heightened geopolitical uncertainty and macroeconomic stagflation fears. International stakeholders operating within Western Europe called on officials in United Kingdom to exercise maximum caution.",Economic Impact,2026-02-05,Al Jazeera,United Kingdom,Western Europe
ART-10487,Special presidential envoy conducts whirlwind diplomatic tour across regional capitals,"Traveling through key allied capitals, the senior diplomatic envoy presented confidential de-escalation proposals designed to avert broader regional conflict. Discussions centered on mutual troop withdrawals, diplomatic concessions, and security guarantees backed by multilateral institutions. Strategic intelligence assessments issued in Japan indicate that conditions in East Asia remain highly dynamic and fluid.",Diplomatic / Political,2026-06-25,Deutsche Welle,Japan,East Asia
ART-10118,Air defense interceptors scramble as hostile bomber formations approach territorial airspace,"Tactical fighter squadrons conducted emergency combat air patrols after long-range strategic bombers were detected operating near sovereign air defense identification zones. Defense ministry officials confirmed that electronic warfare aircraft shadowed the formations until they altered course away from defensive boundaries. According to senior officials in Ukraine, recent indicators across Eastern Europe underscore the urgency of coordinated multilateral action.",Military Conflict,2026-08-27,Deutsche Welle,Ukraine,Eastern Europe
ART-10297,United Nations Security Council convenes emergency session over border sovereignty dispute,Permanent delegates at the United Nations Headquarters debated a draft resolution condemning territorial incursions and mandating the deployment of an international peacekeeping observer mission. Diplomatic attachés engaged in intense multilateral consultations to resolve contentious veto language regarding territorial sovereignty. Analysts tracking developments in Israel highlighted that multilateral actors in Middle East are preparing contingency measures.,Diplomatic / Political,2026-09-18,Nikkei Asia,Israel,Middle East
ART-11390,Refugee displacement crisis deepens as civilian populations flee contested border zones,"International migration agencies reported that hundreds of thousands of displaced civilians have crossed international frontiers seeking asylum, overwhelming border reception facilities and temporary transit camps. Relief agencies mobilized emergency winterization tents, thermal blankets, and clean water distribution systems. According to senior officials in Israel, recent indicators across Middle East underscore the urgency of coordinated multilateral action.",Humanitarian Impact,2026-04-28,Reuters,Israel,Middle East
ART-11347,Mobile medical teams deploy to remote border crossings as civilian trauma casualties mount,Emergency medical NGOs deployed mobile surgical units and trauma ambulances along primary refugee transit highways to treat shrapnel injuries and dehydration. Medical directors reported that regional clinics have exhausted their primary supplies of blood plasma and IV fluids. International stakeholders operating within North America called on officials in United States to exercise maximum caution.,Humanitarian Impact,2026-06-03,Nikkei Asia,United States,North America
ART-11202,Bilateral currency swaps activated as commercial banking system faces dollar liquidity squeeze,Central monetary authorities tapped bilateral foreign currency swap lines to inject hard currency liquidity into domestic commercial banks struggling with overseas settlement obligations. Treasury officials emphasized that foreign reserve backstops remain adequate to maintain interbank clearing operations. International stakeholders operating within Western Europe called on officials in Germany to exercise maximum caution.,Economic Impact,2026-05-02,Nikkei Asia,Germany,Western Europe
ART-11061,Central banks signal emergency interest rate adjustments as geopolitical inflation pressures broaden,Monetary policy committees convened extraordinary policy meetings to evaluate persistent macroeconomic shocks stemming from import price inflation and commodity supply friction. Financial market analysts revised benchmark interest rate trajectories upward as headline consumer price indices reflected elevated freight and producer input expenses. Analysts tracking developments in Russia highlighted that multilateral actors in Eastern Europe are preparing contingency measures.,Economic Impact,2026-08-03,Financial Times,Russia,Eastern Europe
ART-10017,Artillery barrages and tactical drone strikes intensify along contested frontline,Heavy artillery exchanges and long-range unmanned aerial strikes escalated across contested frontline defense sectors overnight. Ground command headquarters confirmed multiple cruise missile interceptions and reinforced mechanized infantry brigades holding fortified trenches. Contested air defense batteries engaged low-altitude reconnaissance drones while combat engineers deployed perimeter minefields. International stakeholders operating within South Asia called on officials in Pakistan to exercise maximum caution.,Military Conflict,2026-08-21,Deutsche Welle,Pakistan,South Asia
ART-10756,Natural gas pipeline compression station suffers severe explosion amid geopolitical friction,"A critical natural gas compression station feeding industrial manufacturing hubs suffered a catastrophic pipeline failure, cutting regional gas transit volumes by over 40 percent. Energy distribution utilities immediately mandated industrial consumption rationing while emergency engineering teams assessed blast damage. According to senior officials in India, recent indicators across South Asia underscore the urgency of coordinated multilateral action.",Energy Risk,2026-09-20,Associated Press,India,South Asia
ART-10597,Uranium enrichment and nuclear fuel supply chains threatened by geopolitical trade curbs,"Civilian nuclear power operators warned of long-term fuel fabrication vulnerabilities as geopolitical tensions disrupted international uranium enrichment and nuclear fuel rod shipments. Power plant managers initiated fuel conservation measures to safeguard baseload electrical generation capacity. In Germany, emergency coordination committees met to assess secondary vulnerabilities across Western Europe.",Energy Risk,2026-08-02,Associated Press,Germany,Western Europe
ART-10703,Major crude oil pipeline flow suspended following strategic transit sabotage threat,"Energy operators halted pumping operations along a major transcontinental crude pipeline after intelligence reports identified credible security threats against remote pumping stations. Energy security ministries initiated pipeline integrity inspections, while oil refinery operators tapped reserve stockpiles to maintain downstream distillation output. Reporting from Qatar, diplomatic and local observers noted that strategic shifts in Persian Gulf continue to dictate regional outcomes.",Energy Risk,2026-02-22,Reuters,Qatar,Persian Gulf
ART-11236,Corporate debt default risk rises as borrowing costs spike following geopolitical credit repricing,"Credit default swap spreads widened significantly across corporate debt markets as lenders repriced risk margins for businesses exposed to cross-border supply shocks. Debt restructuring advisors noted a sharp uptick in emergency corporate credit facility requests. According to senior officials in Poland, recent indicators across Eastern Europe underscore the urgency of coordinated multilateral action.",Economic Impact,2026-07-05,Deutsche Welle,Poland,Eastern Europe
ART-10633,Liquefied natural gas terminal throttles shipments amid regional maritime insurance restrictions,"Major LNG export liquefaction facilities reduced cargo loadings after maritime underwriters imposed prohibitive war-risk insurance premiums on LNG tankers navigating adjacent waterways. European and Asian utility operators scrambled to secure spot replacement cargoes ahead of peak seasonal heating demand. Reporting from Yemen, diplomatic and local observers noted that strategic shifts in Red Sea & Horn of Africa continue to dictate regional outcomes.",Energy Risk,2026-03-14,UN News,Yemen,Red Sea & Horn of Africa
ART-10962,Air cargo freight rates surge as commercial shippers seek alternatives to disrupted ocean lanes,Air logistics forwarders recorded historic price increases per kilogram of air cargo as manufacturers chartered dedicated freighter aircraft to bypass blocked maritime shipping corridors. Cargo airlines expanded flight schedules between manufacturing hubs to accommodate high-value automotive and electronics freight. International stakeholders operating within North America called on officials in United States to exercise maximum caution.,Trade & Shipping,2026-04-19,BBC News,United States,North America
ART-10302,Foreign ministers issue joint communique calling for de-escalation and diplomatic roadmaps,Senior diplomats representing regional powers issued a coordinated statement demanding an immediate halt to escalating rhetoric and the restoration of established diplomatic channels. The communique proposed a three-phase transition roadmap including demilitarized buffer zones and internationally monitored elections. International stakeholders operating within Red Sea & Horn of Africa called on officials in Yemen to exercise maximum caution.,Diplomatic / Political,2026-08-03,Bloomberg,Yemen,Red Sea & Horn of Africa
ART-10299,Regional security summit yields preliminary multilateral mutual non-aggression pact,"Heads of state concluded an emergency multilateral summit with a joint communique pledging adherence to non-aggression principles and established arbitration treaties. Diplomatic working groups were tasked with establishing direct hotline communications between military defense commands to mitigate miscalculation risks. In Ukraine, emergency coordination committees met to assess secondary vulnerabilities across Eastern Europe.",Diplomatic / Political,2026-02-26,BBC News,Ukraine,Eastern Europe
ART-11109,Central banks signal emergency interest rate adjustments as geopolitical inflation pressures broaden,Monetary policy committees convened extraordinary policy meetings to evaluate persistent macroeconomic shocks stemming from import price inflation and commodity supply friction. Financial market analysts revised benchmark interest rate trajectories upward as headline consumer price indices reflected elevated freight and producer input expenses. International stakeholders operating within East Asia called on officials in Japan to exercise maximum caution.,Economic Impact,2026-02-23,Al Jazeera,Japan,East Asia
ART-11196,Corporate debt default risk rises as borrowing costs spike following geopolitical credit repricing,"Credit default swap spreads widened significantly across corporate debt markets as lenders repriced risk margins for businesses exposed to cross-border supply shocks. Debt restructuring advisors noted a sharp uptick in emergency corporate credit facility requests. According to senior officials in Turkey, recent indicators across Middle East underscore the urgency of coordinated multilateral action.",Economic Impact,2026-02-16,Deutsche Welle,Turkey,Middle East
ART-10638,Power grid operators initiate emergency load shedding following sabotage of high-voltage transmission lines,National electrical transmission coordinators implemented rolling blackouts across metropolitan centers after key electrical substations and cross-border interconnectors sustained coordinated physical sabotage. Energy officials urged citizens to conserve electricity while backup diesel generators were deployed to hospitals. International stakeholders operating within East Asia called on officials in Taiwan to exercise maximum caution.,Energy Risk,2026-04-01,Associated Press,Taiwan,East Asia
ART-10733,Uranium enrichment and nuclear fuel supply chains threatened by geopolitical trade curbs,"Civilian nuclear power operators warned of long-term fuel fabrication vulnerabilities as geopolitical tensions disrupted international uranium enrichment and nuclear fuel rod shipments. Power plant managers initiated fuel conservation measures to safeguard baseload electrical generation capacity. In Israel, emergency coordination committees met to assess secondary vulnerabilities across Middle East.",Energy Risk,2026-05-20,UN News,Israel,Middle East
ART-11545,Hypersonic missile barrage targets critical defense installations and radar outposts,"Air defense surveillance networks detected high-velocity aerodynamic missile trajectories aimed at strategic command nodes and hardened munitions storage facilities. Military spokespersons stated that mobile interceptor batteries engaged multiple inbound warheads, while combat search-and-rescue teams mobilized across blast perimeters. Field correspondents in Egypt reported that ongoing developments across Red Sea & Horn of Africa are compounding operational risks.",Military Conflict,2026-10-03,Financial Times,Egypt,Red Sea & Horn of Africa
ART-11335,Disrupted municipal power grids and water filtration plants jeopardize civilian public health,"Public health authorities warned of escalating waterborne disease outbreaks after sustained infrastructure damage crippled municipal water purification networks and electrical sub-stations. Emergency relief teams deployed portable purification modules and oral rehydration packets to mitigate sanitary hazards. According to senior officials in Germany, recent indicators across Western Europe underscore the urgency of coordinated multilateral action.",Humanitarian Impact,2026-07-24,UN News,Germany,Western Europe
ART-11051,Consumer confidence plunges as energy and food price inflation erodes household purchasing power,"National economic sentiment surveys revealed the steepest monthly drop in consumer confidence in several years as rising utility bills and grocery costs squeezed household budgets. Economists warned that declining domestic retail consumption will act as a major drag on quarterly gross domestic product. According to senior officials in Yemen, recent indicators across Red Sea & Horn of Africa underscore the urgency of coordinated multilateral action.",Economic Impact,2026-06-11,Financial Times,Yemen,Red Sea & Horn of Africa
ART-10893,Global automotive supply chains stall as crucial raw material cargo shipments face port delays,"Major automotive assembly plants announced temporary production line shutdowns due to critical parts shortages resulting from delayed maritime shipping containers. Logistics coordinators reported that specialized component vessels had been delayed over two weeks due to harbor congestion. According to senior officials in United States, recent indicators across North America underscore the urgency of coordinated multilateral action.",Trade & Shipping,2026-06-25,Al Jazeera,United States,North America
ART-11198,Sovereign credit rating placed under negative review following capital flight and currency depreciation,"International credit rating agencies placed sovereign debt issuances on negative watch, citing widening fiscal deficits, rapid foreign exchange reserve depletion, and heightened geopolitical risk premia. Domestic currency valuations experienced sharp depreciations against global reserve currencies. Reporting from Saudi Arabia, diplomatic and local observers noted that strategic shifts in Persian Gulf continue to dictate regional outcomes.",Economic Impact,2026-04-10,BBC News,Saudi Arabia,Persian Gulf
ART-10639,Major crude oil pipeline flow suspended following strategic transit sabotage threat,"Energy operators halted pumping operations along a major transcontinental crude pipeline after intelligence reports identified credible security threats against remote pumping stations. Energy security ministries initiated pipeline integrity inspections, while oil refinery operators tapped reserve stockpiles to maintain downstream distillation output. According to senior officials in Israel, recent indicators across Middle East underscore the urgency of coordinated multilateral action.",Energy Risk,2026-02-28,Al Jazeera,Israel,Middle East
ART-10262,Foreign ministers issue joint communique calling for de-escalation and diplomatic roadmaps,"Senior diplomats representing regional powers issued a coordinated statement demanding an immediate halt to escalating rhetoric and the restoration of established diplomatic channels. The communique proposed a three-phase transition roadmap including demilitarized buffer zones and internationally monitored elections. According to senior officials in United Kingdom, recent indicators across Western Europe underscore the urgency of coordinated multilateral action.",Diplomatic / Political,2026-02-21,Associated Press,United Kingdom,Western Europe
ART-10124,Cross-border commando raid triggers intense infantry firefight along buffer line,"Special forces detachments conducted reconnaissance incursions into contested border sectors, sparking sustained firefights with entrenched hostile infantry. Rapid deployment armored battalions were dispatched with close air support to establish defensive perimeters and extract forward patrol units under heavy mortar suppression. International stakeholders operating within East Asia called on officials in Taiwan to exercise maximum caution.",Military Conflict,2026-05-26,BBC News,Taiwan,East Asia
ART-10091,Hypersonic missile barrage targets critical defense installations and radar outposts,"Air defense surveillance networks detected high-velocity aerodynamic missile trajectories aimed at strategic command nodes and hardened munitions storage facilities. Military spokespersons stated that mobile interceptor batteries engaged multiple inbound warheads, while combat search-and-rescue teams mobilized across blast perimeters. Strategic intelligence assessments issued in China indicate that conditions in East Asia remain highly dynamic and fluid.",Military Conflict,2026-09-26,Bloomberg,China,East Asia
ART-10282,Ambassadorial recall and formal diplomatic demarche issued over treaty violation,"The foreign ministry formally summoned the resident ambassador to deliver a stern diplomatic demarche protesting recent unilateral border treaties and sovereignty violations. State officials announced the immediate recall of senior diplomatic legations for urgent foreign policy strategy reviews. According to senior officials in Taiwan, recent indicators across East Asia underscore the urgency of coordinated multilateral action.",Diplomatic / Political,2026-05-05,UN News,Taiwan,East Asia
ART-10498,Ambassadorial recall and formal diplomatic demarche issued over treaty violation,"The foreign ministry formally summoned the resident ambassador to deliver a stern diplomatic demarche protesting recent unilateral border treaties and sovereignty violations. State officials announced the immediate recall of senior diplomatic legations for urgent foreign policy strategy reviews. According to senior officials in Egypt, recent indicators across Red Sea & Horn of Africa underscore the urgency of coordinated multilateral action.",Diplomatic / Political,2026-10-24,Reuters,Egypt,Red Sea & Horn of Africa
ART-10381,Multilateral peace conference deadlocked over territorial governance and treaty guarantees,Diplomatic negotiations stalled after opposing delegations rejected compromise terms concerning international border administration and security guarantees. Facilitators from neutral states urged both delegations to maintain working-level communications and prevent the total breakdown of diplomatic dialogue. Field correspondents in Russia reported that ongoing developments across Eastern Europe are compounding operational risks.,Diplomatic / Political,2026-10-21,Associated Press,Russia,Eastern Europe
ART-10911,Port congestion and customs clearance bottlenecks escalate across major maritime container terminals,"Logistics operators reported severe berthing queues and prolonged container dwell times exceeding historical highs at major oceanic gateway terminals. Freight forwarders cited vessel bunching, rail intermodal backlogs, and maritime rerouting schedules as compounding drivers of global supply chain gridlock. In United Kingdom, emergency coordination committees met to assess secondary vulnerabilities across Western Europe.",Trade & Shipping,2026-05-26,Nikkei Asia,United Kingdom,Western Europe
ART-11272,Manufacturing purchasing managers index drops into contraction territory amid input price spikes,"National manufacturing indices slumped below the critical 50-point threshold, signaling industrial output contraction across export-oriented sectors. Factory managers reported elevated input acquisition costs, backlog accumulation, and declining international export orders due to geopolitical uncertainty. Analysts tracking developments in Turkey highlighted that multilateral actors in Middle East are preparing contingency measures.",Economic Impact,2026-09-08,UN News,Turkey,Middle East
ART-11485,United Nations launches emergency humanitarian relief appeal for food aid and medical shelter,"Humanitarian coordinators formally issued a multilateral funding appeal seeking urgent donor contributions to support frontline field clinics and nutritional distribution hubs. Aid convoys reported severe logistical hurdles attempting to deliver relief supplies to isolated civilian populations trapped along combat axes. According to senior officials in Pakistan, recent indicators across South Asia underscore the urgency of coordinated multilateral action.",Humanitarian Impact,2026-07-11,Reuters,Pakistan,South Asia
ART-10986,Air cargo freight rates surge as commercial shippers seek alternatives to disrupted ocean lanes,Air logistics forwarders recorded historic price increases per kilogram of air cargo as manufacturers chartered dedicated freighter aircraft to bypass blocked maritime shipping corridors. Cargo airlines expanded flight schedules between manufacturing hubs to accommodate high-value automotive and electronics freight. International stakeholders operating within North America called on officials in United States to exercise maximum caution.,Trade & Shipping,2026-05-02,Bloomberg,United States,North America
ART-10863,Port congestion and customs clearance bottlenecks escalate across major maritime container terminals,"Logistics operators reported severe berthing queues and prolonged container dwell times exceeding historical highs at major oceanic gateway terminals. Freight forwarders cited vessel bunching, rail intermodal backlogs, and maritime rerouting schedules as compounding drivers of global supply chain gridlock. In South Korea, emergency coordination committees met to assess secondary vulnerabilities across East Asia.",Trade & Shipping,2026-06-16,Bloomberg,South Korea,East Asia
ART-10728,OPEC+ convenes emergency ministerial meeting as maritime transit tensions threaten crude exports,Petroleum exporting ministers scheduled extraordinary virtual consultations to review market stability and global spare crude production capacity following maritime bottlenecks in key transit chokepoints. Energy analysts cautioned that export delays could quickly deplete OECD commercial crude reserves and elevate spot price volatility. International stakeholders operating within Middle East called on officials in Israel to exercise maximum caution.,Energy Risk,2026-04-11,Al Jazeera,Israel,Middle East
ART-10525,Uranium enrichment and nuclear fuel supply chains threatened by geopolitical trade curbs,"Civilian nuclear power operators warned of long-term fuel fabrication vulnerabilities as geopolitical tensions disrupted international uranium enrichment and nuclear fuel rod shipments. Power plant managers initiated fuel conservation measures to safeguard baseload electrical generation capacity. According to senior officials in Saudi Arabia, recent indicators across Persian Gulf underscore the urgency of coordinated multilateral action.",Energy Risk,2026-04-27,BBC News,Saudi Arabia,Persian Gulf
ART-11043,Consumer confidence plunges as energy and food price inflation erodes household purchasing power,"National economic sentiment surveys revealed the steepest monthly drop in consumer confidence in several years as rising utility bills and grocery costs squeezed household budgets. Economists warned that declining domestic retail consumption will act as a major drag on quarterly gross domestic product. According to senior officials in Turkey, recent indicators across Middle East underscore the urgency of coordinated multilateral action.",Economic Impact,2026-06-20,UN News,Turkey,Middle East
ART-11306,Makeshift refugee settlements overwhelmed by torrential flooding and freezing weather,"Severe seasonal weather inundated informal displacement settlements, destroying temporary plastic shelters and creating catastrophic sanitary conditions for thousands of families. Disaster response teams mobilized emergency drainage pumps and emergency clothing distributions. In Poland, emergency coordination committees met to assess secondary vulnerabilities across Eastern Europe.",Humanitarian Impact,2026-04-22,Reuters,Poland,Eastern Europe
ART-10259,Regional security summit yields preliminary multilateral mutual non-aggression pact,"Heads of state concluded an emergency multilateral summit with a joint communique pledging adherence to non-aggression principles and established arbitration treaties. Diplomatic working groups were tasked with establishing direct hotline communications between military defense commands to mitigate miscalculation risks. According to senior officials in Germany, recent indicators across Western Europe underscore the urgency of coordinated multilateral action.",Diplomatic / Political,2026-02-15,Bloomberg,Germany,Western Europe
ART-11174,Sovereign credit rating placed under negative review following capital flight and currency depreciation,"International credit rating agencies placed sovereign debt issuances on negative watch, citing widening fiscal deficits, rapid foreign exchange reserve depletion, and heightened geopolitical risk premia. Domestic currency valuations experienced sharp depreciations against global reserve currencies. Reporting from Ukraine, diplomatic and local observers noted that strategic shifts in Eastern Europe continue to dictate regional outcomes.",Economic Impact,2026-04-08,Nikkei Asia,Ukraine,Eastern Europe
ART-10397,Multilateral peace conference deadlocked over territorial governance and treaty guarantees,"Diplomatic negotiations stalled after opposing delegations rejected compromise terms concerning international border administration and security guarantees. Facilitators from neutral states urged both delegations to maintain working-level communications and prevent the total breakdown of diplomatic dialogue. In South Korea, emergency coordination committees met to assess secondary vulnerabilities across East Asia.",Diplomatic / Political,2026-09-25,Al Jazeera,South Korea,East Asia
ART-11215,Stock exchange volatility index spikes as investors rotate capital into sovereign bonds and gold,"Equities across regional bourses recorded broad sell-offs, with industrial, aviation, and consumer discretionary shares leading declines. Capital allocators rotated liquidity into sovereign treasury securities, bullion, and cash equivalents amid heightened geopolitical uncertainty and macroeconomic stagflation fears. According to senior officials in Saudi Arabia, recent indicators across Persian Gulf underscore the urgency of coordinated multilateral action.",Economic Impact,2026-01-17,Financial Times,Saudi Arabia,Persian Gulf
